SA3_CODE_2021,D_21_24_FPT_MPET,D_21_24_FPT_MPULFTW,D_21_24_FPT_MPULPTW,D_21_24_FPT_MPUT,D_21_24_FPT_MPTLF,D_21_24_FPT_MPNLF,D_21_24_FPT_MPLFSNS,D_21_24_FPT_T,TDCF_FPEFT_MPEFT,TDCF_FPEFT_MPEPT,TDCF_FPEFT_MPEAW,TDCF_FPEFT_MPEHNS,TDCF_FPEFT_MPET,TDCF_FPEFT_MPULFTW,TDCF_FPEFT_MPULPTW,TDCF_FPEFT_MPUT,TDCF_FPEFT_MPTLF,TDCF_FPEFT_MPNLF,TDCF_FPEFT_MPLFSNS,TDCF_FPEFT_T,TDCF_FPEPT_MPEFT,TDCF_FPEPT_MPEPT,TDCF_FPEPT_MPEAW,TDCF_FPEPT_MPEHNS,TDCF_FPEPT_MPET,TDCF_FPEPT_MPULFTW,TDCF_FPEPT_MPULPTW,TDCF_FPEPT_MPUT,TDCF_FPEPT_MPTLF,TDCF_FPEPT_MPNLF,TDCF_FPEPT_MPLFSNS,TDCF_FPEPT_T,TDCF_FPEAW_MPEFT,TDCF_FPEAW_MPEPT,TDCF_FPEAW_MPEAW,TDCF_FPEAW_MPEHNS,TDCF_FPEAW_MPET,TDCF_FPEAW_MPULFTW,TDCF_FPEAW_MPULPTW,TDCF_FPEAW_MPUT,TDCF_FPEAW_MPTLF,TDCF_FPEAW_MPNLF,TDCF_FPEAW_MPLFSNS,TDCF_FPEAW_T,TDCF_FPHNS_MPEFT,TDCF_FPHNS_MPEPT,TDCF_FPHNS_MPEAW,TDCF_FPHNS_MPEHNS,TDCF_FPHNS_MPET,TDCF_FPHNS_MPULFTW,TDCF_FPHNS_MPULPTW,TDCF_FPHNS_MPUT,TDCF_FPHNS_MPTLF,TDCF_FPHNS_MPNLF,TDCF_FPHNS_MPLFSNS,TDCF_FPHNS_T,TDCF_FPET_MPEFT,TDCF_FPET_MPEPT,TDCF_FPET_MPEAW,TDCF_FPET_MPEHNS,TDCF_FPET_MPET,TDCF_FPET_MPULFTW,TDCF_FPET_MPULPTW,TDCF_FPET_MPUT,TDCF_FPET_MPTLF,TDCF_FPET_MPNLF,TDCF_FPET_MPLFSNS,TDCF_FPET_T,TDCF_FPULFTW_MPEFT,TDCF_FPULFTW_MPEPT,TDCF_FPULFTW_MPEAW,TDCF_FPULFTW_MPEHNS,TDCF_FPULFTW_MPET,TDCF_FPULFTW_MPULFTW,TDCF_FPULFTW_MPULPTW,TDCF_FPULFTW_MPUT,TDCF_FPULFTW_MPTLF,TDCF_FPULFTW_MPNLF,TDCF_FPULFTW_MPLFSNS,TDCF_FPULFTW_T,TDCF_FPULPTW_MPEFT,TDCF_FPULPTW_MPEPT,TDCF_FPULPTW_MPEAW,TDCF_FPULPTW_MPEHNS,TDCF_FPULPTW_MPET,TDCF_FPULPTW_MPULFTW,TDCF_FPULPTW_MPULPTW,TDCF_FPULPTW_MPUT,TDCF_FPULPTW_MPTLF,TDCF_FPULPTW_MPNLF,TDCF_FPULPTW_MPLFSNS,TDCF_FPULPTW_T,TDCF_FPUT_MPEFT,TDCF_FPUT_MPEPT,TDCF_FPUT_MPEAW,TDCF_FPUT_MPEHNS,TDCF_FPUT_MPET,TDCF_FPUT_MPULFTW,TDCF_FPUT_MPULPTW,TDCF_FPUT_MPUT,TDCF_FPUT_MPTLF,TDCF_FPUT_MPNLF,TDCF_FPUT_MPLFSNS,TDCF_FPUT_T,TDCF_FPTLF_MPEFT,TDCF_FPTLF_MPEPT,TDCF_FPTLF_MPEAW,TDCF_FPTLF_MPEHNS,TDCF_FPTLF_MPET,TDCF_FPTLF_MPULFTW,TDCF_FPTLF_MPULPTW,TDCF_FPTLF_MPUT,TDCF_FPTLF_MPTLF,TDCF_FPTLF_MPNLF,TDCF_FPTLF_MPLFSNS,TDCF_FPTLF_T,TDCF_FPNLF_MPEFT,TDCF_FPNLF_MPEPT,TDCF_FPNLF_MPEAW,TDCF_FPNLF_MPEHNS,TDCF_FPNLF_MPET,TDCF_FPNLF_MPULFTW,TDCF_FPNLF_MPULPTW,TDCF_FPNLF_MPUT,TDCF_FPNLF_MPTLF,TDCF_FPNLF_MPNLF,TDCF_FPNLF_MPLFSNS,TDCF_FPNLF_T,TDCF_FPLFSNS_MPEFT,TDCF_FPLFSNS_MPEPT,TDCF_FPLFSNS_MPEAW,TDCF_FPLFSNS_MPEHNS,TDCF_FPLFSNS_MPET,TDCF_FPLFSNS_MPULFTW,TDCF_FPLFSNS_MPULPTW,TDCF_FPLFSNS_MPUT,TDCF_FPLFSNS_MPTLF,TDCF_FPLFSNS_MPNLF,TDCF_FPLFSNS_MPLFSNS,TDCF_FPLFSNS_T,TDCF_FPT_MPEFT,TDCF_FPT_MPEPT,TDCF_FPT_MPEAW,TDCF_FPT_MPEHNS,TDCF_FPT_MPET,TDCF_FPT_MPULFTW,TDCF_FPT_MPULPTW,TDCF_FPT_MPUT,TDCF_FPT_MPTLF,TDCF_FPT_MPNLF,TDCF_FPT_MPLFSNS,TDCF_FPT_T
50101,27,0,0,0,27,0,0,26,1591,279,73,9,1954,19,0,20,1975,104,5,2079,3317,582,197,34,4132,26,10,30,4159,151,3,4318,218,50,84,5,351,0,0,5,350,4,0,362,22,4,3,32,63,0,0,0,63,4,0,69,5156,913,357,78,6494,42,14,57,6554,265,12,6828,22,0,3,0,26,5,0,5,29,5,0,38,63,8,7,0,80,3,0,3,91,7,0,94,83,14,12,0,107,3,0,11,117,11,0,125,5236,927,368,78,6606,49,17,70,6676,271,12,6955,1113,196,72,33,1417,31,0,27,1446,139,0,1588,7,0,0,12,19,0,0,0,19,0,24,46,6360,1119,439,120,8044,81,19,93,8139,409,39,8585
50102,95,0,0,0,99,9,0,102,3183,351,90,35,3655,38,15,54,3709,177,0,3889,6090,578,232,50,6959,63,19,77,7034,188,9,7235,489,55,88,16,645,10,0,10,650,10,0,660,51,0,0,63,111,0,0,0,111,6,16,134,9807,998,414,157,11373,107,32,136,11509,380,26,11914,57,11,0,0,67,29,0,29,93,9,0,105,203,17,8,0,223,23,4,25,256,13,0,262,255,26,8,3,292,48,4,57,353,16,0,370,10063,1023,421,162,11664,157,33,190,11855,403,26,12285,2819,312,162,98,3389,85,25,110,3499,412,3,3915,10,6,0,28,44,0,0,0,44,0,37,79,12891,1338,582,287,15100,243,60,299,15395,813,65,16271
50103,7,0,0,0,7,0,0,9,586,74,20,11,690,9,0,15,703,29,0,733,1095,161,48,20,1329,3,5,7,1336,58,0,1390,64,24,22,5,114,0,0,0,114,10,0,123,21,0,0,30,53,0,0,0,49,5,0,54,1769,263,92,55,2180,18,4,24,2200,94,0,2298,7,0,0,0,6,0,0,0,10,6,0,10,25,0,0,0,26,0,0,0,26,0,0,29,33,0,0,0,39,0,0,0,42,0,0,43,1804,262,92,63,2218,15,4,23,2238,102,0,2338,534,67,35,33,673,21,0,22,698,90,6,786,0,0,0,0,0,0,0,0,0,0,18,22,2341,328,125,94,2889,32,5,39,2937,194,23,3148
50201,195,8,0,9,203,14,0,226,2672,306,116,26,3127,45,12,55,3179,191,5,3376,4333,542,196,66,5135,70,14,82,5220,197,11,5432,388,58,93,11,547,11,0,11,562,29,0,586,33,0,4,48,86,0,5,3,97,18,11,122,7434,906,410,144,8893,127,34,158,9047,441,27,9516,67,15,6,7,103,22,3,28,127,11,0,140,166,14,9,16,206,12,3,20,226,0,0,227,235,28,14,21,309,41,6,48,350,13,0,368,7670,938,426,170,9197,166,40,201,9407,453,27,9885,2424,377,192,118,3116,74,22,95,3206,449,12,3665,20,3,5,20,50,0,0,0,50,0,62,109,10113,1315,620,306,12363,241,58,301,12661,903,99,13657
50301,628,10,8,14,642,66,3,710,3589,414,45,4,4051,63,24,92,4144,245,9,4395,5353,618,85,19,6074,37,15,49,6126,135,9,6266,346,40,47,0,428,0,0,0,438,19,0,454,51,0,0,36,84,0,0,0,93,3,3,98,9342,1072,177,60,10647,109,37,146,10799,397,18,11210,63,11,0,0,76,18,3,20,96,3,0,99,201,10,0,0,216,13,0,16,230,8,0,239,267,19,0,0,290,33,3,40,324,16,0,343,9612,1092,178,59,10939,139,45,183,11122,410,18,11550,2546,281,39,26,2887,42,11,49,2934,229,0,3172,10,0,0,9,24,0,0,0,24,0,20,43,12164,1371,215,89,13843,183,49,235,14080,644,44,14766
50302,354,3,4,6,359,35,0,400,3613,506,51,7,4173,76,21,97,4271,218,7,4493,5223,731,69,19,6038,56,15,73,6109,110,0,6223,579,88,66,3,736,4,0,4,735,14,4,757,30,4,0,24,60,0,0,0,59,0,16,76,9443,1329,186,47,11004,141,34,176,11175,348,24,11550,107,10,5,0,122,8,0,8,127,5,0,133,215,14,3,0,223,6,0,7,231,14,0,246,320,24,4,0,349,10,0,10,360,15,0,378,9761,1351,189,47,11352,154,32,183,11539,368,24,11931,2233,227,41,19,2514,21,14,29,2543,230,0,2779,17,6,0,13,33,0,0,0,33,4,29,69,12005,1583,235,87,13903,170,47,217,14119,602,54,14772
50401,328,11,0,6,340,41,0,384,2786,413,52,11,3263,63,21,81,3342,185,5,3537,4364,648,78,20,5107,52,25,74,5185,158,13,5354,511,78,48,0,637,8,0,8,643,12,0,656,31,6,3,45,84,0,0,0,88,3,5,96,7692,1147,185,72,9097,121,43,164,9257,361,22,9638,48,3,0,3,60,14,0,14,67,4,0,72,193,32,8,0,242,11,6,15,258,15,0,271,240,36,8,6,299,22,6,30,327,16,0,347,7936,1182,194,78,9392,144,52,192,9588,378,24,9983,1881,338,51,62,2332,56,16,70,2401,309,12,2722,13,3,0,19,37,0,0,0,37,0,29,64,9832,1526,245,160,11759,197,65,263,12020,690,62,12769
50402,128,3,0,3,131,14,0,144,1378,197,56,11,1644,18,0,21,1664,85,10,1756,2400,260,80,13,2746,15,3,21,2762,83,0,2851,238,25,35,0,296,0,0,0,296,8,0,307,10,0,3,31,44,0,0,0,44,0,4,46,4021,483,170,53,4733,33,4,41,4773,171,8,4954,31,0,0,0,34,8,0,8,42,0,0,41,83,4,0,0,90,7,0,7,98,5,0,99,119,7,0,0,123,13,0,13,137,4,0,145,4141,488,170,57,4858,54,4,59,4915,178,8,5102,1097,131,66,23,1320,21,7,27,1352,98,0,1456,11,3,0,15,30,0,0,0,30,0,5,34,5251,621,246,96,6209,73,14,85,6292,270,17,6583
50403,544,15,3,15,562,81,0,640,6250,719,157,34,7157,100,39,138,7293,324,22,7641,8523,1077,218,82,9894,132,18,148,10048,296,25,10365,841,125,119,10,1101,8,0,8,1113,26,3,1137,81,17,3,93,186,3,0,3,196,20,14,221,15699,1938,495,213,18344,245,61,299,18638,666,58,19364,194,42,4,0,237,18,8,19,258,29,0,290,363,81,18,3,462,22,8,30,490,27,0,522,555,120,20,3,705,35,12,50,753,58,4,816,16249,2056,516,219,19041,275,71,346,19393,728,63,20178,5071,830,244,205,6353,182,48,226,6577,881,26,7494,46,15,0,90,151,0,0,0,150,6,91,251,21372,2898,763,512,25546,458,119,577,26117,1617,184,27920
50501,913,18,8,21,935,65,0,1006,7383,800,152,31,8360,103,23,123,8482,320,11,8808,12497,1260,277,58,14091,139,15,150,14248,280,17,14543,1105,104,152,13,1369,12,0,16,1381,40,5,1420,116,7,4,76,201,0,0,0,203,7,21,234,21097,2170,582,180,24026,249,38,288,24314,645,55,25014,111,23,5,0,144,13,0,10,156,12,0,168,420,47,13,3,475,6,0,8,485,26,3,506,530,66,15,3,618,18,6,20,639,37,3,681,21634,2235,596,179,24645,273,41,310,24954,681,53,25691,4005,375,182,57,4616,77,12,95,4710,303,8,5022,46,3,0,22,69,0,0,0,69,0,56,128,25681,2616,780,258,29335,348,53,400,29737,988,114,30838
50502,1012,14,3,16,1028,131,0,1164,7351,1109,123,33,8618,130,26,160,8778,394,8,9180,12105,1576,182,65,13933,98,29,129,14061,346,21,14431,1164,122,148,11,1450,16,5,18,1461,34,0,1496,94,15,3,111,221,0,3,6,231,11,22,264,20721,2824,456,224,24218,249,62,311,24534,781,56,25367,211,55,0,4,267,30,5,37,305,17,0,325,517,55,0,23,603,36,6,50,648,46,9,699,724,113,0,28,869,73,13,83,956,62,9,1025,21442,2932,459,251,25085,322,78,398,25484,841,62,26394,5169,1007,155,118,6446,158,98,256,6698,1068,37,7796,29,9,3,47,84,4,0,4,91,6,99,188,26643,3942,612,409,31609,480,172,658,32267,1917,193,34372
50503,987,20,7,22,1013,133,4,1147,8690,1018,237,50,9995,121,30,149,10148,426,18,10595,13430,1712,430,129,15700,140,33,175,15874,459,27,16359,1309,163,235,29,1732,25,10,27,1763,54,0,1824,137,14,5,220,368,3,0,3,377,14,31,421,23566,2914,902,423,27805,289,72,359,28166,952,77,29199,209,45,4,5,274,23,0,23,297,49,5,348,630,116,27,22,796,34,19,58,851,48,9,910,844,162,33,27,1069,63,19,83,1153,99,10,1259,24407,3078,939,453,28874,348,90,442,29316,1052,85,30454,6647,1207,304,254,8411,232,51,282,8700,1233,29,9959,69,7,0,45,118,0,0,0,125,15,117,256,31121,4295,1239,757,37411,585,137,726,38141,2299,236,40674
50601,283,4,0,5,294,29,0,319,3699,507,81,34,4311,47,16,65,4378,218,4,4599,5729,725,136,47,6645,85,19,104,6745,178,3,6929,547,104,90,7,743,9,3,12,755,20,0,776,73,15,0,56,140,12,0,12,150,3,6,159,10037,1345,313,142,11833,140,46,186,12022,420,23,12464,167,13,6,4,189,15,0,15,199,19,0,220,314,42,16,4,374,10,14,24,400,26,0,425,474,58,20,7,563,26,16,41,600,48,0,641,10520,1403,328,148,12396,166,60,224,12619,464,27,13108,3982,492,147,98,4718,139,17,155,4870,519,18,5407,18,3,0,22,45,0,0,0,45,3,46,93,14516,1890,476,263,17152,305,78,381,17532,993,88,18607
50602,177,0,4,4,181,26,0,211,2117,306,35,12,2479,34,13,52,2528,144,0,2683,3057,483,81,38,3652,44,15,65,3717,85,7,3806,361,47,48,5,453,6,3,10,463,17,3,481,28,3,0,38,73,0,0,0,67,0,0,80,5559,845,159,94,6655,84,39,121,6783,255,12,7049,72,24,0,0,97,5,4,10,101,12,0,114,176,26,6,0,212,17,5,23,237,15,0,250,249,50,6,0,305,22,9,29,337,23,4,364,5815,895,163,94,6966,109,44,155,7115,281,16,7411,1796,372,55,45,2266,61,36,96,2365,375,8,2757,10,0,0,17,31,0,0,0,31,4,40,73,7621,1264,219,157,9260,171,82,252,9516,660,65,10236
50603,656,24,7,31,688,84,5,779,4270,585,66,28,4947,88,31,120,5068,267,10,5341,5329,934,86,42,6389,104,34,140,6524,240,15,6787,421,59,67,0,551,5,0,5,561,15,0,575,51,7,0,51,115,0,0,0,116,8,15,135,10065,1586,222,123,11998,203,59,265,12267,526,38,12836,175,47,8,3,229,24,6,34,259,11,0,267,323,69,9,7,407,36,0,37,440,12,0,453,499,111,13,14,636,61,9,68,700,23,0,725,10564,1698,235,131,12631,265,68,333,12961,555,40,13561,3308,651,82,78,4126,151,45,196,4326,571,7,4905,21,3,0,44,65,0,0,0,65,0,23,91,13901,2353,323,250,16827,417,114,532,17358,1124,74,18556
50604,714,14,9,21,737,116,5,860,4808,600,89,35,5532,108,26,129,5671,317,7,5998,6264,1032,126,69,7490,90,25,119,7608,296,15,7920,525,107,85,7,720,5,0,9,730,28,4,765,86,16,0,100,198,0,0,3,204,10,19,232,11676,1752,307,213,13944,211,53,265,14212,649,52,14912,207,56,0,9,263,37,5,42,306,36,0,341,386,112,5,6,511,33,16,45,559,31,0,591,589,165,5,14,775,67,20,89,865,64,0,928,12268,1917,313,229,14723,280,74,353,15075,712,52,15843,5552,1224,181,158,7114,247,60,305,7418,1113,24,8561,44,14,0,70,124,3,0,3,132,10,107,257,17866,3148,491,458,21962,538,132,662,22629,1839,191,24661
50605,260,5,0,9,272,19,0,289,2300,227,45,24,2602,20,22,41,2644,125,0,2767,3825,406,91,28,4345,16,6,23,4370,66,11,4449,368,75,64,0,501,0,0,0,506,8,0,511,30,4,5,22,61,0,0,0,61,0,3,57,6525,704,198,73,7504,39,27,68,7575,202,12,7790,44,8,0,0,46,3,0,7,55,0,0,58,122,14,9,0,148,7,0,7,150,3,0,149,164,21,9,0,195,11,0,11,205,4,0,207,6686,727,209,75,7702,53,25,76,7779,205,12,7997,1694,196,97,42,2023,69,15,87,2108,174,5,2285,11,8,0,24,39,0,0,0,39,3,29,73,8394,925,301,140,9763,119,43,159,9922,382,45,10350
50606,80,0,0,0,81,3,0,83,1457,135,39,0,1631,20,0,19,1654,57,0,1712,2213,199,107,17,2533,13,0,13,2553,42,3,2597,213,16,61,4,290,3,0,3,294,13,8,308,23,4,5,23,57,0,0,0,57,0,5,61,3901,353,208,46,4510,43,0,43,4551,111,19,4678,12,14,0,0,31,9,0,4,35,0,0,36,109,5,4,0,119,0,0,0,125,4,4,131,121,20,6,0,146,7,0,8,161,5,4,167,4028,368,212,44,4662,47,0,54,4709,117,18,4841,1414,151,80,65,1703,26,9,32,1735,109,15,1855,15,4,0,9,28,0,0,0,28,0,12,41,5457,520,293,122,6393,73,8,84,6474,222,45,6743
50607,228,9,0,11,229,24,0,260,1551,167,30,0,1751,34,7,40,1789,98,7,1887,2226,264,29,10,2530,20,14,31,2557,73,5,2630,238,29,31,0,295,0,0,0,296,4,0,302,15,0,0,23,37,0,0,0,37,0,4,41,4034,457,92,27,4610,51,19,72,4680,172,12,4865,32,6,0,0,38,0,0,0,42,6,0,50,91,20,0,0,111,0,0,3,112,7,4,125,124,24,0,0,149,3,0,3,154,16,4,168,4159,483,92,27,4760,57,20,73,4830,185,15,5033,922,121,24,23,1091,22,9,27,1116,133,6,1252,0,0,0,4,8,0,0,0,8,3,20,30,5083,604,114,53,5856,72,28,99,5959,321,36,6314
50701,519,13,0,16,530,48,4,585,4573,524,97,25,5228,60,28,90,5317,226,0,5547,7641,790,200,60,8686,62,20,83,8771,251,16,9040,838,90,118,4,1051,0,3,6,1058,19,5,1082,59,3,0,58,125,6,0,6,127,3,7,144,13115,1411,418,146,15092,128,52,176,15272,503,32,15807,99,15,8,6,125,11,0,11,141,19,0,158,295,29,5,12,341,16,0,18,361,14,0,373,390,52,11,14,465,29,0,36,499,26,0,532,13506,1462,426,163,15561,160,52,209,15771,536,32,16334,3256,324,104,50,3744,71,19,86,3826,364,21,4215,15,8,0,10,33,3,0,3,39,0,33,76,16781,1799,534,227,19336,233,69,304,19639,897,88,20627
50702,158,3,0,5,164,20,0,182,1217,211,16,6,1449,10,15,25,1470,106,3,1583,2155,343,37,17,2557,25,12,32,2587,63,0,2651,255,29,38,6,327,4,0,4,332,3,3,334,13,0,0,8,25,0,0,0,25,0,3,28,3638,581,98,38,4357,36,20,58,4412,168,10,4593,16,0,0,0,16,3,0,4,20,0,0,22,41,11,8,0,52,0,0,6,54,3,3,60,53,11,8,0,71,4,0,5,78,8,3,84,3690,595,102,38,4424,41,22,63,4492,177,9,4676,734,87,41,8,868,24,0,24,889,100,0,992,13,0,0,0,15,0,0,0,15,5,11,33,4438,685,142,46,5310,57,22,83,5396,278,21,5697
50703,119,10,0,10,129,11,0,139,1660,186,41,19,1911,35,0,36,1943,84,10,2035,2467,257,73,24,2826,25,10,33,2865,97,0,2962,252,42,31,11,332,3,6,6,340,14,0,356,15,0,0,37,53,0,0,0,53,4,8,62,4391,494,147,88,5125,64,15,74,5197,200,11,5410,70,7,0,0,78,11,0,11,90,7,0,101,189,23,7,4,223,4,0,5,226,17,0,243,256,28,8,10,296,19,0,18,318,25,0,343,4646,522,153,100,5420,76,18,96,5515,228,11,5757,1660,245,85,85,2069,75,8,90,2159,252,6,2413,15,0,0,18,33,0,0,0,33,0,23,54,6316,768,243,198,7518,157,29,186,7705,474,46,8223
50704,741,11,3,13,765,85,0,843,4768,535,69,18,5401,66,21,87,5486,247,9,5740,7743,808,124,39,8709,87,14,101,8814,217,11,9045,572,78,61,5,714,12,0,12,726,12,0,736,46,4,0,36,88,0,0,0,87,0,3,94,13132,1424,253,101,14907,161,39,197,15107,475,28,15616,103,20,4,0,125,15,0,16,142,9,0,149,280,33,4,6,321,36,3,38,356,13,0,369,383,53,7,6,451,48,7,51,497,17,0,519,13507,1480,260,111,15357,207,43,251,15604,494,28,16131,2798,325,91,58,3271,65,11,75,3348,280,11,3632,9,0,0,10,18,0,0,0,18,0,34,45,16312,1806,351,175,18644,270,55,326,18963,776,70,19814
50705,339,4,0,7,347,23,0,375,4816,431,151,41,5438,59,13,77,5513,288,7,5804,7173,722,274,68,8235,113,16,135,8364,274,10,8651,725,85,141,3,958,7,6,20,967,54,5,1031,87,6,6,64,168,3,0,3,172,3,20,196,12807,1246,569,175,14792,191,39,230,15022,625,44,15690,150,9,7,3,173,25,6,36,203,26,0,227,409,30,39,14,489,30,6,40,526,22,0,554,554,40,49,18,662,59,15,70,734,46,0,777,13359,1282,615,195,15450,251,54,301,15755,669,44,16466,4586,510,326,178,5604,132,15,151,5755,545,14,6308,32,0,0,16,40,0,0,0,40,0,68,117,17975,1795,940,389,21099,380,72,458,21549,1208,126,22886
50901,16,0,0,0,20,0,0,22,1687,267,37,18,2015,4,7,18,2032,134,8,2174,3030,532,80,27,3670,27,24,46,3721,146,3,3873,234,27,36,3,312,0,0,0,312,19,0,329,34,5,0,43,79,0,0,0,79,10,0,85,4989,830,158,97,6078,31,29,62,6140,310,14,6456,22,4,0,0,23,0,0,0,23,0,0,26,51,18,0,0,67,4,3,7,77,5,0,83,73,21,0,0,91,4,3,7,98,6,0,109,5062,853,158,98,6172,39,29,66,6239,312,14,6562,1424,249,61,57,1791,37,15,52,1843,231,14,2089,10,0,0,6,22,0,7,7,22,5,33,56,6498,1105,221,162,7984,74,52,124,8109,549,57,8709
50902,33,0,0,0,36,0,0,39,1399,134,33,5,1571,19,0,22,1591,100,4,1697,2365,243,62,39,2713,38,8,41,2758,90,0,2848,228,30,42,0,298,0,0,0,300,8,0,303,36,0,7,35,78,7,0,7,78,7,4,91,4025,407,142,82,4658,60,15,73,4732,201,3,4940,21,5,3,0,32,11,0,11,40,0,0,45,53,0,4,4,62,7,0,14,74,0,0,76,78,5,8,4,94,19,0,20,115,7,0,119,4107,412,151,85,4753,77,15,96,4847,205,3,5058,1153,131,61,47,1397,44,5,54,1446,223,0,1676,11,5,3,9,25,0,0,0,25,0,23,49,5267,556,217,142,6178,129,17,145,6319,432,31,6781
50903,4,0,0,0,4,0,0,4,553,41,16,6,611,6,0,6,616,38,6,661,1004,92,25,7,1132,17,0,17,1147,29,5,1183,81,12,15,0,109,0,0,0,109,0,0,107,7,0,0,29,42,0,0,0,42,0,0,42,1647,145,58,43,1890,18,0,18,1914,69,7,1984,5,0,0,0,5,0,0,0,5,0,0,10,17,0,0,0,17,6,0,6,16,3,0,23,26,0,0,0,26,6,0,6,30,0,0,35,1676,145,58,43,1917,23,0,23,1941,70,7,2019,387,48,16,19,469,17,0,17,485,57,0,541,0,0,3,0,3,0,0,0,3,0,3,8,2061,185,78,62,2392,38,0,38,2433,127,8,2570
51001,3,0,0,0,3,0,0,0,1090,153,31,18,1294,8,5,18,1313,117,0,1432,976,173,29,24,1201,22,3,20,1226,79,5,1313,148,23,35,5,208,0,0,0,210,11,0,223,13,3,0,31,48,0,0,0,46,17,3,71,2230,356,92,77,2749,36,9,42,2798,224,17,3041,28,0,0,0,29,54,0,54,83,5,0,90,20,5,4,0,27,11,14,25,56,16,0,66,44,6,4,0,53,62,14,80,137,19,0,159,2275,359,92,77,2808,98,25,122,2933,245,21,3197,391,140,38,25,592,103,23,123,714,822,9,1548,4,4,0,6,17,0,0,0,17,7,69,95,2665,502,133,110,3411,204,48,246,3658,1081,99,4835
51002,3,0,0,0,3,0,0,3,1161,46,33,15,1255,18,0,25,1272,26,7,1307,1005,104,64,15,1193,6,0,0,1194,30,5,1231,150,15,40,0,211,0,0,0,213,5,0,220,22,3,0,22,45,0,0,0,45,3,0,49,2335,165,142,57,2708,28,3,33,2735,66,9,2806,27,0,0,0,27,7,0,7,26,11,0,40,33,4,5,6,48,7,3,8,54,7,0,60,50,4,5,6,65,9,3,15,79,17,0,96,2388,173,148,56,2774,33,10,43,2816,81,9,2904,635,78,61,34,809,33,15,49,857,161,0,1017,13,0,0,9,22,0,0,0,22,3,41,63,3041,246,210,103,3598,66,27,92,3694,243,49,3983
51003,5,0,0,0,5,0,0,5,1421,101,67,3,1594,14,0,16,1614,80,0,1695,1751,160,103,31,2046,4,0,4,2052,15,0,2062,218,12,66,0,301,0,0,0,301,10,0,312,23,0,0,32,52,0,0,0,52,8,0,60,3413,268,246,73,3996,20,0,23,4013,110,0,4128,33,0,0,3,41,9,0,9,51,0,0,51,46,0,12,0,58,0,0,0,60,0,0,60,79,0,12,6,101,9,0,9,110,0,0,110,3496,268,256,75,4097,27,4,35,4126,110,0,4236,984,62,93,34,1171,13,0,14,1186,71,4,1263,14,0,0,0,13,0,0,0,13,0,21,33,4487,332,348,110,5282,43,0,49,5330,179,22,5529
51101,5,0,0,0,5,0,0,6,422,29,10,11,461,0,0,8,467,26,0,490,977,81,31,11,1094,0,4,6,1099,22,0,1121,61,8,23,0,87,0,0,0,87,0,0,90,16,0,0,16,32,0,0,0,32,0,4,39,1474,117,54,33,1678,3,0,7,1687,45,4,1741,0,5,0,0,5,0,0,0,5,3,0,7,8,0,0,0,8,0,0,0,8,0,0,8,15,5,0,0,15,0,0,0,15,3,0,19,1486,117,54,33,1695,3,0,7,1702,48,4,1756,348,38,24,16,427,9,10,15,439,52,0,486,9,0,0,0,7,0,0,0,7,0,0,9,1842,151,86,52,2125,11,15,27,2151,100,3,2260
51102,4,0,0,0,4,0,0,4,264,31,12,8,316,0,3,3,321,25,0,344,323,60,13,6,407,3,3,6,414,15,0,433,30,0,7,0,37,4,0,4,44,6,0,47,4,0,0,5,12,0,0,0,12,0,0,12,629,88,31,21,768,6,8,17,787,47,0,831,0,0,0,0,0,3,0,3,3,0,0,3,9,0,0,0,9,0,0,0,9,0,0,9,9,0,0,0,9,4,0,8,15,0,0,15,635,88,31,21,774,13,6,20,799,47,0,847,145,15,14,3,174,9,0,9,188,79,0,269,0,0,0,0,0,0,0,0,0,0,0,0,779,102,43,23,948,20,6,31,984,129,0,1112
51103,7,0,0,0,7,0,0,13,1482,119,42,14,1654,16,6,22,1675,54,0,1732,1663,155,67,9,1893,10,0,13,1906,57,3,1965,188,21,30,20,249,0,0,0,249,8,0,261,22,5,0,10,40,0,0,0,40,7,4,53,3346,297,135,53,3833,28,5,36,3873,123,10,4005,18,4,5,0,21,4,0,4,29,3,0,32,51,12,4,5,70,9,3,12,82,0,9,85,71,11,6,5,90,11,4,16,111,3,9,119,3420,309,142,60,3927,38,12,49,3982,128,12,4122,1126,86,53,38,1296,66,10,77,1374,262,0,1640,20,0,0,7,24,0,0,0,24,5,50,81,4564,392,193,101,5253,103,22,127,5380,395,67,5842
51104,27,0,0,0,27,0,0,28,1557,174,34,9,1779,27,10,33,1816,97,0,1916,2265,313,103,31,2707,25,5,29,2743,103,5,2847,210,37,40,0,293,0,0,0,293,14,0,308,27,0,3,24,54,6,0,6,58,9,0,68,4057,531,181,67,4840,55,13,64,4903,221,4,5132,15,0,0,5,18,10,0,6,30,3,0,36,56,7,4,5,78,8,0,5,87,4,0,87,71,14,4,8,94,15,6,18,112,11,0,123,4134,542,183,73,4934,69,19,81,5014,236,4,5259,1002,149,57,38,1249,45,13,57,1311,281,11,1600,4,0,0,7,9,0,0,0,9,0,27,38,5137,693,245,115,6197,111,25,142,6340,518,36,6889
59797,0,0,0,0,0,0,0,0,0,0,0,0,0,0,0,0,0,0,0,0,0,0,0,0,0,0,0,0,0,0,0,0,0,0,0,0,0,0,0,0,0,0,0,0,0,0,0,0,0,0,0,0,0,0,0,0,0,0,0,0,0,0,0,0,0,0,0,0,0,0,0,0,0,0,0,0,0,0,0,0,0,0,0,0,0,0,0,0,0,0,0,0,0,0,0,0,0,0,0,0,0,0,0,0,0,0,0,0,0,0,0,0,0,0,0,0,0,0,0,0,0,0,0,0,0,0,0,0,0,0,0,0,0,0,0,0,0,0,0,0,0,0,0,0,0,0,0,0,0,0,0,0
59999,0,0,0,0,0,0,0,0,0,0,0,0,0,0,0,0,0,0,0,0,0,0,0,0,0,0,0,0,0,0,0,0,0,0,0,0,0,0,0,0,0,0,0,0,0,0,0,0,0,0,0,0,0,0,0,0,0,0,0,0,0,0,0,0,0,0,0,0,0,0,0,0,0,0,0,0,0,0,0,0,0,0,0,0,0,0,0,0,0,0,0,0,0,0,0,0,0,0,0,0,0,0,0,0,0,0,0,0,0,0,0,0,0,0,0,0,0,0,0,0,0,0,0,0,0,0,0,0,0,0,0,0,0,0,0,0,0,0,0,0,0,0,0,0,0,0,0,0,0,0,0,0
