SA3_CODE_2021,P_Germany_0_4,P_Germany_5_14,P_Germany_15_24,P_Germany_25_44,P_Germany_45_54,P_Germany_55_64,P_Germany_65_74,P_Germany_75_84,P_Germany_85ov,P_Germany_Tot,P_Greece_0_4,P_Greece_5_14,P_Greece_15_24,P_Greece_25_44,P_Greece_45_54,P_Greece_55_64,P_Greece_65_74,P_Greece_75_84,P_Greece_85ov,P_Greece_Tot,P_Hong_Kong_SAR_Ch_0_4,P_Hong_Kong_SAR_Ch_5_14,P_Hong_Kong_SAR_Ch_15_24,P_Hong_Kong_SAR_Ch_25_44,P_Hong_Kong_SAR_Ch_45_54,P_Hong_Kong_SAR_Ch_55_64,P_Hong_Kong_SAR_Ch_65_74,P_Hong_Kong_SAR_Ch_75_84,P_Hong_Kong_SAR_Ch_85ov,P_Hong_Kong_SAR_Ch_Tot,P_India_0_4,P_India_5_14,P_India_15_24,P_India_25_44,P_India_45_54,P_India_55_64,P_India_65_74,P_India_75_84,P_India_85ov,P_India_Tot,P_Indonesia_0_4,P_Indonesia_5_14,P_Indonesia_15_24,P_Indonesia_25_44,P_Indonesia_45_54,P_Indonesia_55_64,P_Indonesia_65_74,P_Indonesia_75_84,P_Indonesia_85ov,P_Indonesia_Tot,P_Iran_0_4,P_Iran_5_14,P_Iran_15_24,P_Iran_25_44,P_Iran_45_54,P_Iran_55_64,P_Iran_65_74,P_Iran_75_84,P_Iran_85ov,P_Iran_Tot,P_Iraq_0_4,P_Iraq_5_14,P_Iraq_15_24,P_Iraq_25_44,P_Iraq_45_54,P_Iraq_55_64,P_Iraq_65_74,P_Iraq_75_84,P_Iraq_85ov,P_Iraq_Tot,P_Ireland_0_4,P_Ireland_5_14,P_Ireland_15_24,P_Ireland_25_44,P_Ireland_45_54,P_Ireland_55_64,P_Ireland_65_74,P_Ireland_75_84,P_Ireland_85ov,P_Ireland_Tot,P_Italy_0_4,P_Italy_5_14,P_Italy_15_24,P_Italy_25_44,P_Italy_45_54,P_Italy_55_64,P_Italy_65_74,P_Italy_75_84,P_Italy_85ov,P_Italy_Tot,P_Japan_0_4,P_Japan_5_14,P_Japan_15_24,P_Japan_25_44,P_Japan_45_54,P_Japan_55_64,P_Japan_65_74,P_Japan_75_84,P_Japan_85ov,P_Japan_Tot,P_Korea_South_0_4,P_Korea_South_5_14,P_Korea_South_15_24,P_Korea_South_25_44,P_Korea_South_45_54,P_Korea_South_55_64,P_Korea_South_65_74,P_Korea_South_75_84,P_Korea_South_85ov,P_Korea_South_Tot,P_Lebanon_0_4,P_Lebanon_5_14,P_Lebanon_15_24,P_Lebanon_25_44,P_Lebanon_45_54,P_Lebanon_55_64,P_Lebanon_65_74,P_Lebanon_75_84,P_Lebanon_85ov,P_Lebanon_Tot,P_Malaysia_0_4,P_Malaysia_5_14,P_Malaysia_15_24,P_Malaysia_25_44,P_Malaysia_45_54,P_Malaysia_55_64,P_Malaysia_65_74,P_Malaysia_75_84,P_Malaysia_85ov,P_Malaysia_Tot,P_Malta_0_4,P_Malta_5_14,P_Malta_15_24,P_Malta_25_44,P_Malta_45_54,P_Malta_55_64,P_Malta_65_74,P_Malta_75_84,P_Malta_85ov,P_Malta_Tot,P_Mauritius_0_4,P_Mauritius_5_14,P_Mauritius_15_24,P_Mauritius_25_44,P_Mauritius_45_54,P_Mauritius_55_64,P_Mauritius_65_74,P_Mauritius_75_84,P_Mauritius_85ov,P_Mauritius_Tot,P_Myanmar_0_4,P_Myanmar_5_14,P_Myanmar_15_24,P_Myanmar_25_44,P_Myanmar_45_54,P_Myanmar_55_64,P_Myanmar_65_74,P_Myanmar_75_84,P_Myanmar_85ov,P_Myanmar_Tot,P_Nepal_0_4,P_Nepal_5_14,P_Nepal_15_24,P_Nepal_25_44,P_Nepal_45_54,P_Nepal_55_64,P_Nepal_65_74,P_Nepal_75_84,P_Nepal_85ov,P_Nepal_Tot,P_Netherlands_0_4,P_Netherlands_5_14,P_Netherlands_15_24,P_Netherlands_25_44,P_Netherlands_45_54,P_Netherlands_55_64,P_Netherlands_65_74,P_Netherlands_75_84,P_Netherlands_85ov,P_Netherlands_Tot,P_New_Zealand_0_4,P_New_Zealand_5_14,P_New_Zealand_15_24,P_New_Zealand_25_44,P_New_Zealand_45_54,P_New_Zealand_55_64,P_New_Zealand_65_74,P_New_Zealand_75_84,P_New_Zealand_85ov,P_New_Zealand_Tot,P_North_Macedonia_0_4,P_North_Macedonia_5_14,P_North_Macedonia_15_24,P_North_Macedonia_25_44,P_North_Macedonia_45_54,P_North_Macedonia_55_64,P_North_Macedonia_65_74,P_North_Macedonia_75_84,P_North_Macedonia_85ov,P_North_Macedonia_Tot
50101,3,3,9,150,44,38,68,47,8,374,0,0,0,4,0,0,4,0,0,10,0,0,0,14,4,4,3,0,0,30,0,0,10,107,15,19,13,19,10,200,3,20,11,49,26,7,0,3,0,113,0,0,0,0,0,0,0,0,0,0,0,0,0,0,0,0,0,0,0,3,0,5,10,85,42,28,50,25,5,256,0,5,4,116,10,9,22,22,14,197,0,7,9,51,14,5,3,0,0,78,0,9,0,66,0,3,0,0,0,74,0,0,0,0,0,0,0,0,0,3,0,4,4,22,10,19,9,6,0,77,0,0,0,0,0,7,4,3,0,10,0,0,0,3,3,3,0,0,0,18,0,0,0,7,0,5,3,0,0,24,0,0,4,15,0,0,0,0,0,19,0,7,5,38,13,30,76,31,12,215,9,71,58,433,265,301,209,71,19,1427,0,0,0,0,0,4,0,0,0,4
50102,0,6,17,49,35,50,130,79,16,386,0,0,0,3,4,3,6,9,3,25,0,3,4,35,4,7,3,0,0,60,5,58,25,374,67,40,34,29,11,635,0,18,18,83,24,9,7,3,0,163,0,8,3,29,7,3,0,0,0,51,0,7,4,23,6,4,0,0,0,47,6,25,30,130,63,59,54,24,10,389,0,0,7,20,17,39,165,167,114,533,0,8,0,31,20,4,5,0,0,72,0,8,8,96,12,0,0,0,0,130,0,0,0,15,6,11,7,5,0,49,0,13,13,111,35,30,25,19,0,238,0,0,0,0,0,8,6,6,0,19,0,0,3,23,6,9,12,9,3,63,0,3,4,25,7,8,9,4,3,61,0,4,7,53,0,0,0,0,0,62,0,6,5,29,51,61,124,80,25,383,17,171,258,868,577,618,387,98,20,3019,0,0,0,0,0,3,0,0,0,6
50103,0,0,0,25,21,18,36,17,3,130,0,0,0,0,0,0,5,8,7,19,0,0,0,8,4,0,0,0,0,16,0,0,0,18,7,7,6,10,0,58,0,4,0,8,5,0,3,0,0,20,0,0,0,0,0,0,0,0,0,3,0,0,0,0,0,0,0,0,0,0,0,4,5,23,10,9,11,9,0,67,0,0,0,13,4,7,48,32,24,134,0,0,0,5,0,5,0,0,0,17,0,0,0,8,0,0,0,0,0,13,0,0,0,0,0,0,0,0,0,0,0,0,0,9,8,8,8,0,0,39,0,0,0,0,0,0,4,0,0,7,0,0,0,0,0,3,0,0,0,12,0,0,0,3,3,0,3,0,0,11,0,0,0,0,0,0,0,0,0,0,0,0,0,15,10,15,36,23,8,108,0,16,15,106,106,147,112,29,9,548,0,0,0,0,0,0,4,9,7,23
50201,0,9,14,43,44,60,143,92,22,427,0,0,0,4,0,6,9,10,0,32,0,0,5,21,12,8,12,4,0,57,3,47,47,336,63,69,56,56,13,689,6,26,24,115,62,31,27,3,3,298,0,12,4,26,10,10,4,0,0,69,0,0,3,0,0,4,0,0,0,10,0,34,48,160,58,49,85,44,12,492,0,0,3,19,18,20,93,71,17,253,0,3,3,23,22,0,8,3,0,68,0,3,9,48,4,5,0,0,0,75,0,0,0,3,0,3,0,0,0,6,0,10,21,59,49,46,48,15,4,259,0,0,0,0,0,8,20,7,0,33,0,3,5,33,10,11,11,9,0,86,0,0,0,4,3,16,14,6,6,55,0,4,6,38,0,0,0,0,0,53,0,10,5,36,28,43,198,145,46,509,19,216,324,1006,688,723,595,199,29,3800,0,0,0,0,0,0,0,5,0,5
50301,0,21,20,99,75,53,65,69,16,407,0,3,6,3,7,10,20,19,20,81,9,76,97,81,62,47,46,22,6,437,6,39,92,283,175,97,79,53,18,841,14,41,77,132,62,36,48,24,8,434,0,7,17,102,37,30,18,11,6,232,0,6,0,9,7,5,0,0,0,26,7,29,20,258,66,95,62,34,15,591,0,21,23,77,46,21,65,69,28,348,12,42,44,81,39,38,14,3,5,273,0,16,5,37,18,3,4,0,0,96,0,0,0,6,4,7,4,0,0,24,8,40,128,289,240,192,217,108,46,1270,0,0,0,0,0,4,0,4,0,12,0,0,10,20,5,8,6,7,5,73,0,0,3,8,18,16,12,8,0,65,0,0,3,26,0,0,0,0,0,41,0,30,28,41,49,43,54,36,15,284,6,32,77,238,190,229,154,65,10,1008,0,0,0,4,3,0,4,0,0,16
50302,4,8,29,212,86,70,78,39,15,547,0,0,0,25,13,20,46,63,79,251,8,27,105,277,68,41,41,6,4,582,71,181,169,1681,173,117,125,73,38,2631,11,29,104,379,106,39,53,20,5,743,5,16,31,339,57,48,27,17,7,551,0,3,3,30,0,5,0,3,0,56,7,34,45,767,116,129,104,59,66,1322,0,21,53,369,62,98,248,307,290,1448,37,83,54,443,150,48,28,5,0,840,6,35,49,526,66,21,8,4,0,720,0,4,0,21,13,4,10,3,0,48,12,53,183,905,236,182,215,83,31,1896,0,0,0,3,0,3,10,5,4,33,0,3,35,128,26,22,25,6,13,260,0,0,9,54,33,62,44,16,22,240,3,4,114,410,7,3,0,0,0,548,10,6,27,76,53,42,61,38,25,342,8,45,126,769,382,422,241,90,19,2092,0,0,5,26,17,19,33,36,21,163
50401,0,0,18,113,51,47,110,62,17,415,0,7,15,11,9,15,53,53,38,209,0,4,17,184,35,52,39,11,0,346,11,160,178,1197,218,271,270,189,59,2568,0,16,31,202,61,39,31,8,0,389,0,14,31,136,34,37,20,9,0,274,0,12,14,71,22,22,5,0,0,160,4,8,29,483,77,61,64,46,13,782,4,13,18,171,66,127,417,379,216,1415,8,3,15,115,62,13,5,3,0,230,0,6,8,197,31,9,6,0,0,260,0,0,0,24,5,10,3,0,0,47,3,26,52,457,165,167,204,112,22,1206,0,0,0,7,8,12,25,30,6,84,0,0,20,134,40,56,46,34,9,340,0,5,19,61,62,106,126,47,27,454,0,10,55,228,15,5,0,0,0,311,0,4,4,41,22,29,60,58,41,268,4,52,126,730,309,370,239,73,16,1904,0,0,3,30,30,32,34,29,8,177
50402,0,5,5,49,36,35,92,59,10,287,0,0,0,0,3,3,4,6,0,16,0,3,6,19,8,4,3,0,0,39,0,12,16,105,40,55,42,40,13,331,0,3,11,21,4,4,6,5,0,51,0,0,0,15,4,3,3,0,0,27,0,0,0,0,0,3,0,0,0,3,0,16,8,59,47,36,41,23,3,235,0,0,3,7,9,40,95,64,33,246,0,0,0,19,18,10,0,3,0,44,0,0,0,12,0,0,0,0,0,9,0,0,0,0,4,0,0,0,0,9,0,0,5,33,20,40,10,11,3,126,0,0,0,4,4,0,4,0,0,16,0,0,0,7,3,9,3,0,0,27,0,0,0,3,4,10,10,10,3,34,0,0,0,9,0,3,0,0,0,10,0,4,6,18,28,32,73,62,18,242,3,27,88,309,271,278,181,59,17,1224,0,0,0,3,6,4,4,0,0,10
50403,0,4,22,122,69,75,107,71,15,489,0,0,4,9,12,12,14,16,3,75,0,7,23,121,33,43,18,0,0,245,38,293,407,3684,589,440,367,149,40,5999,6,31,40,219,78,45,23,4,7,457,3,27,50,179,53,23,12,3,5,360,4,40,51,310,118,69,25,9,3,629,0,38,18,371,87,78,55,47,8,714,4,3,15,79,48,125,220,141,104,750,4,8,9,55,38,6,12,3,0,133,0,3,11,92,18,7,0,3,0,129,0,0,6,34,13,9,11,3,0,72,3,63,86,323,190,211,177,56,13,1127,0,0,0,5,5,22,21,15,4,73,0,20,68,276,100,95,60,20,6,659,0,16,65,426,197,154,140,56,19,1074,0,4,14,138,15,5,4,0,0,187,0,5,9,41,29,30,98,87,23,328,38,361,563,1935,928,944,425,117,14,5334,0,0,16,92,48,46,35,16,0,251
50501,4,19,36,204,163,122,194,132,34,910,0,0,8,9,3,33,45,33,8,146,5,14,16,76,46,61,53,12,5,283,4,49,83,427,171,228,184,145,49,1341,4,29,36,152,71,38,50,18,0,394,0,28,26,236,83,36,44,8,0,466,0,5,8,12,19,7,5,3,0,54,11,170,178,1110,362,338,297,123,39,2627,6,22,28,146,75,109,244,152,69,851,0,26,20,90,76,36,17,10,3,285,6,10,21,81,17,12,6,5,0,154,0,0,0,8,14,8,13,0,0,47,5,36,62,237,143,189,249,83,25,1023,0,0,3,10,3,17,20,6,4,53,0,4,16,54,18,47,46,19,16,214,0,0,0,20,28,70,77,34,11,247,0,0,9,34,0,0,0,0,0,49,5,13,22,85,67,67,187,137,46,634,24,163,275,1275,830,796,537,144,24,4065,0,3,0,27,19,40,41,10,5,152
50502,0,16,42,303,125,90,192,128,32,930,0,5,17,31,31,81,157,252,160,720,4,50,60,319,95,92,83,28,12,745,45,273,592,3680,483,401,329,241,91,6136,11,38,94,355,137,86,60,26,9,811,0,55,62,527,174,133,66,37,14,1061,12,58,98,338,162,102,43,9,0,816,12,62,77,1507,180,156,148,96,38,2264,4,43,66,562,205,332,958,967,599,3739,7,47,56,251,188,73,30,15,6,670,9,24,27,304,55,21,13,4,5,459,0,8,12,35,21,29,17,4,0,124,18,148,177,971,376,337,386,189,42,2640,0,0,0,5,6,10,24,25,10,66,0,10,44,186,47,79,65,42,20,487,3,22,93,500,224,184,185,73,34,1323,0,18,61,275,20,7,9,0,0,397,5,18,20,85,62,41,133,140,71,586,27,177,294,1670,718,693,455,157,32,4233,3,18,22,257,196,283,353,176,96,1409
50503,0,14,44,190,150,115,165,97,23,801,0,0,0,18,10,31,40,35,14,141,0,20,20,157,40,38,23,7,0,297,11,204,325,2254,556,346,305,185,38,4233,13,43,62,245,122,50,21,8,0,566,0,21,65,223,97,69,26,4,0,510,0,28,55,234,112,58,20,6,0,519,5,143,213,945,262,179,152,91,23,2011,0,14,25,126,76,169,270,182,95,961,0,11,18,86,43,9,17,5,0,181,0,6,19,116,36,21,3,0,0,207,0,6,12,30,19,24,18,5,0,108,11,91,129,556,230,233,171,51,11,1482,0,0,0,5,4,21,36,15,8,89,0,22,42,233,61,118,98,33,14,622,0,38,137,458,264,236,166,70,35,1406,0,4,17,81,12,3,3,0,0,118,0,7,24,63,42,48,142,118,49,502,52,528,787,2593,1321,1075,589,178,32,7157,0,10,22,298,193,192,170,65,13,967
50601,0,0,8,64,39,47,76,72,17,321,0,0,0,0,0,0,5,3,0,10,0,12,11,83,23,7,9,0,0,142,35,482,374,3638,519,246,206,66,18,5582,4,29,61,314,100,52,29,5,0,590,0,11,8,64,24,17,0,3,0,124,0,0,14,59,13,9,6,3,0,103,0,48,17,119,29,44,46,43,9,362,0,0,3,30,16,43,93,66,22,278,6,6,4,45,23,6,8,3,4,100,8,24,8,166,30,10,12,0,0,255,0,6,3,17,14,7,5,3,0,55,4,67,132,647,177,139,126,39,3,1324,0,0,3,0,3,6,11,7,0,29,0,13,34,129,28,13,16,5,0,233,0,6,32,238,76,100,58,16,10,530,0,0,8,81,9,4,0,0,0,103,0,7,12,50,70,58,164,131,49,545,29,265,307,1027,506,490,259,54,16,2953,0,0,0,4,0,0,0,0,0,11
50602,0,6,16,103,36,32,59,35,14,298,0,0,0,6,4,8,5,9,11,44,5,3,42,203,43,30,23,8,3,362,40,162,243,1465,214,152,133,105,54,2556,14,43,66,377,149,40,60,9,3,758,3,11,17,180,28,13,8,4,0,269,0,7,16,64,23,15,17,3,0,143,4,6,24,387,52,62,43,30,15,635,0,5,16,145,34,54,126,202,111,697,4,6,13,124,58,14,7,4,0,229,0,12,28,381,70,32,13,0,6,536,0,0,4,26,14,5,16,10,0,77,9,46,143,739,204,172,134,59,10,1510,0,0,0,4,0,4,13,3,3,32,0,5,31,145,26,25,23,15,0,265,0,3,12,100,61,105,62,31,30,405,3,11,174,591,24,13,0,0,0,821,0,0,4,35,18,15,46,42,11,178,15,91,192,843,376,422,232,49,12,2232,0,0,0,15,0,4,7,0,0,30
50603,0,3,7,58,44,43,64,54,16,292,0,3,0,7,5,4,10,3,0,39,6,36,181,379,87,93,73,23,8,880,66,517,1054,3968,1027,475,282,168,79,7633,14,85,256,795,305,147,151,34,12,1801,0,31,39,184,73,34,27,17,4,407,0,28,43,79,60,17,15,4,0,250,0,49,29,140,53,46,62,41,14,427,0,6,3,57,19,49,178,153,92,572,3,13,26,88,61,24,15,12,3,243,6,85,101,573,217,103,30,6,0,1123,0,10,12,20,24,20,13,9,0,114,14,269,971,1991,859,763,737,311,58,5978,0,0,0,0,0,0,17,4,0,28,0,13,47,185,42,33,19,3,5,356,4,10,31,147,96,113,122,47,30,596,9,14,153,531,43,16,0,0,0,768,6,0,6,31,19,20,76,98,38,293,9,183,237,482,293,327,199,71,21,1819,0,0,0,3,3,6,4,0,0,13
50604,0,3,8,60,29,60,98,70,18,344,0,0,0,0,8,6,4,5,3,21,3,10,27,195,30,46,30,4,0,342,65,451,817,4237,907,511,398,215,57,7659,14,120,185,805,361,151,125,43,3,1805,0,24,71,194,37,33,20,4,0,383,0,22,42,202,108,72,19,3,6,477,0,32,12,136,48,54,75,59,12,428,0,0,10,48,25,64,169,109,85,510,3,10,6,60,39,9,4,0,0,130,3,32,30,317,71,33,16,4,0,511,4,7,12,44,54,32,26,3,0,179,26,185,405,1383,560,605,515,147,38,3863,0,0,0,3,0,15,15,10,0,46,0,29,58,263,69,46,36,13,0,511,0,31,144,664,302,240,216,89,39,1725,0,7,23,211,17,8,6,0,0,279,0,0,6,12,26,33,129,110,55,379,27,281,400,1065,628,590,281,90,15,3376,0,0,0,4,0,0,5,0,0,11
50605,0,7,12,45,46,42,91,63,13,307,0,0,0,5,0,0,3,3,0,14,0,0,3,45,3,8,4,0,4,78,8,86,72,626,135,84,89,74,22,1208,3,10,16,79,41,24,16,3,8,201,0,0,5,17,5,0,0,0,0,31,0,0,0,0,5,3,0,0,0,8,0,11,28,144,65,60,51,53,13,429,0,5,0,17,15,54,130,106,69,398,0,0,0,29,10,6,3,4,0,53,0,0,0,25,6,3,0,0,0,42,0,0,0,11,0,4,6,7,0,36,0,8,16,169,51,55,67,16,8,402,0,0,0,0,0,9,14,3,0,25,0,3,14,36,15,18,11,6,3,102,0,0,0,21,27,34,37,11,9,139,0,0,0,21,0,0,0,0,0,30,0,0,7,25,30,40,69,69,26,265,3,123,161,586,379,409,216,55,15,1940,0,0,0,0,0,0,0,0,0,0
50606,0,0,0,16,17,22,17,9,0,81,0,0,0,0,0,0,0,0,0,10,0,0,0,10,0,4,3,0,0,13,3,39,32,509,50,36,28,18,0,721,0,4,7,32,4,0,4,0,0,54,0,0,0,8,5,4,0,0,0,24,0,0,0,0,0,0,0,0,0,7,0,4,0,43,21,13,15,13,0,119,0,0,0,3,5,11,29,15,12,72,0,0,0,0,0,0,0,0,0,11,0,0,3,7,0,0,0,0,0,19,0,0,0,0,0,0,0,0,0,6,0,9,5,34,33,17,14,3,0,111,0,0,0,0,0,4,0,5,0,5,0,4,5,44,14,5,0,0,0,75,0,0,0,8,0,3,3,7,0,29,0,0,0,0,0,0,0,0,0,5,0,0,5,20,26,19,66,30,10,180,12,83,105,411,210,186,78,18,0,1100,0,0,0,0,0,0,0,0,0,0
50607,0,4,10,37,21,19,24,24,8,141,0,0,3,0,4,3,15,20,12,56,0,8,33,79,28,26,36,10,8,227,3,48,68,423,119,85,72,56,19,897,0,23,63,219,90,70,59,21,3,559,0,16,10,172,42,33,17,12,8,298,0,10,7,16,15,10,3,3,0,67,0,5,3,158,38,40,37,22,12,316,0,6,7,67,25,28,85,41,23,289,3,14,20,63,27,16,9,4,0,169,0,6,15,103,34,21,9,6,0,200,0,0,0,8,3,11,10,0,0,35,3,32,99,423,168,165,173,91,17,1162,0,0,0,0,0,0,5,0,0,10,0,0,8,44,7,19,11,3,5,98,0,0,6,26,19,24,22,16,9,121,0,0,25,104,0,0,0,0,0,134,0,4,6,28,14,20,36,27,4,139,4,23,50,218,135,161,126,49,6,780,0,0,0,3,5,0,8,0,0,18
50701,3,24,28,208,88,70,77,45,11,554,0,0,0,0,8,6,9,7,3,30,11,9,41,144,28,38,26,3,0,298,20,133,154,1288,280,158,136,54,30,2252,4,24,58,367,140,58,51,25,7,735,0,23,32,211,58,32,12,10,0,380,0,4,0,24,6,6,3,0,0,41,8,44,32,388,97,61,45,28,14,720,0,18,14,242,86,199,434,378,227,1605,3,14,18,99,57,11,11,4,0,218,5,15,28,258,56,33,10,0,0,407,0,4,4,19,12,16,10,0,0,63,0,55,152,612,220,192,160,61,16,1471,0,0,0,5,0,6,10,5,4,27,0,6,16,100,14,27,22,7,0,199,0,0,0,37,17,22,23,12,10,133,0,8,22,114,7,0,0,0,0,154,0,9,15,50,39,50,61,53,39,312,27,179,311,1281,600,460,251,53,12,3174,0,0,0,6,0,7,7,4,0,24
50702,0,7,12,147,62,38,43,29,3,348,0,0,0,0,0,0,3,3,6,15,0,6,7,30,10,8,6,0,0,62,6,3,11,55,25,24,36,19,9,179,3,13,13,37,18,11,6,5,0,99,0,0,3,20,6,8,10,0,0,47,0,0,0,4,3,6,0,0,0,10,5,15,21,186,57,57,26,26,7,407,4,4,20,97,46,69,159,235,209,840,0,4,8,37,28,15,9,0,0,102,0,3,0,18,3,4,0,0,0,33,0,0,0,0,0,7,6,0,0,10,0,10,13,31,34,30,30,11,0,161,0,0,0,0,0,0,3,3,0,8,0,0,0,6,7,6,9,4,0,24,0,0,0,0,8,9,0,3,6,18,0,0,6,8,0,0,0,0,0,9,0,0,8,50,23,16,36,22,13,163,10,20,31,265,158,194,110,35,0,830,0,0,0,0,0,3,5,0,0,10
50703,0,0,5,34,15,16,29,26,12,145,0,0,0,0,0,0,0,0,0,8,0,0,3,28,6,8,0,0,0,57,17,98,141,1246,109,83,57,21,8,1782,0,3,17,90,37,18,11,0,0,179,0,0,4,38,3,4,0,0,0,59,0,0,4,18,5,6,3,0,0,31,0,9,9,89,17,15,16,9,6,170,0,5,0,21,5,26,33,17,9,112,0,0,0,32,17,0,5,0,0,62,0,3,6,95,17,17,3,5,0,149,0,0,0,0,6,5,0,0,0,15,0,12,41,133,56,38,20,9,0,316,0,0,0,3,0,4,6,8,0,18,0,0,15,35,12,0,0,0,0,78,0,0,0,6,11,9,14,8,0,45,0,6,5,49,7,0,0,0,0,65,0,0,6,6,14,17,31,26,11,102,21,161,237,838,347,268,132,35,0,2047,0,0,0,8,0,3,0,0,0,13
50704,0,12,21,105,62,56,97,64,22,432,0,3,0,6,7,7,22,19,15,77,6,43,62,190,96,107,133,39,11,698,14,91,171,665,313,289,240,144,54,1979,4,52,124,634,271,233,281,119,28,1750,0,20,41,240,115,70,62,22,10,584,0,16,11,34,26,10,9,3,0,107,0,35,30,179,83,113,99,61,23,612,0,17,14,118,62,107,264,178,117,890,0,13,23,73,63,33,18,10,0,240,10,45,48,266,112,51,33,8,0,578,0,0,0,5,16,10,15,7,0,60,10,130,278,1059,569,478,715,314,84,3637,0,0,0,0,6,6,14,6,0,42,0,0,8,50,18,21,19,10,4,135,0,4,5,24,20,32,38,22,6,139,0,0,18,57,5,0,0,0,0,90,4,4,14,34,33,32,101,70,41,326,9,71,141,442,328,422,234,105,25,1776,0,0,0,4,0,0,8,5,3,18
50705,6,14,22,126,84,95,128,76,23,570,0,0,0,7,0,3,10,4,0,23,0,7,0,29,18,13,8,0,0,75,0,56,79,537,95,88,78,59,18,1011,5,38,30,166,68,17,19,3,4,346,0,6,6,29,4,11,0,0,0,62,0,5,3,9,0,4,0,0,0,20,4,63,74,271,116,75,70,63,21,746,0,8,12,40,20,46,75,51,26,267,3,4,8,32,20,17,7,0,0,94,0,8,4,47,15,0,0,0,0,82,0,0,0,7,4,7,0,0,0,28,6,20,19,99,54,43,39,18,5,304,0,0,0,4,0,6,21,9,0,40,0,0,14,50,12,19,21,8,0,130,0,0,8,33,23,19,20,9,0,107,0,0,5,33,5,0,0,0,0,54,0,12,17,53,56,54,165,92,40,491,57,615,783,2330,1147,992,503,161,17,6606,0,0,0,6,3,12,7,4,0,29
50901,0,0,7,68,46,41,108,64,12,355,0,0,0,0,0,3,4,3,0,12,0,0,0,11,6,5,0,0,0,26,0,11,8,78,21,13,20,18,10,183,4,4,4,41,16,10,17,0,4,106,0,0,5,0,6,6,6,0,0,17,0,0,0,0,0,0,0,0,0,3,0,5,3,38,7,20,24,22,0,116,5,5,0,25,11,18,38,50,39,200,0,0,0,12,6,7,3,0,0,40,0,0,8,11,4,0,0,0,0,22,0,0,0,0,0,0,0,0,0,0,0,0,10,41,12,35,18,5,0,125,0,0,0,0,0,3,0,3,0,11,0,0,3,8,0,3,0,0,0,13,0,6,15,106,58,31,24,9,5,241,0,0,0,8,0,0,0,0,0,6,0,3,8,38,37,27,124,104,15,355,4,32,82,311,256,306,184,65,5,1253,0,0,0,0,3,0,0,0,0,4
50902,0,0,9,43,15,38,106,46,13,265,0,0,0,0,0,0,3,6,0,12,0,0,0,19,4,5,5,0,0,24,0,9,10,111,17,28,20,23,3,221,0,5,3,19,17,6,6,0,0,57,0,0,4,26,0,0,0,0,0,35,0,0,0,17,3,0,0,0,0,21,0,4,11,83,16,22,20,13,5,177,0,0,0,18,4,21,50,21,11,126,0,0,0,7,7,0,0,0,0,18,0,0,0,11,4,0,0,0,0,17,0,0,0,4,0,0,0,0,0,5,0,0,8,29,16,12,11,7,0,85,0,0,0,0,0,4,9,6,0,23,0,0,0,0,3,3,4,0,0,13,0,0,0,3,0,8,3,0,0,22,0,0,5,19,0,0,0,0,0,25,0,0,0,14,15,30,82,64,13,233,5,26,61,336,303,429,267,72,4,1510,0,0,0,0,0,4,3,0,0,8
50903,0,0,5,13,8,12,27,9,4,73,0,0,0,0,0,0,0,0,0,0,0,0,0,3,0,0,0,0,0,4,0,4,4,37,8,5,0,4,0,65,0,0,3,13,3,0,4,0,0,20,0,0,0,0,0,0,0,0,0,0,0,0,0,0,0,0,0,0,0,0,0,0,0,29,5,3,3,9,0,56,0,0,0,4,0,0,19,12,4,44,0,0,0,7,5,0,3,0,0,7,0,0,0,5,0,0,0,0,0,4,0,0,0,0,0,0,0,4,0,4,0,0,6,5,4,8,5,5,0,20,0,0,0,0,0,0,0,0,0,0,0,0,0,0,0,0,0,0,0,0,0,0,0,0,0,0,0,0,0,0,0,0,0,6,0,0,0,0,0,6,0,0,0,0,3,10,22,13,7,56,0,27,27,130,106,112,79,20,4,504,0,0,0,0,0,0,0,0,0,0
51001,0,0,13,60,24,24,18,5,6,142,0,0,0,0,0,0,0,0,0,0,0,0,0,16,0,0,7,0,0,21,3,8,3,100,12,14,12,0,0,153,0,0,3,21,10,5,7,0,0,45,0,0,0,3,0,0,0,0,0,3,0,0,0,0,0,0,0,0,0,0,0,5,0,54,12,5,4,4,0,92,0,0,5,47,3,5,4,3,0,74,0,0,0,13,8,0,0,0,0,24,0,0,0,11,3,0,0,0,0,18,0,0,0,0,0,0,0,0,0,0,0,0,4,30,6,5,3,4,0,59,0,0,0,0,0,0,0,0,0,6,0,0,0,6,6,0,0,0,0,20,0,0,0,0,0,0,0,0,0,4,0,0,0,7,0,0,0,0,0,12,0,0,7,19,12,9,18,0,0,62,7,11,43,183,123,130,63,14,0,575,0,0,0,0,0,0,0,0,0,0
51002,0,0,0,22,10,6,9,4,0,46,0,0,0,0,3,0,0,0,0,10,0,3,0,9,0,0,0,0,0,12,0,26,9,190,39,8,3,0,0,277,0,14,16,64,23,11,0,0,0,130,0,0,0,15,0,3,0,0,0,15,0,0,0,3,0,0,0,0,0,3,0,3,4,77,10,11,0,0,0,102,0,0,0,9,0,3,0,0,0,16,0,0,0,5,0,0,0,0,0,7,0,0,3,14,0,0,0,0,0,19,0,0,0,4,0,3,0,0,0,11,0,4,6,43,7,4,3,0,0,76,0,0,0,0,0,0,0,0,0,0,0,6,7,13,5,0,0,0,0,37,0,0,0,9,5,5,0,0,0,15,0,0,0,9,0,0,0,0,0,10,0,0,0,6,0,0,0,0,0,16,15,87,118,572,277,295,54,0,0,1420,0,0,0,5,5,9,6,0,0,18
51003,0,0,3,26,6,6,3,4,0,54,0,0,0,4,0,3,0,0,0,12,0,0,0,9,6,6,0,0,0,15,6,23,11,202,37,18,0,0,0,298,3,18,9,55,20,4,0,0,0,108,0,0,0,8,4,0,0,0,0,7,0,0,0,3,0,0,0,0,0,6,0,6,9,122,13,9,0,0,0,163,0,0,5,17,3,3,3,0,0,30,0,0,0,13,3,0,0,0,0,22,0,0,0,14,0,0,0,0,0,16,0,0,0,0,0,0,0,0,0,7,0,0,3,22,18,8,0,0,0,58,0,0,0,0,0,0,3,0,0,3,0,3,0,11,0,0,0,0,0,18,0,7,0,12,10,0,6,0,0,31,0,4,5,28,4,0,0,0,0,35,0,0,4,18,5,7,0,3,0,44,8,51,97,550,278,234,73,7,0,1304,0,0,0,5,0,7,6,0,0,17
51101,0,0,0,16,14,11,15,19,0,78,0,0,0,0,3,0,0,0,0,3,4,0,0,5,0,3,0,0,0,17,0,8,0,18,3,0,0,3,0,34,0,0,0,4,3,0,3,0,0,19,0,0,0,6,0,0,0,0,0,7,0,0,0,0,0,0,0,0,0,0,0,0,0,23,4,0,0,3,0,34,0,0,0,0,3,5,9,4,3,16,0,0,0,0,0,0,0,0,0,0,0,0,0,7,0,0,0,0,0,7,0,0,0,0,0,0,0,0,0,0,0,0,5,0,3,3,0,0,0,12,0,0,0,0,0,0,0,5,0,3,0,0,0,0,0,0,0,0,0,0,0,0,0,0,0,0,0,0,0,0,0,0,0,0,0,0,0,0,0,0,0,0,4,3,6,5,17,4,0,43,7,11,20,140,71,109,65,24,0,438,0,0,0,0,0,0,0,0,0,0
51102,0,0,10,21,13,5,8,8,0,62,0,0,0,0,0,0,0,0,0,0,0,0,5,0,0,0,0,0,0,10,0,0,3,20,4,0,0,0,0,29,0,0,0,7,0,0,0,0,0,12,0,0,0,4,0,0,0,0,0,4,0,0,0,0,0,0,0,0,0,0,0,0,0,15,0,0,0,0,0,21,0,0,4,27,0,0,3,8,0,43,0,0,0,12,5,0,0,0,0,24,0,0,0,8,0,0,0,0,0,16,0,0,0,0,0,0,0,0,0,0,0,0,5,38,10,6,4,0,0,62,0,0,0,0,0,0,0,3,0,3,0,0,0,0,0,0,0,0,0,0,0,0,0,0,0,0,0,0,0,0,0,0,0,4,0,0,0,0,0,4,0,0,0,8,3,5,10,0,0,32,0,3,7,55,35,37,34,4,4,191,0,0,0,0,0,0,0,0,0,3
51103,0,0,0,35,11,12,19,14,0,91,0,0,0,0,0,0,0,0,0,5,0,0,3,0,0,0,0,0,0,9,3,27,26,249,51,12,12,13,0,400,0,4,14,50,17,0,3,0,0,91,0,3,3,31,7,0,0,0,0,48,0,5,0,9,0,0,0,0,0,9,0,3,3,75,7,7,3,6,0,112,0,0,0,9,4,10,5,3,6,43,0,0,0,3,4,0,0,0,0,6,0,6,0,31,4,0,0,0,0,37,0,0,0,0,0,0,0,0,0,7,0,0,4,26,8,11,5,0,0,57,0,0,0,0,0,0,0,0,0,4,0,0,0,7,0,4,0,0,0,12,0,0,0,11,5,0,0,0,0,15,0,0,0,22,0,0,0,0,0,24,0,0,0,7,0,7,17,6,0,34,26,173,287,911,471,476,197,29,5,2582,0,0,0,0,0,0,0,0,0,8
51104,0,3,7,50,31,33,50,35,8,209,0,0,0,4,0,4,0,3,3,14,0,0,0,15,3,0,0,0,0,16,6,30,9,146,28,13,9,13,0,261,0,18,3,53,17,5,6,3,3,108,0,0,0,5,3,0,0,0,0,11,0,3,0,0,5,0,0,0,0,7,0,4,4,44,27,5,23,17,0,121,0,0,0,9,4,11,40,40,21,137,0,0,3,4,7,0,0,0,0,13,0,0,0,13,0,0,0,0,0,15,0,0,0,0,0,0,0,0,0,6,0,0,5,41,22,11,9,6,0,93,0,0,0,0,0,0,0,7,0,11,0,0,4,9,0,7,0,0,0,18,0,0,0,11,3,4,3,0,0,24,0,3,0,19,4,0,0,0,0,25,0,3,0,15,9,14,54,37,10,141,5,32,54,278,194,248,188,63,10,1066,0,0,0,5,0,0,3,3,0,9
59797,0,0,0,0,0,0,0,0,0,0,0,0,0,0,0,0,0,0,0,0,0,0,0,0,0,0,0,0,0,0,0,0,0,0,0,0,0,0,0,4,0,0,0,6,0,3,0,0,0,7,0,0,0,0,0,0,0,0,0,0,0,0,0,0,0,0,0,0,0,0,0,0,0,4,0,0,0,0,0,4,0,0,0,0,0,0,0,0,0,0,0,0,0,0,0,0,0,0,0,0,0,0,0,0,0,0,0,0,0,0,0,0,0,0,0,0,0,0,0,0,0,0,0,0,0,0,0,0,0,0,0,0,0,0,0,0,0,0,0,0,0,0,0,0,0,0,0,0,0,0,0,0,0,0,0,0,0,0,0,0,0,0,0,0,0,0,0,0,0,0,0,0,0,0,0,0,0,0,0,3,0,0,0,19,5,6,0,0,0,27,0,0,0,0,0,0,0,0,0,0
59999,0,0,4,21,3,6,12,3,0,46,0,0,0,0,0,0,0,0,0,0,0,0,0,5,0,0,0,0,0,4,0,0,0,14,0,0,3,3,0,30,0,0,0,12,3,3,0,0,0,15,0,0,0,6,4,4,0,0,0,9,0,0,0,0,0,0,0,0,0,6,0,0,4,13,0,5,3,7,0,31,0,0,3,21,4,0,5,3,0,41,0,0,0,0,0,0,0,0,0,0,0,0,0,3,0,0,0,0,0,4,0,0,0,0,0,0,0,0,0,0,0,0,0,10,3,3,0,0,0,13,0,0,0,0,0,0,0,0,0,0,0,0,0,3,0,0,0,0,0,4,0,0,3,6,0,5,0,0,0,12,0,0,0,3,0,0,0,0,0,0,0,0,0,8,4,0,3,0,0,21,3,7,18,88,45,57,30,9,0,257,0,0,0,0,0,0,0,0,0,0
