SA3_CODE_2021,M_Singapore_0_4,M_Singapore_5_14,M_Singapore_15_24,M_Singapore_25_44,M_Singapore_45_54,M_Singapore_55_64,M_Singapore_65_74,M_Singapore_75_84,M_Singapore_85ov,M_Singapore_Tot,M_South_Africa_0_4,M_South_Africa_5_14,M_South_Africa_15_24,M_South_Africa_25_44,M_South_Africa_45_54,M_South_Africa_55_64,M_South_Africa_65_74,M_South_Africa_75_84,M_South_Africa_85ov,M_South_Africa_Tot,M_Sri_Lanka_0_4,M_Sri_Lanka_5_14,M_Sri_Lanka_15_24,M_Sri_Lanka_25_44,M_Sri_Lanka_45_54,M_Sri_Lanka_55_64,M_Sri_Lanka_65_74,M_Sri_Lanka_75_84,M_Sri_Lanka_85ov,M_Sri_Lanka_Tot,M_Taiwan_0_4,M_Taiwan_5_14,M_Taiwan_15_24,M_Taiwan_25_44,M_Taiwan_45_54,M_Taiwan_55_64,M_Taiwan_65_74,M_Taiwan_75_84,M_Taiwan_85ov,M_Taiwan_Tot,M_Thailand_0_4,M_Thailand_5_14,M_Thailand_15_24,M_Thailand_25_44,M_Thailand_45_54,M_Thailand_55_64,M_Thailand_65_74,M_Thailand_75_84,M_Thailand_85ov,M_Thailand_Tot,M_Turkey_0_4,M_Turkey_5_14,M_Turkey_15_24,M_Turkey_25_44,M_Turkey_45_54,M_Turkey_55_64,M_Turkey_65_74,M_Turkey_75_84,M_Turkey_85ov,M_Turkey_Tot,M_USA_0_4,M_USA_5_14,M_USA_15_24,M_USA_25_44,M_USA_45_54,M_USA_55_64,M_USA_65_74,M_USA_75_84,M_USA_85ov,M_USA_Tot,M_Vietnam_0_4,M_Vietnam_5_14,M_Vietnam_15_24,M_Vietnam_25_44,M_Vietnam_45_54,M_Vietnam_55_64,M_Vietnam_65_74,M_Vietnam_75_84,M_Vietnam_85ov,M_Vietnam_Tot,M_Wales_0_4,M_Wales_5_14,M_Wales_15_24,M_Wales_25_44,M_Wales_45_54,M_Wales_55_64,M_Wales_65_74,M_Wales_75_84,M_Wales_85ov,M_Wales_Tot,M_Zimbabwe_0_4,M_Zimbabwe_5_14,M_Zimbabwe_15_24,M_Zimbabwe_25_44,M_Zimbabwe_45_54,M_Zimbabwe_55_64,M_Zimbabwe_65_74,M_Zimbabwe_75_84,M_Zimbabwe_85ov,M_Zimbabwe_Tot,M_Elsewhere_0_4,M_Elsewhere_5_14,M_Elsewhere_15_24,M_Elsewhere_25_44,M_Elsewhere_45_54,M_Elsewhere_55_64,M_Elsewhere_65_74,M_Elsewhere_75_84,M_Elsewhere_85ov,M_Elsewhere_Tot,M_COB_NS_0_4,M_COB_NS_5_14,M_COB_NS_15_24,M_COB_NS_25_44,M_COB_NS_45_54,M_COB_NS_55_64,M_COB_NS_65_74,M_COB_NS_75_84,M_COB_NS_85ov,M_COB_NS_Tot,M_Tot_0_4,M_Tot_5_14,M_Tot_15_24,M_Tot_25_44,M_Tot_45_54,M_Tot_55_64,M_Tot_65_74,M_Tot_75_84,M_Tot_85ov,M_Tot_Tot,F_Afghanistan_0_4,F_Afghanistan_5_14,F_Afghanistan_15_24,F_Afghanistan_25_44,F_Afghanistan_45_54,F_Afghanistan_55_64,F_Afghanistan_65_74,F_Afghanistan_75_84,F_Afghanistan_85ov,F_Afghanistan_Tot,F_Australia_0_4,F_Australia_5_14,F_Australia_15_24,F_Australia_25_44,F_Australia_45_54,F_Australia_55_64,F_Australia_65_74,F_Australia_75_84,F_Australia_85ov,F_Australia_Tot,F_Bangladesh_0_4,F_Bangladesh_5_14,F_Bangladesh_15_24,F_Bangladesh_25_44,F_Bangladesh_45_54,F_Bangladesh_55_64,F_Bangladesh_65_74,F_Bangladesh_75_84,F_Bangladesh_85ov,F_Bangladesh_Tot,F_Bosnia_Herzegov_0_4,F_Bosnia_Herzegov_5_14,F_Bosnia_Herzegov_15_24,F_Bosnia_Herzegov_25_44,F_Bosnia_Herzegov_45_54,F_Bosnia_Herzegov_55_64,F_Bosnia_Herzegov_65_74,F_Bosnia_Herzegov_75_84,F_Bosnia_Herzegov_85ov,F_Bosnia_Herzegov_Tot,F_Brazil_0_4,F_Brazil_5_14,F_Brazil_15_24,F_Brazil_25_44,F_Brazil_45_54,F_Brazil_55_64,F_Brazil_65_74,F_Brazil_75_84,F_Brazil_85ov,F_Brazil_Tot,F_Cambodia_0_4,F_Cambodia_5_14,F_Cambodia_15_24,F_Cambodia_25_44,F_Cambodia_45_54,F_Cambodia_55_64,F_Cambodia_65_74,F_Cambodia_75_84,F_Cambodia_85ov,F_Cambodia_Tot,F_Canada_0_4,F_Canada_5_14,F_Canada_15_24,F_Canada_25_44,F_Canada_45_54,F_Canada_55_64,F_Canada_65_74,F_Canada_75_84,F_Canada_85ov,F_Canada_Tot
50101,0,0,0,3,6,8,0,0,0,23,0,20,24,85,70,50,42,13,10,314,0,4,0,9,5,0,0,0,0,28,0,0,0,14,0,0,0,0,0,22,0,7,6,5,4,0,0,0,0,23,0,0,0,3,0,0,0,0,0,6,0,14,8,27,24,23,35,12,0,152,0,5,3,14,9,0,0,0,0,37,0,0,0,15,9,18,21,11,0,69,0,0,0,13,22,21,14,3,0,75,5,21,25,141,70,62,61,43,11,441,81,208,140,599,379,258,232,137,61,2093,1521,4106,2627,6322,3940,3580,3640,1829,520,28080,0,0,5,7,5,0,0,0,0,19,1391,3443,1959,4713,2839,2657,2524,1167,542,21242,0,0,0,0,0,0,0,0,0,0,0,0,0,3,0,0,0,0,0,3,0,0,0,26,11,3,0,0,0,40,0,0,0,0,0,0,0,0,0,0,0,0,4,65,22,14,12,0,0,118
50102,0,3,4,9,6,13,9,4,0,55,8,63,133,218,192,139,54,27,6,850,0,3,3,14,5,4,0,0,0,31,0,0,5,59,0,0,0,0,0,64,0,15,14,7,3,0,0,0,0,38,0,0,0,0,0,0,0,0,0,0,0,5,10,24,17,23,32,7,5,120,0,0,3,16,12,7,9,0,0,45,0,0,5,14,12,21,22,9,0,91,0,14,27,57,62,54,38,5,3,261,6,42,32,206,95,118,90,51,10,649,120,327,303,894,538,509,386,189,113,3377,3167,7610,6043,12780,6976,7002,5962,2880,857,53276,0,0,0,4,0,0,0,0,0,4,2758,6277,4890,9587,5248,5032,4183,2079,807,40866,0,0,5,14,3,0,0,0,0,24,0,0,0,5,0,0,0,0,0,4,0,0,3,18,8,0,0,0,0,26,0,0,0,5,0,4,0,0,0,12,0,3,6,43,14,19,6,0,3,93
50103,0,0,0,0,3,0,3,0,0,11,0,0,3,12,11,11,18,5,0,73,0,0,0,0,0,0,0,0,0,6,0,0,0,13,0,0,0,0,0,13,0,4,0,0,0,0,0,0,0,8,0,0,0,0,0,0,0,0,0,0,0,3,7,6,3,6,4,3,0,32,0,0,0,3,0,0,0,0,0,10,0,0,0,0,4,9,4,3,0,27,0,0,0,7,3,10,8,3,0,32,0,5,9,66,17,29,35,18,5,182,35,111,78,209,192,164,164,97,20,1070,565,1469,1097,2195,1601,1929,1900,942,226,11911,0,0,0,14,3,0,0,0,0,14,528,1212,856,1747,1151,1386,1167,542,176,8767,0,0,0,0,0,0,0,0,0,0,0,0,0,0,0,0,0,0,0,0,0,0,0,3,0,0,0,0,0,3,0,0,0,0,0,0,0,0,0,0,0,0,0,12,5,7,7,0,0,35
50201,0,3,5,7,11,11,7,11,0,68,0,53,106,175,180,150,63,33,5,776,0,8,6,7,10,5,4,4,0,50,0,0,0,16,0,0,0,0,0,16,0,25,27,21,8,0,0,0,0,79,0,0,0,0,0,0,4,0,0,10,0,12,11,31,15,37,22,18,7,153,6,10,11,20,0,7,3,0,0,58,0,10,19,47,30,41,32,42,9,239,0,12,15,52,40,35,14,16,0,182,3,37,57,163,114,131,141,101,23,773,141,284,304,931,558,479,421,314,154,3586,2866,6601,5634,10823,6312,6760,7166,4504,1301,51979,0,0,0,6,0,0,0,0,0,9,2664,5666,4282,8045,4061,4497,4779,2642,1031,37662,0,0,0,3,3,0,3,0,0,10,0,0,0,3,0,0,0,0,0,12,0,8,3,25,6,0,0,0,0,42,0,0,3,15,0,5,0,0,0,21,4,12,6,32,16,23,23,9,0,119
50301,9,53,89,97,55,42,48,32,7,425,0,39,132,175,169,130,85,39,8,772,0,13,16,30,32,23,20,11,8,151,0,4,0,11,13,4,3,0,0,44,3,9,7,16,7,0,0,0,0,45,0,0,0,0,3,4,0,0,0,13,15,76,84,75,44,41,41,25,14,407,0,10,4,34,26,3,7,0,0,85,0,3,0,18,16,9,23,15,3,94,0,0,10,32,28,34,24,3,0,135,11,105,118,310,174,187,129,62,22,1120,39,97,150,386,169,168,155,129,84,1374,1518,4879,5598,7071,4747,4270,3601,2355,865,34905,0,0,0,0,0,4,0,0,0,4,1296,3738,4105,4128,3024,2579,2319,1595,797,23588,0,0,0,20,0,0,0,0,0,27,0,0,0,11,4,4,0,0,0,18,4,11,3,52,17,10,6,0,0,96,0,0,0,7,0,0,0,0,0,10,4,14,24,74,52,38,22,6,3,230
50302,9,36,38,234,79,31,34,18,0,478,3,14,65,345,116,91,48,22,6,712,0,8,16,97,16,8,13,12,0,170,0,6,4,96,8,0,5,0,0,121,0,19,31,98,16,7,0,0,0,167,0,6,0,32,0,8,4,0,0,54,12,44,39,158,53,56,44,15,0,418,3,12,44,127,93,85,71,19,11,463,0,5,6,42,20,23,19,12,5,129,0,0,12,101,25,24,25,6,0,186,25,200,200,1759,302,222,162,97,42,3005,93,144,337,1637,457,381,271,144,65,3529,2716,4959,5770,21714,6826,5852,4417,2083,778,55115,0,0,0,3,0,0,0,0,0,14,2221,3847,4187,9515,3645,3144,2318,1120,625,30617,0,0,5,25,0,4,0,0,0,31,0,0,0,37,6,22,15,4,4,94,0,14,19,298,23,9,6,0,0,376,0,0,3,17,5,7,0,0,0,31,3,9,24,160,41,38,22,10,0,308
50401,0,5,3,69,33,46,40,17,3,223,0,16,39,157,70,61,55,8,3,413,0,13,18,114,26,22,20,15,0,231,0,7,3,47,5,3,0,0,0,62,0,17,24,30,13,4,0,0,0,91,0,3,3,29,10,7,4,0,0,52,9,15,16,63,23,26,16,0,0,161,0,29,60,228,176,226,120,45,27,900,0,0,0,24,14,18,11,9,0,83,0,3,12,39,24,15,13,4,0,107,8,83,132,608,244,198,161,123,34,1595,77,170,190,733,268,236,175,136,67,2060,2589,4578,4555,13250,5369,4775,3832,2142,698,41790,0,0,6,20,7,0,0,0,0,27,2313,3606,3251,7045,3091,2439,2000,1046,524,25312,0,0,0,23,3,7,10,0,0,38,0,0,0,39,14,32,28,3,3,125,0,5,4,78,10,6,0,0,0,100,0,0,0,15,15,8,0,0,0,46,0,9,5,53,23,8,6,6,3,117
50402,0,5,0,4,5,9,4,0,0,31,0,17,24,75,60,26,23,5,4,231,0,0,0,6,7,9,4,0,0,22,0,0,0,5,0,0,0,0,0,5,0,6,4,8,3,0,0,0,0,24,0,0,0,3,0,0,0,0,0,6,0,8,3,23,11,25,16,8,5,106,0,0,3,19,15,11,3,0,0,54,0,0,4,5,8,16,7,12,0,55,0,0,8,14,28,23,12,4,3,87,0,18,25,101,69,97,71,47,17,438,35,113,104,330,189,200,102,75,34,1168,1121,2729,2697,5698,3173,3139,2451,1284,356,22643,0,0,0,0,0,0,0,0,0,6,1016,2261,1903,3445,2040,1796,1480,715,260,14910,0,0,0,3,0,0,0,0,0,0,0,0,0,0,0,0,0,0,0,0,0,0,0,6,5,0,0,0,0,13,0,0,0,0,0,0,0,0,0,0,0,3,0,4,8,13,9,0,0,39
50403,0,16,45,74,73,61,32,17,5,319,3,49,142,349,221,162,77,35,3,1049,0,10,29,94,52,29,40,15,5,275,0,0,3,27,3,0,0,0,0,39,0,38,37,77,12,6,0,0,0,175,0,0,0,9,5,3,0,0,0,20,0,21,19,53,15,42,22,9,4,190,4,32,60,312,238,199,102,20,8,977,0,4,4,25,31,30,25,6,4,135,4,16,71,166,98,74,29,7,0,459,13,125,331,1080,422,315,204,108,28,2640,182,420,367,1262,591,436,240,155,86,3738,5705,11064,9582,21903,9382,7946,5074,2345,678,73672,0,18,37,181,45,24,6,6,0,312,4973,8852,6471,12245,5180,3969,2501,1180,401,45787,0,3,0,38,5,9,11,0,0,67,0,0,0,72,39,39,30,7,5,201,0,3,0,51,9,3,5,0,0,74,0,3,3,42,22,18,15,5,0,105,5,8,11,37,12,18,11,4,0,110
50501,3,26,28,63,49,49,61,24,6,318,9,182,456,774,631,435,214,56,15,2771,0,5,14,49,3,11,19,9,0,110,0,3,4,23,3,3,3,0,0,39,0,12,24,25,3,0,0,0,0,71,0,0,0,10,0,5,3,0,0,27,13,56,56,89,51,46,36,15,8,366,0,7,14,37,50,23,32,5,3,181,3,19,42,91,115,72,89,43,10,479,0,0,55,152,150,171,71,22,8,632,9,112,187,572,358,414,361,169,35,2222,65,185,256,820,493,401,269,151,73,2718,4418,11018,10188,18572,11225,10433,8847,3747,1044,79502,0,0,0,15,3,5,7,5,0,36,3980,8845,6557,10880,5648,5217,4547,1833,818,48327,0,0,3,4,0,0,0,6,0,18,0,0,0,12,11,23,6,0,0,51,0,6,7,138,20,15,6,0,0,187,0,3,0,7,5,5,6,0,0,22,3,22,27,118,48,41,22,8,9,303
50502,9,34,32,164,80,60,85,27,11,498,10,63,198,698,327,280,206,88,22,1886,0,14,43,157,57,32,33,19,12,367,0,9,6,88,16,10,3,4,0,136,12,57,61,60,23,5,3,0,0,227,0,7,6,45,18,16,3,0,0,104,14,30,58,129,81,65,43,15,9,436,5,64,105,393,393,371,211,59,27,1622,0,3,5,66,36,34,29,20,5,200,0,3,25,183,71,75,39,14,0,411,48,427,521,2436,765,540,401,226,70,5436,233,439,480,1994,686,495,366,313,179,5190,6456,11814,11221,32198,12859,10723,8413,5257,2093,101037,4,11,17,76,15,11,9,5,0,152,5604,9232,7823,16023,7025,5854,4902,3405,1678,61540,0,3,5,28,6,4,7,0,0,53,0,0,5,115,58,120,37,14,5,362,7,26,26,557,43,12,4,0,0,680,0,3,0,28,10,19,3,5,0,69,0,5,22,158,72,37,30,15,6,339
50503,3,16,41,103,76,74,55,12,4,367,20,256,560,1055,781,372,166,65,11,3276,6,7,11,59,29,21,23,10,0,161,3,5,0,30,6,4,4,0,0,44,7,78,119,83,8,10,3,0,0,304,0,4,9,21,13,4,0,0,0,46,6,17,45,77,50,43,27,15,4,275,4,60,87,494,391,362,178,56,18,1644,0,17,65,134,81,60,47,27,12,442,0,13,102,238,178,157,49,18,5,759,10,196,506,1375,763,610,363,166,40,4030,236,559,545,1585,797,571,287,186,82,4852,7469,16146,13944,28742,14029,10647,6962,3570,1024,102522,0,26,58,161,65,34,21,4,0,369,6883,12552,8291,15082,5682,4182,3079,1622,618,57983,0,0,3,35,9,6,6,4,0,64,0,0,8,63,45,30,23,3,0,175,0,12,11,126,24,10,0,0,0,176,0,4,7,68,38,26,19,0,5,164,0,12,16,79,38,22,10,4,0,190
50601,3,35,45,150,57,54,38,5,4,395,9,37,120,277,166,117,42,13,3,780,0,40,38,185,85,32,11,4,0,400,0,0,0,25,0,0,0,0,0,35,3,52,69,34,0,0,0,0,0,161,0,0,0,0,8,6,0,0,0,16,5,13,7,27,29,23,29,12,0,127,0,3,0,19,12,12,4,0,0,47,0,3,0,19,22,22,15,6,4,90,0,19,63,102,86,17,17,0,0,303,7,115,159,550,202,172,112,70,10,1397,135,341,287,844,361,282,140,111,52,2554,3850,7481,5390,14416,5572,4577,3306,1589,426,46604,0,4,23,54,14,10,0,0,0,104,3436,5747,3618,7633,2700,2076,1739,653,202,27807,0,4,4,34,5,5,0,0,0,45,0,0,4,9,0,0,0,0,0,16,0,0,0,17,3,6,0,0,0,29,0,0,0,15,4,4,4,0,0,30,3,3,9,34,6,17,5,0,0,90
50602,0,10,21,130,39,51,34,10,6,316,0,8,31,153,70,51,22,10,0,340,4,6,17,164,32,25,21,10,0,282,0,4,7,100,5,0,0,0,0,114,0,19,32,64,14,4,7,0,0,134,0,0,0,23,10,17,3,0,0,57,3,8,12,55,20,21,15,6,0,145,3,16,26,98,51,22,26,7,0,257,0,0,0,18,8,13,10,7,5,63,0,13,12,80,20,17,11,0,0,157,23,140,171,875,190,146,89,58,26,1723,82,179,301,1051,368,289,166,95,66,2610,2174,3661,4467,14372,4720,4138,2823,1330,499,38172,0,12,18,57,17,7,5,3,0,114,2000,2697,2908,5806,2161,1875,1508,690,355,20003,5,27,18,106,5,8,0,0,0,166,0,0,0,14,3,3,3,0,0,29,0,8,8,94,16,3,3,0,0,130,0,3,3,12,6,0,5,0,0,37,5,4,5,68,12,13,9,0,3,116
50603,4,76,162,226,150,140,100,44,8,907,0,20,85,151,70,84,63,24,4,510,7,56,141,273,148,88,44,19,10,779,0,4,6,124,12,8,4,6,0,160,0,10,34,50,17,0,3,0,0,116,0,6,4,52,37,27,4,3,6,143,6,32,34,42,19,17,18,4,0,175,5,29,44,106,50,36,25,13,3,306,0,0,6,13,11,13,19,14,5,74,0,5,26,49,41,30,21,7,0,180,16,239,303,973,281,203,149,99,36,2318,90,143,285,783,271,216,129,127,99,2140,2805,6324,7391,15041,5985,4934,3918,2186,809,49396,0,5,16,52,14,10,10,0,0,107,2371,4285,3581,4423,2153,2138,1873,1151,589,22559,0,27,16,103,31,4,4,0,0,182,0,0,0,8,4,3,0,0,0,18,0,8,4,53,5,10,3,0,0,78,0,4,10,21,3,7,9,0,0,44,0,6,13,33,14,7,3,3,4,81
50604,4,49,105,186,135,154,108,35,0,766,3,44,123,206,185,133,60,30,3,779,5,39,74,342,139,63,31,20,0,726,3,10,0,78,7,5,7,0,0,111,0,39,84,86,10,4,5,0,0,239,0,8,7,41,20,8,7,4,0,94,7,10,27,37,24,33,25,12,0,163,0,17,16,92,41,43,24,7,4,243,0,0,0,18,15,24,26,14,5,96,0,14,29,70,57,34,11,5,0,223,12,192,325,786,367,279,178,110,28,2276,167,357,331,1036,481,315,242,127,104,3165,4340,9091,8462,18891,8278,6373,4954,2388,717,63485,0,63,165,440,88,45,24,10,0,836,3860,6688,4594,7118,3316,2579,2272,1067,459,31949,0,36,29,193,34,17,6,0,0,314,0,0,3,19,4,4,4,0,0,42,0,0,0,27,5,0,0,0,0,31,0,4,9,55,30,27,25,4,0,142,0,7,11,16,8,13,7,0,0,61
50605,0,5,4,27,23,19,23,4,0,111,0,16,37,90,77,48,37,16,0,329,0,5,7,29,13,7,9,7,0,71,0,0,4,14,0,4,0,0,0,22,0,10,3,14,0,3,0,0,0,36,0,0,0,7,0,0,0,0,0,8,0,3,9,26,11,13,17,5,0,94,0,0,0,12,10,0,0,0,0,28,0,0,0,11,10,17,11,12,3,73,0,5,21,31,29,41,23,9,5,163,3,28,57,135,104,110,77,58,21,600,43,129,121,397,202,192,101,75,36,1298,1755,4125,3553,7044,3919,3531,2962,1686,539,29108,0,13,31,77,19,8,0,3,0,148,1508,3483,2595,4694,2425,2036,1779,929,345,19806,0,4,9,28,16,4,0,0,0,56,0,0,0,0,0,4,3,0,0,8,0,0,0,10,3,4,0,0,0,16,0,0,3,5,0,0,0,0,0,7,0,0,0,20,13,11,12,0,3,58
50606,0,5,13,9,14,3,4,0,0,53,0,17,42,96,75,41,12,8,0,288,0,0,0,16,3,3,0,0,0,23,0,0,0,0,0,0,0,0,0,3,0,9,0,3,0,0,0,0,0,13,0,0,0,0,0,0,0,0,0,0,0,4,3,14,4,11,5,8,0,51,0,0,0,5,5,0,0,0,0,16,0,0,0,9,6,8,5,3,0,33,0,7,21,45,24,11,4,0,0,105,0,13,24,139,46,44,24,15,4,318,33,83,79,264,138,106,54,29,12,800,1405,2723,1832,4686,2067,1699,1081,500,113,16103,0,0,0,12,0,0,0,0,0,14,1342,2257,1519,3311,1225,904,554,180,67,11350,0,0,4,3,0,0,0,0,0,5,0,0,0,3,0,0,0,0,0,3,0,0,0,6,0,0,0,0,0,8,0,3,0,4,0,0,0,0,0,10,0,3,6,9,3,5,0,0,0,36
50607,3,12,31,105,37,30,28,15,4,264,6,15,45,128,53,51,39,10,5,344,0,6,5,41,17,6,8,0,0,92,0,0,0,17,0,0,6,0,0,29,5,14,8,22,3,0,3,0,0,61,5,0,0,7,4,3,0,3,0,20,5,19,21,27,15,16,18,7,0,131,0,6,10,31,23,19,12,0,0,90,0,0,5,3,6,10,10,6,0,40,0,4,8,41,14,17,6,0,0,93,11,48,68,372,111,77,82,44,18,829,31,63,110,321,128,124,110,96,71,1052,1042,2280,3102,6105,2538,2388,2263,1121,439,21275,0,0,0,8,4,0,3,0,0,18,913,1630,2153,3168,1498,1387,1383,734,404,13266,0,3,0,9,0,3,0,0,0,10,0,0,0,9,0,8,0,0,0,20,0,0,3,52,4,3,0,0,0,64,0,0,0,7,3,0,4,0,0,19,0,0,4,31,12,11,10,0,0,72
50701,0,24,44,157,54,64,55,19,0,409,7,49,115,365,202,150,57,27,5,974,0,5,13,64,32,15,26,5,0,164,4,4,6,41,6,4,3,0,0,57,0,18,22,26,3,0,5,0,0,78,0,0,0,9,10,3,0,0,0,23,7,28,19,81,33,33,22,5,0,230,0,4,6,30,23,19,9,3,0,98,0,0,5,38,21,28,23,7,0,130,0,9,27,82,54,37,17,4,0,234,12,109,158,707,371,407,317,207,38,2312,105,223,272,985,376,270,201,144,74,2655,4061,7528,6881,17586,7706,6072,4332,2210,684,57054,0,0,0,8,3,0,0,0,0,15,3497,6240,5088,9987,4300,3143,2223,1090,466,36033,0,3,5,42,8,3,0,0,0,60,0,0,3,69,36,46,26,10,0,189,3,3,0,99,12,8,6,0,0,139,0,0,0,16,3,0,0,0,0,21,6,13,16,87,26,32,7,0,0,182
50702,0,14,5,12,9,6,3,0,0,48,0,6,15,64,41,31,19,8,0,192,0,0,0,4,0,0,0,0,0,8,0,0,0,11,0,0,0,0,0,11,0,3,3,7,0,0,0,0,0,17,0,0,0,0,3,0,0,0,0,8,6,9,18,55,26,29,23,10,0,177,0,0,0,3,10,0,4,0,0,16,0,0,0,17,10,21,12,3,3,72,0,0,4,19,11,9,4,6,0,56,0,13,30,192,107,108,99,66,27,638,35,86,91,417,194,165,102,76,55,1221,1073,1951,1971,5224,2714,2703,2141,1118,436,19324,0,0,0,0,0,0,0,0,0,0,926,1714,1745,3493,1815,1708,1362,645,277,13672,0,0,0,0,0,0,0,0,0,0,0,0,0,8,4,7,4,3,3,34,0,4,5,28,4,4,0,3,0,48,0,0,0,0,0,0,0,0,0,5,0,4,13,56,24,29,10,4,0,135
50703,0,3,14,33,25,11,5,5,0,98,0,9,48,145,79,46,22,9,0,360,0,3,3,36,11,7,0,7,0,71,0,0,4,4,0,0,0,0,0,6,0,14,13,11,0,0,0,0,0,35,0,0,0,6,0,0,0,0,0,4,0,7,7,30,10,13,5,0,0,65,0,0,5,15,12,13,0,0,0,46,0,4,0,20,7,7,3,11,4,60,0,15,30,86,41,19,0,0,0,189,0,47,74,307,130,91,57,36,9,744,78,157,137,475,171,120,76,27,10,1256,1932,3457,2998,8007,2950,2031,1301,628,179,23482,0,0,0,3,0,0,0,0,0,5,1757,2567,1718,3946,1362,955,687,255,74,13319,0,0,0,20,3,0,0,0,0,33,0,0,0,4,4,4,0,0,0,16,0,0,0,15,0,3,0,0,0,26,0,3,0,10,4,0,0,0,0,16,0,7,3,19,3,4,5,0,0,44
50704,0,59,90,232,121,92,119,46,16,775,0,37,125,194,191,127,105,44,19,841,0,11,20,65,51,33,57,20,4,259,4,11,4,43,12,4,12,0,0,96,6,19,25,19,9,6,11,3,0,94,0,0,0,14,3,4,5,0,0,22,5,37,42,69,33,27,36,15,0,265,0,6,12,40,31,33,15,0,0,143,0,4,9,30,34,27,29,23,3,157,0,0,26,62,57,53,25,13,5,237,12,110,127,402,197,242,215,148,44,1502,55,131,152,506,269,258,204,154,119,1855,2593,6775,6518,11962,6704,6295,5675,3128,1261,50918,0,0,0,3,6,0,0,0,0,10,2369,5504,4946,7097,3973,3708,3235,1899,1173,33910,0,5,5,33,10,0,0,0,0,56,0,0,0,11,6,12,7,0,0,44,0,4,13,69,16,4,3,0,0,108,3,0,3,13,0,0,0,0,0,18,5,18,13,66,35,25,17,0,4,177
50705,0,9,10,28,32,22,9,6,0,106,7,91,198,411,283,168,67,32,9,1260,0,0,0,12,5,0,0,4,0,39,0,0,0,8,0,0,0,0,0,13,0,26,20,14,3,0,0,0,0,65,0,0,0,0,0,4,0,0,0,8,5,17,29,65,24,39,20,10,0,213,0,13,17,35,16,11,7,0,0,91,0,14,29,62,43,66,45,33,13,300,0,18,46,99,73,48,20,6,0,313,0,75,118,321,246,234,174,120,30,1319,175,422,549,1532,647,490,280,223,127,4453,4816,10329,8679,17806,8747,7755,5146,2947,853,67085,0,0,0,0,0,0,0,0,0,3,4115,8403,5974,11995,4847,3723,2928,1362,511,43853,0,3,0,16,0,0,0,0,0,19,0,0,0,19,9,19,7,3,0,60,0,4,0,30,9,7,0,3,0,65,0,5,0,8,3,0,0,0,0,19,0,12,3,72,30,16,13,3,0,151
50901,0,0,0,3,10,5,4,3,0,27,0,25,34,92,74,50,26,20,10,336,0,0,6,7,0,3,3,5,0,29,0,0,0,10,0,0,0,0,0,11,0,27,39,16,0,0,0,0,0,85,0,0,0,7,0,0,0,0,0,8,0,4,6,12,11,31,21,15,3,99,0,5,5,16,6,3,0,0,0,39,0,0,0,9,9,15,20,11,3,63,0,0,4,13,17,13,26,3,0,75,0,15,33,129,50,62,84,46,19,433,107,261,225,557,313,370,310,169,76,2381,1701,4016,3292,6605,3860,4472,4040,2136,709,30830,0,0,11,21,10,0,0,0,0,40,1474,3370,2467,4855,2923,3054,2644,1345,570,22697,0,0,0,3,0,0,0,0,0,3,0,0,0,0,0,0,0,0,0,0,0,0,0,5,0,0,0,0,0,11,0,0,0,0,0,0,0,0,0,0,0,4,6,29,13,19,8,9,0,93
50902,0,0,0,0,8,0,3,0,0,21,3,11,14,57,43,44,31,3,0,206,0,0,4,23,3,0,3,0,0,29,0,0,0,18,0,0,0,0,0,21,0,0,3,3,0,0,0,0,0,16,0,0,0,0,0,0,0,0,0,3,0,3,5,7,7,20,6,7,0,58,0,0,10,25,11,8,0,0,0,55,0,0,0,9,9,10,13,9,0,51,0,0,6,19,18,22,7,9,0,77,0,4,33,162,52,66,78,46,10,450,111,314,316,745,552,594,494,273,78,3472,1411,3328,2756,5961,3832,4708,4321,2058,504,28873,0,0,0,0,0,0,0,0,0,0,1205,2794,1874,3954,2482,2854,2465,1190,450,19270,0,0,0,0,0,0,0,0,0,3,0,0,0,4,0,0,0,0,0,5,0,0,0,6,0,0,0,0,0,7,0,0,0,5,0,0,0,0,0,14,0,3,0,6,8,12,0,0,0,34
50903,0,0,0,0,0,0,3,0,0,7,3,12,4,27,25,11,6,0,0,83,0,0,0,0,0,0,0,0,0,4,0,0,0,0,0,0,0,0,0,0,0,4,0,0,0,0,0,0,0,0,0,0,0,0,0,0,0,0,0,7,0,0,0,4,0,0,3,0,0,11,0,0,0,0,3,0,0,0,0,7,0,0,0,0,0,0,4,0,0,6,0,0,0,8,0,5,0,0,0,20,0,3,4,44,12,13,17,13,3,107,45,148,107,241,156,176,152,85,18,1129,525,1252,916,2068,1342,1521,1387,692,203,9908,0,0,0,0,0,0,0,0,0,0,479,1008,652,1480,919,1042,826,454,203,7071,0,0,0,0,0,0,0,0,0,4,0,0,0,0,0,0,0,0,0,0,0,0,0,5,0,0,0,0,0,5,0,0,0,3,0,0,0,0,0,3,0,3,0,4,0,3,3,0,0,15
51001,0,0,0,3,0,0,3,0,0,9,0,0,3,30,13,15,7,0,0,67,0,0,0,12,6,0,0,0,0,24,0,0,0,9,0,0,0,0,0,9,0,0,3,8,0,0,0,0,0,12,0,0,0,0,5,0,0,0,0,3,0,0,0,13,9,7,8,0,4,39,0,5,3,8,0,0,0,0,0,18,0,0,0,4,0,5,4,0,0,18,0,0,0,14,5,10,4,0,0,36,0,10,17,126,27,21,17,7,0,235,150,356,298,736,392,347,182,61,11,2529,1380,2839,2140,5255,2355,1892,1070,321,66,17306,0,0,0,0,0,0,0,0,0,0,1119,2299,1839,4048,1594,1256,608,192,49,13017,0,0,0,5,0,0,0,0,0,3,0,0,0,0,0,0,0,0,0,0,0,0,0,10,0,0,0,0,0,14,0,0,0,4,0,0,0,0,0,8,0,0,0,14,3,4,0,0,0,29
51002,0,5,0,8,7,3,6,0,0,30,0,3,18,61,43,29,0,0,0,158,0,3,0,21,8,4,0,0,0,36,0,0,0,0,0,0,0,0,0,0,0,7,5,12,0,3,0,0,0,20,0,0,0,5,0,5,0,0,0,10,0,0,0,4,3,3,4,0,0,18,0,0,3,11,0,0,0,0,0,19,0,0,0,5,0,0,0,0,0,8,0,0,8,37,41,25,0,0,0,115,0,10,9,138,54,52,14,0,0,293,86,210,269,1420,540,406,76,12,6,3022,1020,1748,1435,5873,2195,1704,409,86,19,14487,0,0,0,0,0,0,0,0,0,0,857,1376,850,2520,684,498,171,42,18,7015,0,0,0,3,0,0,0,0,0,3,0,0,0,3,0,0,0,0,0,3,0,0,0,18,0,0,0,0,0,19,0,0,0,0,0,0,0,0,0,0,0,0,0,14,3,0,0,0,0,21
51003,0,3,0,7,3,0,0,0,0,18,0,6,12,71,41,15,5,0,0,163,0,6,3,27,6,5,0,0,0,44,0,0,0,17,0,0,0,0,0,18,0,10,19,8,4,5,0,0,0,49,0,0,0,3,0,0,0,0,0,3,0,4,0,14,3,0,0,0,0,29,0,0,0,19,4,4,0,0,0,25,0,0,0,8,0,0,3,0,0,20,0,0,3,29,16,12,0,0,0,60,0,10,14,129,45,31,14,4,0,253,175,341,303,1267,462,324,97,16,4,2988,1345,2498,1678,6262,2392,1594,445,105,12,16330,0,0,0,4,0,0,0,0,0,4,1047,1860,922,3030,1043,526,185,53,3,8678,0,0,0,4,0,0,0,0,0,8,0,0,0,3,5,0,0,0,0,8,0,0,0,5,0,0,0,0,0,9,0,0,0,9,0,0,0,0,0,10,0,0,0,24,0,5,0,0,0,37
51101,0,0,0,0,5,0,0,0,0,4,4,10,15,39,19,18,7,3,0,116,0,4,0,0,8,0,0,0,0,9,0,0,0,0,0,0,0,0,0,5,0,4,0,0,0,0,0,0,0,10,0,0,0,0,0,0,0,0,0,0,0,0,5,0,3,0,4,0,0,13,0,6,0,0,0,0,0,0,0,10,0,0,0,0,0,6,0,0,0,11,0,0,0,6,3,0,0,0,0,21,0,4,6,25,9,7,3,9,0,64,41,112,100,207,150,141,102,72,12,936,490,1081,872,1839,1145,1162,876,504,127,8093,0,0,0,0,0,0,0,0,0,0,434,892,640,1341,760,713,574,374,140,5863,0,0,0,0,0,0,0,0,0,3,0,0,0,0,0,0,0,0,0,0,0,0,0,10,0,0,0,0,0,12,0,0,0,6,0,0,0,0,0,6,0,0,0,11,4,4,0,0,0,18
51102,0,0,0,0,0,0,0,0,0,0,0,0,5,11,8,0,0,0,0,32,0,0,0,3,0,0,0,0,0,4,0,0,0,9,0,0,0,0,0,9,0,6,6,0,0,0,0,0,0,6,0,0,0,0,0,0,0,0,0,0,0,3,0,13,5,4,3,0,0,30,0,5,6,16,25,15,4,0,0,63,0,0,0,0,0,6,5,0,0,10,0,0,0,7,4,3,0,0,0,12,0,6,3,54,12,14,21,8,0,123,47,94,89,221,114,96,74,33,5,766,325,593,490,1306,722,709,542,227,35,4954,0,0,0,0,0,0,0,0,0,0,244,432,350,793,390,390,263,110,22,2996,0,0,0,0,0,0,0,0,0,0,0,0,0,0,0,0,0,0,0,0,0,0,0,0,3,0,0,0,0,6,0,0,0,0,0,0,0,0,0,0,0,0,0,18,0,0,0,0,0,16
51103,0,0,0,8,4,3,0,0,0,13,4,21,38,97,67,37,12,4,0,287,0,0,0,19,9,0,6,0,0,26,0,0,0,10,0,0,0,0,0,10,0,11,11,16,4,0,0,0,0,46,0,0,0,5,0,0,0,0,0,4,0,3,0,11,9,5,3,0,0,29,0,0,6,11,4,0,0,0,0,19,0,0,0,7,5,6,5,0,0,18,0,11,22,71,40,26,4,0,0,181,10,25,20,164,71,42,26,15,7,375,149,292,338,1106,474,411,197,73,13,3052,1429,2711,2532,6573,2891,2599,1364,460,82,20641,0,0,3,3,0,0,0,0,0,7,1169,1984,1564,3254,1465,1199,662,274,100,11668,0,0,0,4,0,0,0,0,0,4,0,0,0,0,0,0,0,0,0,7,0,3,0,15,0,0,0,0,0,27,0,0,4,5,0,0,0,0,0,10,0,0,0,6,8,11,0,0,0,28
51104,0,3,0,8,5,0,0,0,0,19,0,22,40,96,60,47,19,12,0,275,0,0,0,6,7,4,0,0,0,17,0,0,0,8,0,0,0,0,0,12,0,13,8,7,0,0,0,0,0,24,0,0,0,0,0,0,0,0,0,0,0,4,0,19,10,9,12,3,0,59,0,0,0,19,9,8,10,3,0,53,0,0,6,13,9,9,6,5,0,36,0,5,6,14,11,19,8,0,0,73,0,11,20,91,51,51,37,29,11,292,135,424,374,1018,511,492,354,213,64,3580,1530,3717,3058,6534,3748,3984,3211,1623,484,27893,0,0,0,0,0,0,0,0,0,0,1350,2983,2317,4566,2641,2663,2179,1058,411,20161,0,0,0,9,0,0,0,0,0,10,0,0,0,0,0,0,0,0,0,0,0,0,0,8,3,3,0,0,0,15,0,0,0,4,3,0,0,0,0,10,6,4,0,13,13,6,0,0,0,51
59797,0,0,0,0,0,0,0,0,0,0,0,0,0,0,8,0,0,0,0,3,0,0,0,0,0,0,0,0,0,0,0,0,0,0,0,0,0,0,0,0,0,0,0,4,0,0,0,0,0,4,0,0,0,0,0,0,0,0,0,0,0,0,0,0,0,0,0,0,0,4,0,0,0,0,0,0,0,0,0,0,0,0,0,0,0,0,0,0,0,0,0,0,0,0,0,0,0,0,0,0,0,0,0,9,5,5,0,0,0,14,0,0,14,110,46,25,4,0,0,197,0,0,30,262,103,55,14,0,0,455,0,0,0,0,0,0,0,0,0,0,0,0,4,14,0,3,4,0,0,24,0,0,0,0,0,0,0,0,0,0,0,0,0,0,0,0,0,0,0,0,0,0,0,0,0,0,0,0,0,0,0,0,0,0,0,0,0,0,0,0,0,0,0,0,0,0,0,0,0,0
59999,0,0,0,0,0,0,0,0,0,3,0,3,0,14,8,4,4,0,0,35,0,0,0,0,0,0,0,0,0,0,0,0,0,0,0,0,0,0,0,0,0,0,0,0,0,0,0,0,0,0,0,0,0,0,0,0,0,0,0,0,0,0,0,14,4,6,4,0,0,21,0,0,0,4,5,0,0,0,0,5,0,0,0,0,0,0,0,3,0,9,0,0,0,3,6,0,0,0,0,6,3,0,10,49,9,15,7,3,0,102,31,31,87,456,250,169,93,35,9,1156,149,244,414,1753,842,667,444,118,14,4639,5,0,0,0,0,0,0,0,0,13,119,194,247,755,298,267,167,20,4,2061,0,0,0,0,0,0,0,0,0,0,0,0,0,0,0,0,0,0,0,0,0,0,0,5,0,0,0,0,0,5,0,0,0,0,0,0,0,0,0,4,3,0,0,6,0,0,0,0,0,13
