SA3_CODE_2021,F_Malta_0_4,F_Malta_5_14,F_Malta_15_24,F_Malta_25_44,F_Malta_45_54,F_Malta_55_64,F_Malta_65_74,F_Malta_75_84,F_Malta_85ov,F_Malta_Tot,F_Mauritius_0_4,F_Mauritius_5_14,F_Mauritius_15_24,F_Mauritius_25_44,F_Mauritius_45_54,F_Mauritius_55_64,F_Mauritius_65_74,F_Mauritius_75_84,F_Mauritius_85ov,F_Mauritius_Tot,F_Myanmar_0_4,F_Myanmar_5_14,F_Myanmar_15_24,F_Myanmar_25_44,F_Myanmar_45_54,F_Myanmar_55_64,F_Myanmar_65_74,F_Myanmar_75_84,F_Myanmar_85ov,F_Myanmar_Tot,F_Nepal_0_4,F_Nepal_5_14,F_Nepal_15_24,F_Nepal_25_44,F_Nepal_45_54,F_Nepal_55_64,F_Nepal_65_74,F_Nepal_75_84,F_Nepal_85ov,F_Nepal_Tot,F_Netherlands_0_4,F_Netherlands_5_14,F_Netherlands_15_24,F_Netherlands_25_44,F_Netherlands_45_54,F_Netherlands_55_64,F_Netherlands_65_74,F_Netherlands_75_84,F_Netherlands_85ov,F_Netherlands_Tot,F_New_Zealand_0_4,F_New_Zealand_5_14,F_New_Zealand_15_24,F_New_Zealand_25_44,F_New_Zealand_45_54,F_New_Zealand_55_64,F_New_Zealand_65_74,F_New_Zealand_75_84,F_New_Zealand_85ov,F_New_Zealand_Tot,F_North_Macedonia_0_4,F_North_Macedonia_5_14,F_North_Macedonia_15_24,F_North_Macedonia_25_44,F_North_Macedonia_45_54,F_North_Macedonia_55_64,F_North_Macedonia_65_74,F_North_Macedonia_75_84,F_North_Macedonia_85ov,F_North_Macedonia_Tot,F_Pakistan_0_4,F_Pakistan_5_14,F_Pakistan_15_24,F_Pakistan_25_44,F_Pakistan_45_54,F_Pakistan_55_64,F_Pakistan_65_74,F_Pakistan_75_84,F_Pakistan_85ov,F_Pakistan_Tot,F_PNG_0_4,F_PNG_5_14,F_PNG_15_24,F_PNG_25_44,F_PNG_45_54,F_PNG_55_64,F_PNG_65_74,F_PNG_75_84,F_PNG_85ov,F_PNG_Tot,F_Philippines_0_4,F_Philippines_5_14,F_Philippines_15_24,F_Philippines_25_44,F_Philippines_45_54,F_Philippines_55_64,F_Philippines_65_74,F_Philippines_75_84,F_Philippines_85ov,F_Philippines_Tot,F_Poland_0_4,F_Poland_5_14,F_Poland_15_24,F_Poland_25_44,F_Poland_45_54,F_Poland_55_64,F_Poland_65_74,F_Poland_75_84,F_Poland_85ov,F_Poland_Tot,F_Samoa_0_4,F_Samoa_5_14,F_Samoa_15_24,F_Samoa_25_44,F_Samoa_45_54,F_Samoa_55_64,F_Samoa_65_74,F_Samoa_75_84,F_Samoa_85ov,F_Samoa_Tot,F_Scotland_0_4,F_Scotland_5_14,F_Scotland_15_24,F_Scotland_25_44,F_Scotland_45_54,F_Scotland_55_64,F_Scotland_65_74,F_Scotland_75_84,F_Scotland_85ov,F_Scotland_Tot,F_Singapore_0_4,F_Singapore_5_14,F_Singapore_15_24,F_Singapore_25_44,F_Singapore_45_54,F_Singapore_55_64,F_Singapore_65_74,F_Singapore_75_84,F_Singapore_85ov,F_Singapore_Tot,F_South_Africa_0_4,F_South_Africa_5_14,F_South_Africa_15_24,F_South_Africa_25_44,F_South_Africa_45_54,F_South_Africa_55_64,F_South_Africa_65_74,F_South_Africa_75_84,F_South_Africa_85ov,F_South_Africa_Tot,F_Sri_Lanka_0_4,F_Sri_Lanka_5_14,F_Sri_Lanka_15_24,F_Sri_Lanka_25_44,F_Sri_Lanka_45_54,F_Sri_Lanka_55_64,F_Sri_Lanka_65_74,F_Sri_Lanka_75_84,F_Sri_Lanka_85ov,F_Sri_Lanka_Tot,F_Taiwan_0_4,F_Taiwan_5_14,F_Taiwan_15_24,F_Taiwan_25_44,F_Taiwan_45_54,F_Taiwan_55_64,F_Taiwan_65_74,F_Taiwan_75_84,F_Taiwan_85ov,F_Taiwan_Tot,F_Thailand_0_4,F_Thailand_5_14,F_Thailand_15_24,F_Thailand_25_44,F_Thailand_45_54,F_Thailand_55_64,F_Thailand_65_74,F_Thailand_75_84,F_Thailand_85ov,F_Thailand_Tot,F_Turkey_0_4,F_Turkey_5_14,F_Turkey_15_24,F_Turkey_25_44,F_Turkey_45_54,F_Turkey_55_64,F_Turkey_65_74,F_Turkey_75_84,F_Turkey_85ov,F_Turkey_Tot,F_USA_0_4,F_USA_5_14,F_USA_15_24,F_USA_25_44,F_USA_45_54,F_USA_55_64,F_USA_65_74,F_USA_75_84,F_USA_85ov,F_USA_Tot
50101,0,0,0,0,0,6,0,3,0,9,0,0,0,5,6,3,0,0,0,10,0,0,0,5,0,0,0,0,0,17,0,0,4,11,0,0,0,0,0,10,0,3,4,24,14,18,34,19,10,112,9,31,30,216,120,158,86,29,8,686,0,0,0,0,0,0,0,0,0,0,0,3,0,6,0,0,0,0,0,10,0,0,0,6,7,0,0,0,0,9,0,15,20,81,26,21,9,0,0,175,0,0,0,8,4,0,6,6,0,21,0,0,0,0,0,0,0,0,0,0,0,3,10,30,22,43,58,32,5,202,0,5,0,16,15,9,5,0,0,50,0,14,17,95,85,46,39,16,11,334,0,6,4,13,5,0,0,0,0,26,0,0,0,49,0,0,0,0,0,57,3,9,5,46,23,13,4,0,0,104,0,0,0,0,0,0,0,0,0,0,4,8,8,51,11,21,32,3,3,137
50102,0,0,0,0,0,0,3,4,0,9,0,0,3,13,3,7,10,0,0,35,0,0,0,13,0,0,8,4,3,34,0,3,0,24,0,0,0,0,0,32,0,3,0,8,26,32,60,44,20,186,9,95,127,446,282,282,164,39,14,1454,0,0,0,0,0,0,0,0,0,5,0,5,4,26,0,0,0,0,0,39,0,3,5,6,13,11,3,0,0,33,9,87,101,394,144,80,48,8,0,867,0,0,0,18,6,11,11,5,15,69,0,0,0,3,0,0,0,0,0,0,0,3,9,36,43,85,79,38,16,316,0,3,10,32,8,12,11,0,0,75,0,58,103,270,222,116,75,33,5,883,0,0,0,19,11,3,6,0,0,38,7,0,5,110,0,0,0,0,0,123,0,13,3,67,49,22,9,0,3,170,0,0,0,6,0,6,0,0,0,5,0,11,3,30,28,27,25,11,0,137
50103,0,0,0,0,0,0,0,0,0,4,0,0,0,0,0,0,0,0,0,4,0,0,0,3,3,0,0,0,0,5,0,0,0,0,0,0,0,0,0,0,0,0,0,9,6,5,20,14,4,57,0,14,10,56,48,76,54,14,6,284,0,0,0,0,0,0,3,3,0,12,0,8,0,3,0,4,0,0,0,9,0,0,0,0,3,0,4,0,0,10,0,0,8,31,20,13,7,0,0,84,0,0,0,0,0,4,3,0,0,11,0,0,0,0,0,0,0,0,0,0,0,0,3,9,13,24,18,16,5,84,0,0,0,4,0,7,3,0,0,16,0,0,4,15,22,15,9,10,0,77,0,0,0,0,0,0,0,0,0,0,0,0,0,34,0,0,0,0,0,36,0,0,0,9,6,5,8,0,0,25,0,0,0,0,0,0,0,0,0,0,0,0,0,12,7,11,5,3,0,40
50201,0,0,0,0,0,4,6,5,0,13,0,0,3,18,3,7,6,4,0,47,0,0,0,4,0,8,10,3,3,26,0,3,4,22,0,0,0,0,0,23,0,0,4,23,17,22,103,67,22,264,8,99,167,517,371,375,285,96,17,1930,0,0,0,0,0,0,0,0,0,5,0,3,0,11,0,3,0,0,0,22,0,4,12,11,10,4,0,0,0,47,6,69,109,307,154,109,50,10,0,812,0,0,0,16,8,8,10,3,8,54,0,0,0,4,0,0,0,0,0,11,3,22,33,81,91,159,152,114,31,679,0,0,5,16,22,19,20,8,4,93,0,55,131,247,228,125,76,33,14,903,0,7,8,15,10,7,8,4,0,53,0,0,0,15,3,7,0,0,0,20,7,21,19,131,70,43,18,0,0,319,0,0,0,0,0,0,0,0,0,3,0,9,14,39,17,30,42,7,4,162
50301,0,0,0,0,0,0,0,0,0,4,0,0,6,11,7,5,5,3,3,32,0,0,6,8,11,8,8,3,0,37,0,0,3,17,0,0,0,0,0,23,0,13,8,20,17,18,19,19,8,122,3,18,36,99,98,115,78,35,8,491,0,0,0,4,0,0,3,0,0,12,0,0,9,27,8,3,0,0,0,46,0,0,0,0,12,11,4,0,0,26,0,8,16,43,21,9,14,0,0,124,0,5,3,29,21,13,20,6,11,108,0,0,0,0,0,0,0,0,0,3,0,10,29,44,69,71,48,35,30,341,0,44,92,94,61,71,66,28,0,466,7,33,110,194,164,132,90,39,15,790,0,11,7,40,24,29,11,22,4,152,0,6,3,31,19,4,16,5,0,79,0,9,13,35,20,10,8,3,0,95,0,0,0,9,0,3,0,0,0,13,15,74,71,110,70,54,44,22,4,475
50302,0,0,0,3,0,4,9,6,0,18,0,3,25,66,12,13,11,9,4,139,0,0,5,34,21,33,21,4,15,131,0,5,68,201,3,0,0,0,0,277,7,5,10,44,24,21,28,17,14,168,8,16,67,343,162,185,114,45,13,949,0,0,0,14,11,9,15,17,13,86,4,9,7,52,0,6,3,0,0,92,0,0,4,18,14,5,5,0,0,41,0,18,57,324,85,50,32,7,0,571,5,3,0,77,17,36,33,14,24,215,0,0,0,0,6,4,0,0,0,12,0,9,33,169,90,83,75,32,13,509,5,36,63,276,89,73,54,20,10,621,0,24,84,319,114,87,62,18,19,720,0,6,21,91,18,12,15,14,6,180,0,4,7,200,14,12,9,0,0,238,6,18,46,181,71,32,17,4,0,376,0,0,0,20,4,4,0,0,3,36,23,48,59,237,54,41,29,16,3,500
50401,0,0,0,4,3,3,7,12,4,36,0,0,18,63,20,23,29,21,3,180,0,0,13,39,38,61,74,23,17,258,0,7,27,112,5,0,0,0,0,156,0,0,0,23,7,13,25,25,25,124,5,20,56,359,142,176,101,31,6,903,0,0,0,20,10,15,21,17,7,89,0,7,3,48,3,9,5,0,0,75,0,0,5,6,12,3,7,0,0,31,0,43,81,269,105,81,51,11,4,648,0,4,0,55,22,40,61,21,30,240,0,0,0,0,0,0,0,0,0,5,0,0,6,81,44,53,65,43,24,317,0,10,8,81,43,54,50,29,4,286,0,3,38,179,83,64,55,28,0,459,4,10,16,83,19,15,29,22,5,197,0,11,5,100,16,4,0,0,0,133,4,12,24,121,58,41,17,8,0,278,0,4,0,16,5,4,0,0,3,35,4,3,15,68,21,14,11,3,3,152
50402,0,0,0,0,0,0,3,0,0,6,0,0,0,4,0,4,5,0,0,10,0,0,0,0,4,4,3,3,3,17,0,0,0,3,0,3,0,0,0,6,0,0,3,4,11,16,39,34,9,123,0,14,47,137,122,130,80,36,10,562,0,0,0,0,0,0,0,0,0,4,0,0,0,4,0,4,4,7,0,14,0,0,3,11,3,4,0,0,0,22,3,15,54,129,64,27,18,8,0,309,0,0,0,13,3,5,7,0,5,45,0,0,0,0,0,0,0,0,0,4,0,0,5,24,31,42,56,10,4,173,0,3,0,6,12,8,10,3,0,46,0,18,19,61,65,29,23,7,0,217,0,0,4,3,8,0,5,0,0,22,0,0,0,9,0,4,0,0,0,19,0,6,14,47,16,12,4,0,0,96,0,0,0,0,0,0,0,0,0,0,3,7,9,32,15,22,12,9,0,106
50403,0,0,0,5,3,15,4,3,0,32,0,11,32,154,39,45,27,10,8,326,0,13,35,210,98,79,73,28,12,556,0,4,6,71,3,5,3,0,0,89,0,0,9,19,16,14,55,43,15,163,14,170,271,950,454,464,182,62,9,2570,0,0,6,49,27,21,14,7,0,133,0,18,23,92,12,5,6,6,0,162,0,0,10,17,8,5,0,0,0,44,10,165,325,854,400,203,98,25,4,2091,0,0,4,51,19,39,38,19,14,182,0,0,0,3,0,3,3,0,0,15,0,10,23,102,96,158,120,60,22,586,0,16,24,107,55,76,47,23,3,347,6,54,118,369,234,144,66,48,7,1050,0,12,19,98,41,34,33,10,0,250,0,0,6,65,11,3,0,0,0,91,3,29,63,192,101,49,13,4,0,455,0,0,0,14,3,3,0,0,0,24,0,14,17,72,25,20,16,7,3,180
50501,0,0,0,5,3,7,8,4,0,33,0,8,11,25,9,27,23,4,6,110,0,0,0,15,18,35,52,18,4,142,0,0,8,21,0,0,0,0,0,30,5,7,7,42,30,37,87,68,31,307,8,81,135,595,383,424,238,66,20,1953,0,3,0,15,8,24,18,5,3,70,0,6,4,31,0,11,8,0,0,59,0,0,0,9,28,11,0,4,0,56,4,14,23,158,81,95,77,9,0,471,0,8,7,84,62,75,104,14,21,370,0,0,0,0,0,0,0,0,0,7,0,77,126,299,297,367,306,138,50,1658,0,20,27,69,66,98,97,20,9,408,14,196,383,849,715,466,193,103,36,2959,0,3,15,39,13,15,24,9,7,113,0,3,3,48,9,4,8,0,0,84,0,15,21,130,82,42,19,4,0,320,0,0,0,11,4,0,0,0,0,17,6,37,51,119,55,45,42,9,0,368
50502,0,0,0,0,6,5,7,5,5,34,0,5,27,96,31,36,33,19,11,256,0,16,42,251,109,105,108,39,24,691,0,8,33,122,4,5,8,0,0,184,4,10,13,48,32,27,71,78,45,322,10,82,155,734,332,346,216,91,11,1992,0,4,14,136,102,162,156,98,52,724,0,38,24,213,17,14,12,3,3,325,0,0,0,12,28,7,3,0,0,49,0,68,123,453,192,127,91,25,7,1085,0,9,6,131,64,83,115,45,43,485,0,0,0,0,0,0,0,0,0,9,5,18,42,191,125,148,153,109,60,856,3,21,43,230,91,95,91,38,14,627,5,68,206,688,377,306,210,111,58,2028,0,15,24,148,44,40,42,30,9,350,4,4,5,213,28,10,11,6,0,271,4,47,74,266,119,51,38,6,3,602,0,3,6,53,18,8,12,3,0,106,13,52,39,207,54,41,32,15,6,468
50503,0,0,0,0,4,13,14,6,6,39,0,11,25,133,35,56,51,17,7,336,0,16,74,243,136,127,100,41,18,756,0,0,9,38,5,3,0,0,0,55,0,3,13,41,20,21,78,59,34,268,29,249,405,1250,664,546,268,96,26,3531,0,3,11,160,92,95,79,33,8,486,0,24,30,89,22,6,3,3,0,181,0,3,8,13,20,10,4,0,0,60,4,107,251,619,320,170,94,18,0,1586,0,3,5,84,58,84,70,18,12,323,0,0,0,0,3,10,3,0,0,24,6,93,173,478,366,292,233,122,47,1803,4,18,25,136,84,78,58,16,3,431,21,272,561,1140,841,372,196,74,13,3491,0,5,18,51,20,26,14,9,0,133,0,3,0,110,6,8,3,0,0,131,3,66,101,278,108,48,17,3,0,619,0,4,3,16,9,3,0,0,0,37,5,26,34,107,45,37,18,9,5,282
50601,0,0,0,0,0,0,7,3,0,16,0,10,17,68,12,6,3,3,0,122,0,0,14,117,39,55,30,5,3,272,0,0,3,44,3,0,0,0,0,54,0,5,9,26,32,30,83,75,37,284,9,131,154,499,239,241,125,27,9,1432,0,0,0,0,3,0,0,0,0,12,0,35,11,100,10,6,6,0,0,173,0,12,9,26,13,5,7,0,0,64,7,112,197,469,218,98,62,12,0,1170,0,5,0,24,3,11,11,3,6,61,0,0,0,9,0,0,0,0,0,14,0,3,9,73,58,79,79,44,14,366,0,32,49,171,50,53,41,8,0,401,4,35,110,274,195,91,58,10,5,787,0,37,49,206,60,20,22,6,0,398,0,3,0,74,0,3,0,0,0,86,3,31,66,140,55,26,12,5,0,338,0,0,0,7,6,0,3,0,0,19,4,18,15,41,24,16,12,4,0,143
50602,0,0,0,0,0,3,4,0,0,14,0,4,13,62,13,9,9,3,0,116,0,0,6,56,32,47,30,23,23,216,0,10,79,260,13,4,0,0,0,371,0,0,0,19,3,3,28,21,8,86,4,42,103,362,171,192,98,21,6,999,0,0,0,12,0,0,3,0,0,13,9,47,16,143,14,3,15,3,0,242,0,3,4,17,11,4,0,0,0,33,5,70,155,411,139,92,43,18,5,930,0,0,6,34,20,19,19,11,25,130,0,0,3,7,4,3,0,0,0,17,0,4,15,69,40,59,42,29,18,275,0,11,24,173,48,54,58,21,0,394,0,8,41,131,53,52,22,5,3,318,0,3,23,136,22,19,24,5,6,234,4,7,0,174,5,3,0,0,0,200,0,14,22,161,75,33,17,3,0,317,0,0,0,18,6,12,5,0,0,48,0,13,18,81,13,16,6,4,0,161
50603,0,0,0,0,0,0,11,4,0,14,0,11,32,83,21,14,9,0,7,175,0,5,18,86,57,62,60,26,16,334,3,4,78,258,10,5,0,0,0,369,6,0,3,8,14,14,41,51,27,158,0,82,121,228,132,154,102,32,14,859,0,0,0,0,0,0,0,0,0,4,10,42,37,185,25,12,12,3,0,329,0,4,7,9,13,9,0,0,0,43,5,60,159,349,144,104,36,13,0,871,0,0,4,25,11,19,32,8,8,113,0,0,0,0,0,4,7,3,0,10,0,6,8,54,39,78,64,58,31,334,5,77,185,315,162,168,158,56,16,1137,3,31,69,159,87,88,59,25,16,549,7,48,107,222,148,90,43,25,13,706,0,8,6,195,21,8,12,0,0,250,4,20,34,109,60,43,29,8,0,300,5,9,8,42,39,20,10,8,0,136,0,24,19,39,24,21,11,5,0,144
50604,0,0,0,3,0,11,9,8,0,23,0,19,30,132,29,31,15,6,0,262,0,10,68,330,152,129,116,40,25,877,0,6,15,106,7,8,0,0,0,141,0,0,3,10,19,15,61,52,36,200,8,135,190,492,300,261,126,40,3,1560,0,0,0,4,0,0,0,0,0,9,10,127,86,384,44,24,18,4,0,694,0,0,24,17,26,6,3,0,0,78,4,189,384,766,392,211,98,17,6,2069,0,0,3,22,8,19,31,10,10,105,0,0,0,8,5,3,0,0,0,21,0,7,9,52,57,98,92,85,22,418,4,39,96,225,152,193,120,27,17,872,0,41,135,235,201,132,58,27,11,845,6,43,69,301,94,57,41,22,5,638,8,0,0,153,10,10,4,0,0,192,3,43,106,208,111,53,13,0,0,535,0,0,4,39,24,12,4,0,0,83,0,18,15,33,22,24,13,3,0,132
50605,0,0,0,0,0,5,10,0,0,11,0,0,5,18,8,9,6,3,5,53,0,0,0,15,14,23,21,0,9,82,0,0,0,14,0,0,0,0,0,18,0,0,3,12,19,21,31,32,17,134,3,65,73,281,188,181,95,25,11,917,0,0,0,0,0,0,0,0,0,0,0,11,3,21,9,5,5,0,0,51,0,0,6,12,9,7,3,0,0,31,0,29,64,158,97,38,49,8,0,450,0,0,0,10,10,8,8,3,6,45,0,0,0,5,0,0,0,0,0,4,0,0,9,33,47,71,72,50,25,294,0,0,6,41,24,27,32,12,0,140,3,18,36,122,76,44,38,22,12,375,0,3,5,30,12,5,9,6,0,70,0,0,0,19,0,0,0,0,0,24,0,16,17,67,38,20,10,0,0,167,0,0,0,3,0,0,0,0,0,11,3,14,11,21,9,18,17,0,0,97
50606,0,0,0,0,0,0,0,0,0,4,0,0,0,25,3,0,0,0,0,37,0,0,0,5,0,0,0,5,0,11,0,0,0,0,0,0,0,0,0,0,0,0,5,13,11,5,34,13,6,95,4,47,50,191,99,89,43,7,0,530,0,0,0,0,0,0,0,0,0,0,0,6,4,23,4,0,0,0,0,29,0,0,5,5,8,0,0,0,0,23,0,20,21,87,30,15,0,0,0,179,0,0,0,3,0,0,0,0,0,10,0,0,0,0,0,0,0,0,0,0,0,3,3,36,22,34,23,14,0,133,0,4,6,13,10,10,3,0,0,51,0,18,35,114,61,38,18,3,3,289,0,0,0,10,6,0,0,0,0,11,0,0,0,4,0,0,0,0,0,7,0,0,0,19,7,3,3,0,0,39,0,0,0,0,0,0,0,0,0,0,0,3,0,12,4,7,0,0,0,29
50607,0,0,0,0,0,0,5,0,0,7,0,0,8,20,3,9,9,0,5,51,0,0,4,13,9,12,13,10,0,64,0,0,10,49,0,0,0,0,0,60,0,4,0,17,4,9,18,19,4,75,3,18,35,92,62,70,68,22,6,368,0,0,0,8,3,0,0,0,0,12,0,0,4,20,3,3,0,0,0,28,0,0,0,0,7,10,0,0,0,21,0,0,27,86,27,26,20,8,0,197,0,0,0,16,8,10,21,10,5,76,0,0,0,0,0,0,0,0,0,6,0,0,8,28,31,50,44,29,17,211,5,8,34,99,44,47,54,12,8,312,0,12,40,102,65,75,40,25,7,362,0,4,5,33,13,10,10,4,0,81,0,3,3,34,3,4,4,0,0,54,0,8,11,59,29,16,9,0,4,133,0,0,0,14,5,5,3,0,4,23,4,20,11,48,13,17,9,4,6,130
50701,0,0,0,0,0,0,5,0,0,11,0,4,4,52,15,13,18,0,0,99,0,4,0,24,7,13,10,7,7,72,0,5,15,60,3,0,0,0,0,86,0,11,0,24,22,36,25,29,24,162,16,79,160,590,253,210,122,27,4,1473,0,0,0,0,0,0,3,0,0,12,4,11,6,66,9,12,4,0,0,110,0,0,0,5,13,6,0,0,0,30,10,144,258,624,261,138,56,17,0,1510,0,0,0,55,31,29,42,10,0,174,0,0,0,0,0,4,0,0,0,9,0,21,34,153,102,141,115,60,17,644,4,7,55,188,72,97,57,19,0,507,5,50,115,394,220,144,71,34,7,1029,0,12,11,65,31,20,14,7,3,174,4,3,0,102,3,7,0,0,0,124,4,21,30,129,63,27,18,0,0,293,0,0,0,5,10,0,0,5,0,20,5,22,25,98,24,20,17,8,0,210
50702,0,0,0,0,0,0,4,0,0,3,0,0,0,0,0,3,4,0,0,12,0,0,0,0,0,0,0,0,0,11,0,0,0,3,0,0,0,0,0,3,0,0,4,22,6,7,18,18,7,87,5,7,18,110,75,105,39,11,0,377,0,0,0,0,0,0,3,0,0,9,0,0,0,0,0,0,0,0,0,0,0,0,0,0,4,5,0,0,0,13,0,3,11,36,23,15,10,0,4,106,0,0,0,16,8,11,9,8,4,51,0,0,0,0,0,0,0,0,0,0,0,3,9,48,24,45,41,34,14,220,0,0,8,15,16,11,13,4,0,75,0,4,17,66,44,24,22,11,7,191,0,0,0,5,0,3,0,0,0,18,0,0,0,10,0,0,0,0,0,10,0,0,11,29,17,4,8,0,0,69,0,0,0,3,3,0,0,0,0,10,6,20,15,94,15,23,23,4,3,210
50703,0,0,0,0,0,0,0,3,0,6,0,0,5,17,8,0,0,0,0,38,0,0,0,0,0,3,7,4,0,25,0,6,5,31,5,0,0,0,0,42,0,0,4,3,6,7,15,10,5,49,11,65,109,416,155,132,61,14,0,974,0,0,0,3,0,0,0,0,0,7,0,0,4,31,4,3,5,0,0,44,0,0,0,5,0,3,0,0,0,11,6,151,281,573,288,84,43,10,0,1434,0,0,3,3,8,4,10,0,0,28,0,0,0,5,0,3,0,5,0,10,0,8,5,33,20,34,32,29,12,177,0,10,8,44,22,19,8,0,0,112,0,26,43,149,77,42,21,3,4,377,0,8,10,30,9,7,4,0,0,69,0,0,0,33,0,0,0,0,0,33,4,3,10,62,41,16,7,0,0,141,0,0,0,4,0,0,0,0,0,4,0,4,9,19,3,3,4,3,0,53
50704,0,0,0,0,3,3,5,9,0,18,0,0,9,22,5,5,18,3,0,64,0,0,5,15,14,17,22,8,3,84,0,6,15,32,0,0,0,0,0,47,0,0,10,18,17,11,52,35,19,162,9,45,82,209,170,195,124,44,13,884,0,0,0,4,3,0,4,0,0,15,0,6,4,35,6,0,0,0,0,58,0,0,4,7,14,7,0,0,0,39,0,23,61,154,54,51,35,13,3,394,0,0,3,32,16,14,33,9,19,114,0,0,0,0,0,0,0,0,0,4,0,5,30,79,91,139,131,80,39,597,0,56,126,250,140,158,152,62,24,963,0,37,117,223,206,140,113,69,19,920,0,9,24,71,64,57,45,17,6,292,0,8,8,86,21,17,22,0,5,163,5,29,19,104,61,27,24,0,0,268,0,0,0,14,3,0,0,0,0,22,5,32,31,92,36,37,27,13,4,276
50705,0,0,0,0,0,0,10,7,0,24,0,0,6,26,4,8,9,6,0,67,0,0,3,19,6,8,10,3,0,58,0,0,3,13,3,0,0,0,0,29,0,3,10,27,27,25,77,53,25,243,16,279,374,1177,592,477,252,79,11,3264,0,0,0,5,3,8,0,0,0,17,0,5,5,18,5,0,0,0,0,34,0,0,0,10,15,3,3,0,0,37,4,76,123,344,160,117,66,9,0,903,0,0,3,27,13,12,13,4,0,83,0,5,5,6,4,4,0,0,0,29,0,44,72,202,205,257,167,116,39,1103,0,10,8,42,26,30,21,11,0,144,3,76,154,432,300,150,82,39,6,1242,0,0,0,14,3,0,8,0,0,29,6,0,0,24,0,0,0,0,0,32,3,25,32,177,96,41,13,0,0,391,0,0,0,0,3,0,0,0,0,3,0,21,23,81,30,31,32,6,0,223
50901,0,0,0,0,0,3,0,0,0,10,0,0,3,0,0,0,0,0,0,6,0,0,6,53,32,20,14,3,0,122,0,0,0,4,0,0,0,0,0,4,0,4,0,26,24,8,61,48,10,186,0,17,36,153,119,159,88,27,4,612,0,0,0,0,0,0,0,0,0,0,0,4,6,0,0,0,0,0,0,14,0,0,0,0,3,0,0,0,0,9,6,51,52,187,93,50,37,7,0,482,0,0,0,5,5,0,9,7,3,34,0,0,0,0,0,4,0,0,0,4,0,4,9,31,20,49,36,44,20,212,0,0,0,10,4,8,3,0,0,43,4,25,38,101,77,58,32,16,5,363,0,0,0,9,0,0,3,4,0,20,0,0,0,13,0,3,0,0,0,17,0,34,31,49,28,9,9,0,0,156,0,0,0,0,0,0,0,0,0,5,0,4,10,28,20,28,31,11,0,126
50902,0,0,0,0,0,0,0,0,0,4,0,0,0,0,3,3,0,0,0,8,0,0,0,0,0,5,0,0,0,7,0,0,0,7,0,0,0,0,0,9,0,0,0,9,14,12,42,25,4,109,4,13,28,169,142,201,113,25,5,706,0,0,0,0,0,0,0,0,0,0,0,0,0,4,0,0,0,0,0,15,0,0,0,0,4,6,0,0,0,14,0,51,36,141,57,48,18,6,0,348,0,0,0,9,4,5,8,5,6,34,0,0,0,0,0,0,0,0,0,0,0,0,3,20,22,52,50,24,3,193,0,0,0,4,10,4,3,0,0,31,0,10,24,68,43,42,24,3,0,229,0,0,0,3,0,5,0,3,0,15,0,0,0,46,0,0,0,0,0,50,0,3,3,22,26,10,0,0,0,68,0,0,0,0,0,0,0,0,0,0,0,0,4,21,9,10,6,4,0,64
50903,0,0,0,0,0,0,0,0,0,0,0,0,0,0,0,0,0,0,0,0,0,0,0,0,0,0,0,0,0,5,0,0,0,0,0,0,0,0,0,0,0,0,0,0,0,7,13,9,4,26,0,9,15,60,50,60,36,3,4,239,0,0,0,0,0,0,0,0,0,0,0,0,0,0,0,0,0,0,0,0,0,0,0,0,4,0,0,0,0,3,0,14,8,59,21,20,4,0,0,122,0,0,0,0,0,0,0,0,0,0,0,0,0,0,0,0,0,0,0,0,0,0,0,15,3,10,9,10,4,52,0,0,0,4,4,7,0,0,0,16,3,11,10,35,18,12,3,3,0,95,0,0,0,0,0,0,0,0,0,3,0,0,0,4,0,0,0,0,0,4,0,0,0,5,6,0,0,0,0,17,0,0,0,0,0,0,0,0,0,0,0,0,0,9,0,4,3,0,0,23
51001,0,0,0,0,0,3,0,0,0,7,0,0,0,4,0,0,0,0,0,9,0,0,0,0,0,0,0,0,0,4,0,0,0,0,0,0,0,0,0,0,0,0,10,13,9,5,7,0,0,34,0,3,29,88,76,70,19,3,0,286,0,0,0,0,0,0,0,0,0,0,0,0,0,0,3,0,0,0,0,5,0,0,0,5,0,3,4,0,0,11,3,13,23,82,29,20,9,0,0,187,0,0,0,0,0,0,0,0,0,3,0,0,0,0,0,0,0,0,0,0,0,3,3,14,3,14,3,4,0,44,0,0,0,12,6,4,7,0,0,22,0,8,7,39,21,13,5,0,0,88,0,0,3,15,0,0,0,0,0,18,0,5,0,31,0,0,0,0,0,34,0,0,5,43,21,14,0,0,0,88,0,0,0,4,0,0,0,0,0,4,0,0,0,23,4,10,9,0,0,55
51002,0,0,0,0,0,0,0,0,0,0,0,0,4,6,0,0,0,0,0,14,0,0,0,3,0,0,0,0,0,7,0,0,0,3,0,0,0,0,0,3,0,0,0,4,0,0,0,0,0,10,6,45,62,246,103,101,29,4,0,582,0,0,0,0,5,0,4,0,0,6,0,0,0,0,0,0,0,0,0,3,0,0,3,13,6,0,0,0,0,14,0,29,28,167,56,31,15,0,0,333,0,0,0,0,3,0,0,0,0,8,0,0,0,0,0,0,0,0,0,4,0,0,3,15,0,12,6,0,0,35,0,0,0,8,0,4,6,0,0,31,0,15,16,47,44,16,7,0,0,144,0,4,0,17,0,0,0,0,0,21,0,0,0,8,0,0,0,0,0,7,0,9,7,75,30,7,0,0,0,129,0,0,0,0,0,0,0,0,0,4,0,0,0,19,4,4,0,0,0,29
51003,0,0,0,0,0,0,0,0,0,0,0,0,0,5,0,0,0,0,0,4,0,3,0,7,3,0,0,0,0,12,0,0,4,9,0,0,0,0,0,17,0,0,0,13,0,6,0,0,0,20,10,30,55,243,113,86,22,4,0,566,0,0,0,0,0,4,0,0,0,11,0,3,0,14,0,0,0,0,0,25,0,0,0,4,0,0,0,0,0,12,0,20,34,141,57,31,10,5,0,294,0,0,0,5,4,0,0,0,0,13,0,0,0,0,0,0,0,0,0,5,0,0,0,20,10,16,0,0,0,50,0,3,4,8,5,0,0,0,0,23,5,9,14,65,31,14,0,0,0,136,0,0,3,22,0,0,3,0,0,24,0,0,0,24,0,0,0,0,0,24,0,15,9,85,34,12,0,0,0,157,0,0,0,0,0,0,0,0,0,0,0,6,0,24,3,0,0,0,0,32
51101,0,0,0,0,0,0,0,0,0,3,0,0,0,0,0,0,0,0,0,3,0,0,0,0,0,0,0,0,0,0,0,0,0,0,0,0,0,0,0,0,0,0,0,0,4,5,3,4,0,16,0,7,10,65,43,52,32,11,0,223,0,0,0,0,0,0,0,0,0,0,0,0,0,0,0,0,0,0,0,0,0,0,0,0,0,0,0,0,0,3,0,7,3,29,11,19,6,0,0,70,0,0,0,0,0,0,0,0,0,0,0,0,0,0,0,0,0,0,0,0,0,0,0,8,7,9,9,10,0,41,0,0,0,0,0,6,0,0,0,10,0,10,15,40,24,14,8,3,0,112,0,0,0,10,0,0,0,0,0,10,0,0,0,3,0,0,0,0,0,5,0,3,7,18,4,9,0,0,0,34,0,0,0,0,0,0,0,0,0,0,0,0,0,8,0,3,3,0,0,22
51102,0,0,0,0,0,0,0,0,0,0,0,0,0,0,0,0,0,0,0,0,0,0,0,0,0,0,0,0,0,0,0,0,0,0,0,0,0,0,0,0,0,0,0,8,6,0,3,0,0,20,0,0,7,31,11,16,14,3,0,89,0,0,0,0,0,0,0,0,0,3,0,0,0,0,0,0,0,0,0,0,0,0,0,0,0,0,0,0,0,0,0,6,7,21,7,6,0,0,0,50,0,0,0,4,0,0,0,0,0,5,0,0,0,0,0,0,0,0,0,0,0,0,0,4,3,10,4,0,4,23,0,0,0,0,0,0,0,0,0,4,0,0,0,8,6,0,0,0,0,16,0,0,0,0,0,0,0,0,0,0,0,0,0,16,0,0,0,0,0,19,0,4,0,3,9,0,0,0,0,26,0,0,0,0,0,0,0,0,0,0,0,0,0,17,5,0,5,0,0,33
51103,0,0,0,0,0,0,0,0,0,0,0,0,0,3,0,0,0,0,0,3,0,0,0,8,0,0,0,0,0,10,0,0,0,10,0,0,0,0,0,10,0,0,0,0,0,0,4,4,0,16,13,76,142,441,192,214,79,12,5,1176,0,0,0,0,0,0,0,0,0,0,0,0,0,10,6,0,3,0,0,27,0,17,17,23,21,7,0,0,0,88,6,48,59,190,75,60,25,9,0,465,0,0,0,3,0,0,0,0,0,3,0,0,0,3,0,8,0,0,0,15,0,0,4,18,10,13,5,5,0,56,0,0,0,10,4,3,0,0,0,12,6,31,45,121,64,32,10,8,0,312,0,0,0,11,0,0,0,0,0,22,0,0,0,9,0,0,0,0,0,9,0,13,5,71,41,30,3,0,0,169,0,0,0,3,0,0,0,0,0,3,0,0,7,13,5,3,4,3,0,30
51104,0,0,0,0,0,0,0,0,0,3,0,0,4,5,0,5,0,0,0,11,0,0,0,3,0,3,0,0,0,12,0,0,0,9,0,0,0,0,0,9,0,0,0,15,4,0,27,15,3,71,4,10,27,137,87,111,79,26,5,485,0,0,0,0,0,0,3,0,0,6,0,0,0,15,0,0,0,0,0,16,0,0,0,4,4,0,3,0,0,10,3,15,35,126,60,48,31,12,0,329,0,0,0,5,0,0,0,0,0,10,0,0,0,5,0,0,0,0,0,11,0,7,0,15,14,39,32,23,5,135,0,0,0,3,8,4,5,8,0,28,0,15,26,92,82,38,22,12,0,290,0,5,3,6,6,0,0,0,0,23,0,0,0,19,4,0,0,0,0,29,5,8,6,49,39,21,4,0,0,141,0,0,0,0,0,0,0,0,0,0,0,3,4,25,6,14,6,4,0,59
59797,0,0,0,0,0,0,0,0,0,0,0,0,0,0,0,0,0,0,0,0,0,0,0,0,0,0,0,0,0,0,0,0,0,0,0,0,0,0,0,0,0,0,0,0,0,0,0,0,0,0,0,0,0,0,0,0,0,0,0,0,0,0,0,0,0,0,0,0,0,0,0,0,0,0,0,0,0,0,0,0,0,0,0,0,0,0,0,0,0,0,0,0,0,0,0,0,0,0,0,3,0,0,0,0,0,0,0,0,0,0,0,0,0,0,0,0,0,0,0,0,0,0,0,0,0,0,0,0,0,0,0,0,0,0,0,0,0,0,0,0,0,0,0,0,0,0,0,0,0,0,0,0,0,0,0,0,0,0,0,0,0,0,0,0,0,0,0,0,0,0,0,0,0,0,0,0,0,0,0,0,0,0,0,0,0,0,0,0,0,0,0,0,0,0,0,0,0,0,0,0
59999,0,0,0,0,0,0,0,0,0,0,0,0,0,3,0,0,0,0,0,4,0,0,3,0,0,0,0,0,0,7,0,0,0,0,0,0,0,0,0,0,0,0,0,3,4,0,0,0,0,10,0,7,10,42,19,22,12,3,0,114,0,0,0,0,0,0,0,0,0,0,0,0,0,0,0,0,0,0,0,0,0,0,0,0,0,0,0,0,0,0,0,0,0,7,4,0,0,0,0,21,0,0,0,0,0,5,0,0,0,5,0,0,0,0,0,0,0,0,0,0,0,0,0,8,0,9,0,0,0,15,3,0,0,4,0,0,0,0,0,7,0,0,5,7,0,0,3,0,0,23,0,0,0,0,0,0,0,0,0,0,0,0,0,7,0,0,0,0,0,7,0,0,3,0,0,0,0,0,0,5,0,0,0,0,0,0,0,0,0,0,0,0,3,15,0,0,5,0,0,21
