SA3_CODE_2021,M_15_19_Prvided_unpaid_assist,M_15_19_No_unpad_asst_prvided,M_15_19_Unpaid_assist_ns,M_15_19_Tot,M_20_24_Prvided_unpaid_assist,M_20_24_No_unpad_asst_prvided,M_20_24_Unpaid_assist_ns,M_20_24_Tot,M_25_34_Prvided_unpaid_assist,M_25_34_No_unpad_asst_prvided,M_25_34_Unpaid_assist_ns,M_25_34_Tot,M_35_44_Prvided_unpaid_assist,M_35_44_No_unpad_asst_prvided,M_35_44_Unpaid_assist_ns,M_35_44_Tot,M_45_54_Prvided_unpaid_assist,M_45_54_No_unpad_asst_prvided,M_45_54_Unpaid_assist_ns,M_45_54_Tot,M_55_64_Prvided_unpaid_assist,M_55_64_No_unpad_asst_prvided,M_55_64_Unpaid_assist_ns,M_55_64_Tot,M_65_74_Prvided_unpaid_assist,M_65_74_No_unpad_asst_prvided,M_65_74_Unpaid_assist_ns,M_65_74_Tot,M_75_84_Prvided_unpaid_assist,M_75_84_No_unpad_asst_prvided,M_75_84_Unpaid_assist_ns,M_75_84_Tot,M_85_ov_Prvided_unpaid_assist,M_85_ov_No_unpad_asst_prvided,M_85_ov_Unpaid_assist_ns,M_85_ov_Tot,M_Tot_prvided_unpaid_assist,M_Tot_No_unpaid_asst_prvided,M_Tot_Unpaid_assist_ns,M_Tot_Tot,F_15_19_Prvided_unpaid_assist,F_15_19_No_unpad_asst_prvided,F_15_19_Unpaid_assist_ns,F_15_19_Tot,F_20_24_Prvided_unpaid_assist,F_20_24_No_unpad_asst_prvided,F_20_24_Unpaid_assist_ns,F_20_24_Tot,F_25_34_Prvided_unpaid_assist,F_25_34_No_unpad_asst_prvided,F_25_34_Unpaid_assist_ns,F_25_34_Tot,F_35_44_Prvided_unpaid_assist,F_35_44_No_unpad_asst_prvided,F_35_44_Unpaid_assist_ns,F_35_44_Tot,F_45_54_Prvided_unpaid_assist,F_45_54_No_unpad_asst_prvided,F_45_54_Unpaid_assist_ns,F_45_54_Tot,F_55_64_Prvided_unpaid_assist,F_55_64_No_unpad_asst_prvided,F_55_64_Unpaid_assist_ns,F_55_64_Tot,F_65_74_Prvided_unpaid_assist,F_65_74_No_unpad_asst_prvided,F_65_74_Unpaid_assist_ns,F_65_74_Tot,F_75_84_Prvided_unpaid_assist,F_75_84_No_unpad_asst_prvided,F_75_84_Unpaid_assist_ns,F_75_84_Tot,F_85_ov_Prvided_unpaid_assist,F_85_ov_No_unpad_asst_prvided,F_85_ov_Unpaid_assist_ns,F_85_ov_Tot,F_Tot_prvided_unpaid_assist,F_Tot_No_unpaid_asst_prvided,F_Tot_Unpaid_assist_ns,F_Tot_Tot,P_15_19_Prvided_unpaid_assist,P_15_19_No_unpad_asst_prvided,P_15_19_Unpaid_assist_ns,P_15_19_Tot,P_20_24_Prvided_unpaid_assist,P_20_24_No_unpad_asst_prvided,P_20_24_Unpaid_assist_ns,P_20_24_Tot,P_25_34_Prvided_unpaid_assist,P_25_34_No_unpad_asst_prvided,P_25_34_Unpaid_assist_ns,P_25_34_Tot,P_35_44_Prvided_unpaid_assist,P_35_44_No_unpad_asst_prvided,P_35_44_Unpaid_assist_ns,P_35_44_Tot,P_45_54_Prvided_unpaid_assist,P_45_54_No_unpad_asst_prvided,P_45_54_Unpaid_assist_ns,P_45_54_Tot,P_55_64_Prvided_unpaid_assist,P_55_64_No_unpad_asst_prvided,P_55_64_Unpaid_assist_ns,P_55_64_Tot,P_65_74_Prvided_unpaid_assist,P_65_74_No_unpad_asst_prvided,P_65_74_Unpaid_assist_ns,P_65_74_Tot,P_75_84_Prvided_unpaid_assist,P_75_84_No_unpad_asst_prvided,P_75_84_Unpaid_assist_ns,P_75_84_Tot,P_85_ov_Prvided_unpaid_assist,P_85_ov_No_unpad_asst_prvided,P_85_ov_Unpaid_assist_ns,P_85_ov_Tot,P_Tot_prvided_unpaid_assist,P_Tot_No_unpaid_asst_prvided,P_Tot_Unpaid_assist_ns,P_Tot_Tot
50101,55,1449,118,1623,35,906,63,1002,116,2286,296,2701,247,3030,350,3624,375,3178,379,3940,464,2855,257,3580,355,3072,221,3640,207,1490,131,1829,56,402,60,520,1912,18661,1878,22448,66,1265,117,1450,35,748,70,857,206,2424,212,2843,512,3424,260,4193,706,3119,238,4069,829,2947,210,3979,570,2988,225,3781,230,1489,163,1877,50,679,80,814,3210,19084,1571,23859,122,2716,235,3074,69,1655,132,1856,318,4712,509,5544,761,6457,606,7816,1080,6301,620,8001,1295,5800,467,7556,926,6054,442,7420,433,2977,294,3702,112,1076,144,1332,5121,37746,3448,46314
50102,144,2984,221,3345,113,2366,225,2693,324,5075,671,6068,573,5424,706,6713,759,5568,656,6976,925,5553,526,7002,654,4891,417,5962,310,2344,225,2880,75,641,141,857,3863,34845,3792,42497,173,2918,200,3289,137,2237,173,2544,593,5347,403,6350,1058,5515,363,6941,1363,5624,359,7348,1668,5299,356,7323,968,4701,359,6023,372,2546,304,3216,56,987,238,1285,6387,35184,2757,44325,316,5898,419,6638,251,4597,396,5246,913,10426,1077,12419,1633,10947,1073,13649,2123,11193,1017,14325,2594,10856,885,14330,1619,9588,774,11985,675,4891,530,6102,130,1628,373,2133,10251,70032,6549,86826
50103,25,547,50,622,26,410,35,473,62,808,111,985,125,963,121,1207,189,1222,187,1601,241,1536,151,1929,201,1544,152,1900,87,763,93,942,24,183,23,226,977,7978,917,9879,34,524,72,629,31,312,37,379,109,850,67,1023,228,1020,113,1359,317,1168,137,1619,391,1519,156,2061,253,1411,125,1789,110,704,84,903,14,245,34,286,1476,7749,810,10042,62,1071,120,1248,54,722,75,851,173,1661,175,2006,352,1977,235,2569,506,2388,323,3216,625,3059,301,3989,453,2960,275,3684,198,1465,177,1843,38,420,53,508,2460,15729,1733,19922
50201,139,2686,192,3015,137,2278,208,2623,297,4396,484,5171,464,4599,588,5653,632,5111,573,6312,820,5487,461,6760,774,5968,424,7166,473,3694,332,4504,141,982,176,1301,3878,35200,3434,42513,146,2624,206,2971,190,2313,183,2686,557,4802,359,5715,919,4955,379,6255,1237,5222,376,6833,1611,5606,350,7565,1220,6146,364,7731,522,3810,413,4746,108,1358,329,1794,6516,36836,2946,46298,285,5311,395,5986,323,4590,394,5306,849,9197,837,10886,1388,9552,967,11904,1873,10332,947,13147,2434,11088,809,14327,1999,12116,788,14903,993,7508,745,9248,248,2340,506,3095,10395,72036,6380,88811
50301,105,2767,97,2969,131,2397,101,2630,164,3078,246,3489,279,3107,197,3584,587,3982,177,4747,767,3341,164,4270,500,2942,162,3601,248,1954,151,2355,97,684,91,865,2886,24247,1382,28511,143,2718,115,2978,154,2319,118,2595,249,2983,179,3416,493,3516,133,4147,1123,3955,152,5224,1341,3098,159,4597,832,2913,170,3918,396,2045,183,2621,94,1057,165,1314,4830,24605,1379,30813,249,5484,212,5947,288,4714,224,5224,419,6060,430,6900,769,6624,333,7729,1708,7933,330,9973,2109,6440,319,8870,1335,5853,329,7515,647,3998,328,4980,189,1737,255,2184,7718,48849,2756,59324
50302,92,1890,84,2058,139,3251,318,3710,460,10494,1114,12067,576,8365,700,9647,756,5569,504,6826,901,4533,419,5852,536,3557,323,4417,216,1666,208,2083,70,599,108,778,3744,39921,3776,47440,68,1997,98,2165,192,3817,326,4333,583,10864,803,12257,824,7539,471,8827,1148,5104,299,6550,1398,4068,253,5719,762,3451,276,4484,252,1854,196,2302,75,1201,182,1452,5299,39892,2898,48092,158,3893,177,4225,325,7069,648,8043,1042,21364,1922,24325,1399,15905,1175,18480,1902,10668,803,13375,2304,8604,671,11574,1300,7001,596,8897,468,3516,400,4386,145,1798,288,2226,9041,79817,6675,95536
50401,90,1828,93,2002,135,2255,163,2554,363,5944,470,6774,517,5558,406,6481,681,4372,317,5369,698,3812,268,4775,457,3194,172,3832,231,1772,141,2142,72,550,71,698,3232,29285,2107,34620,95,1679,87,1859,139,2166,125,2430,496,6075,353,6920,766,5381,308,6451,1050,4167,248,5460,1138,3612,187,4934,718,3439,146,4302,257,2038,177,2477,50,1071,137,1249,4712,29620,1764,36095,183,3508,177,3865,270,4418,290,4982,855,12014,819,13689,1281,10934,718,12929,1729,8541,561,10831,1834,7425,454,9712,1170,6635,325,8133,491,3809,320,4621,121,1618,211,1949,7940,58905,3875,70713
50402,66,1225,82,1369,67,1028,230,1324,119,1852,795,2763,195,1989,749,2932,346,2325,507,3173,420,2391,326,3139,283,2015,147,2451,158,1020,105,1284,36,259,58,356,1688,14098,3001,18784,66,1134,59,1260,66,890,46,1002,211,1819,119,2155,375,2106,115,2600,650,2276,121,3050,729,2221,123,3073,476,1956,111,2548,171,1112,100,1386,23,375,109,514,2775,13899,917,17590,125,2362,141,2630,133,1914,278,2331,331,3675,912,4921,569,4099,865,5532,992,4598,628,6223,1157,4612,451,6220,765,3973,258,4995,328,2132,210,2668,62,633,165,870,4468,27992,3921,36378
50403,209,4424,255,4885,191,4222,278,4696,605,9394,820,10820,893,9428,769,11092,1012,7696,671,9382,913,6559,479,7946,552,4266,250,5074,267,1914,159,2345,61,514,102,678,4704,48409,3793,56904,257,3956,234,4442,287,4000,274,4559,1047,10026,742,11813,1498,9092,601,11189,1672,7697,486,9855,1691,6239,339,8263,822,4242,275,5332,300,2100,209,2605,39,828,139,997,7598,48182,3291,59069,462,8376,487,9326,476,8226,553,9260,1655,19418,1562,22634,2386,18521,1368,22281,2679,15393,1165,19239,2603,12800,812,16210,1374,8507,521,10400,565,4015,371,4950,99,1336,237,1678,12304,96585,7084,115971
50501,183,5035,149,5365,193,4440,191,4822,377,7294,450,8116,750,9160,550,10457,1180,9478,575,11225,1461,8534,434,10433,1136,7416,290,8847,394,3165,188,3747,112,848,91,1044,5783,55363,2916,64062,187,4625,144,4953,239,3861,123,4226,530,7402,337,8275,1278,9394,313,10989,2080,9226,306,11604,2454,8628,287,11373,1566,7464,283,9311,461,3436,238,4135,88,1478,179,1750,8881,55510,2209,66606,368,9655,292,10317,430,8305,315,9052,907,14694,795,16389,2025,18556,857,21444,3261,18700,875,22833,3918,17166,724,21801,2708,14877,578,18157,853,6597,429,7877,195,2328,266,2794,14664,110874,5122,130669
50502,220,4864,225,5315,284,5227,401,5906,744,14433,1276,16452,1122,13504,1119,15746,1560,10539,759,12859,1591,8594,536,10723,1026,7011,374,8413,560,4362,334,5257,233,1661,205,2093,7333,70201,5229,82764,228,4475,245,4947,360,5441,337,6140,1146,15375,1053,17572,1755,13545,820,16124,2449,10207,542,13195,2684,8411,441,11536,1804,7818,478,10103,804,5494,459,6750,164,2945,314,3425,11387,73716,4687,89795,445,9344,472,10259,643,10668,740,12049,1886,29805,2329,34023,2876,27048,1942,31870,4011,20746,1301,26057,4275,17007,980,22258,2829,14834,854,18519,1362,9856,789,12003,389,4604,514,5514,18721,143912,9922,172558
50503,250,6484,362,7097,289,6132,422,6846,651,12229,968,13848,1100,12832,959,14889,1358,11770,906,14029,1125,8883,641,10647,732,5915,311,6962,406,2935,231,3570,102,778,150,1024,6020,67955,4941,78914,315,6111,335,6765,375,5876,311,6559,1294,13130,715,15137,2046,13196,677,15918,2283,11722,584,14585,2010,8657,402,11075,1133,6276,344,7753,392,3492,330,4214,73,1254,261,1592,9920,69712,3968,83602,568,12594,693,13859,666,12004,736,13403,1939,25364,1688,28995,3142,26028,1634,30810,3642,23491,1484,28617,3135,17538,1041,21721,1867,12190,653,14711,801,6423,560,7781,175,2035,411,2616,15937,137671,8903,162511
50601,129,2413,181,2721,102,2379,192,2667,379,5821,507,6711,682,6518,506,7707,569,4593,411,5572,535,3727,313,4577,382,2778,151,3306,157,1321,108,1589,50,324,59,426,2985,29869,2417,35273,134,2385,163,2684,169,2347,164,2680,723,6288,416,7429,1078,6345,392,7815,1018,4175,279,5471,931,3610,210,4755,571,2989,152,3710,188,1377,133,1703,28,467,89,581,4845,29970,2000,36821,254,4799,345,5404,270,4725,353,5350,1107,12108,920,14140,1762,12864,904,15526,1586,8759,690,11039,1472,7340,528,9336,949,5763,302,7019,352,2698,240,3289,79,784,142,1006,7829,59845,4422,72096
50602,69,1419,117,1599,119,2477,273,2868,342,6975,692,8001,435,5388,544,6363,490,3818,409,4720,523,3295,316,4138,326,2298,197,2823,128,1105,100,1330,43,387,66,499,2467,27154,2723,32341,69,1363,90,1526,161,2494,200,2859,473,6698,540,7712,601,4870,390,5860,727,3371,257,4350,801,2782,225,3809,482,2323,166,2973,148,1263,140,1551,26,673,122,819,3485,25837,2129,31450,135,2782,204,3126,281,4968,474,5725,815,13674,1231,15720,1036,10256,928,12221,1214,7182,672,9070,1324,6072,546,7947,802,4622,360,5790,271,2365,240,2880,69,1064,189,1318,5949,52992,4851,63786
50603,124,2820,110,3056,188,3863,284,4335,376,7045,631,8055,541,6027,424,6990,642,5024,318,5985,635,4055,245,4934,487,3286,146,3918,236,1795,159,2186,77,597,138,809,3297,34514,2455,40263,150,2745,120,3017,190,3364,213,3773,460,6383,494,7335,812,6169,333,7309,1007,4732,228,5976,1100,4047,198,5344,761,3492,165,4423,335,2088,244,2667,54,1021,306,1385,4874,34046,2303,41222,277,5564,233,6072,377,7227,503,8103,835,13429,1126,15390,1356,12198,754,14301,1646,9758,546,11957,1737,8096,449,10281,1249,6781,311,8341,562,3883,398,4849,126,1623,442,2191,8166,68558,4765,81486
50604,156,3643,251,4043,190,3852,371,4420,531,7176,1058,8758,828,8322,987,10134,877,6714,689,8278,681,5292,391,6373,564,4149,238,4954,274,1969,152,2388,53,552,116,717,4148,41657,4252,50056,188,3351,214,3753,263,3522,253,4035,754,7468,646,8866,1270,7903,555,9731,1369,6176,405,7942,1270,5048,258,6571,839,4117,260,5225,287,2269,219,2770,56,917,187,1156,6286,40774,2995,50054,345,6990,461,7795,451,7373,628,8452,1279,14638,1705,17620,2092,16226,1545,19859,2240,12884,1092,16225,1953,10345,647,12945,1411,8271,500,10175,558,4232,369,5162,103,1464,302,1869,10431,82431,7247,100107
50605,70,1698,72,1845,74,1529,101,1705,177,2729,229,3137,352,3307,249,3904,472,3222,231,3919,486,2829,210,3531,412,2424,125,2962,197,1386,97,1686,50,430,55,539,2289,19567,1370,23227,88,1584,85,1759,103,1299,58,1460,307,2844,166,3315,541,3349,173,4066,802,3013,149,3963,865,2680,144,3689,567,2574,127,3266,242,1532,126,1902,32,640,81,750,3540,19515,1117,24174,161,3291,160,3608,175,2831,163,3163,481,5577,389,6450,896,6654,423,7970,1268,6231,384,7889,1353,5508,350,7218,977,4996,249,6227,433,2924,229,3593,83,1069,137,1292,5832,39082,2488,47399
50606,43,855,59,964,33,779,64,867,88,1963,225,2276,194,1934,277,2407,186,1641,234,2067,213,1338,151,1699,110,884,88,1081,66,397,35,500,7,90,14,113,950,9892,1142,11974,41,930,41,1013,52,775,52,872,252,2243,134,2620,316,1945,111,2376,372,1549,91,2012,352,1277,71,1704,172,835,48,1054,50,369,36,455,5,114,12,138,1620,10028,587,12239,82,1784,104,1975,84,1555,112,1741,339,4206,351,4898,511,3875,386,4782,563,3191,320,4076,562,2613,225,3405,284,1718,133,2133,122,762,69,955,18,208,25,249,2565,19916,1734,24215
50607,54,1275,43,1370,58,1575,90,1729,128,2944,232,3307,191,2458,149,2796,299,2088,144,2538,415,1851,123,2388,264,1881,116,2263,92,928,101,1121,33,326,79,439,1541,15332,1078,17954,62,989,45,1098,111,1555,73,1741,164,2961,174,3302,327,2456,137,2925,534,2099,108,2739,663,1989,121,2771,483,1878,138,2508,171,1071,140,1382,44,577,165,794,2562,15578,1114,19254,116,2267,84,2471,166,3133,166,3465,291,5907,406,6604,519,4908,293,5723,831,4189,253,5276,1074,3841,245,5155,752,3767,256,4773,266,1996,245,2503,82,905,249,1233,4101,30912,2193,37202
50701,132,2977,147,3256,155,3269,200,3626,408,7574,556,8536,642,7804,596,9047,828,6443,428,7706,832,4939,298,6072,497,3617,219,4332,265,1747,192,2210,66,503,116,684,3834,38877,2754,45466,138,2862,122,3117,223,3295,168,3696,640,8057,425,9119,1170,7712,353,9228,1475,6072,274,7822,1410,4856,244,6511,750,3759,226,4736,243,1965,242,2446,46,835,213,1097,6104,39407,2263,47774,273,5837,263,6378,383,6570,368,7320,1043,15631,981,17653,1813,15513,950,18277,2304,12513,704,15520,2241,9798,542,12579,1253,7367,446,9066,512,3708,436,4655,119,1340,325,1782,9937,78285,5019,93241
50702,41,872,50,963,61,875,70,1005,124,2169,252,2541,204,2264,217,2681,341,2138,232,2714,447,2085,174,2703,293,1738,108,2141,133,914,78,1118,45,340,54,436,1689,13387,1227,16298,54,917,45,1016,76,998,84,1154,179,2385,199,2759,346,2268,152,2765,602,2103,138,2848,769,1944,111,2829,451,1745,119,2313,149,1042,92,1287,35,534,103,668,2659,13933,1044,17638,94,1790,91,1982,136,1874,151,2156,309,4553,448,5303,555,4529,368,5448,948,4234,377,5556,1211,4029,282,5531,738,3481,230,4455,276,1953,172,2407,78,874,157,1107,4353,27321,2269,33939
50703,48,1204,131,1385,71,1299,242,1609,172,3044,770,3988,297,3100,621,4018,269,2338,348,2950,222,1641,163,2031,143,1052,105,1301,72,519,34,628,11,146,23,179,1314,14354,2424,18092,74,1074,87,1230,73,1258,80,1413,368,3277,215,3861,481,3025,192,3693,477,2103,135,2719,416,1579,104,2106,219,1120,75,1416,74,570,44,685,6,208,22,236,2193,14221,953,17364,122,2275,217,2620,146,2559,314,3020,542,6327,984,7857,780,6124,808,7718,747,4440,483,5670,641,3222,268,4134,362,2177,183,2717,140,1089,76,1314,17,354,43,416,3505,28571,3378,35457
50704,123,3099,104,3325,141,2920,133,3197,264,4931,298,5497,511,5616,334,6463,845,5561,296,6704,1079,4935,287,6295,808,4660,214,5675,374,2577,178,3128,143,985,134,1261,4296,35280,1970,41551,159,3076,133,3370,211,2844,120,3175,359,5053,270,5682,857,6175,239,7274,1455,5725,221,7401,1820,5083,217,7119,1237,4986,219,6442,451,2986,211,3645,104,1758,241,2102,6651,37686,1874,46216,284,6178,233,6691,347,5766,259,6374,622,9989,566,11181,1376,11793,570,13737,2297,11279,521,14104,2900,10020,500,13415,2044,9643,435,12123,829,5565,381,6774,249,2740,376,3363,10944,72968,3851,87766
50705,182,4100,252,4536,180,3560,408,4142,468,7597,880,8950,717,7271,873,8860,881,7173,699,8747,958,6280,520,7755,585,4291,271,5146,356,2354,240,2947,81,635,138,853,4402,43258,4283,51935,186,3832,236,4249,238,3462,265,3968,846,7948,582,9380,1319,7735,467,9524,1607,7122,407,9141,1572,5928,299,7800,935,4551,270,5757,358,2592,311,3268,55,926,240,1225,7117,44113,3080,54306,374,7928,488,8784,419,7020,670,8106,1312,15550,1462,18324,2040,15011,1340,18382,2489,14296,1110,17886,2526,12208,818,15559,1516,8846,539,10901,713,4942,547,6210,134,1559,387,2083,11520,87373,7360,106248
50901,103,1635,182,1918,75,1166,126,1372,189,2596,422,3209,296,2666,431,3391,463,3037,361,3860,665,3452,354,4472,446,3310,288,4040,225,1735,177,2136,80,541,87,709,2540,20137,2435,25111,96,1479,161,1735,86,1041,90,1216,316,2562,232,3111,575,2735,230,3537,791,3081,283,4157,990,3327,298,4617,634,3145,301,4076,298,1775,217,2284,55,752,128,935,3835,19892,1932,25658,199,3109,344,3654,161,2210,216,2587,501,5160,655,6315,866,5399,663,6934,1252,6115,645,8013,1657,6781,649,9084,1084,6455,588,8126,520,3510,390,4420,141,1287,220,1644,6379,40027,4366,50772
50902,79,1215,193,1487,59,1028,188,1274,142,2233,513,2886,245,2339,500,3078,413,2843,574,3832,511,3600,594,4708,419,3446,455,4321,190,1598,270,2058,45,381,81,504,2096,18675,3361,24135,56,1086,146,1293,62,827,119,1017,235,2160,284,2677,437,2295,317,3048,664,2645,396,3703,842,3188,409,4435,581,2821,353,3758,194,1431,264,1894,31,537,114,686,3104,17000,2407,22507,137,2307,338,2781,118,1858,312,2283,375,4389,795,5560,681,4634,818,6125,1076,5490,966,7536,1353,6788,996,9141,1002,6267,806,8072,388,3027,533,3947,72,924,197,1196,5200,35682,5762,46644
50903,16,380,66,463,25,371,55,455,63,790,103,953,98,873,139,1114,133,1063,145,1342,203,1156,171,1521,136,1118,131,1387,58,552,85,692,20,145,38,203,752,6457,924,8132,23,343,58,425,22,316,50,379,90,795,107,992,147,833,133,1109,227,893,124,1247,281,1054,129,1462,158,909,108,1174,57,502,95,659,11,197,60,268,1020,5835,871,7726,43,724,118,891,42,691,105,836,149,1586,208,1943,246,1705,276,2226,363,1957,268,2586,485,2208,296,2989,295,2027,241,2561,116,1057,179,1351,28,349,96,471,1776,12292,1792,15859
51001,49,822,187,1062,77,775,223,1077,169,2070,527,2770,200,1844,442,2490,167,1711,479,2355,115,1404,367,1892,75,805,188,1070,17,238,66,321,0,45,13,66,880,9717,2487,13093,66,841,202,1110,126,845,195,1161,289,2423,576,3291,295,2053,430,2778,311,1618,378,2305,220,1378,282,1882,91,644,149,885,25,211,55,290,3,54,29,81,1423,10065,2299,13786,118,1666,390,2175,197,1621,414,2235,461,4497,1102,6066,492,3898,874,5272,471,3326,862,4658,340,2781,651,3773,169,1448,338,1958,43,450,115,607,6,100,38,139,2302,19782,4784,26876
51002,47,481,108,639,28,571,189,798,121,2093,773,2988,131,2034,724,2886,102,1534,551,2195,86,1207,417,1704,22,302,81,409,4,69,12,86,0,16,3,19,545,8306,2869,11720,25,442,88,556,37,513,133,694,126,1855,420,2405,183,1468,310,1966,112,959,232,1304,95,686,157,944,37,230,39,308,10,47,22,77,0,18,4,23,630,6227,1413,8268,66,927,203,1200,74,1089,327,1489,249,3947,1194,5394,313,3500,1036,4851,218,2491,788,3497,180,1897,571,2645,56,530,123,716,8,115,32,157,4,28,7,39,1177,14530,4282,19985
51003,23,648,153,819,23,623,210,858,103,2159,700,2958,197,2386,723,3304,118,1776,495,2392,82,1185,332,1594,19,323,97,445,10,78,15,105,0,8,4,12,574,9185,2731,12489,34,498,111,637,21,534,127,686,140,2081,449,2670,203,1945,392,2538,182,1327,257,1770,73,766,174,1018,35,242,50,330,10,59,12,80,0,7,0,10,705,7460,1577,9732,56,1143,263,1455,43,1159,340,1542,244,4239,1148,5629,402,4327,1111,5841,300,3104,759,4161,160,1953,504,2611,57,570,147,775,20,140,26,186,0,14,3,19,1275,16647,4305,22223
51101,21,397,60,482,16,314,63,389,39,754,119,909,73,755,103,933,106,880,154,1145,137,892,130,1162,77,689,104,876,38,393,83,504,11,102,15,127,516,5177,826,6518,14,333,55,403,14,306,34,359,81,780,81,941,136,728,111,974,175,775,99,1054,195,773,93,1059,112,636,81,832,49,416,68,535,13,159,18,190,799,4902,643,6340,37,730,112,885,35,616,98,749,121,1529,196,1852,208,1483,210,1905,280,1657,259,2190,334,1662,224,2219,195,1326,184,1705,92,801,150,1039,23,260,27,315,1312,10078,1465,12856
51102,8,182,48,237,9,188,56,250,37,514,119,661,41,495,108,637,55,550,122,722,67,549,88,709,41,438,68,542,20,164,39,227,3,25,6,35,276,3107,649,4030,11,158,33,203,14,210,54,285,47,617,104,767,55,486,94,632,78,461,80,616,98,438,80,613,40,320,49,411,14,140,26,184,0,37,14,55,358,2869,540,3763,19,341,86,445,26,398,112,533,82,1130,218,1432,91,978,200,1271,129,1009,197,1335,165,991,167,1322,77,759,118,953,38,309,66,410,3,64,27,90,635,5973,1189,7794
51103,26,921,138,1082,35,1116,298,1448,126,2610,732,3471,179,2319,606,3105,190,2156,543,2891,186,1995,420,2599,99,1049,208,1364,30,359,67,460,4,70,15,82,880,12593,3028,16500,36,826,153,1013,57,956,183,1194,177,2333,399,2906,277,2021,339,2638,273,1817,277,2373,258,1550,253,2064,113,805,126,1041,35,315,51,407,3,122,23,154,1231,10747,1807,13779,63,1738,283,2092,94,2070,484,2642,304,4944,1123,6379,455,4338,951,5744,461,3979,821,5261,439,3546,672,4655,211,1855,335,2404,64,679,122,871,10,190,37,236,2113,23344,4836,30285
51104,85,1324,223,1637,64,1128,222,1419,134,2491,608,3233,248,2467,592,3304,354,2823,572,3748,443,3042,501,3984,307,2570,343,3211,175,1236,214,1623,54,351,84,484,1850,17427,3365,22639,71,1244,187,1504,64,1092,170,1320,274,2414,370,3058,483,2446,437,3362,600,2751,369,3723,690,2715,343,3746,442,2327,321,3090,165,1236,201,1601,35,466,121,620,2833,16686,2523,22030,155,2569,416,3142,125,2226,390,2738,404,4907,978,6293,729,4912,1026,6665,955,5570,944,7469,1136,5755,841,7731,748,4892,661,6302,338,2469,415,3224,88,814,202,1108,4681,34110,5883,44672
59797,0,3,7,7,0,9,13,25,0,54,44,99,6,82,71,157,0,54,46,103,0,30,20,55,0,6,4,14,0,0,0,0,0,0,0,0,15,243,202,455,0,0,0,3,0,5,5,11,0,8,3,14,0,9,3,11,0,5,8,9,0,5,0,3,0,5,0,4,0,0,0,0,0,0,0,0,0,39,19,61,0,5,3,6,0,15,15,31,0,67,46,116,6,90,80,170,0,61,48,109,0,35,21,62,0,9,3,18,0,0,0,0,0,0,0,0,15,280,222,516
59999,12,65,44,118,14,157,133,295,27,402,391,822,38,359,531,926,36,297,514,842,29,303,331,667,25,269,152,444,3,64,48,118,0,7,9,14,175,1922,2149,4247,12,74,60,147,12,141,103,256,21,404,266,692,55,277,284,613,38,213,219,468,43,278,160,477,24,197,95,316,0,23,14,38,0,5,12,16,205,1613,1215,3030,22,137,104,261,24,297,237,562,51,803,659,1512,88,637,809,1543,67,508,737,1313,70,578,493,1144,50,467,243,758,5,92,61,155,0,12,23,30,380,3536,3360,7285
