SA3_CODE_2021,Aust_BP_B_OS,Aust_FO_B_OS,Aust_MO_B_OS,Aust_Both_parents_born_Aust,Aust_Birthplace_not_stated,Aust_Tot_resp,Aust_Abor_BP_B_OS,Aust_Abor_FO_B_OS,Aust_Abor_MO_B_OS,Aust_Abor_BP_B_Aus,Aust_Abor_BP_NS,Aust_Abor_Tot_resp,Chinese_BP_B_OS,Chinese_FO_B_OS,Chinese_MO_B_OS,Chinese_BP_B_Aus,Chinese_BP_NS,Chinese_Tot_resp,Croatian_BP_B_OS,Croatian_FO_B_OS,Croatian_MO_B_OS,Croatian_BP_B_Aus,Croatian_BP_NS,Croatian_Tot_resp,Dutch_BP_B_OS,Dutch_FO_B_OS,Dutch_MO_B_OS,Dutch_BP_B_Aus,Dutch_BP_NS,Dutch_Tot_resp,English_BP_B_OS,English_FO_B_OS,English_MO_B_OS,English_BP_B_Aus,English_BP_NS,English_Tot_resp,Filipino_BP_B_OS,Filipino_FO_B_OS,Filipino_MO_B_OS,Filipino_BP_B_Aus,Filipino_BP_NS,Filipino_Tot_resp,French_BP_B_OS,French_FO_B_OS,French_MO_B_OS,French_BP_B_Aus,French_BP_NS,French_Tot_resp,German_BP_B_OS,German_FO_B_OS,German_MO_B_OS,German_BP_B_Aus,German_BP_NS,German_Tot_resp,Greek_BP_B_OS,Greek_FO_B_OS,Greek_MO_B_OS,Greek_BP_B_Aus,Greek_BP_NS,Greek_Tot_resp,Hungarian_BP_B_OS,Hungarian_FO_B_OS,Hungarian_MO_B_OS,Hungarian_BP_B_Aus,Hungarian_BP_NS,Hungarian_Tot_resp,Indian_BP_B_OS,Indian_FO_B_OS,Indian_MO_B_OS,Indian_BP_B_Aus,Indian_BP_NS,Indian_Tot_resp,Irish_BP_B_OS,Irish_FO_B_OS,Irish_MO_B_OS,Irish_BP_B_Aus,Irish_BP_NS,Irish_Tot_resp,Italian_BP_B_OS,Italian_FO_B_OS,Italian_MO_B_OS,Italian_BP_B_Aus,Italian_BP_NS,Italian_Tot_resp,Korean_BP_B_OS,Korean_FO_B_OS,Korean_MO_B_OS,Korean_BP_B_Aus,Korean_BP_NS,Korean_Tot_resp,Lebanese_BP_B_OS,Lebanese_FO_B_OS,Lebanese_MO_B_OS,Lebanese_BP_B_Aus,Lebanese_BP_NS,Lebanese_Tot_resp,Macedonian_BP_B_OS,Macdonian_FO_B_OS,Macdonian_MO_B_OS,Macdonian_BP_B_Aus,Macdonian_BP_NS,Macedonian_Tot_resp,Maltese_BP_B_OS,Maltese_FO_B_OS,Maltese_MO_B_OS,Maltese_BP_B_Aus,Maltese_BP_NS,Maltese_Tot_resp,Maori_BP_B_OS,Maori_FO_B_OS,Maori_MO_B_OS,Maori_BP_B_Aus,Maori_BP_NS,Maori_Tot_resp,NZ_BP_B_OS,NZ_FO_B_OS,NZ_MO_B_OS,NZ_BP_B_Aus,NZ_BP_NS,NZ_Tot_resp,Polish_BP_B_OS,Polish_FO_B_OS,Polish_MO_B_OS,Polish_BP_B_Aus,Polish_BP_NS,Polish_Tot_resp,Russian_BP_B_OS,Russian_FO_B_OS,Russian_MO_B_OS,Russian_BP_B_Aus,Russian_BP_NS,Russian_Tot_resp,Samoan_BP_B_OS,Samoan_FO_B_OS,Samoan_MO_B_OS,Samoan_BP_B_Aus,Samoan_BP_NS,Samoan_Tot_resp,Scottish_BP_B_OS,Scottish_FO_B_OS,Scottish_MO_B_OS,Scottish_BP_B_Aus,Scottish_BP_NS,Scottish_Tot_resp,Serbian_BP_B_OS,Serbian_FO_B_OS,Serbian_MO_B_OS,Serbian_BP_B_Aus,Serbian_BP_NS,Serbian_Tot_resp,Sth_African_BP_B_OS,Sth_African_FO_B_OS,Sth_African_MO_B_OS,Sth_Afrcan_BP_B_Aus,Sth_African_BP_NS,Sth_African_Tot_resp,Spanish_BP_B_OS,Spanish_FO_B_OS,Spanish_MO_B_OS,Spanish_BP_B_Aus,Spanish_BP_NS,Spanish_Tot_resp,Sri_Lankan_BP_B_OS,Sri_Lankan_FO_B_OS,Sri_Lankan_MO_B_OS,Sri_Lankan_BP_B_Aus,Sri_Lankan_BP_NS,Sri_Lankan_Tot_resp,Vietnamese_BP_B_OS,Vietnamese_FO_B_OS,Vietnamese_MO_B_OS,Vietnamese_BP_B_Aus,Vietnamese_BP_NS,Vietnamese_Tot_resp,Welsh_BP_B_OS,Welsh_FO_B_OS,Welsh_MO_B_OS,Welsh_BP_B_Aus,Welsh_BP_NS,Welsh_Tot_resp,Other_BP_B_OS,Other_FO_B_OS,Other_MO_B_OS,Other_BP_B_Aus,Other_BP_NS,Other_Tot_resp,Ancestry_NS_BP_B_OS,Ancestry_NS_FO_B_OS,Ancestry_NS_MO_B_OS,Ancestry_NS_BP_B_Aus,Ancestry_NS_BP_NS,Ancestry_NS_Tot_resp,Tot_P_BP_B_OS,Tot_P_FO_B_OS,Tot_P_MO_B_OS,Tot_P_BP_B_Aus,Tot_P_BP_NS,Tot_P_Tot_resp
50101,477,2878,2529,15937,230,22040,5,71,37,885,11,1009,297,28,33,59,6,417,70,33,21,145,4,281,601,170,118,396,14,1302,7750,2837,2344,14355,275,27560,269,14,59,23,0,361,336,30,55,102,0,526,775,178,173,1043,16,2189,66,38,15,112,5,235,49,18,5,34,0,115,174,24,24,45,0,270,1489,534,367,3726,47,6166,656,252,120,1164,21,2217,87,0,11,0,0,101,10,8,3,5,0,26,13,9,8,32,0,63,37,15,11,33,0,103,188,74,42,26,0,325,376,206,116,52,9,761,180,54,43,100,5,383,67,7,11,41,0,137,9,0,0,0,0,8,1635,586,440,3421,35,6125,27,4,5,10,0,49,347,76,56,20,3,498,143,15,17,95,5,272,40,10,8,10,0,68,83,8,3,8,3,99,290,59,40,155,5,548,2150,431,472,549,33,3630,111,43,38,303,3461,3955,14418,5012,4135,29748,4019,57332
50102,903,4783,3733,31971,346,41737,24,216,110,3132,65,3543,842,28,58,79,4,1018,105,54,44,174,6,376,1083,331,227,619,12,2269,11365,4814,3786,27951,434,48343,1619,12,132,27,10,1803,246,45,32,185,3,509,1013,294,208,1985,26,3526,101,55,18,233,6,410,56,23,9,35,0,128,760,43,26,76,0,898,2233,712,593,6161,57,9759,1811,806,309,3985,43,6949,148,0,23,3,0,173,70,13,9,9,0,101,26,8,8,49,0,86,40,26,17,44,0,121,1089,192,129,53,19,1482,574,323,167,124,12,1203,478,111,99,333,6,1029,151,14,17,41,0,230,54,6,6,0,0,67,2597,926,781,6036,72,10410,51,11,8,19,0,85,1032,72,80,40,0,1218,172,29,23,136,0,362,38,8,8,8,0,67,132,5,20,3,3,160,386,120,71,324,6,899,4004,583,539,1012,50,6187,251,52,51,495,6173,7024,26266,8588,6526,59090,7080,107549
50103,202,1024,858,6843,119,9043,5,53,16,494,4,573,96,4,6,14,0,117,39,17,8,40,0,107,246,88,47,114,3,501,2965,1108,827,6326,176,11399,112,0,19,5,0,134,70,9,8,31,0,119,269,77,72,415,7,843,31,4,3,24,0,57,27,3,0,7,0,41,80,13,9,9,0,110,499,201,131,1444,35,2314,397,163,72,739,10,1383,11,0,4,0,0,17,7,0,0,0,0,16,122,13,8,57,0,205,14,10,0,5,0,37,60,15,26,3,3,108,124,57,42,23,6,253,87,13,9,48,3,159,18,4,3,3,0,33,0,0,0,0,0,0,597,222,177,1525,34,2554,15,0,0,5,0,23,76,17,12,4,0,100,27,3,3,33,0,68,5,4,0,0,0,10,31,0,8,0,0,33,91,38,9,54,0,188,696,139,122,277,20,1250,60,33,10,141,1668,1917,5617,1984,1450,12832,1975,23863
50201,1017,5098,4198,28226,420,38970,28,196,123,2597,60,2996,749,34,45,94,3,923,181,88,37,205,3,521,1275,290,222,536,14,2334,18138,4918,4048,24129,520,51762,1310,23,180,35,10,1567,332,37,30,133,5,537,1119,259,226,1814,20,3437,108,51,16,143,0,315,107,18,9,41,3,179,743,45,45,57,0,898,3346,742,523,5548,84,10242,968,446,212,1774,34,3424,95,8,14,0,0,118,19,3,0,16,0,45,23,3,4,29,3,64,99,30,13,67,0,211,1231,217,118,83,9,1654,780,278,197,136,3,1399,362,54,42,202,0,671,140,21,15,46,4,224,120,22,0,0,0,152,3894,901,803,5349,74,11017,60,21,12,31,0,120,940,88,74,28,13,1141,228,25,17,118,4,392,77,10,8,6,0,103,160,0,25,6,0,190,732,116,85,242,4,1180,4489,663,624,950,56,6784,360,59,45,504,5934,6907,33858,8598,6877,51313,6996,107641
50301,634,3590,3226,14538,104,22095,13,45,24,391,0,473,4832,182,342,192,24,5570,230,105,56,377,10,775,822,215,136,324,3,1496,8937,3398,2626,14094,140,29189,182,7,65,4,4,269,495,53,59,135,0,749,1049,243,197,1089,10,2593,314,169,65,481,4,1033,126,27,22,37,0,210,1374,96,110,66,4,1654,2455,748,531,4855,29,8615,1209,481,235,1402,13,3348,118,12,24,4,4,162,68,7,8,38,0,112,82,19,19,87,0,213,30,18,0,42,0,97,65,9,18,6,0,98,276,103,88,52,0,524,470,86,72,166,0,798,205,28,24,26,0,287,16,0,0,0,0,20,2406,863,619,4418,31,8333,99,14,20,16,0,149,825,107,104,14,0,1056,241,21,26,65,0,344,255,43,22,15,0,340,312,11,36,9,0,365,405,70,65,208,3,751,5732,723,855,812,39,8155,151,29,18,135,2531,2861,27071,6592,5494,29711,2861,71735
50302,1046,4883,3810,16573,212,26517,32,73,56,724,8,902,7752,226,336,255,41,8605,484,143,114,523,5,1271,939,316,215,551,13,2030,12876,4452,3350,15787,227,36691,1021,25,141,18,3,1213,868,94,86,201,3,1250,1492,344,232,1477,24,3566,702,244,135,608,4,1696,210,32,44,69,0,360,3218,151,106,101,18,3594,4413,1095,797,6016,61,12384,3626,1016,467,2739,41,7882,804,15,25,15,0,865,107,14,26,30,0,177,373,69,55,142,0,637,92,48,13,70,6,229,351,66,33,23,0,472,540,217,124,36,5,927,848,145,119,336,6,1451,417,37,52,54,3,556,45,16,3,5,0,69,3584,1026,768,4786,53,10223,426,31,30,50,8,546,756,89,95,25,3,970,681,29,40,91,10,849,270,36,26,28,3,364,1352,54,69,43,4,1521,554,130,73,276,4,1033,14764,1227,1224,1246,99,18559,486,26,16,168,6176,6866,52750,9253,7071,34594,6865,110530
50401,1249,3734,2985,13654,176,21794,30,117,52,1204,36,1435,4934,150,233,130,22,5471,462,133,81,353,7,1034,770,221,160,391,7,1548,9336,3337,2479,11801,193,27148,1256,25,109,33,6,1429,500,52,30,124,3,709,938,215,178,934,21,2279,450,134,53,302,8,941,121,29,20,33,6,220,2735,147,112,95,9,3101,2829,775,499,3801,44,7945,3412,975,457,2541,39,7425,318,0,37,7,0,366,97,16,8,24,0,139,295,50,27,113,3,493,162,31,23,73,0,288,501,86,50,22,8,668,448,185,98,43,12,779,826,84,105,259,15,1278,249,20,22,35,0,330,48,7,0,0,0,68,2366,743,572,3076,38,6796,614,49,37,52,0,759,525,80,73,18,5,696,307,31,18,66,0,421,283,26,37,30,0,373,2478,45,82,47,9,2664,374,70,55,184,0,680,10339,928,922,976,91,13257,554,44,30,159,3461,4245,40693,7177,5442,27087,4068,84462
50402,361,2440,1959,10777,147,15686,12,65,54,990,27,1146,295,31,44,74,5,446,162,50,19,144,4,377,593,168,104,275,7,1147,6767,2217,1765,8692,162,19602,607,18,34,9,0,671,173,31,22,80,0,305,570,145,101,661,14,1494,65,30,12,72,3,183,72,14,9,45,0,141,361,45,14,35,0,459,1271,356,243,2046,26,3935,719,291,123,888,9,2023,17,0,6,0,0,23,7,4,0,5,0,15,22,7,4,24,0,56,35,13,7,32,7,92,214,41,44,9,0,305,289,137,67,45,10,553,277,50,36,104,0,469,59,10,10,30,5,108,12,0,0,0,0,13,1496,497,359,2219,20,4594,45,7,0,8,0,57,283,35,18,9,3,351,78,16,4,33,0,127,32,13,6,7,0,59,51,0,0,0,0,57,289,56,56,116,4,519,1917,411,338,511,27,3199,100,26,23,151,3741,4035,13342,4064,3108,19175,4102,43792
50403,2715,6428,5354,28047,364,42919,51,311,207,3978,72,4626,3592,77,182,132,18,4010,774,188,115,618,12,1712,1209,360,215,707,10,2492,18198,5705,4571,22167,466,51112,4200,56,272,38,26,4592,553,65,64,132,5,825,1387,362,310,1725,26,3810,283,137,72,326,5,824,229,34,29,72,0,374,6412,209,125,152,19,6914,3760,971,656,5108,71,10560,2565,1027,566,3449,50,7658,171,4,17,4,6,195,100,36,7,33,0,177,414,92,53,160,8,726,192,76,43,113,3,426,2115,244,171,87,15,2639,1088,406,259,137,12,1899,814,159,125,411,9,1517,217,21,31,35,0,301,202,34,11,3,0,258,4176,1088,908,4911,68,11144,529,51,23,49,4,659,1326,128,116,43,6,1619,590,39,32,138,6,804,331,41,9,20,5,413,2847,50,87,64,7,3055,581,121,90,259,3,1067,21608,1442,1271,1553,191,26064,1196,80,87,436,6604,8396,68819,11517,9106,51097,7778,148324
50501,1895,8314,6937,31324,244,48719,28,128,85,1094,12,1346,3294,131,208,229,14,3878,550,202,95,555,0,1408,2172,470,300,806,8,3758,36126,7178,5875,24608,352,74137,774,48,150,40,6,1021,868,114,74,225,7,1283,2732,467,396,1918,22,5523,554,191,103,414,3,1268,294,59,32,52,4,443,2361,163,122,132,10,2782,9651,1443,1045,7254,75,19460,2998,1039,521,3045,35,7630,191,9,24,0,0,224,108,25,9,50,0,190,401,96,55,230,0,789,171,59,41,109,0,387,757,155,94,38,10,1054,1170,497,285,99,0,2046,1338,165,161,299,10,1969,376,21,49,52,4,505,69,7,8,0,0,83,8634,1515,1086,6349,61,17649,289,40,17,45,0,383,3444,243,185,30,3,3913,531,48,56,120,5,768,196,36,32,30,0,298,502,17,57,12,3,595,1668,181,131,362,6,2351,11162,1379,1530,1480,101,15646,613,81,69,391,4430,5587,74697,13847,11188,55680,5225,160641
50502,3206,8586,6774,32130,371,51061,76,203,80,1975,35,2378,10413,226,436,271,47,11401,1503,370,180,1016,12,3084,1754,523,293,803,14,3388,22343,7436,5397,27928,486,63590,2003,27,199,44,6,2287,1095,124,97,243,12,1564,2443,454,433,2285,37,5656,1609,390,194,1071,19,3279,419,76,34,82,0,617,6787,231,173,165,20,7383,6891,1631,1099,9027,108,18765,9351,2411,1089,6643,95,19575,557,4,44,18,7,624,197,38,22,48,0,302,2659,346,246,744,22,4012,180,64,56,132,0,428,983,150,90,35,9,1266,1038,399,238,120,8,1806,1673,230,211,426,16,2559,662,37,92,98,5,901,98,32,8,3,0,141,5394,1605,1189,7302,73,15566,1146,85,56,80,9,1375,2228,203,208,58,3,2697,908,63,63,190,3,1225,478,44,33,45,0,594,4222,87,139,73,20,4538,822,197,99,468,0,1591,30974,1998,2219,2015,240,37441,1606,104,56,438,9199,11409,104321,16443,12273,64555,10557,208149
50503,3707,9284,7939,33464,365,54762,76,301,182,3220,65,3845,4396,103,218,234,24,4972,736,206,103,514,16,1570,2140,436,281,773,24,3648,42614,7981,6861,24770,590,82824,3228,57,255,91,11,3647,929,77,62,198,4,1270,2557,479,385,1920,39,5374,537,197,104,435,7,1276,358,35,31,57,4,486,6515,175,116,162,18,6992,9397,1265,1011,5920,122,17723,3468,1338,688,4042,53,9590,264,8,25,3,0,301,163,51,24,49,0,289,1679,320,150,412,15,2574,233,76,39,126,0,478,2905,389,227,111,21,3655,1769,628,372,177,16,2955,1189,154,114,342,10,1809,368,29,66,66,6,535,312,42,22,10,6,385,9534,1397,1235,5502,109,17781,761,60,23,67,6,913,4527,242,215,50,12,5046,716,82,61,176,9,1039,225,40,22,39,0,328,4749,85,147,94,16,5088,1733,195,159,268,8,2370,25514,1867,1677,1748,215,31027,1819,125,96,557,8159,10760,111568,15940,12983,58408,9607,208506
50601,1668,4521,3473,16886,249,26795,32,168,146,2344,82,2769,3405,77,161,87,8,3749,150,52,32,159,7,395,1461,450,267,823,17,3019,13240,4028,3241,13527,339,34367,2399,26,129,39,12,2604,285,35,29,95,4,445,892,223,170,1063,17,2362,61,37,27,89,0,212,142,13,11,32,0,196,6105,116,56,69,9,6354,2236,562,415,2905,33,6148,923,448,247,1460,12,3095,350,3,10,0,0,367,98,28,12,25,0,161,24,10,3,24,0,64,65,27,15,54,5,161,1073,120,104,51,27,1372,620,269,136,75,18,1116,334,55,38,132,0,562,122,19,14,52,0,213,175,11,3,10,0,197,2687,783,566,3042,52,7125,77,13,6,24,0,120,1044,142,60,37,0,1289,297,23,21,80,4,426,443,11,6,16,0,472,195,9,10,5,0,225,430,91,63,159,3,750,13527,877,733,906,73,16117,581,62,39,280,4402,5369,45422,7614,5784,30213,5152,94184
50602,1049,2981,2406,11826,193,18449,20,122,63,1367,41,1613,5454,95,211,123,27,5911,246,57,42,192,6,540,551,183,101,358,5,1196,7700,2690,2137,10175,194,22898,1688,34,141,16,4,1887,382,54,28,81,3,543,793,173,159,950,5,2082,175,63,33,140,0,411,112,23,9,25,4,182,2865,81,74,67,8,3091,2257,578,420,3107,56,6414,1653,454,217,1477,28,3829,609,6,21,3,0,643,116,40,18,29,0,204,62,12,11,47,0,137,67,22,16,58,0,167,654,58,52,31,14,811,464,151,95,26,3,746,470,82,65,190,5,809,191,9,10,29,3,240,108,6,9,9,0,127,2026,588,491,2600,24,5722,120,8,10,23,0,152,411,51,36,22,0,520,324,13,25,50,3,419,300,31,19,21,0,367,765,10,53,18,4,845,271,59,46,162,0,528,12904,689,758,758,95,15211,516,20,33,161,4554,5281,37537,5377,4380,22883,5141,75312
50603,1361,3024,2501,11569,249,18701,32,92,65,1044,22,1258,16986,203,430,189,100,17905,187,52,33,180,3,450,771,213,159,408,7,1557,9402,2760,2066,10196,221,24647,1783,34,103,29,12,1960,301,21,28,88,0,444,755,139,122,782,21,1824,135,42,22,117,0,323,103,9,8,17,3,141,7686,116,68,65,22,7953,1958,526,355,2678,36,5548,1472,377,197,1209,28,3284,1444,12,32,5,0,1495,133,29,13,31,0,205,33,5,5,33,0,72,67,17,3,29,0,115,439,39,39,20,4,543,381,154,91,24,0,656,411,66,45,122,8,645,212,14,23,22,3,275,124,14,0,0,0,143,2024,599,444,2484,40,5586,79,9,12,10,0,110,633,63,63,15,3,772,293,16,22,33,3,373,778,7,8,12,3,818,791,35,40,4,3,872,307,85,49,154,0,599,20268,786,854,727,134,22772,759,38,29,140,3968,4930,62331,5505,4522,22032,4752,99139
50604,2433,4375,3588,17612,260,28271,46,198,119,2534,68,2967,11033,140,299,166,57,11694,191,56,45,164,0,459,1061,289,215,547,12,2125,13871,3919,3153,14052,312,35311,4214,22,177,22,8,4453,381,26,29,109,4,545,973,241,208,996,21,2443,109,41,31,109,3,295,116,22,12,41,0,192,7968,138,125,139,26,8395,2572,555,439,3060,35,6664,1465,500,261,1591,21,3842,680,6,19,6,0,716,247,35,28,36,0,343,43,3,7,33,0,83,97,37,14,48,0,199,1250,165,104,37,17,1569,605,227,114,66,3,1019,440,94,44,202,7,781,149,3,19,30,0,207,186,26,0,0,0,214,2794,767,561,3104,49,7283,188,15,12,15,0,230,1004,86,105,39,4,1239,426,30,17,59,0,534,673,19,7,4,6,718,678,25,41,11,0,750,414,73,61,151,0,703,27853,1199,1053,1115,172,31390,1179,48,78,276,6705,8280,72787,7749,6317,31906,7616,126376
50605,721,3079,2377,13507,118,19799,18,110,54,1132,19,1319,1174,36,71,69,7,1350,135,70,33,203,0,441,746,205,155,358,10,1472,8997,2848,2179,10967,209,25196,893,13,55,23,0,990,241,30,24,78,9,371,738,205,147,899,25,2012,81,25,17,79,4,206,98,25,15,36,4,173,1357,60,58,49,5,1529,2020,519,352,2723,32,5640,1277,477,238,1549,16,3556,58,0,17,5,0,81,47,17,7,14,0,88,16,11,4,21,0,51,34,21,19,38,0,114,495,47,46,21,4,608,420,201,92,55,4,772,307,70,30,152,3,560,102,21,19,31,0,173,60,3,0,3,0,71,1996,551,439,2697,43,5732,76,19,8,20,0,122,422,62,57,23,4,567,124,16,10,54,0,208,95,17,8,17,0,128,95,8,9,10,0,120,306,72,34,119,0,524,4812,519,524,676,50,6581,199,28,25,211,2287,2746,22271,5326,4003,24435,2724,58762
50606,452,1842,1565,8298,72,12230,7,72,51,700,7,842,235,7,23,30,5,299,45,21,5,87,0,160,649,214,173,426,0,1464,4864,1577,1451,6072,96,14062,346,9,25,8,5,388,90,23,15,36,0,160,262,84,84,428,12,865,31,11,8,29,0,77,22,4,7,9,0,43,738,31,8,23,0,803,794,188,162,1152,14,2318,326,137,90,652,8,1216,15,0,4,0,0,23,11,5,3,10,0,29,5,0,0,8,0,16,19,11,4,25,0,54,366,66,46,18,3,502,282,123,62,33,6,502,64,22,23,61,0,167,11,9,0,13,0,36,32,9,4,0,3,44,972,284,254,1127,19,2661,36,0,0,9,0,42,377,57,45,13,3,498,63,13,8,19,0,96,26,5,0,8,0,47,44,0,0,0,4,46,140,33,33,49,5,258,2642,304,243,333,7,3531,128,20,15,122,1649,1934,11230,2961,2508,13692,1862,32242
50607,419,1918,1612,8006,81,12040,13,37,23,503,19,594,3829,95,172,99,20,4224,157,53,46,200,9,455,391,135,91,257,3,875,5008,1762,1373,7300,106,15550,326,8,60,12,0,409,264,30,29,72,0,391,455,103,93,639,9,1301,172,38,26,125,5,375,80,12,5,16,0,113,1259,57,54,30,8,1404,1298,343,268,2407,26,4349,903,306,165,1039,5,2416,246,0,12,9,0,262,54,17,0,9,0,77,47,4,8,22,0,87,35,18,14,26,0,90,112,16,22,3,0,158,192,88,46,24,0,351,296,51,45,105,3,504,118,5,25,17,0,167,13,0,0,0,0,15,1323,400,311,1952,15,3997,71,11,6,5,0,96,372,41,44,14,0,466,176,12,15,35,0,237,144,19,7,10,0,177,277,8,13,5,4,310,212,41,23,108,0,381,4987,421,458,524,44,6431,181,10,11,86,2000,2290,19039,3431,2872,15808,2302,43448
50701,1586,5266,4470,21686,236,33241,21,138,105,1877,35,2174,5490,112,220,135,29,5987,1931,427,183,951,31,3515,991,274,228,601,14,2094,14253,4565,3827,17180,298,40115,3055,20,174,37,6,3288,596,68,65,117,8,853,1318,300,238,1298,23,3176,142,72,39,174,3,427,140,25,23,42,0,228,3046,124,77,92,6,3339,3392,782,666,4394,35,9271,4102,1342,678,4102,66,10281,503,4,19,4,0,530,123,19,13,28,0,187,78,21,8,65,4,174,140,32,23,100,0,291,1035,178,68,49,8,1336,756,306,184,97,3,1351,621,108,98,218,3,1046,298,16,29,33,0,377,136,13,13,0,0,160,3808,1050,777,4288,44,9966,930,47,38,56,5,1073,1387,160,142,58,4,1751,598,51,37,128,0,821,242,26,11,18,0,296,356,18,42,8,4,428,540,110,85,215,3,954,12393,1269,1324,1514,114,16616,587,64,33,277,4498,5455,52514,9787,7847,40395,5277,115824
50702,385,2167,1664,7269,67,11553,7,46,33,484,12,579,414,45,59,70,0,588,363,110,46,278,5,808,412,139,95,208,3,852,5641,2023,1635,7705,98,17102,167,4,24,9,0,202,355,67,54,71,4,551,744,162,159,679,7,1741,78,36,26,103,3,252,63,15,11,27,8,128,272,47,27,23,0,380,1666,531,415,3024,28,5670,1769,430,225,1164,27,3613,33,7,10,0,0,47,30,0,4,16,0,54,18,5,4,14,0,46,43,20,6,22,5,94,105,28,10,9,0,155,188,72,39,37,3,334,229,48,40,86,4,406,85,11,21,25,0,148,13,3,0,0,0,20,1575,496,392,2384,17,4867,116,12,14,5,0,146,204,34,32,26,0,292,219,14,24,60,0,329,24,14,7,3,0,56,45,5,12,0,0,63,308,74,39,141,0,561,2643,505,460,539,35,4178,114,20,15,107,2267,2508,14126,4061,3118,16086,2524,39910
50703,726,2070,1692,8765,112,13366,10,93,73,1259,27,1455,945,24,44,36,11,1061,105,38,12,131,0,283,385,118,75,249,0,829,5885,1864,1570,6695,123,16132,3008,26,91,31,0,3164,160,8,23,36,0,227,435,123,89,561,10,1210,37,15,17,62,0,128,32,6,5,19,0,62,1844,47,26,29,3,1948,1055,258,186,1357,17,2878,398,248,100,850,12,1610,195,4,17,11,0,223,16,11,0,14,3,47,26,0,7,12,0,50,26,11,10,30,0,78,1006,113,90,49,13,1270,392,129,78,28,0,625,132,23,20,55,0,233,94,6,8,18,0,130,130,19,8,4,0,161,1382,348,259,1441,11,3440,150,23,3,19,0,197,521,53,41,14,9,637,239,16,8,28,0,292,102,6,0,8,0,116,100,0,18,4,0,129,240,28,27,89,0,394,5470,436,382,455,41,6777,323,19,32,164,3304,3842,20668,3492,2829,15247,3621,45867
50704,1051,4887,4073,19990,183,30180,13,69,42,725,18,867,11998,226,497,237,62,13012,611,213,88,636,7,1554,974,293,188,500,14,1970,12881,4615,3445,17579,248,38766,632,18,114,12,4,782,556,72,70,162,3,859,1219,287,241,1389,13,3152,254,98,44,260,0,653,161,25,23,48,0,264,2604,160,108,110,10,2998,3073,897,669,5559,54,10257,2766,933,439,2923,36,7101,745,5,42,12,0,812,119,35,32,20,0,207,76,9,14,63,0,171,108,35,12,88,0,245,238,39,39,19,0,338,455,191,134,61,6,841,505,104,90,182,7,880,267,22,31,26,6,351,63,15,0,0,0,80,3553,1087,795,4731,49,10216,229,15,34,33,0,312,1070,109,136,32,8,1355,371,35,35,114,8,559,459,39,15,22,3,545,412,35,34,8,0,489,598,111,80,268,7,1058,9979,949,1021,1178,75,13214,338,30,32,172,3361,3927,47631,8911,7099,38480,4011,106127
50705,1640,7207,6059,30861,335,46103,39,273,170,2949,38,3468,933,56,86,154,4,1228,380,106,72,333,11,907,1483,450,314,874,20,3146,27740,6582,5620,24341,454,64742,1540,42,222,38,6,1852,398,58,53,135,3,650,1516,395,325,1946,24,4210,149,45,41,162,5,410,129,33,17,52,0,226,1196,104,44,90,4,1427,4827,891,759,5431,90,12001,1143,586,265,2103,32,4133,118,0,6,0,0,136,53,17,23,14,3,110,68,16,5,33,0,126,117,53,17,102,3,298,3019,367,249,79,22,3746,1282,431,293,125,8,2141,438,93,74,216,3,828,173,19,36,37,0,271,334,31,13,8,7,394,6294,1352,1059,5328,76,14110,433,42,8,45,0,526,1694,181,122,41,6,2040,388,59,25,140,3,619,62,7,6,8,0,97,255,8,31,10,0,300,1042,172,110,292,9,1628,8177,1077,1075,1269,101,11702,577,90,86,506,7223,8486,52515,11908,9814,53232,8207,135678
50901,494,2737,2410,18316,298,24248,3,118,52,1931,67,2169,300,13,38,74,3,430,64,33,16,113,5,227,877,260,151,575,17,1879,7146,2737,2306,15695,354,28234,892,16,66,18,3,997,164,29,24,74,0,291,703,161,209,1273,21,2369,42,17,15,69,0,146,52,7,13,19,0,93,215,18,11,36,4,289,1121,429,323,3343,56,5270,556,257,101,1080,15,2010,19,4,8,4,0,32,6,3,0,9,0,20,11,7,0,19,0,45,29,6,6,11,0,55,294,64,49,24,9,438,256,148,70,62,0,538,270,64,39,186,3,561,46,0,8,19,0,71,5,0,0,0,0,11,1578,527,467,3499,56,6126,37,4,0,17,0,59,422,42,33,16,0,511,81,8,5,37,0,132,29,7,4,4,0,41,67,0,3,3,0,71,303,58,63,177,3,607,2448,354,390,715,60,3963,154,40,34,315,4238,4782,14848,4787,3934,33301,5009,61880
50902,435,2167,1968,17199,326,22094,0,124,58,2154,51,2387,203,7,13,57,9,290,73,34,19,130,8,261,536,151,96,255,9,1046,5918,2071,1837,13813,346,23990,613,0,43,9,3,674,145,12,21,87,0,267,534,151,126,1052,21,1886,44,13,7,50,0,120,47,15,10,18,0,89,248,19,10,20,0,301,1018,306,272,3132,71,4801,394,190,109,850,17,1561,14,0,0,0,0,12,0,3,0,4,0,15,19,5,0,19,0,45,41,12,5,26,0,88,287,35,50,10,10,384,304,129,97,36,5,570,226,34,38,115,4,418,40,6,12,22,0,84,31,0,0,0,0,37,1397,439,380,3164,56,5433,47,6,3,0,0,61,252,28,24,8,0,321,71,7,7,39,0,117,14,0,4,8,0,28,62,6,0,3,4,75,203,35,25,150,0,418,1567,265,243,479,37,2590,108,25,27,290,5760,6217,11789,3676,3175,30749,6542,55937
50903,121,651,665,6461,120,8016,0,35,13,694,14,753,57,7,8,9,0,78,8,7,6,34,0,49,150,36,35,99,3,321,1526,652,653,5462,124,8414,202,0,19,9,3,237,28,5,0,26,0,62,154,36,58,404,14,674,4,3,0,7,0,21,13,4,0,0,0,24,70,3,0,3,0,82,293,111,91,1131,21,1652,128,50,26,318,9,522,5,0,0,0,0,9,7,0,0,0,0,7,6,0,0,5,0,7,4,0,0,4,0,10,147,19,22,10,4,196,104,48,39,19,0,213,55,10,14,46,0,123,13,0,6,4,0,25,0,0,0,0,0,0,380,147,143,1139,18,1831,4,0,0,0,0,7,120,5,14,9,0,141,12,5,7,9,0,30,0,0,0,0,0,0,17,0,0,0,0,19,30,11,6,56,0,112,472,79,78,135,21,787,35,5,13,103,1886,2035,3295,1134,1121,11650,2157,19357
51001,174,751,709,6141,113,7888,12,305,78,12742,307,13450,245,38,19,125,11,435,36,16,8,31,0,94,155,61,48,131,5,400,1698,642,567,4613,114,7626,358,17,19,23,0,422,133,9,14,30,3,186,263,50,37,399,14,761,10,8,9,33,0,57,24,7,4,8,0,35,177,12,5,22,0,210,412,158,97,1501,12,2187,235,79,44,357,8,718,24,0,0,0,0,28,9,0,0,0,0,13,7,0,0,7,0,16,13,14,4,21,0,52,139,24,17,10,0,192,134,38,24,17,4,223,32,10,13,37,0,99,21,4,3,11,0,41,12,0,3,0,0,21,478,160,143,1209,8,1993,15,5,6,3,0,21,91,16,11,5,0,125,86,3,10,16,5,114,30,4,5,9,0,45,40,0,0,3,3,53,77,18,12,40,0,148,1143,223,152,726,49,2301,92,9,6,233,5018,5367,4995,1534,1167,21841,5546,35092
51002,189,740,701,4809,48,6485,10,136,88,4011,84,4340,262,8,27,53,3,351,45,16,9,25,3,109,134,52,26,132,8,347,1878,654,545,3608,92,6771,677,16,66,19,0,780,87,3,3,20,0,117,171,55,40,404,3,677,34,9,4,35,0,86,16,7,0,4,0,26,303,13,4,14,3,337,501,121,111,1012,15,1762,132,59,31,305,4,540,24,0,4,0,0,28,15,0,0,4,0,16,23,7,0,4,0,40,11,6,0,10,0,30,611,78,49,41,11,783,232,70,44,26,0,372,38,8,14,20,0,78,10,0,3,11,0,30,66,3,4,4,0,80,520,130,124,879,9,1661,26,3,0,3,0,32,144,16,20,0,0,180,91,0,0,19,0,111,21,0,6,0,0,27,44,0,0,0,0,50,58,8,8,29,0,105,1783,192,251,715,18,2962,96,8,10,117,4501,4734,6441,1379,1256,11626,4742,25443
51003,237,983,1164,7241,59,9687,14,130,94,2700,49,2986,311,3,20,49,0,379,38,22,14,80,5,157,186,87,46,151,3,472,2197,860,904,5003,80,9047,632,6,69,20,3,733,94,6,11,35,0,144,215,80,78,550,3,931,20,16,4,51,0,91,16,6,7,10,0,38,363,16,7,14,0,409,654,141,153,1278,22,2245,138,99,44,481,6,770,16,0,3,0,0,22,13,0,0,9,0,25,27,11,6,5,0,52,14,11,4,16,0,47,541,48,50,38,9,692,229,100,89,37,3,449,51,28,19,66,0,161,35,10,4,15,0,57,59,3,0,0,0,64,634,193,175,1112,15,2129,27,10,3,3,0,41,173,25,38,15,3,247,66,0,4,15,0,88,32,0,6,0,0,40,45,0,5,0,0,51,55,16,13,45,0,137,1704,184,249,549,29,2720,104,17,11,138,4980,5252,6935,1770,1866,13812,5212,29594
51101,97,693,577,5410,103,6872,5,22,6,585,19,642,57,4,0,13,0,74,10,9,0,45,0,58,99,35,29,71,0,244,1264,587,452,4013,103,6428,100,0,19,6,0,125,40,5,8,29,0,78,200,49,45,438,6,733,7,6,5,10,0,20,8,3,0,0,0,10,48,6,3,3,0,61,237,93,65,979,16,1393,80,58,22,326,0,492,5,0,0,0,0,9,0,0,0,0,0,0,0,0,5,0,0,0,4,0,0,9,0,10,100,20,19,15,8,162,103,47,24,13,4,191,26,9,0,17,0,59,14,0,9,6,0,21,0,0,0,0,0,6,342,148,110,979,18,1597,0,0,0,6,0,7,127,12,15,0,0,149,15,6,3,3,0,26,12,0,0,0,0,12,16,0,0,0,0,19,44,5,10,42,0,97,415,104,91,156,9,777,26,12,6,99,1525,1674,2718,1135,881,9488,1749,15970
51102,92,325,324,2528,66,3341,4,23,13,999,17,1063,82,7,10,18,3,116,80,18,6,45,0,146,72,27,11,36,3,155,763,259,260,1648,63,2990,93,0,14,0,0,106,45,4,4,7,0,58,113,20,25,133,9,296,14,8,5,19,0,43,7,3,0,8,0,21,28,0,0,3,0,39,153,51,33,436,6,677,144,32,30,178,6,382,11,0,0,0,0,18,3,0,0,0,0,0,3,3,0,0,0,7,6,0,0,5,0,12,33,7,0,3,0,50,45,13,10,5,0,79,33,4,5,16,0,58,5,0,0,5,0,15,5,0,0,0,0,5,161,64,48,433,0,707,8,0,0,0,0,5,30,10,6,0,0,47,32,3,0,9,0,48,0,0,0,0,0,3,128,3,12,0,0,143,29,9,4,13,0,60,517,49,83,98,15,755,45,5,14,49,1297,1409,2245,552,528,4762,1454,9537
51103,319,1269,1184,8993,153,11919,16,105,72,3680,115,3983,318,6,22,44,0,394,97,36,13,126,4,273,229,87,40,109,0,467,3034,1022,948,6759,143,11909,889,9,94,17,10,1007,87,6,7,36,4,140,364,82,85,684,11,1225,34,14,10,48,0,107,23,3,0,13,0,43,487,16,17,24,0,540,728,209,140,1849,21,2948,221,124,68,704,18,1126,38,0,0,0,0,46,11,0,5,7,0,19,11,3,4,13,0,36,10,6,6,17,0,45,1224,113,100,35,26,1502,470,132,75,31,4,709,75,18,12,77,0,186,39,5,6,5,0,55,156,21,0,0,3,186,912,261,189,1589,22,2971,30,4,3,4,0,42,336,33,21,4,0,396,104,9,3,29,0,143,38,0,3,3,0,39,61,0,3,0,0,66,97,33,20,83,0,229,2531,205,221,387,33,3384,166,27,27,231,5027,5475,10191,2206,1923,18446,5497,38267
51104,328,2008,1673,16626,220,20851,9,192,78,4403,79,4763,264,19,26,86,5,392,44,37,11,126,3,219,408,117,91,270,5,889,4054,1858,1512,13517,237,21173,565,13,80,21,3,687,116,23,19,64,0,217,450,110,134,1169,12,1879,51,23,17,54,0,145,36,14,5,7,6,67,321,21,20,42,0,403,696,362,247,3502,30,4842,441,215,102,1084,22,1853,10,0,0,4,0,17,9,0,0,10,0,17,41,13,10,35,0,96,29,23,3,23,0,80,311,47,48,36,3,453,206,95,87,48,3,444,123,35,22,112,0,297,41,11,10,26,0,93,20,0,6,9,0,39,970,409,315,2981,40,4713,14,0,0,7,0,19,327,35,22,28,0,416,88,14,4,69,0,177,18,0,8,3,0,25,161,3,8,0,0,173,138,47,32,141,0,357,1735,299,317,805,26,3182,106,18,13,272,6290,6695,9604,3520,2775,32255,6826,54981
59797,9,8,4,59,3,76,0,0,0,7,0,7,4,0,0,0,0,4,0,0,0,0,0,0,3,0,0,0,0,8,49,11,4,50,0,116,16,0,0,0,0,13,4,0,0,0,0,4,8,0,0,10,0,19,0,0,0,0,0,0,0,0,0,0,0,0,0,0,0,0,0,0,16,0,0,19,0,36,7,0,0,8,0,9,0,0,0,0,0,0,0,0,0,0,0,0,0,0,0,0,0,0,0,0,0,0,0,0,14,0,0,0,0,17,7,0,0,0,0,4,4,0,0,0,0,6,0,0,0,0,0,0,0,0,0,0,0,0,24,3,0,11,0,36,0,0,0,0,0,0,0,0,0,0,0,0,0,0,0,0,0,0,0,0,0,0,0,0,0,0,0,0,0,0,0,0,0,0,0,0,41,0,3,4,0,44,12,0,0,0,218,228,169,17,10,115,221,514
59999,38,167,166,1347,24,1746,6,8,6,354,25,402,51,0,0,8,0,67,13,3,0,8,0,28,52,12,9,13,0,89,602,174,149,916,17,1856,34,0,9,0,0,34,44,0,0,5,0,52,104,17,7,95,4,227,7,7,0,4,0,18,7,0,0,3,0,14,23,0,0,0,0,29,146,32,16,278,6,481,79,19,10,60,3,175,8,0,0,0,0,8,0,0,0,0,0,6,0,0,0,0,0,0,0,0,0,3,0,11,44,8,5,0,0,56,50,8,9,6,4,73,20,3,0,11,0,37,12,0,0,0,0,8,4,0,0,0,0,4,141,29,34,255,0,463,0,0,0,0,0,5,34,3,9,0,0,52,25,0,0,0,0,32,9,0,0,0,0,9,14,0,0,0,0,14,17,0,5,7,0,31,314,29,24,68,16,450,19,6,0,32,3432,3489,1481,314,268,2478,3512,8055
