SA3_CODE_2021,SH_FHs_CF_no_C,SH_FHs_CF_C,SH_FHs_OnePF,SH_FHs_Oth_fam,SH_FHs_Tot,SH_Lone_P_H,SH_Group_H,SH_Tot,SDRTHT_1_S_FHs_CF_no_C,SDRTHT_1_S_FHs_CF_C,SDRTHT_1_S_FHs_OnePF,SDRTHT_1_S_FHs_Oth_fam,SDRTHT_1_S_FHs_Tot,SDRTHT_1_S_Lone_P_H,SDRTHT_1_S_Group_H,SDRTHT_1_S_Tot,SDRTHT_2more_S_FHs_CF_no_C,SDRTHT_2more_S_FHs_CF_C,SDRTHT_2more_S_FHs_OnePF,SDRTHT_2more_S_FHs_Oth_fam,SDRTHT_2more_S_FHs_Tot,SDRTHT_2more_S_Lone_P_H,SDRTHT_2more_S_Group_H,SDRTHT_2more_S_Tot,SDRTHT_Tot_FHs_CF_no_C,SDRTHT_Tot_FHs_CF_C,SDRTHT_Tot_FHs_OnePF,SDRTHT_Tot_FHs_Oth_fam,SDRTHT_Tot_FHs_Tot,SDRTHT_Tot_Lone_P_H,SDRTHT_Tot_Group_H,SDRTHT_Tot_Tot,FoA_1_or_2_SB_FHs_CF_no_C,FoA_1_or_2_SB_FHs_CF_C,FoA_1_or_2_SB_FHs_OnePF,FoA_1_or_2_SB_FHs_Oth_fam,FoA_1_or_2_SB_FHs_Tot,FoA_1_or_2_SB_Lone_P_H,FoA_1_or_2_SB_Group_H,FoA_1_or_2_SB_Tot,FoA_3SB_FHs_CF_no_C,FoA_3SB_FHs_CF_C,FoA_3SB_FHs_OnePF,FoA_3SB_FHs_Oth_fam,FoA_3SB_FHs_Tot,FoA_3SB_Lone_P_H,FoA_3SB_Group_H,FoA_3SB_Tot,FoA_4_to_8_SB_FHs_CF_no_C,FoA_4_to_8_SB_FHs_CF_C,FoA_4_to_8_SB_FHs_OnePF,FoA_4_to_8_SB_FHs_Oth_fam,FoA_4_to_8_SB_FHs_Tot,FoA_4_to_8_SB_Lone_P_H,FoA_4_to_8_SB_Group_H,FoA_4_to_8_SB_Tot,FoA_9moSB_FHs_CF_no_C,FoA_9moSB_FHs_CF_C,FoA_9moSB_FHs_OnePF,FoA_9moSB_FHs_Oth_fam,FoA_9moSB_FHs_Tot,FoA_9moSB_Lone_P_H,FoA_9moSB_Group_H,FoA_9moSB_Tot,FoA_Att_to_hous_FHs_CF_no_C,FoA_Att_to_hous_FHs_CF_C,FoA_Att_to_hous_FHs_OnePF,FoA_Att_to_hous_FHs_Oth_fam,FoA_Att_to_hous_FHs_Tot,FoA_Att_to_hous_Lone_P_H,FoA_Att_to_hous_Group_H,FoA_Att_to_hous_Tot,FoA_Tot_FHs_CF_no_C,FoA_Tot_FHs_CF_C,FoA_Tot_FHs_OnePF,FoA_Tot_FHs_Oth_fam,FoA_Tot_FHs_Tot,FoA_Tot_Lone_P_H,FoA_Tot_Group_H,FoA_Tot_Tot,OD_C_FHs_CF_no_C,OD_C_FHs_CF_C,OD_C_FHs_OnePF,OD_C_FHs_Oth_fam,OD_C_FHs_Tot,OD_C_Lone_P_H,OD_C_Group_H,OD_C_Tot,OD_CH_FHs_CF_no_C,OD_CH_FHs_CF_C,OD_CH_FHs_OnePF,OD_CH_FHs_Oth_fam,OD_CH_FHs_Tot,OD_CH_Lone_P_H,OD_CH_Group_H,OD_CH_Tot,OD_Imp_home_T_SO_FHs_CF_no_C,OD_Imp_home_T_SO_FHs_CF_C,OD_Imp_home_T_SO_FHs_OnePF,OD_Imp_home_T_SO_FHs_Oth_fam,OD_Imp_home_T_SO_FHs_Tot,OD_Imp_home_T_SO_Lone_P_H,OD_Imp_home_T_SO_Group_H,OD_Imp_home_T_SO_Tot,OD_HorF_at_to_S_O_FHs_CF_no_C,OD_HorF_at_to_S_O_FHs_CF_C,OD_HorF_at_to_S_O_FHs_OnePF,OD_HorF_at_to_S_O_FHs_Oth_fam,OD_HorF_at_to_S_O_FHs_Tot,OD_HorF_at_to_S_O_Lone_P_H,OD_HorF_at_to_S_O_Group_H,OD_HorF_at_to_S_O_Tot,OD_Tot_FHs_CF_no_C,OD_Tot_FHs_CF_C,OD_Tot_FHs_OnePF,OD_Tot_FHs_Oth_fam,OD_Tot_FHs_Tot,OD_Tot_Lone_P_H,OD_Tot_Group_H,OD_Tot_Tot,DS_NS_FHs_CF_no_C,DS_NS_FHs_CF_C,DS_NS_FHs_OnePF,DS_NS_FHs_Oth_fam,DS_NS_FHs_Tot,DS_NS_Lone_P_H,DS_NS_Group_H,DS_NS_Tot,Tot_FHs_CF_no_C,Tot_FHs_CF_C,Tot_FHs_OnePF,Tot_FHs_Oth_fam,Tot_FHs_Tot,Tot_Lone_P_H,Tot_Group_H,Tot_Tot
50101,6241,5883,1885,108,14112,3991,544,18648,326,108,106,3,546,763,35,1347,88,53,24,0,165,120,11,307,414,164,131,4,712,886,53,1649,18,6,10,0,34,26,5,68,0,0,0,0,0,0,0,0,9,0,0,0,9,5,0,18,0,0,0,0,0,0,0,0,9,5,0,0,17,14,0,29,34,15,11,0,62,48,4,114,33,8,6,0,42,77,6,127,56,3,4,0,65,118,14,196,0,3,0,0,10,11,0,17,8,7,0,0,19,4,0,16,96,24,10,0,133,206,17,358,21,14,9,0,40,25,7,73,6812,6099,2040,116,15066,5150,623,20841
50102,10948,11278,4207,301,26730,7524,910,35163,601,196,321,22,1128,1940,87,3158,134,66,45,0,242,185,27,450,728,257,358,23,1370,2123,117,3611,95,40,30,5,179,360,18,558,10,8,13,5,35,65,5,104,4,0,0,0,5,8,0,15,17,4,0,0,21,12,0,32,0,0,0,0,9,5,0,11,135,51,48,8,245,458,25,724,64,7,11,4,86,148,0,244,42,9,0,0,48,74,0,118,5,3,3,0,12,12,0,20,9,4,6,0,17,12,3,31,113,21,15,4,156,245,7,408,16,16,0,0,33,44,0,77,11939,11624,4629,336,28531,10384,1065,39978
50103,3254,2152,706,69,6182,2287,185,8653,39,19,18,0,72,235,4,305,0,6,0,0,0,4,0,5,38,17,18,0,74,237,4,318,10,0,0,0,9,37,0,43,0,0,0,0,0,0,0,0,0,0,0,0,0,0,0,0,0,0,0,0,0,0,0,0,0,0,0,0,0,9,0,7,10,0,0,0,13,40,0,53,14,3,0,0,18,14,0,33,0,5,0,0,5,3,0,12,3,0,0,0,9,4,0,17,5,5,0,0,6,3,0,7,23,12,0,0,36,28,4,69,10,4,3,0,20,31,0,53,3335,2189,731,69,6326,2625,189,9142
50201,11668,10239,4462,296,26674,7948,817,35441,1002,163,251,27,1444,2223,70,3736,324,87,114,8,536,518,37,1085,1323,243,374,36,1973,2737,105,4824,73,17,29,5,122,290,14,431,90,22,18,0,125,62,5,189,82,14,17,0,121,77,3,197,86,16,7,4,114,46,0,155,10,3,4,5,21,20,0,39,340,77,71,15,506,487,31,1017,49,6,12,0,72,156,3,230,44,5,5,0,48,105,0,156,5,4,0,0,9,11,0,16,0,0,0,0,0,9,0,8,102,12,14,3,132,273,4,415,14,0,7,0,21,24,0,45,13452,10582,4930,349,29308,11472,957,41734
50301,4960,8103,1330,132,14527,2495,443,17461,378,317,177,17,889,693,75,1663,450,369,165,29,1015,647,126,1793,833,687,348,47,1904,1346,203,3456,301,117,71,13,510,614,106,1224,316,80,53,10,460,862,94,1411,430,129,89,7,661,701,96,1461,120,28,24,8,180,194,19,399,0,8,0,0,12,6,0,17,1170,361,242,42,1816,2382,315,4513,0,0,0,0,0,0,0,0,0,0,0,0,0,0,0,0,0,0,0,0,0,0,0,0,0,0,0,0,0,0,3,5,0,0,0,0,0,0,3,5,0,3,0,0,8,7,0,18,6960,9153,1917,220,18258,6236,964,25459
50302,4866,6841,1391,188,13280,3357,893,17529,688,487,185,42,1402,1236,158,2795,1488,864,453,76,2884,1682,413,4975,2173,1353,634,116,4280,2920,570,7773,761,312,173,54,1299,1802,231,3336,1464,444,243,63,2215,3012,432,5654,1990,556,285,79,2909,3719,534,7167,1853,578,221,79,2725,2464,479,5677,8,0,0,0,8,8,3,18,6073,1895,918,270,9153,11009,1689,21855,0,0,0,0,0,0,0,0,0,0,0,0,0,0,0,0,0,0,0,0,0,0,0,0,19,10,7,0,37,25,8,75,19,10,7,0,37,27,8,70,15,8,7,0,26,51,0,73,13148,10105,2948,574,26775,17360,3164,47305
50401,7085,8222,2612,361,18283,5480,996,24758,851,661,483,51,2039,2022,181,4245,512,314,198,37,1055,941,183,2173,1362,971,678,83,3099,2957,365,6421,321,113,98,20,559,890,84,1529,125,37,27,13,202,352,37,594,83,27,19,9,133,291,24,444,73,25,7,0,108,146,19,269,0,3,0,0,11,14,0,22,606,208,158,41,1006,1691,161,2861,0,0,0,0,0,0,0,0,0,0,0,0,0,0,0,0,0,0,0,0,0,0,0,0,0,0,0,0,4,4,0,9,0,0,0,0,4,4,0,9,7,9,0,0,14,21,5,35,9059,9411,3447,485,22405,10151,1526,34084
50402,4652,5027,1563,122,11364,2850,294,14514,113,33,68,10,223,474,9,705,8,5,7,0,15,25,0,41,119,38,72,11,238,493,9,741,0,0,0,0,5,6,0,9,0,0,0,0,0,0,0,0,0,0,0,0,0,0,0,0,0,0,0,0,0,0,0,0,5,8,0,0,15,4,0,18,7,9,0,0,15,13,0,31,0,0,0,0,3,6,0,15,0,0,0,0,0,0,0,0,0,0,0,0,0,0,0,0,0,6,0,0,6,3,0,4,0,3,0,0,9,13,0,19,0,3,6,0,5,4,0,16,4779,5080,1645,129,11638,3372,311,15316
50403,11117,18713,5951,546,36333,7767,1155,45253,656,495,469,46,1667,1708,151,3527,175,107,129,16,419,386,46,849,829,599,592,66,2090,2095,191,4374,59,24,43,10,132,217,12,362,59,24,43,6,124,209,17,357,24,8,9,0,44,56,4,100,14,0,7,0,20,37,3,53,21,7,3,0,31,32,0,63,171,63,106,17,351,546,38,936,22,3,0,0,29,33,0,61,32,3,3,0,42,99,0,142,0,3,0,0,3,4,0,10,7,5,6,3,13,10,0,27,62,9,12,3,87,146,3,234,17,17,3,3,37,28,3,68,12194,19414,6666,630,38902,10579,1394,50874
50501,15619,21590,5049,391,42651,7609,941,51198,894,436,411,36,1775,1763,93,3628,372,191,156,10,729,472,84,1286,1273,624,567,41,2507,2236,178,4915,106,13,36,5,154,291,16,464,116,27,44,3,190,242,37,469,109,39,49,12,204,224,42,471,0,0,0,0,0,0,0,0,19,10,3,0,39,41,0,83,345,91,132,17,589,804,90,1483,20,3,0,0,25,61,0,88,3,0,0,0,4,5,0,11,0,0,0,0,0,0,0,0,4,8,0,0,11,4,5,21,32,4,0,3,43,75,5,120,8,0,0,0,12,19,0,32,17279,22313,5750,458,45800,10739,1210,57751
50502,13134,18522,5055,609,37319,10182,1731,49230,4828,3594,2203,287,10909,9508,1118,21537,1632,1256,551,69,3513,1874,386,5771,6460,4843,2760,357,14420,11381,1504,27302,906,318,251,55,1533,2456,191,4182,175,55,39,8,284,438,51,779,266,52,36,11,372,399,37,808,62,19,7,0,87,60,17,159,12,6,4,0,18,14,0,39,1419,450,341,79,2287,3371,296,5957,15,5,0,0,22,20,3,46,4,0,0,0,7,0,0,7,6,0,0,0,6,0,0,6,0,0,0,0,5,3,0,8,27,3,0,0,29,22,3,58,16,7,0,3,25,32,3,56,21055,23824,8156,1046,54082,24984,3542,82612
50503,15680,27988,8835,706,53202,10879,1366,65445,1030,481,578,36,2129,2102,123,4356,146,93,120,14,369,295,34,697,1175,573,699,48,2497,2401,154,5051,13,5,15,0,32,44,5,77,33,17,7,3,57,81,5,149,3,0,0,0,3,3,0,3,0,0,0,0,0,0,0,0,24,17,5,0,40,33,0,74,64,37,27,8,138,164,9,302,15,0,4,0,19,92,0,117,4,0,0,0,3,13,0,19,13,4,0,0,16,17,0,29,4,4,0,0,11,0,0,15,36,8,8,0,50,123,6,183,10,10,0,0,17,24,0,41,16964,28612,9567,755,55904,13590,1532,71023
50601,7233,11990,3694,347,23265,5252,744,29258,479,338,420,46,1287,1375,99,2760,8,3,5,0,21,23,0,49,487,346,428,49,1309,1400,104,2807,17,4,14,4,41,86,7,136,8,3,9,4,21,24,6,54,0,0,0,0,0,0,0,0,0,0,0,0,0,0,0,0,8,8,0,0,16,14,0,38,36,21,23,6,83,132,3,219,12,0,5,0,15,65,0,81,31,0,6,0,36,92,0,130,0,0,0,0,0,0,0,0,7,0,3,0,13,3,0,13,49,0,11,0,64,164,7,231,10,8,3,0,18,11,0,31,7808,12367,4163,406,24740,6955,853,32549
50602,4974,5475,1895,375,12717,4742,1224,18681,883,707,369,83,2037,1838,281,4155,762,471,186,74,1494,966,260,2721,1646,1183,549,149,3531,2802,542,6877,307,166,75,16,568,622,72,1261,267,97,43,29,439,661,101,1203,406,121,51,21,596,757,88,1446,528,136,69,27,750,535,93,1377,5,0,5,0,10,8,0,18,1513,523,239,91,2371,2578,358,5308,0,0,0,0,0,9,0,10,5,0,0,0,5,0,0,3,0,0,0,0,0,0,0,0,0,4,0,0,8,5,0,10,5,4,0,0,8,20,0,30,9,8,3,0,16,26,0,44,8156,7188,2692,615,18647,10168,2131,30940
50603,6786,11146,2659,412,21007,4932,1227,27167,1004,1074,425,115,2621,1887,439,4948,183,141,66,19,408,242,138,786,1190,1215,490,135,3028,2132,579,5735,204,226,82,12,534,541,67,1140,34,11,0,0,51,68,5,127,101,11,4,7,120,158,21,297,35,5,4,6,43,47,8,108,10,11,5,0,28,16,3,46,379,269,97,30,766,835,103,1716,0,0,0,0,8,10,0,16,0,0,0,0,0,0,0,0,0,0,0,0,0,0,0,0,4,5,0,0,14,5,3,15,7,7,0,0,19,14,3,38,4,10,8,0,23,30,4,61,8365,12646,3257,582,24845,7950,1917,34710
50604,8678,15802,4701,520,29697,7043,1173,37916,673,537,358,46,1606,1550,100,3252,94,91,58,15,257,214,26,491,760,627,415,59,1859,1763,125,3746,85,66,62,3,220,243,21,479,58,27,19,9,119,123,19,268,0,0,0,0,0,0,0,0,0,0,0,0,0,0,0,0,11,14,8,0,29,28,0,54,155,106,89,19,366,391,44,801,23,0,7,0,26,78,3,107,0,0,0,0,0,0,0,0,0,0,0,0,0,0,0,9,18,7,5,3,34,24,3,62,45,11,7,3,61,108,8,176,3,6,3,0,16,23,0,40,9640,16545,5213,601,31996,9334,1346,42675
50605,5947,7231,2235,204,15613,3885,432,19923,202,70,97,9,380,572,24,975,23,12,6,0,39,34,3,80,224,77,108,9,421,606,30,1048,13,4,3,0,16,27,0,44,0,0,0,0,0,0,0,0,0,0,0,0,0,0,0,0,0,0,0,0,0,0,0,0,14,3,0,0,21,19,0,38,26,10,4,0,42,46,0,86,10,3,0,0,15,7,0,23,23,0,5,0,28,67,0,95,0,3,5,0,6,7,0,11,11,13,5,0,31,3,0,36,47,19,12,0,75,88,5,165,11,3,0,0,17,0,0,20,6251,7341,2355,215,16165,4623,466,21248
50606,2687,4496,1103,80,8365,1422,193,9979,13,16,16,0,39,40,3,74,0,0,0,0,0,0,0,0,13,16,16,0,39,40,3,74,4,0,0,0,4,12,0,15,0,0,0,0,0,0,0,0,0,0,0,0,0,0,0,0,0,0,0,0,0,0,0,0,6,0,0,0,9,7,0,17,10,0,0,0,11,24,0,36,4,0,0,0,4,3,0,9,46,3,7,0,53,38,0,91,0,4,0,0,4,0,0,3,0,0,3,0,8,8,0,15,50,5,3,0,67,47,0,112,3,4,0,0,8,10,0,26,2766,4516,1129,78,8492,1542,200,10232
50607,2485,3378,742,157,6758,1577,373,8709,678,343,200,45,1277,1292,151,2717,1047,518,246,94,1901,1289,252,3450,1730,860,450,143,3175,2581,405,6163,186,104,42,19,355,482,59,895,188,44,23,17,276,464,45,781,185,49,27,20,275,263,34,580,161,46,22,5,227,270,28,529,0,0,0,0,0,3,0,9,717,245,118,65,1143,1477,175,2787,0,0,0,0,0,0,0,0,0,0,0,0,0,0,0,0,0,0,0,0,0,0,0,0,0,0,0,0,0,0,0,4,0,0,0,0,0,0,0,4,3,4,3,0,11,10,0,24,4932,4478,1313,363,11092,5651,953,17690
50701,9207,14098,4029,387,27727,5911,1013,34655,896,549,476,48,1971,1930,162,4060,221,159,121,13,513,373,59,953,1120,713,603,56,2488,2304,217,5012,120,26,56,14,218,401,31,652,143,65,83,13,300,506,49,856,304,61,47,16,425,481,49,958,94,18,18,0,126,157,11,295,20,11,16,0,46,22,0,71,680,176,218,40,1115,1573,137,2826,0,0,0,0,0,7,0,5,60,3,6,0,73,122,4,200,0,0,0,0,0,0,0,0,0,0,0,0,0,0,0,5,60,3,6,4,78,125,3,206,4,6,0,0,14,22,0,39,11081,15000,4858,483,31427,9937,1377,42742
50702,2754,3412,1005,72,7240,2108,490,9837,396,228,177,21,817,795,97,1705,504,242,188,23,958,720,108,1786,892,467,361,40,1776,1517,205,3494,69,21,26,3,119,279,26,428,165,36,47,6,258,415,34,700,425,96,60,3,588,669,52,1314,22,7,7,0,37,42,6,89,16,6,4,0,27,23,3,51,699,168,142,11,1023,1433,121,2570,3,0,0,0,3,7,0,11,42,5,8,0,48,73,4,132,0,0,0,0,0,0,0,0,15,4,4,0,18,18,3,37,57,9,6,3,74,95,6,178,11,3,0,0,13,29,5,43,4411,4063,1517,129,10119,5179,827,16121
50703,3258,5614,2095,173,11141,2938,487,14566,97,48,45,4,191,257,16,462,11,8,18,0,37,48,9,87,106,53,61,3,228,304,22,552,26,9,29,10,77,216,19,308,35,20,27,0,81,113,8,201,0,0,4,0,4,3,0,7,0,0,0,0,0,0,0,0,3,5,0,0,11,7,0,15,60,32,55,13,164,344,23,529,0,0,0,0,0,0,0,0,0,0,0,0,0,0,0,0,0,0,0,0,0,0,0,0,0,0,0,0,0,3,0,3,0,0,0,0,0,6,0,9,4,0,0,0,5,0,0,7,3428,5698,2218,194,11540,3588,533,15666
50704,8751,12438,2778,305,24275,5122,732,30129,1227,917,644,69,2864,2808,209,5880,375,364,125,22,884,394,44,1321,1610,1286,771,87,3750,3202,249,7200,173,62,55,13,303,537,28,874,101,21,18,8,141,236,30,397,228,52,28,3,311,262,9,581,62,8,10,4,83,94,5,177,17,5,3,3,26,13,3,45,577,145,114,32,864,1138,72,2069,0,0,0,0,0,0,0,0,0,0,0,0,0,0,0,0,0,0,0,0,0,0,0,0,0,0,0,0,0,0,0,4,0,0,0,0,3,0,0,4,13,10,5,0,29,15,4,44,10944,13884,3665,428,28923,9477,1056,39453
50705,11695,16239,5969,389,34292,8426,1053,43771,442,114,208,25,788,1326,50,2168,116,53,55,8,234,327,22,578,558,164,260,34,1017,1653,74,2745,162,46,79,6,292,716,39,1046,29,12,20,0,64,125,10,190,94,16,9,5,122,147,5,275,17,0,3,0,17,11,0,27,4,14,5,0,21,15,5,40,303,87,112,13,518,1011,52,1582,40,0,8,0,50,83,3,139,12,0,4,0,20,62,0,82,0,0,0,0,5,4,0,6,17,0,0,0,22,27,0,44,73,8,12,0,94,172,10,271,15,17,3,0,30,30,0,56,12652,16513,6360,441,35958,11283,1183,48428
50901,7116,5812,2103,175,15195,5625,521,21343,245,112,112,8,473,847,31,1352,27,7,6,0,34,70,3,107,270,123,117,8,514,918,32,1462,9,7,9,0,19,43,0,62,0,0,0,0,0,0,0,0,0,0,0,0,0,0,0,0,0,0,0,0,0,0,0,0,7,3,0,0,14,13,4,21,13,11,11,0,26,52,3,83,32,8,0,0,41,82,3,132,40,3,5,0,43,94,0,137,6,0,0,0,3,7,0,14,4,0,0,0,8,8,0,17,80,11,13,0,97,197,3,292,18,17,5,0,41,31,5,76,7499,5964,2248,177,15882,6822,556,23262
50902,6805,4950,1714,151,13615,5285,451,19351,91,29,46,5,169,335,16,524,13,3,0,0,20,7,0,31,102,36,45,5,190,352,16,550,14,3,5,0,26,54,0,85,0,0,0,0,0,0,0,0,0,0,0,0,0,0,0,0,5,0,0,0,5,0,0,5,3,0,0,0,3,6,0,10,21,3,5,0,34,61,3,94,25,4,4,0,31,70,4,101,18,3,0,0,19,45,4,67,13,4,3,0,19,23,5,49,6,3,0,0,17,23,0,34,63,12,7,0,91,159,5,252,44,28,7,0,74,64,3,138,7030,5030,1774,163,14002,5914,482,20393
50903,2359,1765,560,55,4736,1952,144,6830,39,6,11,0,61,207,10,272,0,0,0,0,0,4,0,5,39,6,13,0,60,211,8,279,0,0,0,0,5,11,0,10,0,0,0,0,0,0,0,0,0,0,0,0,0,0,0,0,0,0,0,0,0,0,0,0,0,0,0,0,0,0,0,0,0,3,0,0,5,14,0,16,4,0,4,0,9,24,0,28,4,0,0,0,4,3,0,5,0,0,0,0,0,0,0,0,9,0,0,0,13,0,0,13,19,8,4,0,23,30,0,54,9,0,0,0,13,9,3,35,2433,1780,579,60,4842,2212,158,7212
51001,1720,2643,1367,190,5924,1562,294,7777,157,118,131,24,430,408,35,876,73,33,21,0,129,119,23,273,232,157,152,24,558,529,59,1147,51,42,38,0,128,94,22,253,0,0,0,0,0,0,0,0,0,0,0,0,0,0,0,0,0,0,0,0,0,0,0,0,0,0,0,0,0,3,0,3,51,44,36,0,133,99,22,253,157,32,15,0,215,249,16,477,5,0,0,0,5,8,0,16,11,11,0,3,25,28,3,48,34,15,8,6,59,17,5,84,211,57,28,6,298,298,23,627,73,32,16,5,121,112,6,242,2277,2929,1595,230,7035,2610,403,10043
51002,1179,2050,514,71,3806,969,135,4910,129,161,65,11,372,279,27,683,68,75,23,0,165,84,15,261,198,242,91,16,541,357,44,942,62,21,16,0,98,184,16,300,32,8,10,4,53,58,6,116,20,13,0,0,29,42,4,75,0,0,0,0,0,0,0,0,0,0,0,0,0,0,0,0,115,43,19,4,180,283,22,486,21,8,7,0,33,22,0,58,6,3,0,0,9,10,0,19,0,0,0,0,4,3,0,7,9,3,0,0,11,6,7,23,36,12,7,0,54,43,3,103,10,8,0,0,19,38,4,61,1537,2351,630,90,4604,1695,208,6508
51003,1531,3084,485,48,5145,1007,171,6325,204,154,76,11,452,336,30,814,41,26,5,0,70,75,13,155,248,179,85,12,523,415,34,972,34,3,3,0,44,75,10,125,18,5,0,0,22,34,0,58,13,7,0,0,19,19,0,40,32,10,5,0,40,85,6,137,0,0,0,0,0,0,0,3,96,26,5,0,131,216,17,362,54,5,3,0,64,48,6,126,6,0,0,0,7,9,0,22,0,0,0,0,4,0,0,10,0,3,0,0,3,0,0,0,67,13,4,7,83,66,12,154,15,6,0,0,26,42,5,70,1953,3303,578,62,5904,1738,243,7888
51101,1641,1475,480,44,3646,1297,136,5082,52,24,47,6,129,246,6,381,8,5,0,0,19,22,0,40,67,33,45,6,141,269,7,421,8,4,4,0,19,80,0,100,0,0,0,0,0,3,0,3,0,0,0,0,0,0,0,0,0,0,0,0,0,0,0,0,0,0,0,0,0,0,0,4,10,4,4,0,19,84,0,105,16,5,0,0,22,42,6,63,0,0,0,0,5,7,0,14,7,0,0,0,5,3,0,9,0,5,0,0,5,0,0,9,28,4,3,6,37,54,10,99,21,24,3,0,51,22,0,72,1763,1538,538,53,3894,1721,155,5777
51102,781,717,243,22,1759,594,127,2480,28,16,30,4,80,133,13,230,6,3,3,0,17,23,5,37,35,23,32,4,98,157,14,271,22,3,10,0,27,79,3,112,0,0,0,0,0,0,0,0,0,0,0,0,0,0,0,0,0,0,0,0,0,0,0,0,0,0,0,0,0,0,0,0,22,3,10,0,27,79,3,112,102,28,11,3,155,135,14,304,6,4,0,0,11,11,3,25,6,5,0,0,12,10,0,20,4,7,0,0,15,4,5,22,124,43,16,7,187,168,17,372,13,12,4,0,36,25,0,60,978,797,299,35,2104,1024,162,3291
51103,2642,3514,1147,136,7445,2355,311,10107,261,231,123,17,629,778,74,1477,64,48,18,3,131,75,18,229,324,278,138,22,760,854,92,1700,28,23,11,3,55,100,9,165,0,0,0,0,0,0,0,0,0,0,0,0,0,0,0,0,0,0,0,0,0,0,0,0,0,0,0,0,3,0,0,4,27,23,11,3,60,104,9,176,23,0,0,0,28,48,0,76,25,3,5,0,39,66,0,106,0,0,0,0,0,0,0,0,8,3,0,0,10,13,0,28,59,9,6,0,78,128,0,210,17,5,13,0,35,50,3,84,3069,3835,1314,162,8373,3489,420,12275
51104,5414,4783,1973,167,12333,4169,413,16914,250,85,148,28,508,865,47,1416,130,62,29,5,235,140,10,381,383,154,180,32,742,998,56,1796,41,13,21,3,81,174,8,264,0,0,0,0,0,13,0,15,0,0,0,0,0,0,0,0,0,0,0,0,0,0,0,0,4,0,0,0,9,3,0,12,45,15,23,3,86,199,10,296,84,8,8,3,103,113,0,212,16,3,6,0,14,40,0,59,9,5,3,0,13,14,0,30,12,4,0,0,17,12,0,34,113,21,15,5,149,181,0,329,42,21,8,0,75,89,6,163,5989,4986,2197,208,13382,5632,488,19497
59797,0,0,0,0,0,0,0,0,0,0,0,0,0,0,0,0,0,0,0,0,0,0,0,0,0,0,0,0,0,0,0,0,0,0,0,0,0,0,0,0,0,0,0,0,0,0,0,0,0,0,0,0,0,0,0,0,0,0,0,0,0,0,0,0,0,0,0,0,0,0,0,0,0,0,0,0,0,0,0,0,0,0,0,0,0,0,0,0,0,0,0,0,0,0,0,0,0,0,0,0,0,0,0,0,0,0,0,0,0,0,0,0,0,0,0,0,0,0,0,0,0,0,0,0,0,0,0,0,0,0,0,0,0,0,0,3
59999,0,0,0,0,0,0,0,0,0,0,0,0,0,0,0,0,0,0,0,0,0,0,0,0,0,0,0,0,0,0,0,0,0,0,0,0,0,0,0,0,0,0,0,0,0,0,0,0,0,0,0,0,0,0,0,0,0,0,0,0,0,0,0,0,0,0,0,0,0,0,0,0,0,0,0,0,0,0,0,0,0,0,0,0,0,0,0,0,0,0,0,0,0,0,0,0,0,0,0,0,0,0,0,0,0,0,0,0,0,0,0,0,0,0,0,0,0,0,0,0,0,0,0,0,0,0,0,0,0,0,0,0,0,0,0,0
