LGA_CODE_2021,SH_FHs_CF_no_C,SH_FHs_CF_C,SH_FHs_OnePF,SH_FHs_Oth_fam,SH_FHs_Tot,SH_Lone_P_H,SH_Group_H,SH_Tot,SDRTHT_1_S_FHs_CF_no_C,SDRTHT_1_S_FHs_CF_C,SDRTHT_1_S_FHs_OnePF,SDRTHT_1_S_FHs_Oth_fam,SDRTHT_1_S_FHs_Tot,SDRTHT_1_S_Lone_P_H,SDRTHT_1_S_Group_H,SDRTHT_1_S_Tot,SDRTHT_2more_S_FHs_CF_no_C,SDRTHT_2more_S_FHs_CF_C,SDRTHT_2more_S_FHs_OnePF,SDRTHT_2more_S_FHs_Oth_fam,SDRTHT_2more_S_FHs_Tot,SDRTHT_2more_S_Lone_P_H,SDRTHT_2more_S_Group_H,SDRTHT_2more_S_Tot,SDRTHT_Tot_FHs_CF_no_C,SDRTHT_Tot_FHs_CF_C,SDRTHT_Tot_FHs_OnePF,SDRTHT_Tot_FHs_Oth_fam,SDRTHT_Tot_FHs_Tot,SDRTHT_Tot_Lone_P_H,SDRTHT_Tot_Group_H,SDRTHT_Tot_Tot,FoA_1_or_2_SB_FHs_CF_no_C,FoA_1_or_2_SB_FHs_CF_C,FoA_1_or_2_SB_FHs_OnePF,FoA_1_or_2_SB_FHs_Oth_fam,FoA_1_or_2_SB_FHs_Tot,FoA_1_or_2_SB_Lone_P_H,FoA_1_or_2_SB_Group_H,FoA_1_or_2_SB_Tot,FoA_3SB_FHs_CF_no_C,FoA_3SB_FHs_CF_C,FoA_3SB_FHs_OnePF,FoA_3SB_FHs_Oth_fam,FoA_3SB_FHs_Tot,FoA_3SB_Lone_P_H,FoA_3SB_Group_H,FoA_3SB_Tot,FoA_4_to_8_SB_FHs_CF_no_C,FoA_4_to_8_SB_FHs_CF_C,FoA_4_to_8_SB_FHs_OnePF,FoA_4_to_8_SB_FHs_Oth_fam,FoA_4_to_8_SB_FHs_Tot,FoA_4_to_8_SB_Lone_P_H,FoA_4_to_8_SB_Group_H,FoA_4_to_8_SB_Tot,FoA_9moSB_FHs_CF_no_C,FoA_9moSB_FHs_CF_C,FoA_9moSB_FHs_OnePF,FoA_9moSB_FHs_Oth_fam,FoA_9moSB_FHs_Tot,FoA_9moSB_Lone_P_H,FoA_9moSB_Group_H,FoA_9moSB_Tot,FoA_Att_to_hous_FHs_CF_no_C,FoA_Att_to_hous_FHs_CF_C,FoA_Att_to_hous_FHs_OnePF,FoA_Att_to_hous_FHs_Oth_fam,FoA_Att_to_hous_FHs_Tot,FoA_Att_to_hous_Lone_P_H,FoA_Att_to_hous_Group_H,FoA_Att_to_hous_Tot,FoA_Tot_FHs_CF_no_C,FoA_Tot_FHs_CF_C,FoA_Tot_FHs_OnePF,FoA_Tot_FHs_Oth_fam,FoA_Tot_FHs_Tot,FoA_Tot_Lone_P_H,FoA_Tot_Group_H,FoA_Tot_Tot,OD_C_FHs_CF_no_C,OD_C_FHs_CF_C,OD_C_FHs_OnePF,OD_C_FHs_Oth_fam,OD_C_FHs_Tot,OD_C_Lone_P_H,OD_C_Group_H,OD_C_Tot,OD_CH_FHs_CF_no_C,OD_CH_FHs_CF_C,OD_CH_FHs_OnePF,OD_CH_FHs_Oth_fam,OD_CH_FHs_Tot,OD_CH_Lone_P_H,OD_CH_Group_H,OD_CH_Tot,OD_Imp_home_T_SO_FHs_CF_no_C,OD_Imp_home_T_SO_FHs_CF_C,OD_Imp_home_T_SO_FHs_OnePF,OD_Imp_home_T_SO_FHs_Oth_fam,OD_Imp_home_T_SO_FHs_Tot,OD_Imp_home_T_SO_Lone_P_H,OD_Imp_home_T_SO_Group_H,OD_Imp_home_T_SO_Tot,OD_HorF_at_to_S_O_FHs_CF_no_C,OD_HorF_at_to_S_O_FHs_CF_C,OD_HorF_at_to_S_O_FHs_OnePF,OD_HorF_at_to_S_O_FHs_Oth_fam,OD_HorF_at_to_S_O_FHs_Tot,OD_HorF_at_to_S_O_Lone_P_H,OD_HorF_at_to_S_O_Group_H,OD_HorF_at_to_S_O_Tot,OD_Tot_FHs_CF_no_C,OD_Tot_FHs_CF_C,OD_Tot_FHs_OnePF,OD_Tot_FHs_Oth_fam,OD_Tot_FHs_Tot,OD_Tot_Lone_P_H,OD_Tot_Group_H,OD_Tot_Tot,DS_NS_FHs_CF_no_C,DS_NS_FHs_CF_C,DS_NS_FHs_OnePF,DS_NS_FHs_Oth_fam,DS_NS_FHs_Tot,DS_NS_Lone_P_H,DS_NS_Group_H,DS_NS_Tot,Tot_FHs_CF_no_C,Tot_FHs_CF_C,Tot_FHs_OnePF,Tot_FHs_Oth_fam,Tot_FHs_Tot,Tot_Lone_P_H,Tot_Group_H,Tot_Tot
LGA50080,4403,3662,1438,115,9619,3376,327,13322,160,52,83,9,299,669,21,989,25,4,6,0,35,65,3,103,182,59,84,9,336,733,22,1090,3,3,9,0,11,34,0,46,0,0,0,0,0,0,0,0,0,0,0,0,0,0,0,0,0,0,0,0,0,0,0,0,5,3,0,0,8,13,4,22,8,3,11,0,22,39,3,67,22,0,3,0,26,65,0,90,27,0,3,0,29,85,0,118,0,0,0,0,0,3,0,6,0,0,0,0,0,0,0,3,53,4,5,0,60,155,0,219,8,3,0,0,13,15,0,34,4656,3734,1542,121,10060,4318,352,14733
LGA50210,7233,11990,3694,347,23265,5252,744,29258,479,338,420,46,1287,1375,99,2760,8,3,5,0,21,23,0,49,487,346,428,49,1309,1400,104,2807,17,4,14,4,41,86,7,136,8,3,9,4,21,24,6,54,0,0,0,0,0,0,0,0,0,0,0,0,0,0,0,0,8,8,0,0,16,14,0,38,36,21,23,6,83,132,3,219,12,0,5,0,15,65,0,81,31,0,6,0,36,92,0,130,0,0,0,0,0,0,0,0,7,0,3,0,13,3,0,13,49,0,11,0,64,164,7,231,10,8,3,0,18,11,0,31,7808,12367,4163,406,24740,6955,853,32549
LGA50250,351,613,109,14,1081,263,23,1370,16,5,4,0,30,49,0,78,0,0,0,0,0,0,0,0,21,5,4,0,28,49,0,81,4,0,0,0,4,15,4,26,0,0,0,0,0,0,0,7,0,0,0,0,0,0,0,0,0,0,0,0,0,0,0,0,0,0,0,0,0,0,0,3,6,0,0,0,7,21,4,35,32,0,0,0,34,24,5,57,0,0,0,0,0,3,0,0,0,0,0,0,0,0,0,0,0,0,0,0,0,0,0,0,31,0,0,3,34,27,5,64,3,3,0,0,9,25,0,33,413,626,111,17,1166,382,32,1581
LGA50280,1719,1773,550,28,4069,1170,194,5441,21,21,16,0,53,124,7,180,24,7,10,0,43,50,6,100,43,28,26,0,93,175,14,278,4,3,6,0,16,20,5,40,0,0,0,0,0,0,0,0,0,0,0,0,0,0,0,0,0,0,0,0,0,0,0,0,4,0,0,0,4,0,0,6,12,3,6,0,22,24,5,41,13,0,0,0,17,30,0,45,9,3,0,0,9,14,14,33,0,0,0,0,0,5,0,10,0,0,0,0,0,0,0,3,19,0,3,0,25,49,14,92,15,5,6,0,22,10,3,34,1800,1822,588,28,4234,1422,227,5885
LGA50350,1359,1630,553,79,3616,1186,182,4987,168,114,118,11,406,471,30,906,37,26,19,0,88,57,10,153,202,142,139,11,494,532,37,1061,28,11,20,9,66,118,7,191,8,3,0,0,8,27,0,32,14,3,4,0,23,27,3,53,0,0,0,0,0,0,0,0,0,0,0,0,6,6,0,12,48,19,21,9,94,180,12,283,0,0,0,0,0,0,0,0,0,0,0,0,0,0,0,0,0,0,0,0,0,0,0,0,0,0,0,0,0,0,0,5,0,0,0,0,0,0,0,5,0,5,0,0,6,3,0,7,1618,1786,716,92,4214,1903,233,6350
LGA50420,5753,6636,2069,282,14737,4313,821,19872,682,548,370,42,1640,1560,154,3353,484,292,178,35,979,889,176,2047,1167,834,545,76,2625,2449,330,5399,303,104,75,18,507,791,79,1372,125,37,27,13,200,334,37,574,84,25,12,5,127,296,22,448,85,31,9,0,132,180,27,336,0,3,0,0,5,7,0,14,593,200,132,36,970,1614,169,2750,0,0,0,0,0,0,0,0,0,0,0,0,0,0,0,0,0,0,0,0,0,0,0,0,0,0,0,0,4,4,0,9,0,0,0,0,4,4,0,9,5,4,0,0,12,12,3,27,7521,7677,2748,397,18345,8394,1317,28055
LGA50490,2787,3238,1276,238,7540,2887,636,11064,393,332,206,38,965,944,109,2019,403,245,92,35,776,508,144,1430,794,574,299,75,1744,1454,257,3450,143,62,33,7,241,322,36,601,126,48,28,14,207,332,43,587,151,31,20,4,201,247,38,473,290,66,22,16,395,317,57,766,5,0,5,0,10,8,0,18,707,205,102,41,1054,1217,170,2444,0,0,0,0,0,9,0,10,5,0,0,0,5,0,0,3,0,0,0,0,0,0,0,0,0,0,0,0,0,0,0,9,0,0,0,0,7,16,0,23,3,8,0,0,13,16,0,30,4302,4024,1678,354,10358,5598,1066,17018
LGA50560,245,144,43,6,438,197,11,647,0,0,0,0,3,9,0,11,0,0,0,0,0,0,0,0,0,0,0,0,3,9,0,11,0,0,0,0,0,0,0,0,0,0,0,0,0,0,0,0,0,0,0,0,0,0,0,0,0,0,0,0,0,0,0,0,0,0,0,0,0,0,0,0,0,0,0,0,0,0,0,0,0,0,0,0,0,0,0,0,0,0,0,0,0,0,0,0,3,0,0,0,3,0,0,4,0,0,0,0,0,5,0,6,6,0,0,0,6,11,0,12,0,0,0,0,3,0,0,4,248,147,47,6,456,213,11,676
LGA50630,186,182,53,3,436,135,8,577,8,0,0,0,6,11,0,18,0,0,0,0,0,0,0,0,8,0,0,0,6,11,0,18,0,0,0,0,0,0,0,0,0,0,0,0,0,0,0,0,0,0,0,0,0,0,0,0,0,0,0,0,0,0,0,0,0,0,0,0,0,0,0,0,0,0,0,0,0,0,0,0,0,0,0,0,0,4,0,5,0,0,0,0,0,0,0,0,0,0,0,0,0,0,0,0,0,0,0,0,0,0,0,0,0,0,0,0,0,4,0,5,0,0,0,0,0,0,0,0,198,182,59,3,441,151,8,599
LGA50770,247,173,55,3,475,180,8,667,0,0,0,0,3,0,0,5,0,0,0,0,0,0,0,0,0,0,0,0,4,0,0,4,0,0,0,0,0,0,0,0,0,0,0,0,0,0,0,0,0,0,0,0,0,0,0,0,0,0,0,0,0,0,0,0,0,0,0,0,0,0,0,0,0,0,0,0,0,0,0,0,3,0,0,0,3,0,0,3,0,0,0,0,0,0,0,0,0,0,0,0,0,0,0,0,0,0,0,0,0,0,0,0,3,0,0,0,3,0,0,3,0,0,0,0,0,3,0,0,249,175,59,3,481,188,8,677
LGA50840,764,473,147,11,1400,512,42,1954,7,3,0,0,13,42,0,58,0,0,0,0,0,0,0,0,7,3,0,0,13,42,0,58,6,0,0,0,6,3,0,7,0,0,0,0,0,0,0,0,0,0,0,0,0,0,0,0,0,0,0,0,0,0,0,0,0,0,0,0,0,0,0,0,6,0,0,0,6,3,0,7,4,0,0,0,5,3,0,15,0,0,0,0,0,6,0,0,0,0,0,0,0,0,0,0,0,0,0,0,0,0,0,0,4,0,0,0,10,10,0,16,0,3,0,0,6,3,0,7,788,479,151,11,1430,571,42,2039
LGA50910,111,83,18,0,220,95,3,323,4,0,0,0,5,6,0,10,0,0,0,0,0,0,0,0,4,0,0,0,5,6,0,10,0,0,0,0,0,0,0,0,0,0,0,0,0,0,0,0,0,0,0,0,0,0,0,0,0,0,0,0,0,0,0,0,0,0,0,0,0,0,0,0,0,0,0,0,0,0,0,0,0,0,0,0,0,0,0,0,0,0,0,0,0,0,0,0,0,0,0,0,0,0,0,0,0,0,0,0,0,0,0,0,0,0,0,0,0,0,0,0,0,0,0,0,0,0,0,0,116,83,22,3,229,98,3,332
LGA50980,959,1466,600,56,3085,713,192,3992,71,64,78,11,220,241,21,479,66,24,21,0,111,97,17,222,139,85,97,11,335,337,37,701,27,25,19,0,70,44,10,118,0,0,0,0,0,0,0,0,0,0,0,0,0,0,0,0,0,0,0,0,0,0,0,0,0,0,0,0,0,3,0,3,27,25,17,0,67,47,10,124,79,20,9,0,110,96,8,206,4,0,0,0,4,0,0,4,0,3,0,4,9,12,5,24,12,0,3,0,14,5,0,18,87,27,14,3,133,115,11,258,28,10,9,0,46,51,8,101,1242,1613,732,76,3659,1259,246,5172
LGA51080,125,105,42,3,269,92,6,367,0,0,0,0,5,3,0,3,0,0,0,0,0,0,0,0,0,0,0,0,5,3,0,3,0,0,0,0,0,0,0,0,0,0,0,0,0,0,0,0,0,0,0,0,0,0,0,0,0,0,0,0,0,0,0,0,0,0,0,0,0,0,0,0,0,0,0,0,0,0,0,0,0,0,0,0,0,0,0,0,0,0,0,0,0,0,0,0,0,0,0,0,0,0,0,0,0,0,0,0,0,0,0,0,0,0,0,0,0,3,0,3,0,0,0,0,0,5,0,5,122,103,39,3,271,97,6,377
LGA51120,102,85,19,4,204,75,5,286,3,0,0,0,3,12,5,18,0,0,0,0,0,0,0,0,3,0,0,0,3,12,5,18,0,0,0,0,0,0,0,0,0,0,0,0,0,0,0,0,0,0,0,0,0,0,0,0,0,0,0,0,0,0,0,0,0,0,0,0,0,0,0,0,0,0,0,0,0,0,0,0,0,0,0,0,0,0,0,0,0,0,0,0,0,0,0,0,0,0,0,0,0,0,0,0,0,0,0,0,0,6,0,9,0,0,0,0,0,4,0,8,4,9,0,0,18,0,0,16,108,95,23,4,229,98,8,332
LGA51190,3034,2601,1416,111,7157,2647,366,10171,349,123,221,20,714,1343,79,2137,128,54,39,0,227,173,30,424,479,171,263,19,938,1517,100,2556,59,26,28,6,109,204,15,333,10,8,13,5,35,65,5,104,4,0,0,0,5,8,0,15,17,4,0,0,21,12,0,32,0,0,0,0,0,4,0,4,94,37,34,5,173,292,18,490,18,0,0,0,23,42,0,67,21,0,0,0,21,17,0,36,0,0,0,0,0,0,0,0,4,0,0,0,3,3,0,9,35,5,7,0,51,63,0,116,8,4,0,0,10,19,3,28,3656,2810,1722,140,8327,4538,492,13356
LGA51260,4535,4118,1340,80,10071,2822,352,13238,305,92,96,3,493,639,29,1166,70,43,11,0,130,71,8,205,371,131,105,3,618,714,34,1366,14,0,0,0,18,13,0,31,0,0,0,0,0,0,0,0,9,0,0,0,9,5,0,18,0,0,0,0,0,0,0,0,4,5,0,0,17,14,0,31,30,9,5,0,44,26,3,74,17,7,5,0,27,50,4,83,51,3,3,0,54,100,0,159,0,3,0,0,10,3,0,10,8,6,0,0,12,3,0,14,77,22,7,0,106,158,4,268,10,9,0,0,14,14,4,36,5025,4291,1458,81,10859,3737,397,14988
LGA51310,1989,3738,554,67,6356,1091,178,7619,152,104,47,7,311,245,16,572,190,132,70,6,400,210,29,627,342,236,115,10,705,453,41,1202,114,15,22,7,158,226,14,391,121,31,15,3,169,194,17,377,149,29,23,3,206,345,21,568,52,20,11,3,86,95,13,188,0,4,0,0,4,4,0,10,435,101,67,22,617,860,61,1540,0,0,0,0,0,0,0,0,0,0,0,0,0,0,0,0,0,0,0,0,0,0,0,0,0,0,0,0,0,0,0,0,0,0,0,0,0,0,0,0,7,0,0,0,10,11,0,16,2776,4080,732,99,7691,2416,278,10378
LGA51330,6645,11038,2613,398,20695,4721,1178,26598,964,1051,415,112,2544,1740,416,4701,177,141,66,19,405,197,138,736,1137,1194,478,131,2945,1936,549,5434,191,226,78,16,514,351,66,930,15,12,0,0,26,17,5,54,80,11,4,7,94,66,21,189,35,5,4,6,43,47,8,108,10,11,5,0,26,19,3,43,326,261,96,29,707,507,103,1317,0,0,0,0,8,10,0,16,0,0,0,0,0,0,0,0,0,0,0,0,0,0,0,0,4,5,0,0,14,5,3,15,7,7,0,0,19,14,3,38,4,10,8,0,23,30,4,61,8125,12507,3205,559,24392,7209,1841,33444
LGA51400,1797,2359,720,34,4906,917,122,5949,31,7,20,0,61,115,0,174,0,0,0,0,3,10,0,15,32,9,20,0,63,121,0,188,12,0,0,0,12,55,0,64,0,0,0,0,0,0,0,0,0,0,0,0,0,0,0,0,0,0,0,0,0,0,0,0,0,0,0,0,0,0,0,0,15,0,0,0,15,55,0,69,0,3,0,0,3,0,0,5,0,0,0,0,0,0,0,0,0,0,0,0,0,0,0,0,0,0,0,0,0,0,0,0,0,5,0,0,6,3,0,8,0,3,0,0,7,0,0,8,1841,2376,740,34,4995,1097,131,6221
LGA51470,78,42,11,0,125,78,0,206,0,0,0,0,0,5,0,4,0,0,0,0,0,0,0,0,0,0,0,0,0,5,0,4,0,0,0,0,0,5,0,5,0,0,0,0,0,0,0,0,0,0,0,0,0,0,0,0,0,0,0,0,0,0,0,0,0,0,0,0,0,0,0,0,0,0,0,0,0,5,0,5,0,0,0,0,0,4,0,4,0,0,0,0,0,0,0,0,0,0,0,0,0,0,0,0,0,0,0,0,0,0,0,0,0,0,0,0,0,4,0,4,0,0,0,0,0,0,0,0,77,42,13,0,132,84,0,219
LGA51540,400,370,167,15,949,324,50,1320,22,14,22,3,68,113,5,187,3,3,3,0,12,17,0,31,29,15,31,3,76,134,8,215,7,0,0,0,10,44,0,48,0,0,0,0,0,0,0,0,0,0,0,0,0,0,0,0,0,0,0,0,0,0,0,0,0,0,0,0,0,0,0,0,7,0,0,0,10,44,0,48,46,9,7,0,61,68,0,129,3,0,0,0,3,7,0,11,4,3,0,0,3,9,0,11,0,0,0,0,0,0,0,4,47,12,7,0,65,78,4,147,8,8,4,0,14,14,0,30,494,399,204,18,1117,589,63,1771
LGA51610,187,177,33,0,407,69,6,480,0,0,0,0,0,0,0,0,0,0,0,0,0,0,0,0,0,0,0,0,0,0,0,0,0,0,0,0,0,0,0,0,0,0,0,0,0,0,0,0,0,0,0,0,0,0,0,0,0,0,0,0,0,0,0,0,0,0,0,0,0,0,0,0,0,0,0,0,0,0,0,0,15,0,0,0,15,6,0,24,0,0,0,0,0,0,0,0,0,0,0,0,0,0,0,0,3,0,0,0,3,0,0,3,13,0,0,0,20,15,0,26,0,0,0,0,0,5,0,3,207,178,34,0,422,80,6,506
LGA51680,697,729,155,4,1590,292,19,1902,0,0,0,0,0,0,0,4,0,0,0,0,0,0,0,0,4,0,0,0,4,0,0,3,3,5,0,0,11,4,0,16,0,0,0,0,0,0,0,0,0,0,0,0,0,0,0,0,0,0,0,0,0,0,0,0,0,0,0,0,0,0,0,0,5,5,0,0,10,4,0,15,0,0,0,0,0,0,0,0,0,0,0,0,0,0,0,0,0,0,0,0,0,3,0,3,0,0,0,0,0,0,0,0,0,0,0,0,0,0,0,0,0,0,0,0,0,0,0,3,705,730,155,8,1605,306,19,1926
LGA51710,58,86,11,0,152,34,0,193,21,24,7,0,58,27,0,83,3,4,3,0,5,0,0,10,22,33,11,0,67,35,0,96,21,9,3,0,29,40,6,76,10,22,9,3,36,8,0,51,0,3,0,0,3,0,0,5,0,0,0,0,0,0,0,0,0,0,0,0,0,0,0,0,31,26,10,3,71,58,6,127,0,0,0,0,0,0,0,0,0,0,0,0,0,0,0,0,0,0,0,0,0,0,0,0,0,0,0,0,0,0,0,0,3,0,0,0,3,0,0,3,0,0,0,0,0,6,0,6,108,146,30,3,292,131,4,422
LGA51750,600,874,176,16,1671,349,54,2070,141,147,76,5,377,197,25,604,125,88,42,3,258,126,11,398,268,236,123,12,637,324,40,999,43,19,21,5,89,138,11,242,44,5,6,3,60,167,4,234,166,47,56,4,277,282,41,600,48,17,18,5,87,143,18,248,0,0,0,0,0,0,0,0,306,91,100,11,513,729,82,1324,0,0,0,0,0,0,0,0,0,0,0,0,0,0,0,0,0,0,0,0,0,0,0,0,0,0,0,0,0,0,0,0,0,0,0,0,0,0,0,0,0,0,0,0,0,3,0,3,1174,1202,398,46,2821,1403,175,4399
LGA51820,9440,14440,4082,385,28350,6006,1034,35391,905,555,479,48,1994,1942,162,4092,221,159,121,13,513,373,59,953,1127,715,601,56,2506,2317,217,5041,120,26,56,14,218,401,31,652,143,65,83,13,300,506,49,856,304,61,47,16,425,481,49,958,94,18,18,0,126,157,11,295,23,12,16,0,47,22,0,73,681,179,218,40,1117,1573,137,2832,0,0,0,0,0,9,0,8,60,3,6,0,73,122,4,200,0,0,0,0,0,0,0,0,0,0,0,0,0,0,0,5,63,3,6,4,78,133,3,212,4,9,0,0,16,29,5,42,11323,15351,4911,486,32070,10049,1398,43510
LGA51860,46,64,9,0,112,7,0,122,0,0,0,0,0,0,0,0,0,0,0,0,0,0,0,0,0,0,0,0,0,0,0,0,0,0,0,0,0,0,0,0,0,0,0,0,0,0,0,0,0,0,0,0,0,0,0,0,0,0,0,0,0,0,0,0,0,0,0,0,0,0,0,0,0,0,0,0,0,0,0,0,0,0,0,0,0,0,0,0,0,0,0,0,0,0,0,0,0,0,0,0,0,0,0,0,0,0,0,0,0,0,0,0,0,0,0,0,0,0,0,0,5,0,0,0,5,0,0,5,42,64,9,0,114,9,0,122
LGA51890,973,803,366,26,2164,919,81,3165,23,8,9,0,36,69,0,108,0,0,0,0,0,0,0,0,23,8,9,0,36,69,0,108,18,6,7,0,33,70,4,104,0,0,0,0,0,0,0,0,0,0,0,0,0,0,0,0,0,0,0,0,0,0,0,0,0,0,0,0,0,0,0,0,18,7,7,0,34,70,4,104,5,0,4,0,4,3,0,15,0,0,0,0,0,0,0,0,0,0,0,0,0,0,0,3,0,0,0,0,0,0,0,0,5,0,4,0,12,3,3,17,0,3,0,0,5,10,0,16,1016,821,380,31,2253,1067,86,3404
LGA51960,292,279,117,12,696,273,28,998,10,5,8,0,19,32,4,58,0,0,3,6,4,21,0,27,10,5,9,4,29,54,4,83,5,3,0,0,10,17,3,19,0,0,0,0,0,0,0,0,0,0,0,0,0,0,0,0,0,0,0,0,0,0,0,0,0,0,0,0,0,0,0,0,5,3,0,0,10,17,3,19,3,0,0,0,3,3,0,4,0,0,0,0,0,3,0,3,0,0,0,0,0,0,0,0,0,0,0,0,0,0,0,0,3,0,0,0,3,5,0,12,6,0,0,0,0,4,0,8,312,280,133,12,739,350,30,1126
LGA52030,177,66,21,0,262,118,3,394,0,0,0,0,0,6,0,10,0,0,0,0,0,0,0,0,5,0,0,0,5,6,0,11,0,0,0,0,0,0,0,0,0,0,0,0,0,0,0,0,0,0,0,0,0,0,0,0,0,0,0,0,0,0,0,0,0,0,0,0,0,0,0,0,0,0,0,0,0,0,0,0,0,0,0,0,0,0,0,7,0,0,0,0,0,0,0,0,0,0,0,0,0,0,0,0,0,0,0,0,0,0,0,0,0,0,0,0,0,0,0,7,6,0,0,0,7,0,0,7,185,69,21,0,280,135,3,418
LGA52100,145,95,17,0,258,104,3,372,0,0,0,0,3,9,0,11,0,0,0,0,0,3,0,3,0,0,0,0,3,19,0,17,0,0,0,0,0,0,0,0,0,0,0,0,0,0,0,0,0,0,0,0,0,0,0,0,0,0,0,0,0,0,0,0,0,0,0,0,0,0,0,0,0,0,0,0,0,0,0,0,0,0,0,0,0,3,0,3,0,0,0,0,0,0,0,0,0,0,0,0,0,0,0,0,0,0,0,0,4,0,0,4,0,0,0,0,3,3,0,5,0,0,0,0,0,0,0,0,146,99,20,0,262,126,3,395
LGA52170,649,819,151,15,1643,353,60,2058,27,34,14,0,82,47,8,136,68,48,23,0,146,68,17,224,97,86,37,4,226,116,22,364,52,14,3,0,75,74,11,157,78,10,18,3,110,195,26,337,24,13,3,0,38,48,3,86,0,0,0,0,0,0,0,0,0,0,0,0,7,0,0,3,159,40,28,6,223,313,38,581,0,0,0,0,0,0,0,0,0,0,0,0,0,0,0,0,0,0,0,0,0,0,0,0,0,0,0,0,0,0,0,0,0,0,0,0,0,0,0,0,0,0,0,0,0,0,0,0,900,939,216,25,2085,782,129,2998
LGA52240,132,110,23,3,271,121,5,391,0,0,0,0,0,0,0,0,0,0,0,0,0,0,0,0,0,0,0,0,0,0,0,0,0,0,0,0,0,3,0,3,0,0,0,0,0,0,0,0,0,0,0,0,0,0,0,0,0,0,0,0,0,0,0,0,0,0,0,0,0,0,0,0,0,0,0,0,0,3,0,3,0,0,0,0,0,0,0,0,0,0,0,0,0,3,0,3,0,0,0,0,0,0,0,0,0,0,0,0,0,0,0,0,3,0,0,0,3,3,0,5,0,0,0,0,6,6,0,8,136,110,23,3,274,127,5,405
LGA52310,134,82,25,4,244,98,7,356,0,0,0,0,0,0,0,0,0,0,0,0,0,0,0,0,0,0,0,0,0,0,0,0,0,0,0,0,0,0,0,0,0,0,0,0,0,0,0,0,0,0,0,0,0,0,0,0,0,0,0,0,0,0,0,0,0,0,0,0,0,0,0,0,0,0,0,0,0,0,0,0,0,0,0,0,0,3,0,0,0,0,0,0,0,0,0,0,0,0,0,0,0,0,0,0,0,0,0,0,0,0,0,0,0,0,0,0,4,3,0,6,0,0,0,0,0,0,0,0,141,82,26,4,246,98,7,359
LGA52380,15,3,0,0,24,26,5,55,0,0,0,0,0,0,0,0,0,0,0,0,0,0,0,0,0,0,0,0,0,0,0,0,0,0,0,0,0,0,0,0,0,0,0,0,0,0,0,0,0,0,0,0,0,0,0,0,0,0,0,0,0,0,0,0,0,0,0,0,0,0,0,0,0,0,0,0,0,0,0,0,0,0,0,0,0,10,0,10,0,0,0,0,0,0,0,0,0,0,0,0,0,0,0,0,0,0,0,0,0,0,0,0,0,0,0,0,0,10,0,10,0,0,0,0,0,0,0,3,15,3,0,0,20,41,5,70
LGA52450,126,141,25,0,292,127,7,433,0,0,0,0,0,9,0,9,0,0,0,0,0,0,0,0,0,0,0,0,0,9,0,9,0,0,0,0,0,0,0,0,0,0,0,0,0,0,0,0,0,0,0,0,0,0,0,0,0,0,0,0,0,0,0,0,0,0,0,0,0,0,0,0,0,0,0,0,0,0,0,0,0,0,0,0,0,0,0,6,0,0,0,0,0,0,0,0,0,0,0,0,0,0,0,0,0,0,0,0,0,0,0,0,4,0,0,0,4,3,0,4,0,0,0,0,0,0,0,0,126,141,26,0,301,141,7,447
LGA52520,128,142,21,0,294,96,9,397,0,0,0,0,3,3,0,11,0,0,0,0,0,0,0,0,0,0,0,0,3,3,0,11,0,0,0,0,0,0,0,0,0,0,0,0,0,0,0,0,0,0,0,0,0,0,0,0,0,0,0,0,0,0,0,0,0,0,0,0,0,0,0,0,0,0,0,0,0,0,0,0,5,0,0,0,5,0,0,3,0,0,0,0,0,0,0,0,0,0,0,0,0,0,0,0,0,5,0,0,5,5,0,11,4,5,0,0,6,10,0,16,0,0,0,0,0,3,0,9,130,149,23,0,309,111,9,431
LGA52590,485,254,74,5,817,318,21,1152,10,4,4,0,16,7,3,25,3,0,0,0,3,3,0,11,10,4,4,0,20,12,3,35,5,0,0,0,3,0,0,9,0,0,0,0,0,0,0,0,0,0,0,0,0,0,0,0,0,0,0,0,0,0,0,0,0,0,0,0,0,0,0,0,5,0,0,0,3,0,0,9,3,0,0,0,3,11,0,11,4,0,0,0,4,0,0,4,11,4,0,0,11,12,5,26,0,0,0,0,0,4,0,0,16,4,0,0,21,25,0,48,8,0,0,0,12,10,0,16,522,260,81,5,866,359,29,1253
LGA52660,1569,1714,515,39,3832,953,104,4886,90,21,32,0,140,150,3,302,0,0,0,0,3,0,0,3,87,21,33,0,145,150,4,303,0,0,0,0,0,12,0,15,0,0,0,0,0,0,0,0,0,0,0,0,0,0,0,0,0,0,0,0,0,0,0,0,0,0,0,0,0,0,0,0,0,0,0,0,0,12,0,15,13,0,0,0,13,23,0,34,11,0,0,0,15,33,0,51,0,0,0,0,0,0,0,5,0,0,0,0,0,0,0,0,21,5,0,0,29,62,5,93,0,3,0,0,0,0,0,6,1685,1740,548,39,4014,1182,110,5302
LGA52730,755,511,197,3,1467,646,55,2162,50,41,13,0,107,53,5,163,4,0,0,0,0,4,0,3,53,46,13,0,113,57,5,169,0,0,0,0,0,0,0,0,0,0,0,0,0,0,0,0,0,0,0,0,0,0,0,0,0,0,0,0,0,0,0,0,0,0,0,0,0,0,0,0,0,0,0,0,0,0,0,3,0,0,0,0,0,0,0,7,0,0,0,0,3,4,0,3,0,0,0,0,0,0,0,0,0,0,0,0,0,0,0,0,4,0,0,0,4,9,0,15,3,3,0,0,10,3,0,16,821,560,214,3,1594,703,56,2362
LGA52800,326,458,290,62,1135,419,35,1588,22,5,11,3,41,75,8,127,0,0,0,0,4,6,0,8,29,8,10,3,50,76,8,134,0,0,0,0,0,0,0,0,0,0,0,0,0,0,0,0,0,0,0,0,0,0,0,0,0,0,0,0,0,0,0,0,0,0,0,0,0,0,0,0,0,0,0,0,0,0,0,4,15,0,0,0,24,30,0,54,0,0,0,0,0,0,0,0,3,0,0,0,3,0,0,4,4,0,0,6,8,5,0,16,26,3,4,0,38,37,0,78,14,4,0,0,21,23,0,43,392,476,304,70,1241,552,42,1844
LGA52870,874,589,171,16,1654,519,47,2221,8,4,3,0,13,25,0,38,0,0,0,0,3,0,0,3,8,4,7,0,20,25,0,44,0,0,0,0,0,5,0,9,0,0,0,0,0,0,0,0,0,0,0,0,0,0,0,0,0,0,0,0,0,0,0,0,0,0,0,0,0,0,0,0,0,0,0,0,0,5,0,3,0,0,0,0,3,7,0,7,0,6,0,0,6,0,0,6,0,0,0,0,5,3,0,10,6,0,0,0,6,3,0,4,9,4,0,0,10,10,0,23,4,4,0,0,7,5,0,12,891,598,182,23,1691,565,49,2305
LGA52940,79,68,23,0,174,93,6,271,0,0,0,0,0,6,0,4,0,0,0,0,0,0,0,0,0,0,0,0,0,6,0,4,0,0,0,0,0,0,0,0,0,0,0,0,0,0,0,0,0,0,0,0,0,0,0,0,0,0,0,0,0,0,0,0,0,0,0,0,0,0,0,0,0,0,0,0,0,0,0,0,0,0,0,0,0,5,0,9,4,0,0,0,4,0,0,4,0,0,0,0,0,0,0,0,0,0,0,0,0,0,0,0,3,0,0,0,3,5,0,10,0,0,0,0,0,0,0,0,86,67,23,0,176,104,6,282
LGA53010,78,65,7,0,154,66,6,224,4,0,0,0,4,3,0,8,0,0,0,0,0,0,0,0,4,0,0,0,4,3,0,8,0,0,0,0,0,0,0,0,0,0,0,0,0,0,0,0,0,0,0,0,0,0,0,0,0,0,0,0,0,0,0,0,0,0,0,0,0,0,0,0,0,0,0,0,0,0,0,0,0,0,0,0,0,0,0,0,0,0,0,0,0,0,0,0,0,0,0,0,0,0,0,0,0,0,0,0,0,0,0,0,0,0,0,0,0,0,0,0,0,0,0,0,0,0,0,0,83,65,7,0,162,71,9,235
LGA53080,64,32,31,3,125,122,4,248,0,0,0,0,0,4,0,4,0,0,0,0,0,0,0,0,0,0,0,0,0,4,0,4,0,0,0,0,0,0,0,0,0,0,0,0,0,0,0,0,0,0,0,0,0,0,0,0,0,0,0,0,0,0,0,0,0,0,0,0,0,0,0,0,0,0,0,0,0,0,0,0,0,0,0,0,0,3,0,3,0,0,0,0,0,0,0,0,0,0,0,0,0,0,0,0,0,0,0,0,0,0,0,0,0,0,0,0,0,7,0,7,3,0,0,0,3,3,0,5,62,28,30,3,127,128,4,258
LGA53150,534,872,142,11,1557,332,37,1926,59,35,32,5,135,75,13,225,102,56,46,4,205,108,13,327,162,92,80,3,340,178,27,548,9,0,3,0,17,33,7,59,20,8,7,5,40,113,4,156,49,6,11,0,71,92,11,174,13,4,4,0,19,14,5,33,0,0,0,0,0,4,0,4,89,17,33,4,151,254,19,424,0,0,0,0,0,0,0,0,0,0,0,0,0,0,0,0,0,0,0,0,0,0,0,0,5,0,0,0,5,6,0,9,5,0,0,0,5,6,0,9,0,0,0,0,0,5,0,3,795,988,254,20,2058,777,85,2913
LGA53220,347,609,148,21,1123,329,39,1491,0,0,0,0,8,30,4,41,3,0,0,0,9,11,0,18,6,4,0,0,14,38,8,58,5,0,0,0,11,23,0,38,0,0,0,0,0,0,0,0,0,0,0,0,0,0,0,0,0,0,0,0,0,0,0,0,0,0,0,0,0,0,0,0,5,0,0,0,11,23,0,38,10,0,4,0,14,14,0,29,0,0,0,0,0,0,0,0,0,0,0,0,0,3,0,0,0,0,0,0,0,0,0,0,15,0,4,0,18,15,0,33,0,4,0,0,3,22,0,28,375,619,154,21,1166,430,45,1644
LGA53290,1387,1298,426,40,3154,1062,122,4339,52,24,43,6,121,244,6,378,8,5,0,0,19,22,0,40,67,33,43,6,141,265,7,413,5,4,4,0,18,71,0,89,0,0,0,0,0,0,0,0,0,0,0,0,0,0,0,0,0,0,0,0,0,0,0,0,0,0,0,0,0,0,0,4,10,4,4,0,14,73,0,95,17,0,0,0,15,31,6,46,0,0,0,0,5,7,0,14,8,0,0,0,8,3,0,8,0,0,0,0,3,0,0,4,23,0,0,6,28,44,4,72,19,25,3,0,45,22,0,67,1503,1361,481,51,3389,1461,139,4990
LGA53360,287,278,62,3,627,167,64,856,7,0,5,0,9,8,0,18,0,0,0,0,0,0,4,8,11,0,5,0,11,7,9,25,14,0,5,0,21,35,3,50,0,0,0,0,0,0,0,0,0,0,0,0,0,0,0,0,0,0,0,0,0,0,0,0,0,0,0,0,0,0,0,0,14,0,5,0,21,35,3,50,39,18,4,0,62,47,6,111,7,0,0,0,3,5,0,12,6,0,0,0,4,3,0,11,3,9,0,0,13,4,5,14,46,25,6,0,81,61,11,146,5,0,0,0,8,7,0,17,354,308,72,3,744,282,80,1097
LGA53430,2204,2531,858,64,5667,1758,447,7871,324,185,142,18,678,715,85,1477,397,192,144,18,748,616,93,1457,724,378,282,38,1425,1330,175,2932,61,21,15,0,101,249,18,372,143,27,39,6,217,305,26,547,376,86,50,0,514,573,45,1139,18,0,0,0,20,31,4,53,13,6,4,0,21,17,3,46,609,152,111,8,874,1179,98,2154,0,0,0,0,0,5,0,3,42,5,8,0,48,73,4,132,0,0,0,0,0,0,0,0,7,4,4,0,16,4,3,25,50,9,6,3,67,90,6,160,7,0,0,0,11,24,3,31,3599,3068,1262,112,8042,4380,727,13148
LGA53570,748,470,132,18,1370,468,71,1912,14,0,3,0,16,25,0,37,6,0,0,0,0,3,0,3,17,0,3,0,14,23,0,43,5,0,0,0,5,16,0,20,0,0,0,0,0,0,0,0,0,0,0,0,0,0,0,0,0,0,0,0,0,0,0,0,0,0,0,0,0,0,0,0,4,0,0,0,7,16,0,22,3,0,0,0,3,10,0,14,7,0,0,0,9,7,3,17,0,0,3,0,3,0,0,5,0,0,0,0,0,0,0,4,12,0,3,0,15,24,3,39,0,0,0,0,0,4,0,7,778,471,141,21,1412,539,77,2026
LGA53640,136,136,26,8,305,108,8,425,0,0,0,0,0,0,0,4,0,0,0,0,0,0,0,0,0,0,0,0,0,0,0,4,0,0,0,0,0,0,0,0,0,0,0,0,0,0,0,0,0,0,0,0,0,0,0,0,0,0,0,0,0,0,0,0,0,0,0,0,0,0,0,0,0,0,0,0,0,0,0,0,0,0,0,0,0,3,0,3,0,0,0,0,0,0,0,0,0,0,0,0,0,0,0,0,0,0,0,0,0,0,0,0,0,0,0,0,0,0,0,0,0,0,0,0,0,4,0,5,135,143,26,8,312,115,8,437
LGA53710,123,92,27,4,250,102,3,361,0,0,0,0,0,14,0,18,0,0,0,0,0,0,0,0,3,0,0,0,7,14,0,19,0,0,0,0,0,0,0,0,0,0,0,0,0,0,0,0,0,0,0,0,0,0,0,0,0,0,0,0,0,0,0,0,0,0,0,0,0,0,0,0,0,0,0,0,0,0,0,0,0,0,0,0,0,4,0,4,0,0,0,0,0,0,0,0,0,0,0,0,0,0,0,0,0,0,0,0,0,0,0,0,0,0,0,0,0,4,0,4,0,0,0,0,0,0,0,0,127,92,28,4,253,122,4,383
LGA53780,8678,15802,4701,520,29697,7043,1173,37916,673,537,358,46,1606,1550,100,3252,94,91,58,15,257,214,26,491,760,627,415,59,1859,1763,125,3746,85,66,62,3,220,243,21,479,58,27,19,9,119,123,19,268,0,0,0,0,0,0,0,0,0,0,0,0,0,0,0,0,11,14,8,0,29,28,0,54,155,106,89,19,366,391,44,801,23,0,7,0,26,78,3,107,0,0,0,0,0,0,0,0,0,0,0,0,0,0,0,9,18,7,5,3,34,24,3,62,45,11,7,3,61,108,8,176,3,6,3,0,16,23,0,40,9640,16545,5213,601,31996,9334,1346,42675
LGA53800,3709,3712,1596,125,9147,2884,334,12367,215,77,128,26,440,748,37,1227,97,52,28,0,182,105,5,295,312,126,157,31,629,850,44,1519,35,13,20,7,64,137,8,206,0,0,0,0,0,13,0,15,0,0,0,0,0,0,0,0,0,0,0,0,0,0,0,0,4,0,0,0,3,3,0,12,30,13,20,7,73,152,10,230,25,0,6,0,32,54,0,86,8,0,0,0,9,24,0,28,8,0,0,0,6,8,0,19,6,4,0,0,8,6,3,18,45,3,8,3,60,94,3,154,10,4,3,0,21,44,0,67,4111,3866,1786,156,9920,4020,399,14338
LGA53920,86,236,216,34,572,153,15,740,6,13,10,0,34,31,3,66,0,0,0,0,0,10,0,10,6,13,10,0,34,42,3,80,6,0,0,0,8,4,0,15,0,0,0,0,0,0,0,0,0,0,0,0,0,0,0,0,0,0,0,0,0,0,0,0,0,0,0,0,0,0,0,0,6,0,0,0,8,4,0,15,13,0,0,0,15,16,0,41,0,0,0,0,0,0,0,0,0,0,0,0,0,5,0,8,0,0,0,0,0,0,0,0,14,0,3,0,27,26,3,48,0,0,6,5,9,19,0,30,117,252,233,45,642,246,19,908
LGA53990,3076,3367,1052,79,7578,1722,202,9503,89,26,28,4,143,204,7,350,0,13,0,0,14,0,0,11,88,34,28,4,154,201,7,360,6,3,5,0,18,27,0,45,0,0,0,0,0,0,0,0,0,0,0,0,0,0,0,0,0,0,0,0,0,0,0,0,0,0,0,0,0,0,0,0,6,5,5,0,18,27,0,47,24,5,5,4,35,68,0,98,5,6,0,0,13,17,0,30,0,0,3,0,8,6,0,15,0,3,0,0,5,3,0,9,32,7,9,4,53,99,0,149,0,3,0,0,6,11,0,13,3208,3428,1089,83,7815,2058,211,10077
LGA54060,474,302,109,9,896,327,21,1238,7,4,11,0,20,61,4,76,20,12,3,0,34,21,4,55,30,15,13,0,51,77,5,130,8,0,0,0,10,20,0,23,0,0,0,0,0,0,0,0,0,0,0,0,0,0,0,0,0,0,0,0,0,0,0,0,0,0,0,0,0,0,0,0,8,0,0,0,10,20,0,23,3,0,0,0,3,0,0,5,4,0,0,0,3,17,0,18,0,0,0,0,0,0,0,0,4,0,0,0,0,0,0,3,10,0,0,0,12,20,0,31,4,0,0,0,0,5,0,11,521,318,125,8,973,437,26,1437
LGA54130,133,113,17,3,276,112,6,391,0,0,0,0,0,11,0,14,0,0,0,0,0,0,0,0,0,0,0,0,0,11,0,14,0,0,0,0,0,0,0,0,0,0,0,0,0,0,0,0,0,0,0,0,0,0,0,0,0,0,0,0,0,0,0,0,0,0,0,0,0,0,0,0,0,0,0,0,0,0,0,0,8,0,0,0,6,6,0,17,0,0,0,0,0,0,0,0,0,0,0,0,0,0,0,0,0,0,0,0,0,4,0,6,7,0,0,0,8,12,0,19,0,0,0,0,0,6,0,4,136,117,23,3,283,140,3,424
LGA54170,15547,21506,5025,391,42469,7575,936,50982,886,436,413,36,1766,1758,93,3617,372,191,155,10,730,472,84,1285,1265,620,560,41,2491,2231,178,4900,106,13,36,5,154,291,16,464,116,27,44,3,190,242,37,469,109,39,49,12,204,224,42,471,0,0,0,0,0,0,0,0,19,10,3,0,39,41,0,83,345,91,132,17,589,804,90,1483,20,3,0,0,25,61,0,88,3,0,0,0,4,5,0,11,0,0,0,0,0,0,0,0,7,8,0,0,11,3,5,16,31,4,0,3,44,71,5,120,8,0,0,0,12,19,0,32,17196,22233,5726,457,45607,10704,1205,57522
LGA54200,5947,7231,2235,204,15613,3885,432,19923,202,70,97,9,380,572,24,975,23,12,6,0,39,34,3,80,224,77,108,9,421,606,30,1048,13,4,3,0,16,27,0,44,0,0,0,0,0,0,0,0,0,0,0,0,0,0,0,0,0,0,0,0,0,0,0,0,14,3,0,0,21,19,0,38,26,10,4,0,42,46,0,86,10,3,0,0,15,7,0,23,23,0,5,0,28,67,0,95,0,3,5,0,6,7,0,11,11,13,5,0,31,3,0,36,47,19,12,0,75,88,5,165,11,3,0,0,17,0,0,20,6251,7341,2355,215,16165,4623,466,21248
LGA54280,2111,2990,875,99,6072,1766,275,8110,240,227,107,10,588,712,66,1369,64,48,11,0,124,55,18,202,300,273,127,17,715,768,89,1569,26,15,7,3,39,76,9,127,0,0,0,0,0,0,0,0,0,0,0,0,0,0,0,0,0,0,0,0,0,0,0,0,0,0,0,0,0,0,0,3,26,15,7,3,43,76,5,125,9,0,0,0,10,20,0,37,28,3,5,0,37,62,0,101,0,0,0,0,0,0,0,0,5,0,0,0,8,7,0,16,45,9,6,0,54,90,0,150,3,3,6,0,12,15,4,26,2478,3288,1014,117,6899,2725,369,9991
LGA54310,1181,2474,377,36,4061,747,148,4951,187,148,71,11,420,292,30,739,38,26,5,0,73,75,13,155,222,176,79,12,492,365,34,893,29,5,0,0,34,57,6,98,16,5,0,0,21,33,0,59,13,7,0,0,19,19,0,40,32,10,5,0,40,85,6,137,0,0,0,0,0,0,0,0,89,24,3,0,121,191,16,330,23,5,3,0,35,25,5,67,6,0,0,0,6,5,0,19,0,0,0,0,4,0,0,7,0,3,0,0,3,0,0,0,38,9,4,0,49,42,9,97,15,4,0,0,17,20,0,34,1541,2682,473,46,4741,1360,212,6308
LGA54340,418,358,129,18,933,337,50,1313,21,10,12,0,43,75,9,121,0,0,0,0,0,0,0,4,18,10,12,0,41,74,9,126,0,0,0,0,0,3,0,5,0,0,0,0,0,0,0,0,0,0,0,0,0,0,0,0,0,0,0,0,0,0,0,0,0,0,0,0,0,0,0,0,0,0,0,0,0,3,0,5,0,0,0,0,0,0,0,0,0,0,0,0,0,0,0,0,0,0,0,0,0,0,0,0,0,0,0,0,0,0,0,0,0,0,0,0,0,4,0,5,0,0,0,0,3,3,0,6,445,370,149,18,983,422,58,1456
LGA54410,136,88,38,3,270,121,12,400,0,0,0,0,0,7,0,12,0,0,0,0,0,0,0,0,0,0,0,0,0,7,0,12,0,0,0,0,0,13,0,19,0,0,0,0,0,0,0,0,0,0,0,0,0,0,0,0,0,0,0,0,0,0,0,0,0,0,0,0,0,0,0,0,0,0,0,0,0,13,0,19,0,0,0,0,0,0,0,0,0,0,0,0,0,5,0,5,0,0,0,0,0,0,0,0,0,0,0,0,0,3,0,3,0,0,0,0,0,3,0,3,4,0,0,0,6,0,0,3,144,86,38,4,281,143,12,436
LGA54480,42,70,0,0,115,50,4,167,0,0,0,0,0,0,0,0,0,0,0,0,0,0,0,0,0,0,0,0,0,0,0,0,0,0,0,0,0,0,0,0,0,0,0,0,0,0,0,0,0,0,0,0,0,0,0,0,0,0,0,0,0,0,0,0,0,0,0,0,0,0,0,0,0,0,0,0,0,0,0,0,0,0,0,0,0,0,0,0,0,0,0,0,0,0,0,0,0,0,0,0,0,0,0,0,0,0,0,0,0,0,0,0,0,0,0,0,0,0,0,0,0,0,0,0,0,0,0,0,42,70,5,0,111,52,4,174
LGA54550,212,199,44,0,454,226,17,696,0,0,4,0,10,21,0,30,0,0,0,0,0,0,0,0,0,0,4,0,10,21,0,30,0,0,0,0,0,0,0,0,0,0,0,0,0,0,0,0,0,0,0,0,0,0,0,0,0,0,0,0,0,0,0,0,0,0,0,0,0,0,0,0,0,0,0,0,0,0,0,0,0,0,0,0,0,0,0,0,0,0,0,0,0,0,0,0,0,0,0,0,0,0,0,0,0,0,0,0,0,0,0,0,0,0,0,0,0,0,0,5,0,0,0,0,3,4,0,3,217,204,42,0,467,251,17,737
LGA54620,99,66,26,3,192,83,9,282,0,0,0,0,0,6,0,6,0,0,0,0,0,0,0,0,0,0,0,0,0,6,0,6,0,0,0,0,0,0,0,0,0,0,0,0,0,0,0,0,0,0,0,0,0,0,0,0,0,0,0,0,0,0,0,0,0,0,0,0,0,0,0,0,0,0,0,0,0,0,0,0,3,0,0,0,3,3,0,7,0,0,0,0,0,0,0,3,0,0,0,0,0,0,0,0,0,0,0,0,0,0,0,0,4,0,0,0,4,3,0,4,0,0,0,0,0,0,0,0,103,66,26,3,202,99,9,297
LGA54690,54,36,10,0,94,61,4,154,0,0,0,0,0,0,0,0,0,0,0,0,0,0,0,0,0,0,0,0,0,0,0,0,0,0,0,0,0,0,0,0,0,0,0,0,0,0,0,0,0,0,0,0,0,0,0,0,0,0,0,0,0,0,0,0,0,0,0,0,0,0,0,0,0,0,0,0,0,0,0,0,0,0,0,0,0,0,0,0,0,0,0,0,0,0,0,0,0,0,0,0,0,0,0,0,0,0,0,0,0,0,0,0,0,0,0,0,0,0,0,0,0,0,0,0,0,0,0,0,54,36,10,0,94,56,4,157
LGA54760,96,78,14,0,187,64,6,258,0,0,0,0,0,0,0,4,0,0,0,0,0,0,0,0,0,0,0,0,0,0,0,4,0,0,0,0,0,0,0,0,0,0,0,0,0,0,0,0,0,0,0,0,0,0,0,0,0,0,0,0,0,0,0,0,0,0,0,0,0,0,0,0,0,0,0,0,0,0,0,0,0,0,0,0,0,0,0,0,0,0,0,0,0,0,0,3,0,0,0,0,0,0,0,0,0,0,0,0,0,0,0,0,6,0,0,0,0,0,0,4,0,0,0,0,4,0,0,5,99,80,14,3,197,73,6,270
LGA54830,3258,5614,2095,173,11141,2938,487,14566,97,48,45,4,191,257,16,462,11,8,18,0,37,48,9,87,106,53,61,3,228,304,22,552,26,9,29,10,77,216,19,308,35,20,27,0,81,113,8,201,0,0,4,0,4,3,0,7,0,0,0,0,0,0,0,0,3,5,0,0,11,7,0,15,60,32,55,13,164,344,23,529,0,0,0,0,0,0,0,0,0,0,0,0,0,0,0,0,0,0,0,0,0,0,0,0,0,0,0,0,0,3,0,3,0,0,0,0,0,6,0,9,4,0,0,0,5,0,0,7,3428,5698,2218,194,11540,3588,533,15666
LGA54900,151,144,20,0,313,117,10,438,0,0,0,0,4,11,0,16,0,0,0,0,0,0,0,0,0,0,0,0,4,11,0,18,0,0,0,0,0,3,0,3,0,0,0,0,0,0,0,0,0,0,0,0,0,0,0,0,0,0,0,0,0,0,0,0,0,0,0,0,0,0,0,0,0,0,0,0,0,3,0,3,0,0,0,0,0,5,0,3,0,0,0,0,0,0,0,0,0,0,0,0,0,0,0,0,0,0,0,0,0,0,0,0,4,0,0,0,4,5,0,4,4,0,0,0,4,4,0,4,153,143,20,0,320,133,8,469
LGA54970,38,34,24,9,101,48,0,149,9,0,0,0,12,6,0,18,0,0,0,0,0,0,0,0,9,0,0,0,12,6,0,18,0,0,0,0,0,4,0,4,0,0,0,0,0,0,0,0,0,0,0,0,0,0,0,0,0,0,0,0,0,0,0,0,0,0,0,0,0,0,0,0,0,0,0,0,0,4,0,4,0,0,0,0,0,0,0,5,0,0,0,0,0,0,0,0,0,0,0,0,0,0,0,0,0,0,0,0,0,0,0,0,0,0,0,0,0,0,0,5,3,0,0,0,4,4,0,7,48,34,23,8,115,64,0,183
LGA55040,75,80,25,3,181,63,6,248,0,0,0,0,3,15,4,18,0,0,0,0,0,0,0,0,0,0,0,0,3,15,4,18,0,0,0,0,4,3,0,7,0,0,0,0,0,0,0,0,0,0,0,0,0,0,0,0,0,0,0,0,0,0,0,0,0,0,0,0,0,0,0,3,0,4,0,0,5,3,0,7,8,0,0,0,11,10,0,19,0,0,0,0,0,0,0,0,0,0,0,0,0,0,0,0,3,0,0,0,4,6,0,6,9,0,0,0,16,14,0,29,0,0,0,0,6,4,0,9,90,87,32,4,209,99,4,314
LGA55110,9654,8490,3768,254,22172,6675,695,29540,941,156,233,25,1348,2075,65,3486,318,87,114,8,523,509,37,1069,1254,240,347,34,1869,2588,101,4557,73,17,27,5,126,284,14,420,90,22,18,0,125,62,5,189,82,14,17,0,121,77,3,197,86,16,7,4,114,46,0,155,3,3,4,5,15,19,0,34,332,77,71,15,496,479,31,1006,17,0,0,0,26,46,0,72,35,5,4,0,39,95,0,137,0,3,0,0,3,10,0,9,0,0,0,0,0,7,0,7,53,8,3,3,66,159,0,224,10,0,7,0,15,17,0,32,11306,8809,4196,300,24619,9909,829,35358
LGA55180,1130,817,293,36,2267,915,69,3251,20,9,7,0,32,159,0,200,0,0,0,0,0,4,0,4,20,9,7,0,32,166,0,203,0,0,0,0,0,16,0,20,0,0,0,0,0,0,0,0,0,0,0,0,0,0,0,0,0,0,0,0,0,0,0,0,0,0,0,0,0,3,0,5,0,0,0,0,4,19,0,23,3,0,0,0,5,0,0,4,0,0,0,0,0,0,0,0,0,0,0,0,5,0,0,4,0,0,0,0,0,0,0,0,0,3,0,0,9,5,0,9,6,0,3,0,9,19,0,28,1159,827,303,36,2322,1118,71,3514
LGA55250,57,42,37,12,144,73,8,217,5,0,3,0,9,11,3,18,0,0,0,0,0,0,0,0,5,0,3,0,9,11,3,18,7,0,0,0,3,6,0,11,0,0,0,0,0,0,0,0,0,0,0,0,0,0,0,0,0,0,0,0,0,0,0,0,0,0,0,0,0,0,0,0,7,0,0,0,3,6,0,11,5,0,0,0,8,7,0,10,0,0,0,0,0,0,0,0,0,0,0,0,0,0,0,0,0,0,0,0,0,0,0,0,5,0,0,0,8,6,0,10,5,6,0,0,6,9,0,14,72,50,40,15,170,103,7,276
LGA55320,8466,12030,2716,300,23525,5020,721,29265,1227,915,640,69,2846,2806,209,5862,375,364,125,22,884,394,44,1321,1600,1283,760,87,3734,3198,249,7179,173,62,55,13,303,537,28,874,101,21,18,8,141,236,30,397,228,52,28,3,311,262,9,581,62,8,10,4,83,94,5,177,11,6,3,3,26,13,3,41,570,146,114,32,863,1138,72,2067,0,0,0,0,0,0,0,0,0,0,0,0,0,0,0,0,0,0,0,0,0,0,0,0,0,0,0,0,0,0,0,4,0,0,0,0,3,0,0,4,13,10,5,0,29,15,4,44,10657,13468,3604,423,28152,9375,1049,38566
LGA55390,7,5,0,7,22,20,0,42,0,0,0,0,0,0,0,0,0,0,0,0,0,0,0,0,0,0,0,0,0,0,0,0,0,3,0,0,0,3,0,6,0,0,0,0,0,0,0,0,0,0,0,0,0,0,0,0,0,0,0,0,0,0,0,0,0,0,0,0,0,0,0,0,0,3,0,0,0,3,0,6,5,0,0,0,5,8,0,4,0,0,0,0,0,0,0,0,0,0,0,0,0,0,0,0,0,0,0,0,0,0,0,3,3,0,0,0,9,6,0,10,7,0,0,0,7,5,0,12,16,10,0,7,35,31,0,66
LGA55460,340,288,104,3,742,318,30,1092,3,4,6,0,13,27,0,40,0,0,0,0,0,0,0,0,3,5,6,0,11,27,0,43,0,0,0,0,0,4,0,3,0,0,0,0,0,0,0,0,0,0,0,0,0,0,0,0,0,0,0,0,0,0,0,0,0,0,0,0,0,0,0,0,0,0,0,0,0,4,0,3,0,0,0,0,0,9,0,10,0,0,0,0,0,0,0,0,0,0,0,0,0,0,0,0,0,0,0,0,0,0,0,0,0,0,0,0,3,12,0,6,0,4,0,0,3,3,0,6,345,298,110,3,759,359,30,1151
LGA55530,38,43,4,0,90,43,0,132,0,0,0,0,3,0,0,3,0,0,0,0,0,0,0,0,0,0,0,0,3,0,0,3,0,0,0,0,0,0,0,0,0,0,0,0,0,0,0,0,0,0,0,0,0,0,0,0,0,0,0,0,0,0,0,0,0,0,0,0,0,0,0,0,0,0,0,0,0,0,0,0,0,0,0,0,0,0,0,0,0,0,0,0,0,0,0,0,0,0,0,0,3,0,0,3,0,0,0,0,0,0,0,0,0,0,0,0,6,0,0,7,3,0,0,0,3,0,0,3,44,45,8,0,101,42,0,147
LGA55600,238,201,83,10,531,213,17,752,5,4,6,0,18,40,0,53,0,0,0,0,0,0,0,0,5,4,6,0,18,40,0,53,0,0,0,0,0,0,0,0,0,0,0,0,0,0,0,0,0,0,0,0,0,0,0,0,0,0,0,0,0,0,0,0,0,0,0,0,0,0,0,0,0,0,0,0,0,0,0,0,0,0,0,0,0,0,0,0,0,0,0,0,0,11,0,10,0,0,0,0,0,0,0,0,0,0,0,0,0,0,0,0,0,0,0,0,0,13,0,10,5,0,0,0,5,3,0,7,250,206,86,9,545,261,17,824
LGA55670,64,48,19,0,133,62,0,199,0,0,0,0,0,5,0,4,0,0,0,0,0,0,0,0,0,0,0,0,0,5,0,4,0,0,0,0,0,0,0,0,0,0,0,0,0,0,0,0,0,0,0,0,0,0,0,0,0,0,0,0,0,0,0,0,0,0,0,0,0,0,0,0,0,0,0,0,0,0,0,0,0,0,0,0,0,4,0,3,0,0,0,0,0,0,0,0,0,0,0,0,0,0,0,0,0,0,0,0,0,0,0,0,0,0,0,0,0,4,0,3,0,0,0,0,0,3,0,4,67,52,19,0,134,73,7,214
LGA55740,605,984,184,16,1787,318,58,2160,58,28,29,6,126,161,8,291,41,38,21,3,107,100,11,219,100,73,50,6,230,259,20,507,13,3,3,0,20,55,3,84,54,13,7,4,80,258,13,341,70,25,15,5,117,240,24,375,15,0,3,3,26,19,0,43,0,0,0,0,0,0,0,0,153,48,28,7,236,562,44,843,0,0,0,0,0,0,0,0,0,0,0,0,0,0,0,0,0,0,0,0,0,0,0,0,0,0,0,0,0,0,0,0,0,0,0,0,0,0,0,0,0,0,0,0,0,4,0,4,862,1102,261,29,2247,1147,124,3520
LGA55810,35,16,12,0,66,42,10,115,0,0,0,0,0,0,0,6,0,0,0,0,0,0,0,0,0,0,0,0,0,0,0,6,0,0,0,0,0,0,0,0,0,0,0,0,0,0,0,0,0,0,0,0,0,0,0,0,0,0,0,0,0,0,0,0,0,0,0,0,0,0,0,0,0,0,0,0,0,0,0,0,0,0,0,0,5,0,0,5,0,0,0,0,0,0,0,0,0,0,0,0,0,0,0,0,0,0,0,0,0,0,0,0,5,0,4,0,5,0,0,5,0,0,0,0,0,3,0,0,39,20,15,0,71,49,10,128
LGA55880,52,52,11,0,110,55,5,167,0,0,0,0,0,8,0,6,0,0,0,0,0,0,0,0,0,0,0,0,0,8,0,6,0,0,0,0,0,0,0,0,0,0,0,0,0,0,0,0,0,0,0,0,0,0,0,0,0,0,0,0,0,0,0,0,0,0,0,0,0,0,0,0,0,0,0,0,0,0,0,0,0,0,0,0,0,0,0,0,0,0,0,0,0,0,0,0,0,0,0,0,0,0,0,0,0,0,0,0,0,0,0,0,0,0,0,0,0,0,0,0,0,0,0,0,0,0,0,4,55,50,11,0,115,60,5,174
LGA55950,76,56,14,4,148,62,0,215,0,0,0,0,0,0,0,0,0,0,0,0,0,0,0,0,0,0,0,0,0,0,0,0,0,0,0,0,0,0,0,0,0,0,0,0,0,0,0,0,0,0,0,0,0,0,0,0,0,0,0,0,0,0,0,0,0,0,0,0,0,0,0,0,0,0,0,0,0,0,0,0,0,0,0,0,0,0,0,0,0,0,0,0,0,0,0,0,0,0,0,0,0,0,0,0,0,0,0,0,0,0,0,0,0,0,0,0,0,0,0,0,0,0,0,0,0,0,0,0,76,56,14,4,148,62,0,215
LGA56090,4285,4595,1311,95,10289,2447,250,12989,89,24,50,5,162,324,8,495,4,0,0,0,5,0,0,5,88,29,50,6,168,324,8,502,0,0,0,0,3,3,0,3,0,0,0,0,0,0,0,0,0,0,0,0,0,0,0,0,0,0,0,0,0,0,0,0,5,6,0,0,14,3,0,16,5,7,0,0,15,6,0,22,0,0,0,0,3,6,0,15,0,0,0,0,0,0,0,0,0,0,0,0,0,0,0,0,0,6,0,0,6,0,0,3,0,3,0,0,9,9,0,22,0,3,6,0,5,5,0,15,4382,4634,1367,104,10489,2792,257,13541
LGA56160,9,5,6,0,15,6,0,18,0,0,0,0,3,0,0,3,0,0,0,0,0,0,0,0,0,0,0,0,3,0,0,3,0,0,0,0,0,0,0,0,0,0,0,0,0,0,0,0,0,0,0,0,0,0,0,0,0,0,0,0,0,0,0,0,0,0,0,0,0,0,0,0,0,0,0,0,0,0,0,0,7,3,0,0,10,0,0,7,0,0,0,0,0,0,0,0,0,0,0,0,0,0,0,0,0,0,0,0,0,0,0,0,7,3,0,0,10,0,0,7,0,0,0,0,0,0,0,5,11,5,8,0,28,10,0,32
LGA56230,2106,1825,710,43,4693,1337,123,6154,64,6,20,3,94,143,7,245,5,0,5,0,6,11,0,20,72,6,25,3,105,160,7,268,0,0,0,0,0,11,0,6,0,0,0,0,0,0,0,0,0,0,0,0,0,0,0,0,0,0,0,0,0,0,0,0,3,0,0,0,3,0,0,8,3,0,0,0,6,8,0,14,37,4,10,0,46,107,0,157,12,0,4,0,14,7,0,21,5,0,0,0,12,0,0,10,0,0,0,0,0,0,0,5,50,10,13,0,68,119,0,192,6,7,0,0,4,8,0,9,2238,1842,744,50,4878,1627,134,6641
LGA56300,239,109,35,4,383,164,15,563,0,0,0,0,6,3,0,6,0,0,0,0,0,0,0,0,6,0,0,0,3,3,0,10,0,0,0,0,0,13,0,15,0,0,0,0,0,0,0,0,0,0,0,0,0,0,0,0,0,0,0,0,0,0,0,0,0,0,0,0,0,0,0,0,0,0,0,0,0,14,0,15,5,4,0,0,9,0,0,8,0,0,0,0,0,0,0,6,0,0,0,0,0,0,0,0,0,0,0,0,0,0,0,0,3,5,0,0,10,0,0,14,0,0,0,0,0,0,0,0,250,110,36,6,403,187,18,604
LGA56370,91,77,9,0,179,62,3,247,8,0,0,0,10,11,0,18,0,0,0,0,0,0,0,0,8,0,0,0,10,11,0,18,0,0,0,0,0,0,0,0,0,0,0,0,0,0,0,0,0,0,0,0,0,0,0,0,0,0,0,0,0,0,0,0,0,0,0,0,0,0,0,0,0,0,0,0,0,0,0,0,0,0,0,0,0,0,0,0,0,0,0,0,0,0,0,0,0,0,0,0,0,0,0,0,0,0,0,0,0,0,0,0,0,0,0,0,0,0,0,0,0,0,0,0,0,0,0,0,97,77,16,0,189,69,4,262
LGA56460,488,400,201,20,1103,522,44,1667,20,3,3,0,32,95,0,133,0,0,0,0,0,0,0,0,20,3,3,0,32,95,0,133,0,0,0,0,5,5,0,6,0,0,0,0,0,0,0,0,0,0,0,0,0,0,0,0,0,0,0,0,0,0,0,0,0,0,0,0,0,0,0,0,0,3,0,0,3,5,0,5,0,0,0,0,0,4,0,4,0,0,0,0,0,0,0,0,0,0,0,0,0,0,0,0,3,0,0,0,3,0,0,3,3,0,0,0,3,4,0,7,0,0,0,0,0,0,0,0,513,401,206,18,1143,629,51,1819
LGA56580,1725,2947,465,46,5181,849,172,6202,121,80,43,0,254,257,27,537,88,75,46,3,215,141,15,379,216,157,86,7,468,405,43,917,61,23,16,0,108,139,34,285,6,0,0,0,7,23,0,34,68,18,8,0,91,55,3,150,0,0,0,0,0,0,0,0,0,6,0,0,6,0,0,3,137,44,32,0,211,222,41,474,0,0,0,0,0,0,0,0,0,0,0,0,0,0,0,0,0,0,0,0,0,0,0,0,0,0,0,0,0,0,0,0,0,0,0,0,0,0,0,0,0,0,0,0,0,4,0,4,2075,3152,580,56,5865,1480,257,7602
LGA56620,59,104,72,11,244,59,4,308,0,0,0,0,0,9,0,16,0,0,0,0,0,0,0,0,0,0,0,0,0,9,0,16,0,0,0,0,0,3,0,3,0,0,0,0,0,0,0,0,0,0,0,0,0,0,0,0,0,0,0,0,0,0,0,0,0,0,0,0,0,0,0,0,0,0,0,0,0,3,0,3,0,0,0,0,0,0,0,0,0,0,0,0,0,0,0,0,0,0,0,0,0,0,0,0,0,0,0,0,0,0,0,0,0,0,0,0,0,0,0,0,0,0,0,0,3,5,5,13,63,102,76,10,253,83,5,340
LGA56730,1198,972,500,32,2701,1051,104,3858,19,7,12,0,47,94,6,146,3,0,0,0,0,6,0,11,27,10,14,0,50,99,6,154,0,3,0,0,3,10,0,16,0,0,0,0,0,0,0,0,0,0,0,0,0,0,0,0,0,0,0,0,0,0,0,0,5,0,0,0,5,6,0,7,0,3,0,0,6,11,0,16,8,0,0,0,8,11,0,18,3,0,0,0,5,11,0,12,0,0,0,0,0,0,0,0,0,0,0,0,0,0,0,0,6,0,0,0,10,20,4,32,0,7,0,0,11,8,3,17,1233,987,516,41,2777,1181,111,4070
LGA56790,426,220,69,7,717,294,14,1029,22,3,3,0,28,24,3,47,9,5,0,0,12,15,0,30,29,3,3,0,34,38,3,77,0,0,0,0,0,15,0,15,0,0,0,0,0,0,0,0,0,0,0,0,0,0,0,0,0,0,0,0,0,0,0,0,0,0,0,0,0,0,0,0,0,0,0,0,0,15,0,16,21,5,0,0,29,16,0,39,0,0,0,0,0,0,0,0,0,0,0,0,0,0,0,4,0,0,0,0,0,4,0,4,25,6,0,0,32,16,0,51,7,8,0,0,12,6,0,19,482,235,76,8,806,371,19,1191
LGA56860,33,20,6,0,57,31,0,86,0,0,0,0,0,0,0,0,0,0,0,0,0,0,0,0,0,0,0,0,0,0,0,0,0,0,0,0,0,0,0,0,0,0,0,0,0,0,0,0,0,0,0,0,0,0,0,0,0,0,0,0,0,0,0,0,0,0,0,0,0,0,0,0,0,0,0,0,0,0,0,0,0,0,0,0,0,0,0,0,0,0,0,0,0,0,0,0,0,0,0,0,0,0,0,0,0,0,0,0,0,0,0,0,0,0,0,0,4,0,0,4,0,0,0,0,0,0,0,0,29,18,6,0,61,31,0,93
LGA56930,134,184,29,0,348,52,4,404,0,0,0,0,3,6,0,8,15,10,3,0,33,19,0,53,18,10,3,0,33,23,0,54,4,0,4,0,14,9,0,24,8,0,0,0,7,30,0,37,0,0,0,0,0,0,0,0,0,0,0,0,0,0,0,0,0,0,0,0,0,0,0,0,12,5,5,0,23,37,0,61,0,0,0,0,0,0,0,0,0,0,0,0,0,0,0,0,0,0,0,0,0,0,0,0,0,0,0,0,0,0,0,0,0,0,0,0,0,0,0,0,0,0,0,0,0,0,0,0,166,195,36,4,404,115,4,523
LGA57000,41,32,9,0,90,38,3,126,0,0,0,0,0,0,0,0,0,0,0,0,0,0,0,0,0,0,0,0,0,0,0,0,0,0,0,0,0,0,0,0,0,0,0,0,0,0,0,0,0,0,0,0,0,0,0,0,0,0,0,0,0,0,0,0,0,0,0,0,0,0,0,0,0,0,0,0,0,0,0,0,0,0,0,0,0,0,0,0,0,0,0,0,0,0,0,0,0,0,0,0,0,0,0,0,0,0,0,0,0,0,0,0,0,0,0,0,0,0,0,4,3,0,0,0,4,0,0,5,51,32,9,0,93,46,3,139
LGA57080,142,95,14,7,258,70,40,371,15,8,3,0,27,19,8,52,226,159,51,13,447,222,102,767,240,166,56,13,474,244,106,819,112,60,29,11,211,211,68,484,421,115,72,25,645,797,193,1632,1134,332,153,47,1662,1693,326,3676,1788,541,199,69,2599,2262,448,5308,0,0,0,0,0,0,0,0,3458,1047,457,155,5114,4966,1029,11107,0,0,0,0,0,0,0,0,0,0,0,0,0,0,0,0,0,0,0,0,0,0,0,0,0,0,0,0,0,0,0,0,0,0,0,0,0,0,0,0,5,0,0,0,4,23,0,27,3833,1307,529,178,5846,5303,1181,12329
LGA57140,152,83,37,3,279,141,3,424,0,0,0,0,0,8,0,8,0,0,0,0,0,0,0,0,0,0,0,0,0,8,0,8,0,0,0,0,0,0,0,0,0,0,0,0,0,0,0,0,0,0,0,0,0,0,0,0,0,0,0,0,0,0,0,0,0,0,0,0,0,0,0,0,0,0,0,0,0,0,0,0,0,0,0,0,0,0,0,0,0,0,0,0,0,0,0,0,0,0,0,0,0,0,0,0,0,0,0,0,0,0,0,0,0,0,0,0,0,0,0,0,0,0,0,0,0,0,0,0,152,83,37,3,279,151,3,432
LGA57210,702,488,162,14,1375,519,49,1939,6,4,5,0,11,22,0,26,0,0,0,0,0,0,0,0,6,4,5,0,11,22,0,26,0,0,0,0,0,4,0,4,0,0,0,0,0,0,0,0,0,0,0,0,0,0,0,0,0,0,0,0,0,0,0,0,0,0,0,0,0,0,0,0,0,0,0,0,0,4,0,3,3,0,0,0,5,8,0,14,6,0,0,0,6,0,0,9,0,0,0,0,0,0,0,0,0,0,0,0,0,0,0,3,15,0,0,0,13,9,0,24,0,0,0,0,0,0,0,0,723,495,168,14,1403,550,49,2001
LGA57280,830,1444,361,47,2684,644,92,3419,128,166,63,11,367,251,30,644,64,73,23,0,161,70,15,249,189,234,87,16,527,319,37,888,61,18,12,0,92,156,10,266,32,8,10,4,53,58,6,116,20,13,0,0,29,42,4,75,0,0,0,0,0,0,0,0,0,0,0,0,0,0,0,0,111,40,19,4,176,255,17,452,9,8,5,0,20,9,0,29,6,3,0,0,9,10,0,15,0,0,0,0,0,4,0,3,9,3,0,0,11,6,7,23,18,12,5,0,39,29,3,69,9,9,0,0,19,16,4,34,1164,1736,471,65,3443,1264,165,4872
LGA57350,116,62,28,0,200,90,5,296,0,0,0,0,0,8,0,6,0,0,0,0,0,0,0,0,0,0,0,0,0,8,0,6,0,0,0,0,0,0,0,0,0,0,0,0,0,0,0,0,0,0,0,0,0,0,0,0,0,0,0,0,0,0,0,0,0,0,0,0,0,0,0,0,0,0,0,0,0,0,0,0,0,0,0,0,0,0,0,0,0,0,0,0,0,0,0,0,0,0,0,0,0,0,0,0,0,0,0,0,0,0,0,0,0,0,0,0,0,0,0,0,5,0,0,0,5,4,0,9,115,62,28,0,211,101,6,313
LGA57420,252,173,58,4,491,236,19,740,0,0,4,0,4,3,0,4,0,0,0,0,0,0,0,0,0,0,4,0,4,3,0,4,0,0,0,0,0,8,0,7,0,0,0,0,0,3,0,3,0,0,0,0,0,0,0,0,0,0,0,0,0,0,0,0,0,0,0,0,0,0,0,0,0,0,0,0,0,6,0,13,3,0,0,0,3,10,0,14,0,0,0,0,0,0,0,3,0,0,0,0,3,0,0,3,0,3,0,0,3,0,0,7,3,0,0,0,13,13,0,25,0,0,0,0,0,0,0,3,262,179,60,4,507,265,13,786
LGA57490,11695,16239,5969,389,34292,8426,1053,43771,442,114,208,25,788,1326,50,2168,116,53,55,8,234,327,22,578,558,164,260,34,1017,1653,74,2745,162,46,79,6,292,716,39,1046,29,12,20,0,64,125,10,190,94,16,9,5,122,147,5,275,17,0,3,0,17,11,0,27,4,14,5,0,21,15,5,40,303,87,112,13,518,1011,52,1582,40,0,8,0,50,83,3,139,12,0,4,0,20,62,0,82,0,0,0,0,5,4,0,6,17,0,0,0,22,27,0,44,73,8,12,0,94,172,10,271,15,17,3,0,30,30,0,56,12652,16513,6360,441,35958,11283,1183,48428
LGA57630,13,0,0,0,13,13,0,34,0,0,0,0,0,0,0,0,0,0,0,0,0,0,0,0,0,0,0,0,0,0,0,0,0,0,0,0,0,0,0,0,0,0,0,0,0,0,0,0,0,0,0,0,0,0,0,0,0,0,0,0,0,0,0,0,0,0,0,0,0,0,0,0,0,0,0,0,0,0,0,0,0,0,0,0,0,5,0,7,0,0,0,0,0,0,0,0,0,0,0,0,0,0,0,0,0,0,0,0,0,0,0,0,0,0,0,0,0,5,0,7,0,0,0,0,0,0,0,3,16,0,0,0,16,22,0,43
LGA57700,2678,4483,1103,80,8350,1422,193,9959,13,16,16,0,39,40,3,74,0,0,0,0,0,0,0,0,13,16,16,0,39,40,3,74,4,0,0,0,4,12,0,15,0,0,0,0,0,0,0,0,0,0,0,0,0,0,0,0,0,0,0,0,0,0,0,0,6,0,0,0,9,7,0,17,10,0,0,0,11,24,0,36,4,0,0,0,4,3,0,9,46,3,7,0,53,38,0,91,0,4,0,0,4,0,0,3,0,0,3,0,8,8,0,15,50,5,3,0,67,47,0,112,3,4,0,0,8,10,0,26,2754,4509,1129,78,8477,1542,200,10211
LGA57770,89,60,9,0,167,89,8,264,0,0,0,0,3,10,0,17,0,0,0,0,0,3,0,3,0,0,0,0,3,12,3,20,0,0,0,0,4,9,0,9,0,0,0,0,0,0,0,0,0,0,0,0,0,0,0,0,0,0,0,0,0,0,0,0,0,0,0,0,0,0,0,0,0,0,0,0,4,9,0,9,25,3,3,0,30,19,0,57,0,0,0,0,4,0,0,7,0,0,0,0,4,0,0,4,0,0,0,0,0,0,0,0,22,6,5,0,36,25,0,69,0,0,0,0,0,3,0,4,121,71,16,0,213,137,20,360
LGA57840,2485,3378,742,157,6758,1577,373,8709,678,343,200,45,1277,1292,151,2717,1047,518,246,94,1901,1289,252,3450,1730,860,450,143,3175,2581,405,6163,186,104,42,19,355,482,59,895,188,44,23,17,276,464,45,781,185,49,27,20,275,263,34,580,161,46,22,5,227,270,28,529,0,0,0,0,0,3,0,9,717,245,118,65,1143,1477,175,2787,0,0,0,0,0,0,0,0,0,0,0,0,0,0,0,0,0,0,0,0,0,0,0,0,0,0,0,0,0,0,0,4,0,0,0,0,0,0,0,4,3,4,3,0,11,10,0,24,4932,4478,1313,363,11092,5651,953,17690
LGA57910,14074,19834,5289,639,39838,10702,1841,52380,4963,3655,2244,295,11162,9767,1139,22070,1912,1424,663,90,4093,2254,468,6817,6875,5081,2908,388,15253,12022,1609,28890,1149,504,317,70,2037,3074,259,5370,550,246,101,23,917,1170,146,2227,286,55,40,12,394,515,44,956,101,29,9,3,148,136,31,316,7,8,4,0,26,22,0,46,2096,842,479,109,3521,4918,478,8917,15,5,0,0,22,20,3,45,4,0,0,0,7,0,0,7,6,0,0,0,6,0,0,7,0,0,0,0,3,4,3,10,27,3,0,0,33,24,3,63,16,12,0,3,29,33,3,61,23087,25765,8678,1141,58676,27703,3935,90318
LGA57980,994,1319,285,31,2636,692,119,3441,65,68,17,5,151,132,11,297,267,184,104,15,570,420,62,1057,333,249,118,21,720,548,78,1349,169,62,39,9,276,402,38,714,213,60,36,10,319,561,31,911,256,98,50,8,407,619,40,1069,0,6,5,0,12,11,3,34,0,0,0,0,0,0,0,0,650,218,127,28,1020,1596,112,2726,0,0,0,0,0,0,0,0,0,0,0,0,0,0,0,0,0,0,0,0,0,0,0,0,0,0,0,0,4,8,0,12,0,0,0,0,4,8,0,12,0,0,0,0,3,5,0,4,1977,1790,535,73,4381,2850,305,7534
LGA58050,11488,19156,6203,572,37417,8170,1200,46792,684,503,485,55,1727,1851,155,3735,183,108,132,16,431,412,46,885,862,612,616,66,2160,2263,198,4616,60,24,43,10,139,218,12,366,59,24,43,6,124,209,17,357,24,8,9,0,44,56,4,100,14,0,7,0,20,37,3,53,21,10,3,0,33,37,0,71,168,61,106,17,354,553,38,946,22,3,0,0,29,33,0,61,32,3,3,0,42,99,0,142,0,3,0,0,3,4,0,10,7,5,6,3,13,8,0,25,62,9,12,3,87,145,0,238,17,17,3,3,37,29,3,71,12600,19857,6941,659,40062,11157,1442,52666
LGA58190,28,40,12,4,91,53,0,136,0,0,0,0,0,0,0,0,0,0,0,0,0,0,0,0,0,0,0,0,0,0,0,0,0,0,0,0,0,0,0,0,0,0,0,0,0,0,0,0,0,0,0,0,0,0,0,0,0,0,0,0,0,0,0,0,0,0,0,0,0,0,0,0,0,0,0,0,0,0,0,0,0,0,0,0,0,0,0,0,0,0,0,0,0,0,0,0,0,0,0,0,0,0,0,0,0,0,0,0,0,0,0,0,0,0,0,0,0,0,0,0,0,0,0,0,0,0,0,0,28,40,12,4,91,53,0,136
LGA58260,62,51,16,0,132,59,0,191,0,0,0,0,3,6,0,11,0,0,0,0,0,0,0,0,0,0,0,0,3,6,0,11,0,0,0,0,0,0,0,0,0,0,0,0,0,0,0,0,0,0,0,0,0,0,0,0,0,0,0,0,0,0,0,0,0,0,0,0,0,0,0,0,0,0,0,0,0,0,0,0,0,0,0,0,0,0,0,0,0,0,0,0,0,0,0,0,0,0,0,0,0,0,0,0,0,0,0,0,0,0,0,0,0,0,0,0,0,0,0,0,0,0,0,0,0,5,0,7,63,54,16,0,136,73,0,205
LGA58330,698,359,140,16,1215,437,54,1707,0,0,0,0,4,3,0,10,0,0,0,0,0,0,0,0,0,0,0,0,4,3,0,10,0,0,0,0,0,0,0,0,0,0,0,0,0,0,0,0,0,0,0,0,0,0,0,0,0,0,0,0,0,0,0,0,0,0,0,0,0,0,0,0,0,0,0,0,0,0,0,0,0,0,0,0,0,5,0,9,3,0,0,0,5,3,0,7,0,0,0,0,4,0,0,6,0,0,0,0,0,0,0,0,3,0,0,0,7,18,0,26,5,0,0,0,5,3,0,9,711,363,140,16,1229,468,56,1749
LGA58400,39,12,12,0,64,54,0,125,0,0,0,0,0,3,0,3,0,0,0,0,0,0,0,0,0,0,0,0,0,3,0,3,0,0,0,0,0,0,0,0,0,0,0,0,0,0,0,0,0,0,0,0,0,0,0,0,0,0,0,0,0,0,0,0,0,0,0,0,0,0,0,0,0,0,0,0,0,0,0,0,0,0,0,0,0,0,0,0,0,0,0,0,0,0,0,0,0,0,0,0,0,0,0,0,0,0,0,0,0,0,0,0,0,0,0,0,0,0,0,0,0,0,0,0,0,5,0,4,42,11,10,0,70,56,0,131
LGA58470,4,11,6,0,24,12,0,35,0,0,0,0,4,0,0,3,0,0,0,0,0,0,0,0,0,0,0,0,4,0,0,3,0,0,0,0,0,0,0,0,0,0,0,0,0,0,0,0,0,0,0,0,0,0,0,0,0,0,0,0,0,0,0,0,0,0,0,0,0,0,0,0,0,0,0,0,0,0,0,0,0,0,0,0,3,4,6,8,0,0,0,0,0,0,0,0,0,0,0,0,0,0,0,0,0,0,0,0,0,0,0,0,0,4,0,0,6,4,6,10,6,4,0,0,10,0,0,11,6,15,6,6,38,19,6,57
LGA58510,2394,2421,680,151,5645,2081,635,8361,531,401,171,50,1151,1038,196,2387,369,227,88,36,721,503,114,1340,902,626,258,85,1875,1543,317,3731,182,112,46,7,342,490,36,869,163,59,20,9,255,378,61,695,276,88,33,19,416,608,59,1078,236,67,46,11,357,214,38,612,0,0,0,0,0,0,0,0,855,321,144,52,1376,1690,194,3257,0,0,0,0,0,0,0,0,0,0,0,0,0,0,0,0,0,0,0,0,0,0,0,0,0,0,0,0,0,0,0,6,0,0,0,0,0,0,0,6,3,4,0,0,5,10,0,16,4160,3370,1082,289,8898,5323,1141,15367
LGA58540,107,78,11,3,201,75,4,276,0,0,0,0,0,0,0,3,0,0,0,0,0,0,0,0,4,0,0,0,4,0,0,3,0,0,0,0,0,0,0,0,0,0,0,0,0,0,0,0,0,0,0,0,0,0,0,0,0,0,0,0,0,0,0,0,0,0,0,0,0,0,0,0,0,0,0,0,0,0,0,0,0,0,0,0,0,4,0,5,0,0,0,0,0,0,0,0,0,0,0,0,0,0,0,0,0,0,0,0,0,0,0,0,0,0,0,0,0,4,0,5,3,0,0,0,5,0,0,6,109,83,11,3,203,82,4,288
LGA58570,2024,2614,619,86,5348,1540,541,7418,342,266,77,25,713,604,107,1424,633,323,153,33,1134,628,200,1965,976,589,228,54,1844,1232,311,3380,234,44,42,14,342,530,86,955,456,97,72,14,643,902,145,1687,516,129,60,20,728,1002,163,1888,15,0,0,0,17,17,0,31,0,0,0,0,5,3,3,8,1224,266,188,51,1720,2443,407,4574,0,0,0,0,0,0,0,0,0,0,0,0,0,0,0,0,0,0,0,0,0,0,0,0,18,9,4,0,32,20,3,54,18,9,4,0,32,20,3,54,0,0,7,0,6,12,0,19,4245,3483,1041,188,8952,5244,1254,15450
LGA58610,223,127,64,9,421,205,20,640,0,0,0,0,4,33,4,31,0,0,0,0,0,0,0,0,0,0,0,0,4,34,4,38,0,0,0,0,0,0,0,0,0,0,0,0,0,0,0,0,0,0,0,0,0,0,0,0,0,0,0,0,0,0,0,0,0,0,0,0,0,0,0,0,0,0,0,0,0,0,0,0,0,0,0,0,0,4,0,4,0,0,0,0,0,0,0,0,0,0,0,0,0,0,0,0,0,0,0,0,0,0,0,0,0,0,0,0,0,4,0,4,0,3,0,0,0,0,0,4,229,133,63,9,430,242,21,684
LGA58680,77,51,15,0,134,41,4,182,0,0,0,0,0,0,0,0,0,0,0,0,0,0,0,0,0,0,0,0,0,0,0,0,0,0,0,0,0,0,0,0,0,0,0,0,0,0,0,0,0,0,0,0,0,0,0,0,0,0,0,0,0,0,0,0,0,0,0,0,0,0,0,0,0,0,0,0,0,0,0,0,0,0,0,0,0,0,0,0,0,0,0,0,0,0,0,0,0,0,0,0,0,0,0,0,0,0,0,0,0,0,0,0,0,0,0,0,0,0,0,0,0,0,0,0,0,0,0,0,77,51,15,0,134,41,4,182
LGA58760,15744,28065,8860,703,53372,10907,1367,65649,1034,484,580,36,2137,2108,123,4368,146,93,119,14,370,300,34,702,1183,578,704,48,2510,2407,154,5066,13,5,15,0,32,44,5,77,33,17,7,3,57,81,5,149,3,0,0,0,3,3,0,3,0,0,0,0,0,0,0,0,24,17,5,0,40,33,0,74,64,37,27,8,138,164,9,302,15,0,4,0,19,92,0,117,4,0,0,0,3,13,0,19,13,4,0,0,16,17,0,29,5,4,0,0,14,7,0,16,34,8,8,0,56,128,6,184,10,10,0,0,17,24,0,41,17036,28691,9597,761,56085,13627,1535,71246
LGA58820,502,417,130,10,1059,360,33,1459,16,5,7,0,32,63,3,92,0,0,0,0,0,0,0,0,16,5,7,0,32,65,3,96,0,0,0,0,0,0,0,0,0,0,0,0,0,0,0,0,0,0,0,0,0,0,0,0,0,0,0,0,0,0,0,0,0,0,0,0,0,0,0,0,0,0,0,0,0,0,0,0,6,0,0,0,8,10,0,22,0,0,0,0,0,0,0,0,0,0,0,0,0,0,0,0,0,0,0,0,0,0,0,3,9,0,0,0,11,12,0,25,0,0,0,0,0,6,0,5,525,428,144,10,1101,443,39,1584
LGA58890,113,72,19,0,199,81,3,285,0,0,0,0,0,3,0,6,0,0,0,0,0,0,0,0,0,0,0,0,0,3,0,6,0,0,0,0,0,0,0,0,0,0,0,0,0,0,0,0,0,0,0,0,0,0,0,0,0,0,0,0,0,0,0,0,0,0,0,0,0,0,0,0,0,0,0,0,0,0,0,0,0,0,0,0,0,0,0,0,0,0,0,0,0,0,0,0,0,0,0,0,0,0,0,0,0,0,0,0,0,0,0,0,0,0,0,0,0,0,0,0,0,0,0,0,0,0,0,5,114,72,19,3,202,86,8,293
LGA59030,43,20,0,0,68,30,0,95,0,0,0,0,0,0,0,0,0,0,0,0,0,0,0,0,0,0,0,0,0,0,0,0,0,0,0,0,0,0,0,0,0,0,0,0,0,0,0,0,0,0,0,0,0,0,0,0,0,0,0,0,0,0,0,0,0,0,0,0,0,0,0,0,0,0,0,0,0,0,0,0,0,0,0,0,0,0,0,0,0,0,0,0,0,0,0,0,0,0,0,0,0,0,0,0,0,0,0,0,0,0,0,0,0,0,0,0,0,0,0,0,0,0,0,0,0,0,0,0,43,20,0,0,63,34,0,101
LGA59100,87,57,16,3,166,57,3,223,0,0,0,0,0,5,0,5,0,0,0,0,0,0,0,0,0,0,0,0,0,5,0,5,0,0,0,0,0,0,0,0,0,0,0,0,0,0,0,0,0,0,0,0,0,0,0,0,0,0,0,0,0,0,0,0,0,0,0,0,0,0,0,0,0,0,0,0,0,0,0,0,0,0,0,0,0,0,0,0,0,0,0,0,0,0,0,0,0,0,0,0,0,0,0,0,0,0,0,0,0,0,0,0,0,0,0,0,0,0,0,0,0,0,0,0,0,0,0,0,87,57,16,3,166,65,3,229
LGA59170,131,104,18,0,255,84,7,347,0,0,0,0,6,10,0,12,0,0,0,0,0,0,0,0,0,0,0,0,6,10,0,12,0,0,0,0,0,0,0,0,0,0,0,0,0,0,0,0,0,0,0,0,0,0,0,0,0,0,0,0,0,0,0,0,0,0,0,0,0,0,0,0,0,0,0,0,0,0,0,4,0,0,0,0,0,0,0,0,0,0,0,0,0,0,0,0,0,0,0,0,0,0,0,0,0,0,0,0,0,0,0,0,0,0,0,0,0,0,0,0,0,0,0,0,0,3,0,5,137,104,23,0,260,95,7,365
LGA59250,19,10,15,3,46,29,3,80,0,0,0,0,0,3,0,9,0,0,0,0,0,0,0,0,0,0,0,0,0,3,0,9,0,0,0,0,0,0,0,0,0,0,0,0,0,0,0,0,0,0,0,0,0,0,0,0,0,0,0,0,0,0,0,0,0,0,0,0,0,0,0,0,0,0,0,0,0,0,0,0,0,0,0,0,0,0,0,0,0,0,0,0,0,0,0,0,0,0,0,0,0,0,0,0,0,0,0,0,0,0,0,0,0,0,0,0,0,0,0,0,0,0,0,0,0,0,0,0,26,10,16,3,56,36,3,84
LGA59310,154,119,47,3,324,158,12,490,0,0,3,0,10,16,0,26,0,0,0,0,0,0,0,0,0,0,3,0,10,16,0,26,0,0,0,0,0,0,0,0,0,0,0,0,0,0,0,0,0,0,0,0,0,0,0,0,0,0,0,0,0,0,0,0,0,0,0,0,0,0,0,0,0,0,0,0,0,0,0,0,0,0,0,0,6,0,0,4,0,0,0,0,0,0,0,0,0,0,0,0,0,0,0,0,0,0,0,0,0,0,0,0,0,0,3,0,4,3,0,9,0,0,0,0,0,0,0,0,156,121,53,4,334,179,13,521
LGA59320,46,52,12,0,119,44,7,161,0,0,0,0,0,0,0,0,0,0,0,0,0,0,0,0,0,0,0,0,0,0,0,0,0,0,0,0,0,0,0,0,0,0,0,0,0,0,0,0,0,0,0,0,0,0,0,0,0,0,0,0,0,0,0,0,0,0,0,0,0,0,0,0,0,0,0,0,0,0,0,0,0,0,0,0,0,0,0,0,0,0,0,0,0,0,0,0,0,0,0,0,0,0,0,0,0,0,0,0,0,0,0,0,0,0,0,0,0,0,0,0,0,0,0,0,0,0,0,0,46,52,12,0,119,44,7,161
LGA59330,54,31,15,5,100,91,9,201,0,0,0,0,3,5,0,6,0,0,0,0,0,0,0,0,0,0,0,0,3,5,0,6,0,0,0,0,0,0,0,0,0,0,0,0,0,0,0,0,0,0,0,0,0,0,0,0,0,0,0,0,0,0,0,0,0,0,0,0,0,0,0,0,0,0,0,0,0,0,0,0,0,0,0,0,0,0,0,0,0,0,0,0,0,0,0,0,0,0,0,0,0,0,0,0,0,0,0,0,0,0,0,0,0,0,0,0,0,0,0,0,0,0,0,0,0,0,0,0,54,31,14,3,107,99,9,209
LGA59340,348,483,260,39,1131,283,48,1459,52,39,35,10,135,67,10,211,3,7,0,0,13,7,4,28,57,44,33,10,145,75,14,239,20,17,17,5,62,44,12,116,0,0,0,0,0,0,0,0,0,0,0,0,0,0,0,0,0,0,0,0,0,0,0,0,0,0,0,0,0,0,0,0,20,17,17,5,62,44,12,116,55,12,3,0,65,105,5,173,3,0,0,0,4,8,0,8,4,0,0,0,0,0,5,5,19,12,3,0,33,11,3,46,80,24,6,0,106,123,11,240,29,16,5,0,45,26,0,71,525,588,328,44,1488,548,87,2122
LGA59350,7,7,5,0,20,7,0,25,0,0,0,0,0,0,0,0,0,0,0,0,0,0,0,0,0,0,0,0,0,0,0,0,0,0,0,0,0,0,0,0,0,0,0,0,0,0,0,0,0,0,0,0,0,0,0,0,0,0,0,0,0,0,0,0,0,0,0,0,0,0,0,0,0,0,0,0,0,0,0,0,0,0,0,0,0,0,0,7,0,0,0,0,0,0,0,0,0,0,0,0,0,0,0,0,0,0,0,0,0,0,0,0,0,0,0,0,0,0,0,7,3,0,0,0,3,4,0,16,12,7,11,0,29,20,0,44
LGA59360,120,64,19,0,203,131,8,347,3,0,4,0,8,19,0,24,0,0,0,0,0,0,0,0,3,0,4,0,8,19,0,24,0,0,0,0,0,0,0,0,0,0,0,0,0,0,0,0,0,0,0,0,0,0,0,0,0,0,0,0,0,0,0,0,0,0,0,0,0,0,0,0,0,0,0,0,0,0,0,3,0,0,0,0,0,0,0,3,0,0,0,0,0,0,0,0,0,0,0,0,0,0,0,0,0,0,0,0,0,0,0,0,5,0,0,0,5,0,0,0,0,0,0,0,0,0,0,0,123,63,22,0,210,159,8,377
LGA59370,491,266,123,4,883,427,30,1344,9,0,3,0,14,20,0,35,4,0,0,0,5,0,0,3,18,0,3,0,19,21,0,39,0,0,0,0,3,3,0,6,0,0,0,0,0,0,0,0,0,0,0,0,0,0,0,0,0,0,0,0,0,0,0,0,0,0,0,0,0,0,0,0,0,0,0,0,3,3,0,6,0,0,0,0,3,3,0,7,0,0,0,0,0,3,0,5,0,0,0,0,0,0,0,0,0,0,0,0,0,0,0,0,0,0,0,0,4,7,0,11,0,0,0,0,5,9,0,13,514,265,128,10,923,469,30,1420
LGA59499,0,0,0,0,0,0,0,0,0,0,0,0,0,0,0,0,0,0,0,0,0,0,0,0,0,0,0,0,0,0,0,0,0,0,0,0,0,0,0,0,0,0,0,0,0,0,0,0,0,0,0,0,0,0,0,0,0,0,0,0,0,0,0,0,0,0,0,0,0,0,0,0,0,0,0,0,0,0,0,0,0,0,0,0,0,0,0,0,0,0,0,0,0,0,0,0,0,0,0,0,0,0,0,0,0,0,0,0,0,0,0,0,0,0,0,0,0,0,0,0,0,0,0,0,0,0,0,0,0,0,0,0,0,0,0,0
LGA59799,0,0,0,0,0,0,0,0,0,0,0,0,0,0,0,0,0,0,0,0,0,0,0,0,0,0,0,0,0,0,0,0,0,0,0,0,0,0,0,0,0,0,0,0,0,0,0,0,0,0,0,0,0,0,0,0,0,0,0,0,0,0,0,0,0,0,0,0,0,0,0,0,0,0,0,0,0,0,0,0,0,0,0,0,0,0,0,0,0,0,0,0,0,0,0,0,0,0,0,0,0,0,0,0,0,0,0,0,0,0,0,0,0,0,0,0,0,0,0,0,0,0,0,0,0,0,0,0,0,0,0,0,0,0,0,3
