LGA_CODE_2021,D_15_17_FPEAW_MPEFT,D_15_17_FPEAW_MPEPT,D_15_17_FPEAW_MPEAW,D_15_17_FPEAW_MPEHNS,D_15_17_FPEAW_MPET,D_15_17_FPEAW_MPULFTW,D_15_17_FPEAW_MPULPTW,D_15_17_FPEAW_MPUT,D_15_17_FPEAW_MPTLF,D_15_17_FPEAW_MPNLF,D_15_17_FPEAW_MPLFSNS,D_15_17_FPEAW_T,D_15_17_FPHNS_MPEFT,D_15_17_FPHNS_MPEPT,D_15_17_FPHNS_MPEAW,D_15_17_FPHNS_MPEHNS,D_15_17_FPHNS_MPET,D_15_17_FPHNS_MPULFTW,D_15_17_FPHNS_MPULPTW,D_15_17_FPHNS_MPUT,D_15_17_FPHNS_MPTLF,D_15_17_FPHNS_MPNLF,D_15_17_FPHNS_MPLFSNS,D_15_17_FPHNS_T,D_15_17_FPET_MPEFT,D_15_17_FPET_MPEPT,D_15_17_FPET_MPEAW,D_15_17_FPET_MPEHNS,D_15_17_FPET_MPET,D_15_17_FPET_MPULFTW,D_15_17_FPET_MPULPTW,D_15_17_FPET_MPUT,D_15_17_FPET_MPTLF,D_15_17_FPET_MPNLF,D_15_17_FPET_MPLFSNS,D_15_17_FPET_T,D_15_17_FPULFTW_MPEFT,D_15_17_FPULFTW_MPEPT,D_15_17_FPULFTW_MPEAW,D_15_17_FPULFTW_MPEHNS,D_15_17_FPULFTW_MPET,D_15_17_FPULFTW_MPULFTW,D_15_17_FPULFTW_MPULPTW,D_15_17_FPULFTW_MPUT,D_15_17_FPULFTW_MPTLF,D_15_17_FPULFTW_MPNLF,D_15_17_FPULFTW_MPLFSNS,D_15_17_FPULFTW_T,D_15_17_FPULPTW_MPEFT,D_15_17_FPULPTW_MPEPT,D_15_17_FPULPTW_MPEAW,D_15_17_FPULPTW_MPEHNS,D_15_17_FPULPTW_MPET,D_15_17_FPULPTW_MPULFTW,D_15_17_FPULPTW_MPULPTW,D_15_17_FPULPTW_MPUT,D_15_17_FPULPTW_MPTLF,D_15_17_FPULPTW_MPNLF,D_15_17_FPULPTW_MPLFSNS,D_15_17_FPULPTW_T,D_15_17_FPUT_MPEFT,D_15_17_FPUT_MPEPT,D_15_17_FPUT_MPEAW,D_15_17_FPUT_MPEHNS,D_15_17_FPUT_MPET,D_15_17_FPUT_MPULFTW,D_15_17_FPUT_MPULPTW,D_15_17_FPUT_MPUT,D_15_17_FPUT_MPTLF,D_15_17_FPUT_MPNLF,D_15_17_FPUT_MPLFSNS,D_15_17_FPUT_T,D_15_17_FPTLF_MPEFT,D_15_17_FPTLF_MPEPT,D_15_17_FPTLF_MPEAW,D_15_17_FPTLF_MPEHNS,D_15_17_FPTLF_MPET,D_15_17_FPTLF_MPULFTW,D_15_17_FPTLF_MPULPTW,D_15_17_FPTLF_MPUT,D_15_17_FPTLF_MPTLF,D_15_17_FPTLF_MPNLF,D_15_17_FPTLF_MPLFSNS,D_15_17_FPTLF_T,D_15_17_FPNLF_MPEFT,D_15_17_FPNLF_MPEPT,D_15_17_FPNLF_MPEAW,D_15_17_FPNLF_MPEHNS,D_15_17_FPNLF_MPET,D_15_17_FPNLF_MPULFTW,D_15_17_FPNLF_MPULPTW,D_15_17_FPNLF_MPUT,D_15_17_FPNLF_MPTLF,D_15_17_FPNLF_MPNLF,D_15_17_FPNLF_MPLFSNS,D_15_17_FPNLF_T,D_15_17_FPLFSNS_MPEFT,D_15_17_FPLFSNS_MPEPT,D_15_17_FPLFSNS_MPEAW,D_15_17_FPLFSNS_MPEHNS,D_15_17_FPLFSNS_MPET,D_15_17_FPLFSNS_MPULFTW,D_15_17_FPLFSNS_MPULPTW,D_15_17_FPLFSNS_MPUT,D_15_17_FPLFSNS_MPTLF,D_15_17_FPLFSNS_MPNLF,D_15_17_FPLFSNS_MPLFSNS,D_15_17_FPLFSNS_T,D_15_17_FPT_MPEFT,D_15_17_FPT_MPEPT,D_15_17_FPT_MPEAW,D_15_17_FPT_MPEHNS,D_15_17_FPT_MPET,D_15_17_FPT_MPULFTW,D_15_17_FPT_MPULPTW,D_15_17_FPT_MPUT,D_15_17_FPT_MPTLF,D_15_17_FPT_MPNLF,D_15_17_FPT_MPLFSNS,D_15_17_FPT_T,D_18_20_FPEFT_MPEFT,D_18_20_FPEFT_MPEPT,D_18_20_FPEFT_MPEAW,D_18_20_FPEFT_MPEHNS,D_18_20_FPEFT_MPET,D_18_20_FPEFT_MPULFTW,D_18_20_FPEFT_MPULPTW,D_18_20_FPEFT_MPUT,D_18_20_FPEFT_MPTLF,D_18_20_FPEFT_MPNLF,D_18_20_FPEFT_MPLFSNS,D_18_20_FPEFT_T,D_18_20_FPEPT_MPEFT,D_18_20_FPEPT_MPEPT,D_18_20_FPEPT_MPEAW,D_18_20_FPEPT_MPEHNS,D_18_20_FPEPT_MPET,D_18_20_FPEPT_MPULFTW,D_18_20_FPEPT_MPULPTW,D_18_20_FPEPT_MPUT,D_18_20_FPEPT_MPTLF,D_18_20_FPEPT_MPNLF,D_18_20_FPEPT_MPLFSNS,D_18_20_FPEPT_T,D_18_20_FPEAW_MPEFT,D_18_20_FPEAW_MPEPT,D_18_20_FPEAW_MPEAW,D_18_20_FPEAW_MPEHNS,D_18_20_FPEAW_MPET,D_18_20_FPEAW_MPULFTW,D_18_20_FPEAW_MPULPTW,D_18_20_FPEAW_MPUT,D_18_20_FPEAW_MPTLF,D_18_20_FPEAW_MPNLF,D_18_20_FPEAW_MPLFSNS,D_18_20_FPEAW_T,D_18_20_FPHNS_MPEFT,D_18_20_FPHNS_MPEPT,D_18_20_FPHNS_MPEAW,D_18_20_FPHNS_MPEHNS,D_18_20_FPHNS_MPET,D_18_20_FPHNS_MPULFTW,D_18_20_FPHNS_MPULPTW,D_18_20_FPHNS_MPUT,D_18_20_FPHNS_MPTLF,D_18_20_FPHNS_MPNLF,D_18_20_FPHNS_MPLFSNS,D_18_20_FPHNS_T,D_18_20_FPET_MPEFT,D_18_20_FPET_MPEPT,D_18_20_FPET_MPEAW,D_18_20_FPET_MPEHNS,D_18_20_FPET_MPET,D_18_20_FPET_MPULFTW,D_18_20_FPET_MPULPTW,D_18_20_FPET_MPUT,D_18_20_FPET_MPTLF,D_18_20_FPET_MPNLF,D_18_20_FPET_MPLFSNS,D_18_20_FPET_T,D_18_20_FPULFTW_MPEFT,D_18_20_FPULFTW_MPEPT,D_18_20_FPULFTW_MPEAW,D_18_20_FPULFTW_MPEHNS,D_18_20_FPULFTW_MPET,D_18_20_FPULFTW_MPULFTW,D_18_20_FPULFTW_MPULPTW,D_18_20_FPULFTW_MPUT,D_18_20_FPULFTW_MPTLF,D_18_20_FPULFTW_MPNLF,D_18_20_FPULFTW_MPLFSNS,D_18_20_FPULFTW_T,D_18_20_FPULPTW_MPEFT,D_18_20_FPULPTW_MPEPT,D_18_20_FPULPTW_MPEAW,D_18_20_FPULPTW_MPEHNS,D_18_20_FPULPTW_MPET,D_18_20_FPULPTW_MPULFTW,D_18_20_FPULPTW_MPULPTW,D_18_20_FPULPTW_MPUT
LGA50080,3,0,6,0,10,0,0,0,10,0,0,7,3,0,0,7,8,0,0,0,8,0,0,11,533,82,21,9,647,0,3,10,655,35,0,682,0,0,0,0,0,0,0,0,0,0,0,0,5,0,0,0,8,0,0,0,8,0,0,7,8,0,0,0,9,0,0,0,9,0,0,6,539,82,21,7,656,0,3,10,663,29,0,695,61,14,6,3,80,4,0,4,86,8,0,96,0,0,0,0,0,0,0,0,0,0,0,0,603,96,24,13,738,4,3,12,747,46,0,794,28,3,0,0,32,0,0,0,30,5,0,35,24,0,0,0,30,0,0,0,30,3,0,34,5,0,3,0,4,0,0,0,4,0,0,4,0,0,0,0,0,0,0,0,0,0,0,0,59,5,4,0,67,0,0,0,74,4,0,76,0,0,0,0,0,0,0,0,0,0,0,0,0,0,0,0,0,0,0,0
LGA50210,31,3,5,0,40,0,0,0,40,6,0,41,3,3,0,4,8,0,0,0,8,0,0,8,1132,138,31,16,1322,21,10,23,1345,66,0,1410,23,0,0,0,18,3,0,3,24,8,0,33,24,3,0,0,28,0,0,0,27,0,0,28,36,4,0,0,46,3,0,0,48,9,0,56,1178,142,30,16,1367,21,9,33,1393,74,0,1467,303,35,11,0,350,5,0,7,353,57,0,419,0,0,0,0,0,0,0,0,0,0,0,0,1475,177,43,20,1717,25,11,35,1753,134,0,1889,195,35,3,0,239,0,0,0,244,13,0,249,201,30,0,0,235,0,4,5,235,7,0,246,5,0,3,0,10,0,0,0,10,0,0,10,4,0,0,6,6,0,0,0,6,0,0,6,410,69,5,5,490,0,0,8,494,21,0,514,11,3,0,0,9,0,0,0,9,0,0,11,12,3,0,0,12,0,0,0
LGA50250,4,0,3,0,4,0,0,0,4,0,0,4,0,0,0,0,0,0,0,0,0,0,0,0,46,5,7,0,59,0,0,0,59,3,0,65,0,0,0,0,0,0,0,0,0,0,0,0,0,0,0,0,0,0,0,0,0,0,0,0,0,0,0,0,0,0,0,0,0,0,0,0,46,5,7,0,59,0,0,0,59,3,0,65,3,0,0,0,3,0,0,0,3,0,0,5,0,0,0,0,0,0,0,0,0,0,0,0,53,5,7,0,62,0,0,0,62,4,0,67,0,0,0,0,0,0,0,0,0,0,0,0,0,0,0,0,0,0,0,0,0,0,0,0,0,0,0,0,0,0,0,0,0,0,0,0,0,0,0,0,0,0,0,0,0,0,0,0,0,0,0,0,0,0,0,0,0,0,0,0,0,0,0,0,0,0,0,0,0,0,0,0,0,0,0,0,0,0,0,0
LGA50280,5,0,0,0,5,0,0,0,5,5,0,11,0,0,0,0,0,0,0,0,0,0,0,0,170,49,16,0,236,3,0,3,240,19,0,253,3,0,0,0,3,0,0,0,3,0,0,3,3,4,0,0,4,0,0,0,4,0,0,8,7,4,0,0,11,0,0,0,11,0,0,8,178,48,16,0,243,3,0,3,245,19,0,260,16,0,0,0,23,0,0,0,23,8,0,30,0,0,0,0,3,0,0,0,3,0,0,3,191,55,16,4,267,3,0,3,269,31,0,298,4,4,0,0,7,0,0,0,7,0,0,9,6,0,0,0,11,0,0,0,11,0,0,9,0,0,0,0,0,0,0,0,0,0,0,0,0,0,0,0,0,0,0,0,0,0,0,0,13,6,3,0,20,0,0,0,20,3,0,21,0,0,0,0,0,0,0,0,0,0,0,0,0,0,0,0,0,0,0,0
LGA50350,0,0,0,0,3,0,0,0,3,3,0,4,0,0,0,0,0,0,0,0,0,0,0,0,152,36,3,0,191,3,0,3,196,15,0,211,3,0,0,0,3,0,0,0,3,0,0,3,0,0,0,0,0,4,0,4,0,4,0,6,4,0,0,0,4,3,0,3,11,4,0,7,159,36,3,0,193,7,0,7,201,19,0,219,31,0,0,5,32,0,0,0,32,0,0,34,0,0,0,0,0,0,0,0,0,0,0,0,187,37,7,3,227,7,0,7,236,22,0,259,37,6,0,0,47,0,0,0,47,5,0,50,41,12,0,0,48,3,0,3,46,4,0,55,5,0,0,0,4,0,0,0,4,0,0,4,0,0,0,0,0,0,0,0,0,0,0,0,81,17,3,0,97,5,0,5,100,3,0,108,0,0,0,0,0,0,0,0,0,0,0,0,0,0,0,0,0,0,0,0
LGA50420,8,0,0,0,9,0,0,0,9,0,0,9,0,0,0,3,9,0,0,0,9,0,0,9,723,102,19,5,855,20,4,24,878,50,3,928,9,0,0,0,9,0,0,0,13,0,0,13,15,6,0,0,22,0,0,0,22,5,0,27,26,8,0,0,28,0,0,0,31,4,0,32,749,113,17,5,878,18,4,24,909,53,3,960,130,23,3,7,170,3,5,4,174,29,0,207,0,0,0,0,0,0,0,0,0,0,0,0,884,137,21,19,1056,22,9,30,1084,81,3,1173,214,22,0,0,245,9,0,9,254,10,0,262,177,28,3,0,210,0,3,3,212,8,0,224,6,0,0,0,6,0,0,0,6,0,0,6,3,0,0,0,5,0,0,0,5,0,0,5,406,56,3,0,466,10,3,12,471,19,0,490,0,0,0,0,0,0,0,0,4,0,0,4,8,0,0,0,13,0,0,0
LGA50490,0,0,7,0,3,0,0,0,3,0,0,3,0,0,0,0,4,0,0,0,3,0,0,5,332,48,4,9,391,8,6,10,401,21,0,426,6,0,0,0,4,0,0,0,4,4,0,12,5,0,0,0,5,0,0,0,9,0,0,5,11,0,0,0,12,0,0,0,13,0,0,18,343,49,4,9,404,6,6,16,419,24,0,440,89,9,0,0,103,0,0,0,104,35,0,145,0,0,0,0,0,0,0,0,0,0,3,3,432,63,11,5,507,12,6,17,519,59,8,588,76,13,0,5,87,3,0,3,95,4,0,97,76,8,0,0,86,0,3,3,87,4,0,92,0,0,0,0,0,0,0,0,0,0,0,0,0,0,0,0,0,0,0,0,0,0,0,0,150,21,0,6,178,3,3,7,187,12,0,193,4,0,0,0,4,0,0,0,7,0,0,7,0,0,0,0,0,0,3,5
LGA50560,0,0,0,0,0,0,0,0,0,0,0,0,0,0,0,0,0,0,0,0,0,0,0,0,12,3,0,0,15,0,0,0,15,6,0,14,0,0,0,0,0,0,0,0,0,0,0,0,0,0,0,0,0,0,0,0,0,0,0,0,0,0,0,0,0,0,0,0,0,0,0,0,12,3,0,0,15,0,0,0,15,6,0,14,0,0,0,0,0,0,0,0,0,0,0,0,0,0,0,0,0,0,0,0,0,0,0,0,10,0,0,0,16,0,0,0,16,6,0,21,0,0,0,0,0,0,0,0,0,0,0,0,0,0,0,0,0,0,0,0,0,0,0,0,0,0,0,0,0,0,0,0,0,0,0,0,0,0,0,0,0,0,0,0,0,0,0,0,3,0,0,0,3,0,0,0,3,0,0,3,0,0,0,0,0,0,0,0,0,0,0,0,0,0,0,0,0,0,0,0
LGA50630,0,0,0,0,0,0,0,0,0,0,0,0,0,0,0,0,0,0,0,0,0,0,0,0,7,3,0,0,13,0,0,0,13,0,0,17,0,0,0,0,0,0,0,0,0,0,0,0,0,0,0,0,0,0,0,0,0,0,0,0,0,0,0,0,0,0,0,0,0,0,0,0,10,3,0,0,15,0,0,0,15,0,0,17,4,0,0,0,0,0,0,0,0,0,0,0,0,0,0,0,0,0,0,0,0,0,0,0,13,3,0,0,15,0,0,0,15,0,0,20,0,0,0,0,0,0,0,0,0,0,0,0,0,0,0,0,0,0,0,0,0,0,0,0,0,0,0,0,0,0,0,0,0,0,0,0,0,0,0,0,0,0,0,0,0,0,0,0,0,0,0,0,0,0,0,0,0,0,0,0,0,0,0,0,0,0,0,0,0,0,0,0,0,0,0,0,0,0,0,0
LGA50770,0,0,0,0,0,0,0,0,0,0,0,0,0,0,0,0,0,0,0,0,0,0,0,0,14,0,0,0,15,0,0,0,15,0,0,15,0,0,0,0,0,0,0,0,0,0,0,0,0,0,0,0,0,0,0,0,0,0,0,0,0,0,0,0,0,0,0,0,0,0,0,0,14,0,0,0,15,0,0,0,15,0,0,15,0,0,0,0,0,0,0,0,0,0,0,0,0,0,0,0,0,0,0,0,0,0,0,0,13,0,0,0,13,0,0,0,13,0,0,13,0,0,0,0,0,0,0,0,0,0,0,0,0,0,0,0,0,0,0,0,0,0,0,0,0,0,0,0,0,0,0,0,0,0,0,0,0,0,0,0,0,0,0,0,0,0,0,0,0,0,0,0,0,0,0,0,0,0,0,0,0,0,0,0,0,0,0,0,0,0,0,0,0,0,0,0,0,0,0,0
LGA50840,0,0,0,0,0,0,0,0,0,0,0,0,0,0,0,0,0,0,0,0,0,0,0,0,57,9,4,0,75,4,0,4,74,0,0,81,0,0,0,0,0,0,0,0,0,0,0,0,0,0,0,0,0,0,0,0,0,0,0,0,0,0,0,0,0,0,0,0,0,0,0,0,57,9,4,0,75,4,0,4,74,0,0,81,11,0,0,0,16,0,0,0,16,0,0,16,0,0,0,0,0,0,0,0,0,0,0,0,74,9,4,0,83,4,0,4,85,4,0,94,0,0,0,0,0,0,0,0,0,0,0,0,0,0,0,0,0,0,0,0,0,0,0,0,0,0,0,0,0,0,0,0,0,0,0,0,0,0,0,0,0,0,0,0,0,0,0,0,3,0,0,0,3,0,0,0,3,0,0,3,0,0,0,0,0,0,0,0,0,0,0,0,0,0,0,0,0,0,0,0
LGA50910,0,0,0,0,0,0,0,0,0,0,0,0,0,0,0,0,0,0,0,0,0,0,0,0,0,0,0,0,0,0,0,0,0,0,0,0,0,0,0,0,0,0,0,0,0,0,0,0,0,0,0,0,0,0,0,0,0,0,0,0,0,0,0,0,0,0,0,0,0,0,0,0,0,0,0,0,0,0,0,0,0,0,0,0,4,0,0,0,4,0,0,0,4,0,0,4,0,0,0,0,0,0,0,0,0,0,0,0,4,0,0,0,5,0,0,0,5,0,0,7,0,0,0,0,0,0,0,0,0,0,0,0,0,0,0,0,0,0,0,0,0,0,0,0,0,0,0,0,0,0,0,0,0,0,0,0,0,0,0,0,0,0,0,0,0,0,0,0,0,0,0,0,0,0,0,0,0,0,0,0,0,0,0,0,0,0,0,0,0,0,0,0,0,0,0,0,0,0,0,0
LGA50980,4,0,3,0,4,0,0,0,4,0,0,4,0,0,0,3,3,0,0,0,3,0,0,3,139,11,9,3,159,0,0,0,160,8,0,168,3,0,0,0,3,0,0,0,0,0,0,0,0,0,0,0,0,0,0,0,0,0,0,0,3,0,0,0,3,0,0,0,0,0,0,0,137,11,9,3,158,3,0,3,163,8,0,171,11,0,0,0,17,6,0,6,17,6,0,25,0,0,0,0,0,0,0,0,0,0,0,0,148,13,8,3,176,3,0,3,177,16,0,198,10,0,0,0,10,0,0,0,10,0,0,10,0,0,0,0,0,0,0,0,0,0,0,0,0,0,0,0,0,0,0,0,0,0,0,0,0,0,0,5,5,0,0,0,5,0,0,5,14,0,0,5,17,0,0,0,17,0,0,17,0,0,0,0,0,0,0,0,0,0,0,0,0,0,0,0,0,0,0,0
LGA51080,0,0,0,0,0,0,0,0,0,0,0,0,0,0,0,0,0,0,0,0,0,0,0,0,0,0,0,0,0,0,0,0,0,0,0,7,0,0,0,0,0,0,0,0,0,0,0,0,0,0,0,0,0,0,0,0,0,0,0,0,0,0,0,0,0,0,0,0,0,0,0,0,0,0,0,0,0,0,0,0,0,0,0,7,0,0,0,0,0,0,0,0,0,0,0,0,0,0,0,0,0,0,0,0,0,0,0,0,8,0,0,0,8,0,0,0,8,0,0,10,0,0,0,0,0,0,0,0,0,0,0,0,4,0,0,0,4,0,0,0,4,0,0,4,0,0,0,0,0,0,0,0,0,0,0,0,0,0,0,0,0,0,0,0,0,0,0,0,4,0,0,0,4,0,0,0,4,0,0,4,0,0,0,0,0,0,0,0,0,0,0,0,0,0,0,0,0,0,0,0
LGA51120,0,0,0,0,0,0,0,0,0,0,0,0,0,0,0,0,0,0,0,0,0,0,0,0,0,0,0,0,4,0,0,0,4,0,0,4,0,0,0,0,0,0,0,0,0,0,0,0,0,0,0,0,0,0,0,0,0,0,0,0,0,0,0,0,0,0,0,0,0,0,0,0,0,0,0,0,4,0,0,0,4,0,0,4,0,0,0,0,0,0,0,0,0,0,0,0,0,0,0,0,0,0,0,0,0,0,0,0,0,0,0,0,4,0,0,0,4,3,0,3,0,0,0,0,0,0,0,0,0,0,0,0,0,0,0,0,0,0,0,0,0,0,0,0,0,0,0,0,0,0,0,0,0,0,0,0,0,0,0,0,0,0,0,0,0,0,0,0,0,0,0,0,0,0,0,0,0,0,0,0,0,0,0,0,0,0,0,0,0,0,0,0,0,0,0,0,0,0,0,0
LGA51190,7,0,3,0,12,0,0,0,12,0,0,12,0,0,0,3,3,0,0,0,3,0,0,5,389,41,18,3,450,9,0,9,459,17,0,476,0,0,0,0,0,4,0,4,4,0,0,4,0,0,0,0,0,0,0,0,6,0,0,6,4,0,0,0,7,5,0,5,7,0,0,7,392,41,22,3,459,13,0,13,468,17,0,479,55,8,0,0,65,0,0,0,66,8,0,77,0,0,0,0,0,0,0,0,0,0,0,0,445,50,27,3,518,13,0,13,529,26,0,560,17,5,0,0,22,0,0,0,22,0,0,22,23,0,0,0,18,0,0,0,18,4,0,23,3,0,0,0,3,0,0,0,3,0,0,3,0,0,0,0,0,0,0,0,0,0,0,0,36,8,0,0,40,0,0,0,40,4,0,45,0,0,0,0,0,0,0,0,0,0,0,0,0,0,0,0,0,0,0,0
LGA51260,13,5,7,0,24,0,0,0,24,0,0,25,3,0,0,3,3,0,0,0,8,0,0,8,564,102,46,7,714,9,5,4,721,28,0,751,0,0,0,0,0,0,0,0,0,0,0,0,4,0,0,0,4,0,0,0,4,0,0,4,4,0,0,0,4,0,0,0,4,0,0,4,561,102,47,7,721,9,5,4,723,28,0,755,53,9,0,3,69,0,0,0,66,11,0,78,0,0,0,4,4,0,0,0,4,0,5,3,616,111,49,9,789,9,0,6,793,38,6,841,19,7,0,0,26,0,0,0,26,0,0,26,38,6,0,0,44,0,0,0,44,3,0,47,0,0,0,0,0,0,0,0,0,0,0,0,0,0,0,0,0,0,0,0,0,0,0,0,59,12,0,0,71,0,0,0,71,3,0,73,0,0,0,0,0,0,0,0,0,0,0,0,0,0,0,0,0,0,0,0
LGA51310,11,0,5,0,17,0,0,0,17,0,0,17,0,0,0,4,4,0,0,0,4,0,0,5,689,71,15,5,783,11,4,10,790,33,0,828,9,0,0,0,9,0,0,0,9,0,0,9,5,0,0,0,5,0,0,0,7,0,0,7,13,0,0,0,13,0,0,0,14,0,0,14,702,71,15,5,794,9,4,9,806,33,0,845,122,15,0,0,138,4,0,8,143,3,0,143,4,0,0,0,4,0,0,0,4,0,0,4,827,87,17,7,930,15,3,17,950,35,0,988,155,25,0,0,179,4,0,4,181,5,0,192,202,33,4,0,241,0,0,4,246,8,0,249,5,0,4,0,15,0,0,0,15,0,0,15,0,0,0,0,0,0,0,0,0,0,0,0,366,53,8,0,430,3,0,9,440,13,0,452,0,0,0,0,0,0,0,0,0,0,0,0,3,0,0,0,3,0,0,0
LGA51330,22,3,5,0,31,0,0,0,31,0,0,34,0,5,0,10,13,0,0,0,13,0,0,12,1416,237,27,16,1703,31,6,37,1740,89,5,1830,16,7,0,0,21,6,0,5,34,0,0,36,32,13,0,0,43,5,0,5,47,0,0,48,44,18,3,0,64,13,0,9,78,6,0,80,1463,254,25,20,1770,43,12,51,1817,95,5,1920,322,53,5,6,389,13,5,22,405,67,0,473,0,0,0,0,0,0,0,0,0,0,6,3,1783,307,35,25,2157,55,14,70,2227,159,6,2396,394,53,8,0,457,6,4,12,468,27,0,501,364,73,7,0,452,10,8,18,464,26,3,494,10,0,8,0,19,0,0,0,20,0,0,19,6,0,0,8,12,0,0,0,12,0,0,12,773,128,25,10,935,18,8,27,963,55,6,1026,10,0,0,0,15,0,0,0,13,5,0,20,17,0,0,0,17,4,0,4
LGA51400,3,0,0,0,9,0,0,0,9,0,0,9,0,0,0,3,3,0,0,0,3,0,0,3,368,42,18,9,436,8,0,8,443,12,0,459,3,0,0,0,3,0,0,0,0,0,0,0,4,3,0,0,8,0,0,0,12,0,0,8,4,3,0,0,8,4,0,4,10,0,0,13,370,43,18,9,445,9,0,11,456,16,0,474,47,3,0,0,49,0,0,0,49,0,0,60,0,0,0,0,0,0,0,0,0,0,0,0,422,50,20,9,501,9,0,11,507,18,0,533,27,4,3,0,31,0,0,0,31,0,0,32,21,0,0,0,21,0,0,0,21,0,0,21,3,0,0,0,3,0,0,0,3,0,0,3,0,0,0,0,0,0,0,0,0,0,0,0,50,4,3,0,57,0,0,0,57,0,0,59,0,0,0,0,0,0,0,0,0,0,0,0,0,0,0,0,0,0,0,0
LGA51470,0,0,0,0,0,0,0,0,0,0,0,0,0,0,0,0,0,0,0,0,0,0,0,0,5,0,0,0,5,0,0,0,5,0,0,5,0,0,0,0,0,0,0,0,0,0,0,0,0,0,0,0,0,0,0,0,0,0,0,0,0,0,0,0,0,0,0,0,0,0,0,0,5,0,0,0,5,0,0,0,5,0,0,5,0,0,0,0,0,0,0,0,0,0,0,0,0,0,0,0,0,0,0,0,0,0,0,0,5,0,0,0,5,0,0,0,5,0,0,5,0,0,0,0,0,0,0,0,0,0,0,0,0,0,0,0,0,0,0,0,0,0,0,0,0,0,0,0,0,0,0,0,0,0,0,0,0,0,0,0,0,0,0,0,0,0,0,0,0,0,0,0,0,0,0,0,0,0,0,0,0,0,0,0,0,0,0,0,0,0,0,0,0,0,0,0,0,0,0,0
LGA51540,3,0,0,0,3,0,0,0,3,0,0,3,0,0,0,0,0,0,0,0,0,0,0,0,28,8,0,0,39,0,0,0,39,6,0,44,0,0,0,0,0,0,0,0,0,0,0,0,0,0,0,0,0,0,0,0,0,0,0,0,0,0,0,0,0,0,0,0,0,0,0,0,28,8,0,0,39,0,0,0,35,6,0,38,0,0,0,0,0,0,0,0,0,0,0,0,0,0,0,0,0,0,0,0,0,0,0,0,32,8,0,0,40,0,0,0,39,7,0,41,0,0,0,0,0,0,0,0,0,0,0,0,0,0,0,0,0,0,0,0,0,0,0,0,0,0,0,0,0,0,0,0,0,0,0,0,0,0,0,0,0,0,0,0,0,0,0,0,0,0,0,0,0,0,0,0,0,0,0,0,0,0,0,0,0,0,0,0,0,0,0,0,0,0,0,0,0,0,0,0
LGA51610,0,0,0,0,0,0,0,0,0,0,0,0,0,0,0,3,3,0,0,0,3,0,0,3,18,5,0,5,27,0,0,0,33,5,0,31,0,0,0,0,0,0,0,0,0,0,0,0,0,0,0,0,0,0,0,0,0,0,0,0,0,0,0,0,0,0,0,0,0,0,0,0,18,5,0,5,27,0,0,0,33,5,0,31,4,0,0,0,4,0,0,0,4,0,0,4,0,0,0,0,0,0,0,0,0,0,0,0,24,5,0,5,36,0,0,0,34,5,0,40,3,0,0,0,3,0,0,0,3,0,0,3,4,0,0,0,4,0,0,0,4,0,0,4,0,0,0,0,0,0,0,0,0,0,0,0,0,0,0,0,0,0,0,0,0,0,0,0,6,0,0,0,6,0,0,0,6,0,0,6,0,0,0,0,0,0,0,0,0,0,0,0,0,0,0,0,0,0,0,0
LGA51680,0,0,0,0,3,0,0,0,3,0,0,3,0,0,0,0,0,0,0,0,0,0,0,0,88,12,6,0,107,0,0,0,106,4,0,108,0,0,0,0,0,0,0,0,0,0,0,0,3,0,0,0,3,0,0,0,3,0,0,3,6,0,0,0,6,0,0,0,6,0,0,6,93,12,6,0,108,0,0,0,110,4,0,108,13,3,0,0,18,0,0,0,18,7,0,23,0,0,0,0,0,0,0,0,0,0,0,0,109,12,9,0,126,0,0,0,127,8,0,135,9,0,0,0,9,0,0,0,9,0,0,11,10,0,0,0,10,0,0,0,10,0,0,10,0,0,0,0,0,0,0,0,0,0,0,0,0,0,0,0,0,0,0,0,0,0,0,0,19,0,0,0,18,0,0,0,18,0,0,23,0,0,0,0,0,0,0,0,0,0,0,0,0,0,0,0,0,0,0,0
LGA51710,0,0,0,0,0,0,0,0,0,0,0,0,0,0,0,0,0,0,0,0,0,0,0,0,16,0,0,0,16,0,0,0,16,0,0,16,0,0,0,0,0,0,0,0,0,0,0,0,3,0,0,0,3,0,0,0,3,0,0,3,3,0,0,0,3,0,0,0,3,0,0,3,18,0,0,0,17,0,0,0,17,0,0,17,6,0,0,0,4,0,0,0,4,0,0,4,0,0,0,0,0,0,0,0,0,0,0,0,21,0,0,0,24,0,0,0,24,0,0,23,0,0,0,0,0,0,0,0,0,0,0,0,0,0,0,0,0,0,0,0,0,0,0,0,0,0,0,0,0,0,0,0,0,0,0,0,0,0,0,0,0,0,0,0,0,0,0,0,0,0,0,0,0,0,0,0,0,0,0,0,0,0,0,0,0,0,0,0,0,0,0,0,0,0,0,0,0,0,0,0
LGA51750,3,0,0,0,3,0,0,0,3,0,0,3,0,0,0,0,0,0,0,0,0,0,0,0,178,35,0,0,214,9,0,10,219,6,0,228,0,0,0,0,0,0,0,0,3,0,0,3,0,3,0,0,7,0,0,0,7,0,0,7,7,3,0,0,6,0,0,0,6,0,0,6,184,34,0,0,221,3,0,10,227,6,0,235,43,3,0,0,49,3,0,3,48,4,0,55,0,0,0,0,0,0,0,0,0,0,0,0,227,37,0,0,263,7,0,12,276,9,0,288,62,8,0,0,62,6,0,6,68,0,0,68,68,11,0,0,79,0,0,0,79,4,0,85,4,0,0,0,4,0,0,0,4,0,0,4,0,0,0,0,0,0,0,0,0,0,0,0,131,17,0,0,145,3,0,3,154,3,0,158,0,0,0,0,0,0,0,0,0,0,0,0,0,0,0,0,0,0,0,0
LGA51820,30,3,5,0,36,0,0,0,36,0,5,38,12,0,0,3,19,0,0,0,19,0,0,19,1646,181,46,16,1884,23,6,28,1912,64,5,1978,11,4,0,0,13,0,0,0,18,3,0,21,27,5,0,0,33,0,0,0,39,7,0,38,41,5,0,0,49,0,0,0,52,6,0,60,1685,187,43,18,1930,24,6,32,1960,75,5,2041,239,32,3,5,277,5,0,10,291,40,0,326,0,0,0,0,0,0,0,0,0,0,0,0,1928,219,46,21,2214,27,8,35,2257,115,4,2368,375,35,7,0,410,8,0,10,419,17,0,433,313,41,6,3,370,3,0,4,370,22,0,390,10,0,4,0,20,0,0,0,17,0,3,26,0,0,0,3,7,0,0,0,7,0,0,5,699,78,21,7,803,9,0,15,814,35,3,856,4,0,0,0,6,0,0,0,6,0,0,6,9,0,0,0,13,0,0,0
LGA51860,0,0,0,0,0,0,0,0,0,0,0,0,0,0,0,0,0,0,0,0,0,0,0,0,0,0,0,0,0,0,0,0,0,0,0,0,0,0,0,0,0,0,0,0,0,0,0,0,0,0,0,0,0,0,0,0,0,0,0,0,0,0,0,0,0,0,0,0,0,0,0,0,0,0,0,0,0,0,0,0,0,0,0,0,0,0,0,0,0,0,0,0,0,0,0,0,0,0,0,0,0,0,0,0,0,0,0,0,0,3,0,0,3,0,0,0,3,0,0,3,0,0,0,0,0,0,0,0,0,0,0,0,0,0,0,0,0,0,0,0,0,0,0,0,0,0,0,0,0,0,0,0,0,0,0,0,0,0,0,0,0,0,0,0,0,0,0,0,0,0,0,0,0,0,0,0,0,0,0,0,0,0,0,0,0,0,0,0,0,0,0,0,0,0,0,0,0,0,0,0
LGA51890,5,0,0,0,5,5,0,5,8,0,0,8,0,0,0,0,0,0,0,0,0,0,0,0,85,8,7,0,105,5,0,5,109,9,0,117,0,0,0,0,0,0,0,0,0,0,0,0,0,0,0,0,0,0,0,0,0,0,0,0,0,0,0,0,0,0,0,0,3,0,0,3,90,8,7,0,103,3,0,3,108,9,0,119,16,0,0,0,17,0,0,0,23,9,0,27,0,0,0,0,0,0,0,0,0,0,0,0,107,9,7,0,126,7,0,7,130,18,0,147,8,3,0,0,7,0,0,0,7,0,0,7,9,0,0,0,9,0,0,0,8,0,0,8,0,0,0,0,0,0,0,0,0,0,0,0,0,0,0,0,0,0,0,0,0,0,0,0,16,3,0,0,17,0,0,0,14,0,0,14,0,0,0,0,0,0,0,0,0,0,0,0,0,0,0,0,0,0,0,0
LGA51960,0,0,0,0,0,0,0,0,0,0,0,0,0,0,0,0,0,0,0,0,0,0,0,0,22,0,0,0,30,0,0,0,30,5,0,34,0,0,0,0,0,0,0,0,0,0,0,0,0,0,0,0,0,0,0,0,0,0,0,0,0,0,0,0,0,0,0,0,0,0,0,0,22,0,0,0,30,0,0,0,30,5,0,34,7,0,0,0,10,0,0,0,10,0,0,10,0,0,0,0,0,0,0,0,0,0,0,0,29,0,3,0,38,0,0,0,38,5,0,43,0,0,0,0,0,0,0,0,0,0,0,0,0,0,0,0,0,0,0,0,0,0,0,0,0,0,0,0,0,0,0,0,0,0,0,0,0,0,0,0,0,0,0,0,0,0,0,0,0,0,0,0,0,0,0,0,0,0,0,0,0,0,0,0,0,0,0,0,0,0,0,0,0,0,0,0,0,0,0,0
LGA52030,0,0,0,0,0,0,0,0,0,0,0,0,0,0,0,0,0,0,0,0,0,0,0,0,0,0,0,0,6,0,0,0,6,0,0,6,0,0,0,0,0,0,0,0,0,0,0,0,0,0,0,0,0,0,0,0,0,0,0,0,0,0,0,0,0,0,0,0,0,0,0,0,0,0,0,0,6,0,0,0,6,0,0,6,0,0,0,0,0,0,0,0,0,0,0,0,0,0,0,0,0,0,0,0,0,0,0,0,5,0,0,0,3,0,0,0,3,0,0,3,0,0,0,0,0,0,0,0,0,0,0,0,0,0,0,0,0,0,0,0,0,0,0,0,0,0,0,0,0,0,0,0,0,0,0,0,0,0,0,0,0,0,0,0,0,0,0,0,0,0,0,0,0,0,0,0,0,0,0,0,0,0,0,0,0,0,0,0,0,0,0,0,0,0,0,0,0,0,0,0
LGA52100,0,0,0,0,0,0,0,0,0,0,0,0,0,0,0,0,0,0,0,0,0,0,0,0,6,0,0,0,3,0,0,0,3,0,0,3,0,0,0,0,0,0,0,0,0,0,0,0,0,0,0,0,0,0,0,0,0,0,0,0,0,0,0,0,0,0,0,0,0,0,0,0,6,0,0,0,3,0,0,0,3,0,0,3,0,0,0,0,0,0,0,0,0,0,0,0,0,0,0,0,0,0,0,0,0,0,0,0,6,0,0,0,3,0,0,0,0,0,0,0,0,0,0,0,0,0,0,0,0,0,0,0,0,0,0,0,0,0,0,0,0,0,0,0,0,0,0,0,0,0,0,0,0,0,0,0,0,0,0,0,0,0,0,0,0,0,0,0,0,0,0,0,0,0,0,0,0,0,0,0,0,0,0,0,0,0,0,0,0,0,0,0,0,0,0,0,0,0,0,0
LGA52170,5,0,0,0,3,0,0,0,3,0,0,3,5,0,0,0,0,0,0,0,0,0,0,0,159,28,4,3,191,4,0,3,190,9,0,199,0,0,0,0,0,0,0,0,0,0,0,0,8,0,0,0,8,0,0,0,8,0,0,8,3,0,0,0,3,0,0,0,3,0,0,3,162,28,4,3,197,4,0,3,197,9,0,205,46,3,0,0,54,0,0,0,54,4,0,53,0,0,0,0,0,0,0,0,0,0,0,0,207,35,4,5,248,4,0,3,252,3,0,260,35,6,0,0,42,5,0,5,46,6,0,53,50,9,0,0,64,0,0,0,64,4,0,71,3,0,5,0,7,0,0,0,7,0,0,10,0,0,0,0,0,0,0,0,0,0,0,0,91,13,5,0,117,5,0,5,116,12,0,128,0,0,0,0,0,0,0,0,0,0,0,0,0,0,0,0,0,0,0,0
LGA52240,0,0,0,0,0,0,0,0,0,0,0,0,0,0,0,0,0,0,0,0,0,0,0,0,0,0,0,0,0,0,0,0,0,0,0,3,0,0,0,0,0,0,0,0,0,0,0,0,0,0,0,0,0,0,0,0,0,0,0,0,0,0,0,0,0,0,0,0,0,0,0,0,3,0,0,0,4,0,0,0,4,0,0,5,0,0,0,0,0,0,0,0,0,0,0,4,0,0,0,0,0,0,0,0,0,0,0,0,3,5,0,0,5,0,0,0,5,3,0,12,0,0,0,0,0,0,0,0,0,0,0,0,0,0,0,0,0,0,0,0,0,0,0,0,0,0,0,0,0,0,0,0,0,0,0,0,0,0,0,0,0,0,0,0,0,0,0,0,0,0,0,0,0,0,0,0,0,0,0,0,0,0,0,0,0,0,0,0,0,0,0,0,0,0,0,0,0,0,0,0
LGA52310,0,0,0,0,0,0,0,0,0,0,0,0,0,0,0,0,0,0,0,0,0,0,0,0,9,0,0,0,9,0,0,0,9,0,0,7,0,0,0,0,0,0,0,0,0,0,0,0,0,0,0,0,0,0,0,0,0,0,0,0,0,0,0,0,0,0,0,0,0,0,0,0,9,0,0,0,9,0,0,0,9,0,0,7,0,0,0,0,0,0,0,0,0,0,0,0,0,0,0,0,0,0,0,0,0,0,0,0,9,0,0,0,9,0,0,0,9,0,0,7,0,0,0,0,0,0,0,0,0,0,0,0,0,0,0,0,0,0,0,0,0,0,0,0,0,0,0,0,0,0,0,0,0,0,0,0,0,0,0,0,0,0,0,0,0,0,0,0,0,0,0,0,0,0,0,0,0,0,0,0,0,0,0,0,0,0,0,0,0,0,0,0,0,0,0,0,0,0,0,0
LGA52380,0,0,0,0,0,0,0,0,0,0,0,0,0,0,0,0,0,0,0,0,0,0,0,0,0,0,0,0,0,0,0,0,0,0,0,0,0,0,0,0,0,0,0,0,0,0,0,0,0,0,0,0,0,0,0,0,0,0,0,0,0,0,0,0,0,0,0,0,0,0,0,0,0,0,0,0,0,0,0,0,0,0,0,0,0,0,0,0,0,0,0,0,0,0,0,0,0,0,0,0,0,0,0,0,0,0,0,0,0,0,0,0,0,0,0,0,0,0,0,0,0,0,0,0,0,0,0,0,0,0,0,0,0,0,0,0,0,0,0,0,0,0,0,0,0,0,0,0,0,0,0,0,0,0,0,0,0,0,0,0,0,0,0,0,0,0,0,0,0,0,0,0,0,0,0,0,0,0,0,0,0,0,0,0,0,0,0,0,0,0,0,0,0,0,0,0,0,0,0,0
LGA52450,0,0,0,0,0,0,0,0,0,0,0,0,0,0,0,0,0,0,0,0,0,0,0,0,13,4,0,0,16,0,0,0,18,0,0,18,0,0,0,0,0,0,0,0,0,0,0,0,0,0,0,0,0,0,0,0,0,0,0,0,0,0,0,0,0,0,0,0,0,0,0,0,13,4,0,0,16,0,0,0,18,0,0,18,7,0,0,0,9,0,0,0,9,0,0,9,0,0,0,0,0,0,0,0,0,0,0,0,17,4,0,0,19,0,0,0,19,0,0,19,0,0,0,0,0,0,0,0,0,0,0,0,0,0,0,0,0,0,0,0,0,0,0,0,0,0,0,0,0,0,0,0,0,0,0,0,0,0,0,0,0,0,0,0,0,0,0,0,6,0,0,0,6,0,0,0,6,0,0,6,0,0,0,0,0,0,0,0,0,0,0,0,0,0,0,0,0,0,0,0
LGA52520,0,0,0,0,0,0,0,0,0,0,0,0,0,0,0,0,0,0,0,0,0,0,0,0,11,0,0,0,11,0,0,0,11,0,0,14,0,0,0,0,0,0,0,0,0,0,0,0,0,0,0,0,0,0,0,0,0,0,0,0,0,0,0,0,0,0,0,0,0,0,0,0,11,0,0,0,11,0,0,0,11,0,0,14,0,0,0,0,0,0,0,0,0,0,0,0,0,0,0,0,0,0,0,0,0,0,0,0,10,0,0,0,10,0,0,0,10,0,0,14,0,0,0,0,0,0,0,0,0,0,0,0,0,0,0,0,0,0,0,0,0,0,0,0,0,0,0,0,0,0,0,0,0,0,0,0,0,0,0,0,0,0,0,0,0,0,0,0,5,0,0,0,5,0,0,0,5,0,0,5,0,0,0,0,0,0,0,0,0,0,0,0,0,0,0,0,0,0,0,0
LGA52590,0,0,0,0,0,0,0,0,0,0,0,0,0,0,0,0,0,0,0,0,0,0,0,0,12,0,3,0,22,4,0,4,20,0,0,25,0,0,0,0,0,0,0,0,0,0,0,0,0,0,0,0,0,0,0,0,0,0,0,0,0,0,0,0,0,0,0,0,0,0,0,0,12,0,3,0,22,4,0,4,20,0,0,25,0,0,0,0,0,0,0,0,0,0,0,0,0,0,0,0,0,0,0,0,0,0,0,0,11,0,3,0,21,4,0,4,22,0,0,27,0,0,0,0,0,0,0,0,0,0,0,0,3,0,0,0,3,0,0,0,3,0,0,3,0,0,0,0,0,0,0,0,0,0,0,0,0,0,0,0,0,0,0,0,0,0,0,0,3,0,0,0,3,0,0,0,3,0,0,3,0,0,0,0,0,0,0,0,0,0,0,0,0,0,0,0,0,0,0,0
LGA52660,4,0,0,0,4,0,0,0,4,0,0,4,5,0,0,0,5,0,0,0,5,0,0,5,209,14,9,0,233,3,0,3,234,8,0,244,0,0,0,0,0,0,0,0,0,0,0,0,5,0,0,0,5,0,0,0,3,0,0,3,4,0,0,0,4,0,0,0,4,0,0,4,216,14,9,0,238,3,0,3,240,8,0,245,27,4,0,0,31,0,0,0,33,3,0,35,0,0,0,0,4,0,0,0,4,0,0,4,244,20,9,6,271,6,0,6,275,7,0,287,11,0,0,0,15,0,0,0,15,0,0,14,18,5,0,0,18,0,0,0,18,0,0,22,0,0,0,0,0,0,0,0,0,0,0,0,0,0,0,0,0,0,0,0,0,0,0,0,30,5,4,0,33,0,0,0,33,3,0,37,0,0,0,0,0,0,0,0,0,0,0,0,0,0,0,0,0,0,0,0
LGA52730,0,0,0,0,0,0,0,0,0,0,0,0,0,0,0,0,0,0,0,0,0,0,0,0,67,23,0,3,95,0,0,0,95,3,0,99,0,0,0,0,0,0,0,0,0,0,0,0,0,0,0,0,0,0,0,0,0,0,0,0,0,0,0,0,0,0,0,0,0,0,0,0,70,23,0,3,97,0,0,0,98,3,0,106,4,5,0,0,11,0,0,0,9,3,0,16,0,0,0,0,0,0,0,0,0,0,0,0,76,26,0,4,107,0,0,5,108,8,0,121,0,0,0,0,3,0,0,0,3,0,0,7,0,0,0,0,0,0,0,0,0,0,0,0,0,0,0,0,0,0,0,0,0,0,0,0,0,0,0,0,0,0,0,0,0,0,0,0,3,3,0,0,4,0,0,0,4,0,0,6,0,0,0,0,0,0,0,0,0,0,0,0,0,0,0,0,0,0,0,0
LGA52800,0,0,0,0,0,0,0,0,0,0,0,0,0,0,0,0,0,0,0,0,0,0,0,0,15,4,0,0,18,0,0,0,18,3,0,18,0,0,0,0,0,0,0,0,0,0,0,0,0,0,0,0,0,0,0,0,0,0,0,0,0,0,0,0,0,0,0,0,0,0,0,0,15,4,0,0,18,0,0,0,18,3,0,18,0,0,0,0,3,0,0,0,3,18,0,27,0,0,0,0,0,0,0,0,0,0,5,5,17,10,0,0,19,0,0,0,19,18,5,46,0,0,0,0,0,0,0,0,0,0,0,0,0,0,0,0,0,0,0,0,0,0,0,0,0,0,0,0,0,0,0,0,0,0,0,0,0,0,0,0,0,0,0,0,0,0,0,0,0,0,0,0,0,0,0,0,0,0,0,0,0,0,0,0,0,0,0,0,0,0,0,0,0,0,0,0,0,0,0,0
LGA52870,9,4,6,0,9,0,0,0,9,0,0,9,0,0,0,0,0,0,0,0,0,0,0,0,68,6,8,4,85,0,0,0,85,5,0,84,0,0,0,0,0,0,0,0,0,0,0,0,0,0,0,0,0,0,0,0,0,0,0,0,0,0,0,0,0,0,0,0,0,0,0,0,65,6,8,4,85,0,0,0,85,5,0,89,10,6,0,0,18,0,0,0,18,3,0,22,0,0,0,0,0,0,0,0,0,0,0,0,79,13,9,4,102,0,0,0,102,6,0,114,3,0,0,0,4,0,0,0,4,0,0,4,0,0,0,0,0,0,0,0,0,0,0,0,0,0,0,0,0,0,0,0,0,0,0,0,0,0,0,0,0,0,0,0,0,0,0,0,4,0,0,0,10,0,0,0,10,0,0,10,0,0,0,0,0,0,0,0,0,0,0,0,0,0,0,0,0,0,0,0
LGA52940,0,0,0,0,0,0,0,0,0,0,0,0,0,0,0,0,0,0,0,0,0,0,0,0,0,0,0,0,3,0,0,0,5,0,0,5,0,0,0,0,0,0,0,0,0,0,0,0,0,0,0,0,0,0,0,0,0,0,0,0,0,0,0,0,0,0,0,0,0,0,0,0,0,0,0,0,3,0,0,0,5,0,0,5,0,0,0,0,0,0,0,0,0,0,0,0,0,0,0,0,0,0,0,0,0,0,0,0,4,0,0,0,0,0,0,0,7,0,0,7,0,0,0,0,0,0,0,0,0,0,0,0,4,0,0,0,4,0,0,0,4,0,0,4,0,0,0,0,0,0,0,0,0,0,0,0,0,0,0,0,0,0,0,0,0,0,0,0,4,0,0,0,4,0,0,0,4,0,0,4,0,0,0,0,0,0,0,0,0,0,0,0,0,0,0,0,0,0,0,0
LGA53010,0,0,0,0,0,0,0,0,0,0,0,0,0,0,0,0,0,0,0,0,0,0,0,0,5,0,0,0,5,0,0,0,5,0,0,5,0,0,0,0,0,0,0,0,0,0,0,0,0,0,0,0,0,0,0,0,0,0,0,0,0,0,0,0,0,0,0,0,0,0,0,0,5,0,0,0,5,0,0,0,5,0,0,5,0,0,0,0,0,0,0,0,0,0,0,0,0,0,0,0,0,0,0,0,0,0,0,0,5,0,0,0,5,0,0,0,5,0,0,5,0,0,0,0,0,0,0,0,0,0,0,0,0,0,0,0,0,0,0,0,0,0,0,0,0,0,0,0,0,0,0,0,0,0,0,0,0,0,0,0,0,0,0,0,0,0,0,0,0,0,0,0,0,0,0,0,0,0,0,0,0,0,0,0,0,0,0,0,0,0,0,0,0,0,0,0,0,0,0,0
LGA53080,0,0,0,0,0,0,0,0,0,0,0,0,0,0,0,0,0,0,0,0,0,0,0,0,0,0,0,0,0,0,0,0,0,0,0,4,0,0,0,0,0,0,0,0,0,0,0,0,0,0,0,0,0,0,0,0,0,0,0,0,0,0,0,0,0,0,0,0,0,0,0,0,0,0,0,0,0,0,0,0,0,0,0,4,0,0,0,0,0,0,0,0,0,0,0,0,0,0,0,0,0,0,0,0,0,0,0,0,0,0,0,0,0,0,0,0,0,0,0,4,0,0,0,0,0,0,0,0,0,0,0,0,0,0,0,0,0,0,0,0,0,0,0,0,0,0,0,0,0,0,0,0,0,0,0,0,0,0,0,0,0,0,0,0,0,0,0,0,0,0,0,0,0,0,0,0,0,0,0,0,0,0,0,0,0,0,0,0,0,0,0,0,0,0,0,0,0,0,0,0
LGA53150,0,0,0,0,0,0,0,0,0,0,0,0,0,0,0,0,4,0,0,0,4,0,0,4,163,15,0,0,181,0,0,0,183,7,0,186,0,0,0,0,0,0,0,0,0,0,0,4,0,0,0,0,0,0,0,0,0,0,0,0,0,0,0,0,0,0,0,0,0,3,0,4,163,15,0,0,178,0,0,0,184,8,0,195,42,0,0,0,42,0,0,0,42,4,0,47,0,0,0,0,0,0,0,0,0,0,0,0,200,21,0,0,226,0,0,0,226,16,0,243,23,4,0,0,27,0,0,0,32,8,0,37,41,5,0,0,45,0,0,0,51,4,0,51,0,0,0,0,0,0,0,0,0,0,0,0,0,0,0,0,4,0,0,0,4,0,0,4,67,10,0,0,77,0,0,0,81,9,0,90,0,0,0,0,0,0,0,0,0,0,0,0,0,0,0,0,0,0,0,0
LGA53220,0,0,0,0,0,0,0,0,0,0,0,0,0,0,0,0,0,0,0,0,0,0,0,0,47,3,0,0,54,0,0,0,54,3,0,54,0,0,0,0,0,0,0,0,0,0,0,0,0,0,0,0,0,0,0,0,0,0,0,0,0,0,0,0,0,0,0,0,0,0,0,0,47,3,0,0,54,0,0,0,54,4,0,61,11,0,6,0,11,0,0,0,16,0,0,16,0,0,0,0,0,0,0,0,0,0,0,0,59,3,6,0,65,0,0,0,66,7,0,70,0,0,0,0,0,0,0,0,0,0,0,0,0,0,0,0,0,0,0,0,0,0,0,0,0,0,0,0,0,0,0,0,0,0,0,0,0,0,0,0,0,0,0,0,0,0,0,0,0,0,0,0,0,0,0,0,0,0,0,0,0,0,0,0,0,0,0,0,0,0,0,0,0,0,0,0,0,0,0,0
LGA53290,5,0,0,0,0,0,0,0,0,0,0,0,0,0,0,0,0,0,0,0,0,0,0,0,155,14,6,6,181,3,0,3,183,3,0,188,0,0,0,0,0,0,0,0,0,3,0,3,0,0,0,0,0,0,0,0,0,0,0,0,0,0,0,0,0,0,0,0,0,3,0,3,155,14,6,6,181,3,0,3,183,6,0,187,19,3,0,0,23,0,0,0,24,0,0,24,0,0,0,0,0,0,0,0,0,0,0,0,171,13,9,6,200,3,0,3,203,11,0,217,6,0,0,0,7,0,0,0,7,0,0,7,3,0,0,0,3,0,0,0,3,0,0,4,0,0,0,0,0,0,0,0,0,0,0,0,0,0,0,0,0,0,0,0,0,0,0,0,12,0,0,0,13,0,0,0,13,0,0,17,0,0,0,0,0,0,0,0,0,0,0,0,0,0,0,0,0,0,0,0
LGA53360,0,0,0,0,0,0,0,0,0,0,0,0,0,0,0,0,0,0,0,0,0,0,0,0,31,7,3,5,47,0,0,0,47,0,0,47,0,0,0,0,0,0,0,0,0,0,0,0,0,0,0,0,0,0,0,0,0,0,0,0,0,0,0,0,0,0,0,0,0,0,0,0,31,7,3,5,47,0,0,0,47,0,0,47,0,0,0,0,0,0,0,0,0,0,0,0,0,0,0,0,0,0,0,0,0,0,0,0,31,7,3,5,47,0,0,0,47,0,0,47,4,0,0,0,4,0,0,0,4,0,0,4,0,0,0,0,3,0,0,0,3,0,0,3,0,0,0,0,0,0,0,0,0,0,0,0,0,0,0,0,0,0,0,0,0,0,0,0,3,0,0,0,9,0,0,0,9,0,0,9,0,0,0,0,0,0,0,0,0,0,0,0,0,0,0,0,0,0,0,0
LGA53430,0,3,0,0,9,0,0,0,9,0,0,9,0,0,0,0,0,0,0,0,0,0,0,0,323,63,8,0,396,4,3,8,409,22,0,427,4,0,0,0,4,0,0,0,0,0,0,0,0,4,0,0,8,0,0,0,8,0,0,8,4,4,0,0,7,0,0,0,11,0,0,11,327,64,12,0,407,6,3,8,410,22,0,434,42,6,0,0,48,4,0,4,52,10,0,57,0,0,0,0,4,0,0,0,4,0,0,4,368,72,13,0,455,7,3,11,466,29,0,498,83,14,0,0,95,0,0,0,95,10,0,103,85,9,0,0,98,0,0,0,94,3,0,104,0,3,0,0,4,0,0,0,4,0,0,4,0,0,0,0,0,0,0,0,0,0,0,0,167,30,0,0,195,0,0,0,194,11,0,212,0,0,0,0,0,0,0,0,0,0,0,0,0,0,0,0,0,0,0,0
LGA53570,3,0,0,0,3,0,0,0,3,0,0,3,0,0,0,5,5,0,0,0,5,0,0,5,59,7,0,3,74,0,0,0,77,0,0,82,0,0,0,0,0,0,0,0,0,0,0,0,0,0,0,0,0,0,0,0,0,0,0,0,0,0,0,0,0,0,0,0,0,0,0,0,59,7,0,3,74,0,0,0,77,0,0,82,7,3,0,0,14,0,0,0,14,0,0,13,0,0,0,0,0,0,0,0,0,0,0,0,69,14,0,6,93,0,0,0,90,4,0,95,4,0,0,0,9,0,0,0,9,0,0,11,0,0,0,0,0,0,0,0,0,0,0,0,0,0,0,0,0,0,0,0,0,0,0,0,0,0,0,0,0,0,0,0,0,0,0,0,12,0,0,0,11,0,0,0,11,0,0,13,0,0,0,0,0,0,0,0,0,0,0,0,0,0,0,0,0,0,0,0
LGA53640,0,0,0,0,0,0,0,0,0,0,0,0,0,0,0,0,0,0,0,0,0,0,0,0,3,0,0,0,3,0,0,0,3,0,0,3,0,0,0,0,0,0,0,0,0,0,0,0,0,0,0,0,0,0,0,0,0,0,0,0,0,0,0,0,0,0,0,0,0,0,0,0,3,0,0,0,3,0,0,0,3,0,0,3,6,0,0,0,6,0,0,0,6,0,0,4,0,0,0,0,0,0,0,0,3,0,0,3,5,0,0,0,5,0,0,0,7,0,0,10,0,0,0,0,0,0,0,0,0,0,0,0,0,0,0,0,0,0,0,0,0,0,0,0,0,0,0,0,0,0,0,0,0,0,0,0,0,0,0,0,0,0,0,0,0,0,0,0,0,0,0,0,0,0,0,0,0,0,0,0,0,0,0,0,0,0,0,0,0,0,0,0,0,0,0,0,0,0,0,0
LGA53710,0,0,0,0,0,0,0,0,0,0,0,0,0,0,0,0,0,0,0,0,0,0,0,0,3,0,0,0,3,0,0,0,3,0,0,3,0,0,0,0,0,0,0,0,0,0,0,0,0,0,0,0,0,0,0,0,0,0,0,0,0,0,0,0,0,0,0,0,0,0,0,0,3,0,0,0,3,0,0,0,3,0,0,3,0,0,0,0,0,0,0,0,0,0,0,0,0,0,0,0,0,0,0,0,0,0,0,0,6,0,0,0,6,0,0,0,6,0,0,6,0,0,0,0,0,0,0,0,0,0,0,0,0,0,0,0,0,0,0,0,0,0,0,0,0,0,0,0,0,0,0,0,0,0,0,0,0,0,0,0,0,0,0,0,0,0,0,0,0,0,0,0,0,0,0,0,0,0,0,0,0,0,0,0,0,0,0,0,0,0,0,0,0,0,0,0,0,0,0,0
LGA53780,22,11,3,3,38,0,0,0,38,3,0,38,16,0,0,10,23,0,0,0,23,0,3,32,1596,216,33,25,1869,23,4,25,1896,116,6,2019,30,9,0,0,29,6,0,6,36,4,0,38,39,20,0,0,60,5,0,3,66,3,0,71,68,26,0,0,93,8,0,11,101,12,0,114,1662,235,33,25,1958,28,4,39,1997,122,6,2128,488,122,5,19,630,15,5,22,657,128,0,784,0,3,0,4,7,0,0,0,7,4,4,21,2154,364,38,47,2605,47,14,59,2661,259,13,2933,381,58,6,4,446,4,0,4,451,31,0,476,315,60,6,0,387,6,0,7,395,14,0,409,22,3,3,0,31,0,0,0,31,0,0,31,0,0,0,6,11,0,0,0,10,0,0,10,721,122,16,18,880,9,0,16,894,43,0,931,20,4,0,0,25,9,0,9,23,0,0,29,16,3,0,0,17,0,0,0
LGA53800,6,0,4,0,8,0,0,0,8,0,0,8,0,0,0,0,6,6,0,6,8,0,0,8,483,49,25,8,560,7,0,7,563,21,0,589,3,0,0,5,5,0,0,0,5,0,0,5,4,5,0,0,5,0,0,0,5,0,0,5,6,5,0,5,9,0,0,0,9,0,0,9,492,54,25,8,571,7,0,7,576,21,0,599,38,6,3,0,53,0,0,0,56,20,0,77,0,0,0,0,0,0,0,0,0,0,0,0,531,61,27,12,627,4,0,4,632,43,4,678,30,6,0,0,33,0,0,0,33,0,0,34,16,7,3,0,21,0,0,0,25,0,0,24,0,0,0,0,0,0,0,0,0,0,0,0,0,0,0,0,0,0,0,0,0,0,0,0,44,10,5,0,58,0,0,0,60,0,0,66,0,0,0,0,0,0,0,0,0,0,0,0,0,0,0,0,0,0,0,0
LGA53920,0,0,0,4,3,0,0,0,3,0,0,3,0,0,0,0,0,0,0,0,0,0,0,0,4,3,0,4,11,0,0,0,13,0,0,18,0,0,0,0,0,5,0,5,5,0,0,5,0,0,0,0,0,0,0,0,0,0,0,0,0,0,0,0,0,5,0,5,3,0,0,3,4,3,0,4,13,4,0,4,14,0,0,17,6,0,0,0,6,8,0,8,9,6,0,16,0,0,0,0,0,0,0,0,0,0,0,0,9,3,0,4,12,8,0,8,24,9,0,35,0,0,0,0,0,0,0,0,0,0,0,0,0,0,0,0,0,0,0,0,0,0,0,0,0,0,0,0,0,0,0,0,0,0,0,0,0,0,0,0,0,0,0,0,0,0,0,0,0,0,0,0,0,0,0,0,0,0,0,0,0,0,0,0,0,0,0,0,0,0,0,0,0,0,0,0,0,0,0,0
LGA53990,3,0,0,0,12,0,0,0,12,0,0,12,6,0,0,4,5,0,0,0,5,0,0,5,500,42,11,8,562,4,0,4,564,11,0,579,0,0,0,0,0,0,0,0,0,0,0,0,8,0,0,0,8,0,0,0,10,0,0,10,8,0,0,0,8,0,0,0,13,0,0,13,509,42,11,8,573,4,0,6,578,11,0,587,67,8,7,9,85,0,0,0,85,16,0,98,0,0,0,0,0,0,0,0,0,0,0,0,575,54,15,14,652,4,0,6,662,28,0,687,19,0,0,0,22,0,0,0,22,0,0,24,24,4,0,0,32,0,0,0,32,0,0,30,0,0,0,0,0,0,0,0,0,0,0,0,0,0,0,0,0,0,0,0,0,0,0,0,46,3,3,0,51,0,0,0,56,0,0,60,0,0,0,0,0,0,0,0,0,0,0,0,0,0,0,0,0,0,0,0
LGA54060,0,0,0,0,0,0,0,0,0,0,0,0,0,0,0,0,0,0,0,0,0,0,0,4,40,5,0,0,38,0,0,0,38,0,0,46,0,0,0,0,0,0,0,0,0,0,0,0,0,0,0,0,0,0,0,0,0,0,0,0,0,0,0,0,0,0,0,0,0,0,0,0,36,5,0,0,43,0,0,0,43,0,0,42,4,0,0,0,4,0,0,0,4,0,0,6,0,0,0,0,0,0,0,0,0,0,0,0,38,5,0,0,50,0,0,0,50,0,0,46,4,0,0,0,4,0,0,0,4,0,0,4,4,0,0,0,4,0,0,0,4,0,0,4,0,0,0,0,0,0,0,0,0,0,0,0,0,0,0,0,0,0,0,0,0,0,0,0,3,0,0,0,3,0,0,0,3,0,0,3,0,0,0,0,0,0,0,0,0,0,0,0,0,0,0,0,0,0,0,0
LGA54130,0,0,0,0,0,0,0,0,0,0,0,0,0,0,0,0,0,0,0,0,0,0,0,0,3,0,0,0,3,0,0,0,3,0,0,3,0,0,0,0,0,0,0,0,0,0,0,0,0,0,0,0,0,0,0,0,0,0,0,0,0,0,0,0,0,0,0,0,0,0,0,0,3,0,0,0,3,0,0,0,3,0,0,3,0,0,0,0,0,0,0,0,0,0,0,0,0,0,0,0,0,0,0,0,0,0,0,0,3,0,0,0,3,0,0,0,3,0,0,5,0,0,0,0,0,0,0,0,0,0,0,0,0,0,0,0,0,0,0,0,0,0,0,0,0,0,0,0,0,0,0,0,0,0,0,0,0,0,0,0,0,0,0,0,0,0,0,0,0,0,0,0,0,0,0,0,0,0,0,0,0,0,0,0,0,0,0,0,0,0,0,0,0,0,0,0,0,0,0,0
LGA54170,35,3,7,0,46,0,0,0,46,4,0,55,13,0,0,10,18,0,0,0,19,0,0,24,3128,315,69,24,3539,65,3,68,3609,127,6,3745,15,0,0,0,20,5,0,5,23,4,0,26,43,5,0,0,50,0,0,0,50,3,0,49,61,7,0,0,67,5,0,5,67,8,0,77,3189,321,69,24,3612,64,3,65,3679,135,6,3817,398,34,19,4,450,6,0,6,458,41,0,500,6,0,0,0,4,0,0,0,4,0,4,9,3588,360,88,30,4064,70,9,77,4143,174,9,4325,639,60,20,4,716,11,6,14,731,28,5,753,704,78,20,0,805,13,4,22,826,26,0,857,26,0,4,0,30,0,0,0,30,3,0,37,3,0,0,5,7,0,0,0,7,0,0,7,1363,141,41,14,1555,25,4,33,1586,61,5,1654,9,0,0,0,10,3,0,3,15,0,0,12,28,6,0,0,36,4,0,4
LGA54200,20,5,8,0,31,0,0,0,31,4,0,40,7,0,0,0,8,0,0,0,8,0,0,9,951,85,23,13,1074,4,4,10,1086,37,0,1124,9,0,0,0,10,0,0,0,7,0,0,7,9,3,0,0,13,0,0,0,13,0,0,13,17,3,0,0,21,0,0,0,18,0,0,18,964,88,25,14,1092,6,4,14,1103,37,0,1145,137,12,6,5,158,11,0,7,166,19,0,187,0,0,0,0,0,0,0,0,0,0,0,0,1100,102,31,18,1251,19,4,17,1276,54,0,1335,186,12,6,0,210,0,0,3,216,6,0,220,153,16,6,0,174,0,0,0,177,3,0,184,3,3,0,0,14,0,0,0,14,0,0,14,0,0,0,0,6,0,0,0,6,0,0,6,348,30,19,3,397,4,3,4,404,14,0,418,0,0,0,0,0,0,0,0,0,0,0,0,6,0,0,0,0,0,0,0
LGA54280,10,0,0,5,11,0,0,0,11,0,0,11,0,0,0,0,5,0,0,0,5,0,0,3,365,38,15,5,424,0,0,6,426,9,0,439,3,0,0,0,3,0,0,0,3,0,0,3,5,0,0,0,3,0,0,0,3,0,0,3,7,0,0,0,4,0,0,0,4,0,0,4,369,38,15,10,427,0,0,6,431,9,0,444,48,3,0,0,56,0,0,0,54,12,0,66,0,0,0,0,0,0,0,0,0,0,3,4,417,40,14,9,487,4,0,3,487,21,3,515,14,0,0,0,18,0,0,0,18,0,0,19,8,0,0,0,9,0,0,0,9,0,0,9,0,0,0,0,0,0,0,0,0,0,0,0,0,0,0,0,0,0,0,0,0,0,0,0,25,0,0,0,26,0,0,0,27,0,0,28,0,0,0,0,0,0,0,0,0,0,0,0,0,0,0,0,0,0,0,0
LGA54310,6,0,0,0,8,0,0,0,8,0,0,15,0,0,0,0,0,0,0,0,0,0,0,0,323,21,14,3,364,7,0,7,366,5,0,373,5,0,0,0,5,0,0,0,5,0,0,5,0,0,0,0,0,0,0,0,0,0,0,0,9,0,0,0,9,0,0,0,9,0,0,9,332,21,14,3,367,7,0,7,371,5,0,382,40,9,0,3,50,4,0,4,55,3,0,57,4,0,0,0,4,0,0,0,4,0,3,3,373,28,18,8,424,4,0,4,427,17,3,442,10,0,0,0,9,0,0,0,9,0,0,10,0,0,0,0,3,0,0,0,3,0,0,3,0,0,0,0,0,0,0,0,0,0,0,6,0,0,0,0,0,0,0,0,0,0,0,0,11,0,0,0,15,0,0,0,15,7,0,15,3,0,0,0,3,0,0,0,3,0,0,3,0,0,0,0,0,0,0,0
LGA54340,0,0,0,0,0,0,0,0,0,0,0,0,0,0,0,0,0,0,0,0,0,0,0,0,34,6,0,0,38,0,0,0,40,6,0,51,0,0,0,0,0,0,0,0,0,0,0,0,3,0,0,0,3,0,0,0,4,0,0,4,3,0,0,0,3,0,0,0,3,0,0,3,35,8,0,0,45,0,0,3,47,6,0,54,6,0,0,0,12,0,0,0,11,3,0,18,0,0,0,0,0,0,0,0,0,0,0,0,43,8,0,0,58,7,0,7,57,10,0,68,0,0,0,0,0,0,0,0,0,0,0,0,0,0,0,0,0,0,0,0,0,0,0,0,0,0,0,0,0,0,0,0,0,0,0,0,0,0,0,0,0,0,0,0,0,0,0,0,0,0,0,0,4,0,0,0,4,0,0,4,0,0,0,0,0,0,0,0,0,0,0,0,0,0,0,0,0,0,0,0
LGA54410,0,0,0,0,0,0,0,0,0,0,0,0,0,0,0,0,0,0,0,0,0,0,0,0,9,0,0,0,9,0,0,0,9,0,0,11,0,0,0,0,0,0,0,0,0,0,0,0,0,0,0,0,0,0,0,0,0,0,0,0,0,0,0,0,0,0,0,0,0,0,0,0,9,0,0,0,9,0,0,0,9,3,0,13,0,0,0,0,0,0,0,0,0,0,0,0,0,0,0,0,0,0,0,0,0,0,0,0,13,0,0,0,11,0,0,0,11,3,0,18,0,0,0,0,0,0,0,0,0,0,0,0,0,0,0,0,0,0,0,0,0,0,0,0,0,0,0,0,0,0,0,0,0,0,0,0,0,0,0,0,0,0,0,0,0,0,0,0,0,0,0,0,0,0,0,0,0,0,0,0,0,0,0,0,0,0,0,0,0,0,0,0,0,0,0,0,0,0,0,0
LGA54480,0,0,0,0,0,0,0,0,0,0,0,0,0,0,0,0,0,0,0,0,0,0,0,0,6,0,0,0,5,0,0,0,5,0,0,5,0,0,0,0,0,0,0,0,0,0,0,0,0,0,0,0,0,0,0,0,0,0,0,0,0,0,0,0,0,0,0,0,0,0,0,0,6,0,0,0,5,0,0,0,5,0,0,5,0,0,0,0,0,0,0,0,0,6,0,3,0,0,0,0,0,0,0,0,0,0,0,0,6,0,0,3,5,0,0,0,5,6,0,5,0,0,0,0,0,0,0,0,0,0,0,0,0,0,0,0,0,0,0,0,0,0,0,0,0,0,0,0,0,0,0,0,0,0,0,0,0,0,0,0,0,0,0,0,0,0,0,0,0,0,0,0,0,0,0,0,0,0,0,0,0,0,0,0,0,0,0,0,0,0,0,0,0,0,0,0,0,0,0,0
LGA54550,0,0,0,0,0,0,0,0,0,0,0,0,0,0,0,0,0,0,0,0,0,0,0,0,0,3,0,0,0,0,0,0,0,0,0,3,0,0,0,0,0,0,0,0,0,0,0,0,0,0,0,0,0,0,0,0,0,0,0,0,0,0,0,0,0,0,0,0,0,0,0,0,0,3,0,0,0,0,0,0,0,0,0,3,0,0,0,0,0,0,0,0,0,0,0,0,0,0,0,0,0,0,0,0,0,0,0,0,0,3,0,0,6,0,0,0,6,0,0,4,0,0,0,0,0,0,0,0,0,0,0,0,0,0,0,0,0,0,0,0,0,0,0,0,0,0,0,0,0,0,0,0,0,0,0,0,0,0,0,0,0,0,0,0,0,0,0,0,0,0,0,0,0,0,0,0,0,0,0,0,0,0,0,0,0,0,0,0,0,0,0,0,0,0,0,0,0,0,0,0
LGA54620,0,0,0,0,0,0,0,0,0,0,0,0,0,0,0,0,0,0,0,0,0,0,0,0,0,0,0,0,0,0,0,0,0,0,0,0,0,0,0,0,0,0,0,0,0,0,0,0,0,0,0,0,0,0,0,0,0,0,0,0,0,0,0,0,0,0,0,0,0,0,0,0,0,0,0,0,0,0,0,0,0,0,0,0,0,0,0,0,0,0,0,0,0,0,0,0,0,0,0,0,0,0,0,0,0,0,0,0,0,0,0,0,0,0,0,0,0,0,0,0,0,0,0,0,0,0,0,0,0,0,0,0,0,0,0,0,0,0,0,0,0,0,0,0,0,0,0,0,0,0,0,0,0,0,0,0,0,0,0,0,0,0,0,0,0,0,0,0,0,0,0,0,0,0,0,0,0,0,0,0,0,0,0,0,0,0,0,0,0,0,0,0,0,0,0,0,0,0,0,0
LGA54690,0,0,0,0,0,0,0,0,0,0,0,0,0,0,0,0,0,0,0,0,0,0,0,0,0,0,0,0,0,0,0,0,0,0,0,0,0,0,0,0,0,0,0,0,0,0,0,0,0,0,0,0,0,0,0,0,0,0,0,0,0,0,0,0,0,0,0,0,0,0,0,0,0,0,0,0,0,0,0,0,0,0,0,0,0,0,0,0,0,0,0,0,0,0,0,0,0,0,0,0,0,0,0,0,0,0,0,0,0,0,0,0,0,0,0,0,0,0,0,0,0,0,0,0,0,0,0,0,0,0,0,0,0,0,0,0,0,0,0,0,0,0,0,0,0,0,0,0,0,0,0,0,0,0,0,0,0,0,0,0,0,0,0,0,0,0,0,0,0,0,0,0,0,0,0,0,0,0,0,0,0,0,0,0,0,0,0,0,0,0,0,0,0,0,0,0,0,0,0,0
LGA54760,0,0,0,0,0,0,0,0,0,0,0,0,0,0,0,0,0,0,0,0,0,0,0,0,0,0,0,0,3,0,0,0,3,0,0,3,0,0,0,0,0,0,0,0,0,0,0,0,0,0,0,0,0,0,0,0,0,0,0,0,0,0,0,0,0,0,0,0,0,0,0,0,0,0,0,0,3,0,0,0,3,0,0,3,0,0,0,0,0,0,0,0,0,0,0,0,0,0,0,0,0,0,0,0,0,0,0,0,0,0,0,0,3,0,0,0,3,0,0,3,0,0,0,0,0,0,0,0,0,0,0,0,0,0,0,0,0,0,0,0,0,0,0,0,0,0,0,0,0,0,0,0,0,0,0,0,0,0,0,0,0,0,0,0,0,0,0,0,0,0,0,0,0,0,0,0,0,0,0,0,0,0,0,0,0,0,0,0,0,0,0,0,0,0,0,0,0,0,0,0
LGA54830,0,6,0,0,10,0,0,0,10,0,0,10,4,0,0,3,8,0,0,0,8,0,0,8,478,45,20,9,553,6,7,8,559,18,0,581,3,0,0,0,8,0,0,0,8,0,0,9,11,4,0,0,15,6,0,3,17,0,0,21,22,8,0,0,26,6,0,3,25,4,0,30,496,54,20,9,576,4,6,13,582,21,0,606,123,24,4,6,155,7,0,7,163,32,4,195,4,0,0,0,4,0,0,0,4,0,3,5,620,76,23,23,734,14,6,16,749,52,3,813,95,15,0,0,105,0,0,0,104,6,0,117,71,6,3,0,83,0,0,0,83,5,0,89,0,0,0,0,3,0,0,0,6,0,0,6,0,0,0,0,0,0,0,0,0,3,0,7,168,17,0,0,190,0,0,4,190,16,0,214,0,0,0,0,0,0,0,0,0,0,0,0,7,0,0,0,6,0,0,0
LGA54900,0,0,0,0,0,0,0,0,0,0,0,0,0,0,0,0,0,0,0,0,0,0,0,0,9,0,0,0,9,0,0,0,9,0,0,9,0,0,0,0,0,0,0,0,0,0,0,0,0,0,0,0,0,0,0,0,0,0,0,0,0,0,0,0,0,0,0,0,0,0,0,0,9,0,0,0,9,0,0,0,9,0,0,9,0,0,0,0,0,0,0,0,0,0,0,0,0,0,0,0,0,0,0,0,0,0,0,0,10,0,0,0,10,0,0,0,10,0,0,10,0,0,0,0,0,0,0,0,0,0,0,0,0,0,0,0,0,0,0,0,0,0,0,0,0,0,0,0,0,0,0,0,0,0,0,0,0,0,0,0,0,0,0,0,0,0,0,0,0,0,0,0,0,0,0,0,0,0,0,0,0,0,0,0,0,0,0,0,0,0,0,0,0,0,0,0,0,0,0,0
LGA54970,0,0,0,0,0,0,0,0,0,0,0,0,0,0,0,0,0,0,0,0,0,0,0,0,0,0,0,0,0,0,0,0,0,0,0,0,0,0,0,0,0,0,0,0,0,0,0,0,0,0,0,0,0,0,0,0,0,0,0,0,0,0,0,0,0,0,0,0,0,0,0,0,0,0,0,0,0,0,0,0,0,0,0,0,0,0,0,0,0,7,0,7,7,0,0,5,0,0,0,0,0,0,0,0,0,0,0,0,0,0,0,0,0,7,0,7,7,0,0,5,0,0,0,0,0,0,0,0,0,0,0,0,0,0,0,0,0,0,0,0,0,0,0,0,0,0,0,0,0,0,0,0,0,0,0,0,0,0,0,0,0,0,0,0,0,0,0,0,0,0,0,0,0,0,0,0,0,0,0,0,0,0,0,0,0,0,0,0,0,0,0,0,0,0,0,0,0,0,0,0
LGA55040,0,0,0,0,0,0,0,0,0,0,0,0,0,0,0,0,0,0,0,0,0,0,0,0,3,0,0,0,3,0,0,0,3,0,0,3,0,0,0,0,0,0,0,0,0,0,0,0,0,0,0,0,0,0,0,0,0,0,0,0,0,0,0,0,0,0,0,0,0,0,0,0,3,0,0,0,3,0,0,0,3,0,0,3,0,0,0,0,0,0,0,0,0,3,0,3,0,0,0,0,0,0,0,0,0,0,0,0,3,0,0,0,3,0,0,0,3,3,0,4,0,0,0,0,0,0,0,0,0,0,0,0,0,0,0,0,0,0,0,0,0,0,0,0,0,0,0,0,0,0,0,0,0,0,0,0,0,0,0,0,0,0,0,0,0,0,0,0,0,0,0,0,0,0,0,0,0,0,0,0,0,0,0,0,0,0,0,0,0,0,0,0,0,0,0,0,0,0,0,0
LGA55110,17,0,9,0,29,0,0,0,31,4,0,33,4,0,0,8,8,0,0,0,13,0,0,13,981,116,41,15,1156,13,0,17,1176,61,0,1237,12,3,0,0,15,0,3,5,17,5,0,21,14,0,0,0,19,0,0,0,19,0,0,19,26,4,0,0,29,0,3,5,31,5,0,35,1007,117,44,17,1189,13,5,19,1204,64,0,1277,141,27,10,3,177,3,0,9,186,37,0,223,0,0,0,0,4,0,0,0,4,0,5,5,1149,147,53,19,1369,22,8,25,1395,106,8,1507,156,18,4,0,181,0,3,6,185,9,0,197,135,21,0,0,161,3,0,7,165,9,0,172,8,0,3,0,13,0,0,0,13,0,0,14,0,0,0,4,4,0,0,0,4,0,0,4,297,44,7,7,355,6,0,11,364,20,0,389,0,0,0,0,0,0,0,0,0,0,0,0,0,0,0,0,0,0,0,0
LGA55180,0,0,0,0,0,0,0,0,0,0,0,0,0,0,0,4,4,0,0,0,4,0,0,4,109,17,3,4,136,0,0,0,136,6,0,141,0,0,0,0,0,0,0,0,0,0,0,0,0,0,0,0,0,0,0,0,0,0,0,0,0,0,0,0,0,0,0,0,0,0,0,0,109,17,3,4,136,0,0,0,136,8,0,141,9,0,0,0,11,0,0,0,11,0,0,16,0,0,0,0,0,0,0,0,0,0,0,0,122,18,3,4,147,0,0,0,147,5,0,159,8,0,0,0,8,0,0,0,8,0,0,8,3,0,0,0,8,0,0,0,8,0,0,8,0,0,0,0,0,0,0,0,0,0,0,0,0,0,0,0,0,0,0,0,0,0,0,0,16,0,0,0,12,0,0,0,12,0,0,17,0,0,0,0,0,0,0,0,0,0,0,0,0,0,0,0,0,0,0,0
LGA55250,0,0,0,0,0,0,0,0,0,0,0,0,0,0,0,0,0,0,0,0,0,0,0,0,4,0,0,0,4,0,0,0,4,0,0,4,0,0,0,0,0,0,0,0,0,0,0,0,0,0,0,0,0,0,0,0,0,0,0,0,0,0,0,0,0,0,0,0,0,0,0,0,4,0,0,0,4,0,0,0,4,0,0,4,0,0,0,0,0,0,0,0,0,0,0,3,0,0,0,0,0,0,0,0,0,0,0,0,0,0,0,0,0,0,0,0,0,4,0,7,0,0,0,0,0,0,0,0,0,0,0,0,0,0,0,0,0,0,0,0,0,0,0,0,0,0,0,0,0,0,0,0,0,0,0,0,0,0,0,0,0,0,0,0,0,0,0,0,0,0,0,0,0,0,0,0,0,0,0,0,0,0,0,0,0,0,0,0,0,0,0,0,0,0,0,0,0,0,0,0
LGA55320,27,3,3,0,34,0,0,0,34,0,0,34,6,0,0,0,3,0,0,0,3,0,0,6,1828,196,38,11,2071,21,4,28,2104,77,6,2187,13,5,0,0,17,0,0,0,19,0,0,19,30,8,0,0,30,9,0,9,44,0,0,44,39,8,0,0,50,14,0,14,59,0,0,61,1870,203,43,11,2124,33,4,39,2160,80,6,2245,309,30,5,10,350,9,0,9,357,33,0,398,0,0,0,0,0,0,0,0,0,0,3,7,2173,237,47,18,2473,34,4,43,2516,118,7,2648,482,38,10,3,531,8,0,16,546,15,0,559,530,64,12,6,610,10,4,15,625,31,0,655,18,5,3,0,21,0,0,0,21,6,0,24,0,0,0,3,3,0,0,0,4,0,0,4,1025,106,28,8,1170,22,6,30,1197,45,0,1249,15,0,0,0,15,0,0,0,14,0,0,12,16,0,0,0,22,4,0,4
LGA55390,0,0,0,0,0,0,0,0,0,0,0,0,0,0,0,0,0,0,0,0,0,0,0,0,0,0,0,0,0,0,0,0,0,0,0,0,0,0,0,0,0,0,0,0,0,0,0,0,0,0,0,0,0,0,0,0,0,0,0,0,0,0,0,0,0,0,0,0,0,0,0,0,0,0,0,0,0,0,0,0,0,0,0,0,0,0,0,0,0,0,0,0,0,0,0,0,0,0,0,0,0,0,0,0,0,0,0,0,0,0,0,0,0,0,0,0,0,0,0,5,0,0,0,0,0,0,0,0,0,0,0,0,0,0,0,0,0,0,0,0,0,0,0,0,0,0,0,0,0,0,0,0,0,0,0,0,0,0,0,0,0,0,0,0,0,0,0,0,0,0,0,0,0,0,0,0,0,0,0,0,0,0,0,0,0,0,0,0,0,0,0,0,0,0,0,0,0,0,0,0
LGA55460,0,0,0,0,0,0,0,0,0,0,0,0,0,0,0,3,3,0,0,0,3,0,0,3,32,0,0,5,37,0,0,0,37,0,0,37,0,0,0,0,0,0,0,0,0,0,0,0,0,0,0,0,0,0,0,0,0,0,0,0,0,0,0,0,0,0,0,0,0,0,0,0,32,0,0,5,37,0,0,0,37,0,0,37,5,0,0,0,5,0,0,0,5,0,0,3,0,0,0,0,0,0,0,0,0,0,0,0,34,0,0,5,41,0,0,0,41,0,0,43,0,0,0,0,0,0,0,0,0,0,0,0,0,0,0,0,0,0,0,0,0,0,0,0,0,0,0,0,0,0,0,0,0,0,0,0,0,0,0,0,0,0,0,0,0,0,0,0,0,0,0,0,0,0,0,0,0,0,0,0,0,0,0,0,0,0,0,0,0,0,0,0,0,0,0,0,0,0,0,0
LGA55530,0,0,0,0,0,0,0,0,0,0,0,0,0,0,0,0,0,0,0,0,0,0,0,0,0,0,0,0,0,0,0,0,0,0,0,0,0,0,0,0,0,0,0,0,0,0,0,0,0,0,0,0,0,0,0,0,0,0,0,0,0,0,0,0,0,0,0,0,0,0,0,0,0,0,0,0,0,0,0,0,0,0,0,0,0,0,0,0,0,0,0,0,0,0,0,0,0,0,0,0,0,0,0,0,0,0,0,0,0,0,0,0,0,0,0,0,0,0,0,0,0,0,0,0,0,0,0,0,0,0,0,0,0,0,0,0,0,0,0,0,0,0,0,0,0,0,0,0,0,0,0,0,0,0,0,0,0,0,0,0,0,0,0,0,0,0,0,0,0,0,0,0,0,0,0,0,0,0,0,0,0,0,0,0,0,0,0,0,0,0,0,0,0,0,0,0,0,0,0,0
LGA55600,0,0,0,0,0,0,0,0,0,0,0,0,0,0,0,0,0,0,0,0,0,0,0,0,17,0,0,0,20,0,0,0,20,0,0,20,0,0,0,0,0,0,0,0,0,0,0,0,0,0,0,0,0,0,0,0,0,0,0,0,0,0,0,0,0,0,0,0,0,0,0,0,17,0,0,0,20,0,0,0,20,0,0,20,5,0,0,0,5,0,0,0,5,0,0,3,0,0,0,0,0,0,0,0,0,0,0,0,21,0,0,0,22,0,0,0,22,0,0,23,0,0,0,0,0,0,0,0,0,0,0,0,0,0,0,0,0,0,0,0,0,0,0,0,0,0,0,0,0,0,0,0,0,0,0,0,0,0,0,0,0,0,0,0,0,0,0,0,0,0,0,0,0,0,0,0,0,0,0,0,0,0,0,0,0,0,0,0,0,0,0,0,0,0,0,0,0,0,0,0
LGA55670,0,0,0,0,0,0,0,0,0,0,0,0,0,0,0,0,0,0,0,0,0,0,0,0,0,0,0,0,0,0,0,0,0,0,0,0,0,0,0,0,0,0,0,0,0,0,0,0,0,0,0,0,0,0,0,0,0,0,0,0,0,0,0,0,0,0,0,0,0,0,0,0,0,0,0,0,0,0,0,0,0,0,0,0,0,0,0,0,0,0,0,0,0,0,0,0,0,0,0,0,0,0,0,0,0,0,0,0,0,0,0,0,0,0,0,0,0,0,0,3,0,0,0,0,0,0,0,0,0,0,0,0,0,0,0,0,0,0,0,0,0,0,0,0,0,0,0,0,0,0,0,0,0,0,0,0,0,0,0,0,0,0,0,0,0,0,0,0,0,0,0,0,0,0,0,0,0,0,0,0,0,0,0,0,0,0,0,0,0,0,0,0,0,0,0,0,0,0,0,0
LGA55740,3,0,0,0,4,0,0,0,4,0,0,4,0,0,0,0,0,0,0,0,0,0,0,0,191,13,0,0,206,0,0,3,215,10,0,224,0,0,0,0,0,0,0,0,0,0,0,0,0,0,0,0,0,0,0,0,0,0,0,0,0,0,0,0,0,0,0,0,0,0,0,0,191,13,0,0,206,9,0,6,214,10,0,223,26,7,0,0,34,0,0,0,34,7,0,40,0,0,0,0,0,0,0,0,0,0,0,0,218,22,0,0,246,9,0,6,250,16,0,265,50,6,0,0,54,0,0,0,60,0,0,58,67,12,0,0,79,0,0,0,79,3,0,84,3,0,0,0,7,0,0,0,7,0,0,9,0,0,0,0,0,0,0,0,0,0,0,0,116,15,0,0,138,0,0,0,142,3,0,145,0,0,0,0,0,0,0,0,0,0,0,0,0,0,0,0,0,0,0,0
LGA55810,0,0,0,0,0,0,0,0,0,0,0,0,0,0,0,0,0,0,0,0,0,0,0,0,0,0,0,0,0,0,0,0,0,0,0,0,0,0,0,0,0,0,0,0,0,0,0,0,0,0,0,0,0,0,0,0,0,0,0,0,0,0,0,0,0,0,0,0,0,0,0,0,0,0,0,0,0,0,0,0,0,0,0,0,0,0,0,0,0,0,0,0,0,0,0,0,0,0,0,0,0,0,0,0,0,0,0,0,0,0,0,0,0,0,0,0,0,0,0,0,0,0,0,0,0,0,0,0,0,0,0,0,0,0,0,0,0,0,0,0,0,0,0,0,0,0,0,0,0,0,0,0,0,0,0,0,0,0,0,0,0,0,0,0,0,0,0,0,0,0,0,0,0,0,0,0,0,0,0,0,0,0,0,0,0,0,0,0,0,0,0,0,0,0,0,0,0,0,0,0
LGA55880,0,0,0,0,0,0,0,0,0,0,0,0,0,0,0,0,0,0,0,0,0,0,0,0,0,0,0,0,0,0,0,0,0,0,0,0,0,0,0,0,0,0,0,0,0,0,0,0,0,0,0,0,0,0,0,0,0,0,0,0,0,0,0,0,0,0,0,0,0,0,0,0,0,0,0,0,0,0,0,0,0,0,0,0,0,0,0,0,0,0,0,0,0,0,0,0,0,0,0,0,0,0,0,0,0,0,0,0,0,0,0,0,0,0,0,0,0,0,0,0,0,0,0,0,0,0,0,0,0,0,0,0,0,0,0,0,0,0,0,0,0,0,0,0,0,0,0,0,0,0,0,0,0,0,0,0,0,0,0,0,0,0,0,0,0,0,0,0,0,0,0,0,0,0,0,0,0,0,0,0,0,0,0,0,0,0,0,0,0,0,0,0,0,0,0,0,0,0,0,0
LGA55950,0,0,0,0,0,0,0,0,0,0,0,0,0,0,0,0,0,0,0,0,0,0,0,0,0,0,0,0,0,0,0,0,0,0,0,0,0,0,0,0,0,0,0,0,0,0,0,0,0,0,0,0,0,0,0,0,0,0,0,0,0,0,0,0,0,0,0,0,0,0,0,0,0,0,0,0,0,0,0,0,0,0,0,0,4,0,0,0,4,0,0,0,4,0,0,4,0,0,0,0,0,0,0,0,0,0,0,0,3,0,0,0,3,0,0,0,3,0,0,3,0,0,0,0,0,0,0,0,0,0,0,0,0,0,0,0,0,0,0,0,0,0,0,0,0,0,0,0,0,0,0,0,0,0,0,0,0,0,0,0,0,0,0,0,0,0,0,0,0,0,0,0,0,0,0,0,0,0,0,0,0,0,0,0,0,0,0,0,0,0,0,0,0,0,0,0,0,0,0,0
LGA56090,5,4,0,0,10,0,0,0,10,0,0,14,3,0,0,4,12,0,0,0,12,0,0,12,593,92,31,9,719,3,4,6,730,19,0,751,5,0,0,0,5,0,0,0,6,0,0,6,14,0,0,0,17,0,0,0,17,0,0,17,23,0,0,0,17,0,0,0,23,0,0,23,605,92,31,9,740,3,4,12,753,19,0,775,87,13,5,0,104,0,0,0,108,14,0,119,0,0,0,0,3,0,0,0,3,0,0,3,695,111,33,12,850,12,4,14,861,32,0,894,93,10,7,0,111,0,0,0,109,7,0,115,98,12,3,0,115,0,0,0,118,8,0,124,0,0,0,0,0,0,0,0,0,0,0,0,0,0,0,0,0,0,0,0,0,0,0,0,196,20,5,0,229,0,0,0,228,14,0,239,0,0,0,0,0,0,0,0,0,0,0,0,6,0,0,0,4,0,0,0
LGA56160,0,0,0,0,0,0,0,0,0,0,0,0,0,0,0,0,0,0,0,0,0,0,0,0,0,0,0,0,0,0,0,0,0,0,0,0,0,0,0,0,0,0,0,0,0,0,0,0,0,0,0,0,0,0,0,0,0,0,0,0,0,0,0,0,0,0,0,0,0,0,0,0,0,0,0,0,0,0,0,0,0,0,0,0,0,0,0,0,0,0,0,0,0,0,0,0,0,0,0,0,0,0,0,0,0,0,0,0,0,0,0,0,0,0,0,0,0,0,0,0,0,0,0,0,0,0,0,0,0,0,0,0,0,0,0,0,0,0,0,0,0,0,0,0,0,0,0,0,0,0,0,0,0,0,0,0,0,0,0,0,0,0,0,0,0,0,0,0,0,0,0,0,0,0,0,0,0,0,0,0,0,0,0,0,0,0,0,0,0,0,0,0,0,0,0,0,0,0,0,0
LGA56230,9,0,0,0,10,0,0,0,10,0,0,10,0,0,0,0,0,0,0,0,0,0,0,0,204,17,13,4,243,6,0,10,249,18,0,265,0,0,0,0,0,0,0,0,0,0,0,0,4,0,0,0,4,0,0,0,4,0,0,4,4,0,0,0,4,0,0,0,4,0,0,4,211,17,13,4,244,6,0,10,254,18,0,269,27,4,7,0,38,3,0,3,46,14,0,58,0,0,0,0,0,0,0,0,0,0,3,3,241,20,23,4,288,13,0,13,293,30,3,333,23,3,0,0,30,0,0,0,30,0,0,30,21,5,0,0,28,0,0,0,28,4,0,31,3,0,0,0,3,0,0,0,3,0,0,3,0,0,0,0,0,0,0,0,0,0,0,0,52,5,0,0,60,0,0,0,60,4,0,63,3,0,0,0,5,0,0,0,5,0,0,5,0,0,0,0,0,0,0,0
LGA56300,0,0,0,0,0,0,0,0,0,0,0,0,0,0,0,0,0,0,0,0,0,0,0,0,9,9,0,0,15,0,0,0,15,0,0,14,0,0,0,0,0,0,0,0,0,0,0,0,0,0,0,0,0,0,0,0,0,0,0,0,0,0,0,0,0,0,0,0,0,0,0,0,9,9,0,0,15,0,0,0,15,0,0,14,0,0,0,0,0,0,0,0,0,0,0,0,0,0,0,0,0,0,0,0,0,0,0,0,12,9,0,0,15,0,0,0,15,0,0,18,0,0,0,0,0,0,0,0,0,0,0,0,0,0,0,0,0,0,0,0,0,0,0,0,0,0,0,0,0,0,0,0,0,0,0,0,0,0,0,0,0,0,0,0,0,0,0,0,0,0,0,0,0,0,0,0,0,0,0,0,0,0,0,0,0,0,0,0,0,0,0,0,0,0,0,0,0,0,0,0
LGA56370,0,0,0,0,0,0,0,0,0,0,0,0,0,0,0,0,0,0,0,0,0,0,0,0,0,0,0,0,0,0,0,0,0,0,0,0,0,0,0,0,0,0,0,0,0,0,0,0,0,0,0,0,0,0,0,0,0,0,0,0,0,0,0,0,0,0,0,0,0,0,0,0,0,0,0,0,0,0,0,0,0,0,0,0,0,0,0,0,0,0,0,0,0,0,0,0,0,0,0,0,0,0,0,0,0,0,0,0,0,0,0,0,0,0,0,0,0,0,0,0,0,0,0,0,0,0,0,0,0,0,0,0,0,0,0,0,0,0,0,0,0,0,0,0,0,0,0,0,0,0,0,0,0,0,0,0,0,0,0,0,0,0,0,0,0,0,0,0,0,0,0,0,0,0,0,0,0,0,0,0,0,0,0,0,0,0,0,0,0,0,0,0,0,0,0,0,0,0,0,0
LGA56460,0,0,0,0,3,0,0,0,3,0,0,3,0,0,0,0,0,0,0,0,0,0,0,0,54,3,0,0,61,0,0,0,61,3,0,68,0,0,0,0,0,0,0,0,0,0,0,0,0,0,0,0,0,0,0,0,0,0,0,0,0,0,0,0,0,0,0,0,0,0,0,0,52,3,0,0,65,0,0,0,65,3,0,68,0,0,0,0,0,0,0,0,0,0,0,0,0,0,0,0,0,0,0,0,0,0,0,0,56,3,0,0,65,0,0,0,65,3,0,67,6,0,0,0,6,0,0,0,6,0,0,6,0,0,0,0,0,0,0,0,0,0,0,0,0,0,0,0,0,0,0,0,0,0,0,0,0,0,0,0,0,0,0,0,0,0,0,0,5,0,0,0,5,0,0,0,5,0,0,5,0,0,0,0,0,0,0,0,0,0,0,0,0,0,0,0,0,0,0,0
LGA56580,0,0,0,0,0,0,0,0,0,4,0,4,3,0,0,0,3,0,0,0,3,0,0,3,565,56,0,4,626,4,6,10,637,33,0,668,0,0,0,0,3,4,3,3,5,0,0,5,16,0,0,0,16,0,0,0,14,0,0,20,15,0,0,0,19,0,3,6,27,0,0,25,585,51,0,4,645,10,4,18,661,34,0,694,122,7,0,0,131,6,0,4,133,5,0,144,0,0,0,0,0,0,0,0,0,0,3,3,700,58,0,10,781,11,9,21,794,38,3,836,142,19,0,0,158,5,0,5,164,11,0,171,190,20,0,0,213,0,0,0,213,9,0,219,3,0,3,0,0,0,0,0,0,0,0,0,4,0,0,0,4,0,0,0,4,0,0,4,340,36,4,0,381,5,0,5,385,17,0,401,0,0,0,0,5,0,0,0,3,0,0,3,3,0,0,0,3,0,0,0
LGA56620,0,0,0,0,0,0,0,0,0,0,0,0,0,0,0,0,0,0,0,0,0,0,0,0,0,0,0,0,5,0,0,0,3,0,0,8,0,0,0,0,0,0,0,0,0,0,0,0,0,0,0,0,0,0,0,0,0,0,0,0,0,0,0,0,0,0,0,0,0,0,0,0,0,0,0,0,5,0,0,0,3,0,0,8,0,0,0,0,0,0,0,5,5,14,0,13,0,0,0,0,0,0,0,0,0,0,0,0,0,0,0,0,5,4,0,6,4,16,0,21,0,0,0,0,0,0,0,0,0,0,0,0,0,0,0,0,0,0,0,0,0,0,0,0,0,0,0,0,0,0,0,0,0,0,0,0,0,0,0,0,0,0,0,0,0,0,0,0,0,0,0,0,0,0,0,0,0,0,0,0,0,0,0,0,0,0,0,0,0,0,0,0,0,0,0,0,0,0,0,0
LGA56730,5,6,0,0,6,0,0,0,6,0,0,6,0,0,0,0,0,0,0,0,0,0,0,0,118,12,0,0,133,3,0,3,135,9,0,145,0,0,0,0,0,0,0,0,0,0,0,0,0,0,0,0,0,0,0,0,0,0,0,0,0,0,0,0,0,0,0,0,0,0,0,0,120,12,0,0,131,3,0,3,134,9,0,142,23,5,0,0,29,0,0,0,30,6,0,38,0,0,0,0,0,0,0,0,0,0,0,3,139,13,0,0,159,7,0,7,166,12,0,181,6,0,0,0,3,0,0,0,3,0,0,3,11,0,0,0,11,0,0,0,11,0,0,11,0,0,0,0,0,0,0,0,0,0,0,0,0,0,0,0,0,0,0,0,0,0,0,0,16,0,0,0,17,0,0,0,17,0,0,17,0,0,0,0,0,0,0,0,0,0,0,0,0,0,0,0,0,0,0,0
LGA56790,0,0,0,0,0,0,0,0,0,0,0,0,0,0,0,0,0,0,0,0,0,0,0,0,12,7,0,0,14,0,0,0,14,0,0,14,0,0,0,0,0,0,0,0,0,0,0,0,0,0,0,0,0,0,0,0,0,0,0,0,0,0,0,0,0,0,0,0,0,0,0,0,12,7,0,0,14,0,0,0,14,0,0,14,3,0,0,0,3,0,0,0,3,0,0,5,0,0,0,0,0,0,0,0,0,0,0,0,10,7,0,0,18,0,0,0,18,4,0,22,0,0,0,0,0,0,0,0,0,0,0,0,0,0,0,0,0,0,0,0,0,0,0,0,0,0,0,0,0,0,0,0,0,0,0,0,0,0,0,0,0,0,0,0,0,0,0,0,0,0,0,0,0,0,0,0,0,0,0,0,0,0,0,0,0,0,0,0,0,0,0,0,0,0,0,0,0,0,0,0
LGA56860,0,0,0,0,0,0,0,0,0,0,0,0,0,0,0,0,0,0,0,0,0,0,0,0,0,0,0,0,0,0,0,0,0,0,0,0,0,0,0,0,0,0,0,0,0,0,0,0,0,0,0,0,0,0,0,0,0,0,0,0,0,0,0,0,0,0,0,0,0,0,0,0,0,0,0,0,0,0,0,0,0,0,0,0,0,0,0,0,0,0,0,0,0,0,0,0,0,0,0,0,0,0,0,0,0,0,0,0,0,0,0,0,0,0,0,0,0,0,0,0,0,0,0,0,0,0,0,0,0,0,0,0,0,0,0,0,0,0,0,0,0,0,0,0,0,0,0,0,0,0,0,0,0,0,0,0,0,0,0,0,0,0,0,0,0,0,0,0,0,0,0,0,0,0,0,0,0,0,0,0,0,0,0,0,0,0,0,0,0,0,0,0,0,0,0,0,0,0,0,0
LGA56930,0,0,0,0,0,0,0,0,0,0,0,0,0,0,0,0,0,0,0,0,0,0,0,0,45,5,0,0,51,0,0,0,51,0,0,47,0,0,0,0,0,0,0,0,0,0,0,0,4,0,0,0,4,0,0,0,4,0,0,4,4,0,0,0,4,0,0,0,4,0,0,4,44,5,0,0,53,0,0,0,53,0,0,51,24,0,0,0,25,0,0,0,25,0,0,27,0,0,0,0,0,0,0,0,0,0,0,0,69,4,0,0,75,0,0,0,75,0,0,77,4,4,0,0,8,0,0,0,8,0,0,9,12,3,0,0,17,0,0,0,17,0,0,17,0,0,0,0,0,0,0,0,0,0,0,0,0,0,0,0,0,0,0,0,0,0,0,0,18,7,0,0,28,0,0,0,28,0,0,26,0,0,0,0,0,0,0,0,0,0,0,0,0,0,0,0,0,0,0,0
LGA57000,0,0,0,0,0,0,0,0,0,0,0,0,0,0,0,0,0,0,0,0,0,0,0,0,0,0,0,0,0,0,0,0,0,0,0,0,0,0,0,0,0,0,0,0,0,0,0,0,0,0,0,0,0,0,0,0,0,0,0,0,0,0,0,0,0,0,0,0,0,0,0,0,0,0,0,0,0,0,0,0,0,0,0,0,0,0,0,0,0,0,0,0,0,0,0,0,0,0,0,0,0,0,0,0,0,0,0,0,4,0,0,0,4,0,0,0,4,0,0,4,0,0,0,0,0,0,0,0,0,0,0,0,0,0,0,0,0,0,0,0,0,0,0,0,0,0,0,0,0,0,0,0,0,0,0,0,0,0,0,0,0,0,0,0,0,0,0,0,0,0,0,0,0,0,0,0,0,0,0,0,0,0,0,0,0,0,0,0,0,0,0,0,0,0,0,0,0,0,0,0
LGA57080,0,0,0,0,3,0,0,0,3,0,0,3,0,0,0,0,0,0,0,0,0,0,0,0,40,14,0,0,52,0,0,4,59,9,0,64,0,0,0,0,0,0,0,0,0,0,0,0,0,0,0,0,0,0,0,0,0,0,0,0,0,0,0,0,0,0,0,0,0,0,0,0,42,14,0,0,57,0,0,4,58,9,0,73,15,0,0,0,16,0,0,0,20,4,0,16,0,0,0,0,0,0,0,0,0,0,0,0,56,14,0,0,74,0,0,6,74,14,0,90,17,0,0,0,16,0,0,0,16,0,0,23,12,3,0,0,16,0,0,0,16,0,0,16,0,0,0,0,0,0,0,0,0,0,0,0,0,0,0,0,0,0,0,0,0,0,0,0,30,7,0,0,34,0,0,0,34,0,0,39,0,0,0,0,0,0,0,0,0,0,0,0,0,0,0,0,0,0,0,5
LGA57140,0,0,0,0,0,0,0,0,0,0,0,0,0,0,0,0,0,0,0,0,0,0,0,0,4,0,0,0,4,0,0,0,4,0,0,4,0,0,0,0,0,0,0,0,0,0,0,0,0,0,0,0,0,0,0,0,0,0,0,0,0,0,0,0,0,0,0,0,0,0,0,0,4,0,0,0,4,0,0,0,4,0,0,4,0,0,0,0,0,0,0,0,0,0,0,0,0,0,0,0,0,0,0,0,0,0,0,0,4,0,0,0,4,0,0,0,4,0,0,4,0,0,0,0,0,0,0,0,0,0,0,0,0,0,0,0,0,0,0,0,0,0,0,0,0,0,0,0,0,0,0,0,0,0,0,0,0,0,0,0,0,0,0,0,0,0,0,0,0,0,0,0,0,0,0,0,0,0,0,0,0,0,0,0,0,0,0,0,0,0,0,0,0,0,0,0,0,0,0,0
LGA57210,0,0,0,0,5,0,0,0,5,0,0,5,0,0,0,0,0,0,0,0,0,0,0,0,48,8,3,4,68,0,0,0,68,7,0,75,0,0,0,0,0,0,0,0,0,0,0,0,0,0,0,0,0,0,0,0,0,0,0,0,0,0,0,0,0,0,0,0,0,0,0,0,48,11,5,4,69,0,0,0,69,7,0,74,6,4,0,0,10,0,0,0,10,7,0,19,0,0,0,0,0,0,0,0,0,0,0,0,56,16,5,4,80,0,0,0,85,14,0,99,0,0,0,0,0,0,0,0,0,0,0,0,0,0,0,0,0,0,0,0,0,0,0,0,0,0,0,0,0,0,0,0,0,0,0,0,0,0,0,0,0,0,0,0,0,0,0,0,3,0,0,0,0,0,0,0,0,0,0,0,0,0,0,0,0,0,0,0,0,0,0,0,0,0,0,0,0,0,0,0
LGA57280,7,0,0,0,5,0,0,0,5,0,0,5,0,0,0,3,3,0,0,0,3,0,0,3,139,11,5,6,161,0,0,0,161,3,0,162,3,0,0,0,3,0,0,0,3,0,0,3,3,0,0,0,3,0,0,0,3,0,0,3,7,0,0,0,7,0,0,0,7,0,0,7,142,11,5,6,168,0,0,0,168,3,0,172,17,4,3,4,22,0,0,0,22,5,0,28,0,0,0,0,0,0,0,0,0,0,0,0,160,17,9,5,188,0,0,0,188,5,0,198,8,0,0,0,8,0,0,0,8,0,0,8,3,0,0,0,3,0,0,0,3,0,0,3,0,0,0,0,0,0,0,0,0,0,0,0,0,0,0,0,0,0,0,0,0,0,0,0,11,0,0,0,11,0,0,0,11,0,0,11,0,0,0,0,0,0,0,0,0,0,0,0,0,0,0,0,0,0,0,0
LGA57350,0,0,0,0,0,0,0,0,0,0,0,0,0,0,0,0,0,0,0,0,0,0,0,0,0,0,0,0,5,0,0,0,5,0,0,5,0,0,0,0,0,0,0,0,0,0,0,0,0,0,0,0,0,0,0,0,0,0,0,0,0,0,0,0,0,0,0,0,0,0,0,0,0,0,0,0,5,0,0,0,5,0,0,5,0,0,0,0,0,0,0,0,0,0,0,0,0,0,0,0,0,0,0,0,0,0,0,0,0,0,0,0,5,0,0,0,5,0,0,3,0,0,0,0,0,0,0,0,0,0,0,0,0,0,0,0,0,0,0,0,0,0,0,0,0,0,0,0,0,0,0,0,0,0,0,0,0,0,0,0,0,0,0,0,0,0,0,0,0,0,0,0,0,0,0,0,0,0,0,0,0,0,0,0,0,0,0,0,0,0,0,0,0,0,0,0,0,0,0,0
LGA57420,0,0,0,0,4,0,0,0,4,0,0,4,0,0,0,0,0,0,0,0,0,0,0,0,8,0,0,0,12,0,0,0,12,0,0,17,0,0,0,0,0,0,0,0,0,0,0,0,0,0,0,0,0,0,0,0,0,0,0,0,0,0,0,0,0,0,0,0,0,0,0,0,8,0,0,0,12,0,0,0,12,0,0,17,0,0,0,0,0,0,0,0,0,0,0,0,0,0,0,0,0,0,0,0,0,0,0,0,8,0,3,0,14,0,0,0,14,0,0,16,0,0,0,0,0,0,0,0,0,0,0,0,0,0,0,0,0,0,0,0,0,0,0,0,0,0,0,0,0,0,0,0,0,0,0,0,0,0,0,0,0,0,0,0,0,0,0,0,0,0,0,0,0,0,0,0,0,0,0,0,0,0,0,0,0,0,0,0,0,0,0,0,0,0,0,0,0,0,0,0
LGA57490,38,10,13,0,57,0,0,0,57,3,0,62,7,0,0,5,19,5,0,5,23,0,0,25,1867,164,81,14,2134,32,7,35,2168,97,4,2273,18,0,0,0,22,8,0,11,29,4,0,34,51,4,0,0,50,0,0,0,54,3,0,58,69,4,0,0,73,6,0,14,82,9,0,92,1932,169,81,14,2210,41,5,46,2258,99,4,2361,404,51,23,7,481,5,6,12,493,66,0,553,4,0,0,0,3,0,0,0,3,0,4,11,2344,221,103,28,2694,47,10,59,2752,167,10,2931,259,26,4,0,294,3,0,3,296,23,0,316,241,26,9,0,277,6,0,3,287,9,0,291,11,0,6,0,16,4,0,4,19,5,0,23,0,0,0,3,4,0,0,0,8,0,0,8,517,51,24,9,596,10,0,9,602,30,0,637,0,0,0,0,5,0,0,0,10,0,0,5,11,0,0,0,17,0,0,6
LGA57630,0,0,0,0,0,0,0,0,0,0,0,0,0,0,0,0,0,0,0,0,0,0,0,0,0,0,0,0,0,0,0,0,0,0,0,0,0,0,0,0,0,0,0,0,0,0,0,0,0,0,0,0,0,0,0,0,0,0,0,0,0,0,0,0,0,0,0,0,0,0,0,0,0,0,0,0,0,0,0,0,0,0,0,0,0,0,0,0,0,0,0,0,0,0,0,0,0,0,0,0,0,0,0,0,0,0,0,0,0,0,0,0,0,0,0,0,0,0,0,0,0,0,0,0,0,0,0,0,0,0,0,0,0,0,0,0,0,0,0,0,0,0,0,0,0,0,0,0,0,0,0,0,0,0,0,0,0,0,0,0,0,0,0,0,0,0,0,0,0,0,0,0,0,0,0,0,0,0,0,0,0,0,0,0,0,0,0,0,0,0,0,0,0,0,0,0,0,0,0,0
LGA57700,5,0,5,0,9,0,0,0,9,0,0,9,7,0,0,7,7,0,0,0,7,0,0,7,441,52,22,7,519,6,0,6,529,15,0,542,0,0,0,0,3,0,0,0,3,0,0,3,8,0,0,0,5,0,0,0,5,0,0,5,8,0,0,0,9,0,0,0,9,0,0,9,449,49,30,7,528,6,0,6,544,15,0,553,118,12,10,6,148,0,0,0,145,8,0,159,0,0,0,0,0,0,0,0,0,0,0,0,565,63,36,10,675,9,0,9,685,27,3,717,76,10,0,0,87,0,0,0,89,3,0,90,47,7,4,0,55,0,0,0,59,5,0,60,0,0,0,0,4,0,0,0,4,0,0,4,0,0,0,0,3,0,0,0,3,0,0,3,125,15,4,0,148,0,0,0,151,8,0,156,0,0,0,0,0,0,0,0,0,0,0,0,3,0,0,0,3,0,0,0
LGA57770,0,0,0,0,0,0,0,0,0,0,0,0,0,0,0,0,0,0,0,0,0,0,0,0,5,6,0,0,3,0,0,0,3,0,0,3,0,0,0,0,0,0,0,0,0,0,0,0,0,0,0,0,0,0,0,0,0,0,0,0,0,0,0,0,0,0,0,0,0,0,0,0,5,6,0,0,3,0,0,0,3,0,0,3,0,0,0,0,0,0,0,0,0,0,0,0,0,0,0,0,0,0,0,0,0,0,0,0,5,6,0,0,3,0,0,0,3,0,0,3,0,0,0,0,0,0,0,0,0,0,0,0,0,0,0,0,0,0,0,0,0,0,0,0,0,0,0,0,0,0,0,0,0,0,0,0,0,0,0,0,0,0,0,0,0,0,0,0,0,0,0,0,0,0,0,0,0,0,0,0,0,0,0,0,0,0,0,0,0,0,0,0,0,0,0,0,0,0,0,0
LGA57840,9,0,0,0,11,0,0,0,11,0,0,11,0,0,0,0,4,0,0,0,4,0,0,4,556,61,7,3,631,11,4,16,643,34,0,678,3,3,0,0,4,0,0,0,9,0,0,13,10,0,0,0,10,0,0,0,13,0,0,12,12,6,0,0,21,3,0,3,21,3,0,23,570,67,7,4,652,13,4,15,668,35,0,700,91,11,0,4,108,0,0,0,108,17,0,122,0,0,0,0,0,0,0,0,0,0,0,0,659,77,9,7,754,14,4,20,771,51,0,827,171,18,3,0,189,4,0,7,197,9,0,210,146,27,4,0,180,6,0,3,181,9,0,192,0,0,0,0,8,0,0,0,8,0,0,8,0,0,0,0,6,0,0,0,6,0,0,6,326,42,5,0,370,4,9,14,387,20,0,404,5,0,0,0,7,0,0,0,7,0,0,11,9,0,0,0,9,0,0,0
LGA57910,24,11,5,0,40,0,0,0,40,4,0,39,6,4,0,20,29,0,0,0,36,5,0,38,2815,415,28,34,3288,41,8,48,3332,116,5,3453,20,5,0,4,26,3,0,3,32,0,0,31,51,0,0,0,50,4,3,6,61,11,0,66,65,8,0,4,74,11,3,13,85,14,0,98,2883,423,26,36,3361,52,12,56,3423,126,5,3554,504,95,14,6,618,20,12,33,650,157,0,817,8,0,0,5,14,0,0,0,14,0,0,10,3394,521,39,42,3995,70,25,93,4082,288,8,4380,719,104,15,4,842,12,0,9,850,25,0,878,742,129,14,4,894,9,4,17,901,27,0,931,19,0,6,0,24,0,0,0,28,3,0,35,0,3,0,10,17,0,0,0,17,0,0,22,1486,243,29,21,1772,17,5,25,1797,66,3,1865,12,6,0,0,19,0,0,0,18,0,0,18,17,0,0,0,16,3,0,4
LGA57980,6,0,0,0,6,0,0,0,6,0,0,5,0,0,0,0,0,0,0,0,0,0,0,0,212,36,0,0,249,0,6,5,257,14,0,270,5,0,0,0,5,0,0,0,5,0,0,5,5,0,0,0,5,0,0,0,5,0,0,5,6,0,0,0,6,0,0,0,6,0,0,6,220,36,0,0,257,0,6,5,265,14,0,281,34,3,0,0,39,0,0,0,39,0,0,40,0,0,0,0,0,0,0,0,0,0,0,0,257,37,0,0,297,0,6,5,303,15,0,323,78,9,0,0,91,6,0,6,97,3,3,107,64,4,0,0,70,0,0,0,75,7,0,75,5,0,0,0,5,0,0,0,5,0,0,5,0,0,0,0,0,0,0,0,0,0,0,0,148,18,0,0,169,6,0,7,175,12,3,188,0,0,0,0,0,0,0,0,0,0,0,0,0,0,0,0,0,0,0,0
LGA58050,36,9,7,0,55,0,0,0,57,3,0,63,7,0,0,20,21,0,0,0,23,0,0,22,2046,257,59,25,2387,41,14,49,2439,98,0,2545,25,8,0,0,29,0,4,4,36,4,0,34,30,5,0,0,38,7,0,7,41,4,0,48,53,10,0,0,68,3,4,9,72,7,0,82,2097,267,59,25,2456,51,9,60,2515,108,0,2624,408,69,26,14,523,17,4,19,543,113,0,649,0,0,0,5,10,0,0,0,10,0,5,7,2512,338,89,50,2987,65,14,82,3069,214,5,3287,416,47,10,3,478,9,3,15,488,18,0,512,345,63,4,0,412,10,0,10,418,32,0,449,10,4,8,0,26,0,0,0,28,0,0,27,4,0,0,8,15,0,0,0,15,0,0,15,779,114,26,12,923,19,5,24,948,52,0,999,6,5,0,0,11,0,0,0,12,0,0,14,13,0,0,0,13,0,3,3
LGA58190,0,0,0,0,0,0,0,0,0,0,0,0,0,0,0,0,0,0,0,0,0,0,0,0,0,0,0,0,0,0,0,0,0,0,0,0,0,0,0,0,0,0,0,0,0,0,0,0,0,0,0,0,0,0,0,0,0,0,0,0,0,0,0,0,0,0,0,0,0,0,0,0,0,0,0,0,0,0,0,0,4,0,0,4,0,0,0,0,0,0,0,0,0,0,0,0,0,0,0,0,0,0,0,0,0,0,0,0,0,0,0,0,0,0,0,0,4,0,0,7,0,0,0,0,0,0,0,0,0,0,0,0,0,0,0,0,0,0,0,0,0,0,0,0,0,0,0,0,0,0,0,0,0,0,0,0,0,0,0,0,0,0,0,0,0,0,0,0,0,0,0,0,0,0,0,0,0,0,0,0,0,0,0,0,0,0,0,0,0,0,0,0,0,0,0,0,0,0,0,0
LGA58260,0,0,0,0,0,0,0,0,0,0,0,0,0,0,0,0,0,0,0,0,0,0,0,0,3,0,0,0,3,0,0,0,3,3,0,4,0,0,0,0,0,0,0,0,0,0,0,0,0,0,0,0,0,0,0,0,0,0,0,0,0,0,0,0,0,0,0,0,0,0,0,0,3,0,0,0,3,0,0,0,3,3,0,4,0,0,0,0,0,0,0,0,0,0,0,3,0,0,0,0,0,0,0,0,0,0,0,0,0,0,0,0,0,0,0,0,0,6,0,6,0,0,0,0,0,0,0,0,0,0,0,0,0,0,0,0,0,0,0,0,0,0,0,0,0,0,0,0,0,0,0,0,0,0,0,0,0,0,0,0,0,0,0,0,0,0,0,0,0,0,0,0,0,0,0,0,0,0,0,0,0,0,0,0,0,0,0,0,0,0,0,0,0,0,0,0,0,0,0,0
LGA58330,0,0,0,0,0,0,0,0,0,0,0,0,0,0,0,0,0,0,0,0,3,0,0,3,28,12,0,0,38,0,0,0,41,10,0,44,0,0,0,0,0,0,0,0,0,0,0,0,0,0,0,0,0,0,0,0,0,0,0,0,0,0,0,0,0,0,0,0,0,0,0,0,30,12,0,0,41,8,0,8,43,10,0,51,7,0,0,0,7,0,0,0,7,0,0,14,0,0,0,0,0,0,0,0,0,0,0,0,38,12,0,0,47,8,0,8,53,8,0,64,0,4,0,0,4,0,0,0,4,0,0,4,0,0,0,0,0,0,0,0,0,0,0,0,0,0,0,0,0,0,0,0,0,0,0,0,0,0,0,0,0,0,0,0,0,0,0,0,3,4,0,0,5,0,0,0,7,0,0,7,0,0,0,0,0,0,0,0,0,0,0,0,0,0,0,0,0,0,0,0
LGA58400,0,0,0,0,0,0,0,0,0,0,0,0,0,0,0,0,0,0,0,0,0,0,0,0,3,0,0,0,3,0,0,0,3,0,0,3,0,0,0,0,0,0,0,0,0,0,0,0,0,0,0,0,0,0,0,0,0,0,0,0,0,0,0,0,0,0,0,0,0,0,0,0,3,0,0,0,3,0,0,0,3,0,0,3,0,0,0,0,0,0,0,0,0,0,0,0,0,0,0,0,0,0,0,0,0,0,0,0,3,0,0,0,0,0,0,0,0,0,0,0,0,0,0,0,0,0,0,0,0,0,0,0,0,0,0,0,0,0,0,0,0,0,0,0,0,0,0,0,0,0,0,0,0,0,0,0,0,0,0,0,0,0,0,0,0,0,0,0,0,0,0,0,0,0,0,0,0,0,0,0,0,0,0,0,0,0,0,0,0,0,0,0,0,0,0,0,0,0,0,0
LGA58470,0,0,0,0,0,0,0,0,0,0,0,0,0,0,0,0,0,0,0,0,0,0,0,0,0,0,0,0,0,0,0,0,0,0,0,0,0,0,0,0,0,0,0,0,0,0,0,0,0,0,0,0,0,0,0,0,0,0,0,0,0,0,0,0,0,0,0,0,0,0,0,0,0,0,0,0,0,0,0,0,0,0,0,0,0,0,0,0,0,0,0,0,0,0,0,0,0,0,0,0,0,0,0,0,0,0,0,0,0,0,0,0,0,0,0,0,0,0,0,0,0,0,0,0,0,0,0,0,0,0,0,0,0,0,0,0,0,0,0,0,0,0,0,0,0,0,0,0,0,0,0,0,0,0,0,0,0,0,0,0,0,0,0,0,0,0,0,0,0,0,0,0,0,0,0,0,0,0,0,0,0,0,0,0,0,0,0,0,0,0,0,0,0,0,0,0,0,0,0,0
LGA58510,7,3,0,0,7,0,0,0,7,3,0,15,0,0,0,0,0,0,0,0,0,0,0,0,284,47,3,0,335,5,0,5,337,25,0,356,0,0,0,0,0,0,0,0,0,0,0,0,6,0,0,0,6,0,0,0,6,0,0,6,6,4,0,0,11,0,0,0,11,0,0,5,285,51,3,0,342,5,0,5,342,19,0,367,46,4,0,0,48,0,0,3,49,11,0,61,0,0,0,0,0,0,0,0,0,0,0,0,336,55,3,0,391,4,0,5,395,27,0,425,72,11,0,0,80,0,0,0,86,6,0,88,70,6,0,0,77,0,0,5,83,0,0,80,0,0,0,0,0,0,0,0,0,0,0,0,0,0,0,0,0,0,0,0,0,0,0,0,136,20,0,0,161,0,0,6,167,6,0,174,0,0,0,0,0,0,0,0,0,0,0,0,0,0,0,0,0,0,0,0
LGA58540,0,0,0,0,0,0,0,0,0,0,0,0,0,0,0,0,0,0,0,0,0,0,0,0,0,0,0,0,0,0,0,0,0,0,0,6,0,0,0,0,0,0,0,0,0,0,0,0,0,0,0,0,0,0,0,0,0,0,0,0,0,0,0,0,0,0,0,0,0,0,0,0,0,0,0,0,0,0,0,0,0,0,0,6,3,0,0,0,3,0,0,0,3,0,0,3,0,0,0,0,0,0,0,0,0,0,0,0,3,0,0,0,3,0,0,0,3,0,0,6,0,0,0,0,0,0,0,0,0,0,0,0,3,0,0,0,3,0,0,0,3,0,0,3,0,0,0,0,0,0,0,0,0,0,0,0,0,0,0,0,0,0,0,0,0,0,0,0,3,0,0,0,3,0,0,0,3,0,0,3,0,0,0,0,0,0,0,0,0,0,0,0,0,0,0,0,0,0,0,0
LGA58570,0,0,0,0,0,0,0,0,0,0,0,0,0,0,0,0,0,0,0,0,0,0,0,0,367,43,0,0,412,9,4,12,420,18,0,439,0,0,0,0,0,0,0,0,0,0,0,0,7,0,0,0,7,0,0,0,4,0,0,4,4,0,0,0,4,5,0,5,5,0,0,8,371,43,0,0,417,15,4,17,434,17,0,448,32,3,0,0,39,0,0,0,39,5,0,50,0,0,0,0,0,0,0,0,0,0,0,0,405,47,4,0,457,15,4,17,472,23,0,492,93,9,0,0,104,0,0,0,105,8,0,112,84,17,0,0,95,0,0,0,99,4,0,101,0,0,0,0,0,0,0,0,0,0,0,0,0,0,0,0,0,0,0,0,0,0,0,0,175,28,0,0,204,0,6,5,205,7,0,218,0,0,0,0,0,0,0,0,0,0,0,0,0,0,0,0,0,0,0,0
LGA58610,0,0,0,0,3,0,0,0,3,0,0,3,0,0,0,0,0,0,0,0,0,0,0,0,9,0,0,0,17,0,0,0,17,0,0,21,0,0,0,0,0,0,0,0,0,0,0,0,0,0,0,0,0,0,0,0,0,0,0,0,0,0,0,0,0,0,0,0,0,0,0,0,9,0,0,0,17,0,0,0,17,0,0,21,0,0,0,0,0,0,0,0,0,0,0,0,0,0,0,0,0,0,0,0,0,0,0,0,9,0,0,0,17,0,0,0,17,4,0,21,0,0,0,0,0,0,0,0,0,0,0,0,0,0,0,0,0,0,0,0,0,0,0,0,0,0,0,0,0,0,0,0,0,0,0,0,0,0,0,0,0,0,0,0,0,0,0,0,3,0,0,0,3,0,0,0,3,0,0,3,0,0,0,0,0,0,0,0,0,0,0,0,0,0,0,0,0,0,0,0
LGA58680,0,0,0,0,0,0,0,0,0,0,0,0,0,0,0,0,0,0,0,0,0,0,0,0,3,0,0,0,3,0,0,0,3,0,0,3,0,0,0,0,0,0,0,0,0,0,0,0,0,0,0,0,0,0,0,0,0,0,0,0,0,0,0,0,0,0,0,0,0,0,0,0,3,0,0,0,3,0,0,0,3,0,0,3,3,0,0,0,3,0,0,0,3,0,0,3,0,0,0,0,0,0,0,0,0,0,0,0,6,0,0,0,6,0,0,0,6,0,0,6,0,0,0,0,0,0,0,0,0,0,0,0,0,0,0,0,0,0,0,0,0,0,0,0,0,0,0,0,0,0,0,0,0,0,0,0,0,0,0,0,0,0,0,0,0,0,0,0,0,0,0,0,0,0,0,0,0,0,0,0,0,0,0,0,0,0,0,0,0,0,0,0,0,0,0,0,0,0,0,0
LGA58760,58,8,15,9,86,0,0,0,86,7,0,92,14,0,0,21,36,0,0,0,36,0,0,42,3212,402,110,45,3775,47,9,59,3835,143,8,3985,39,4,0,0,46,3,0,3,46,6,0,55,56,16,0,0,76,3,0,3,84,3,0,89,93,26,0,4,126,6,0,12,133,7,0,143,3305,424,109,50,3898,56,14,68,3965,156,7,4130,578,120,20,23,742,13,10,22,765,164,0,930,4,0,0,6,9,0,0,0,9,0,14,24,3890,545,135,81,4645,70,22,89,4734,324,26,5084,641,68,15,3,734,6,0,11,748,35,0,781,565,90,13,10,679,9,0,9,689,32,0,719,19,6,7,0,27,0,0,0,32,0,0,31,3,0,0,16,22,0,0,0,24,0,0,26,1227,171,40,32,1463,18,5,27,1486,62,4,1553,13,0,0,0,17,4,0,4,11,0,0,20,22,7,0,0,34,3,0,3
LGA58820,0,0,0,0,0,0,0,0,0,0,0,0,0,0,0,0,0,0,0,0,0,0,0,0,60,4,0,0,68,0,0,0,68,0,0,63,0,0,0,0,0,0,0,0,0,0,0,0,0,0,0,0,0,0,0,0,0,0,0,0,0,0,0,0,0,0,0,0,0,0,0,0,58,9,0,0,67,0,0,0,67,0,0,67,14,0,0,0,14,0,0,0,16,5,0,17,0,0,0,0,0,0,0,0,0,0,0,0,71,9,0,0,74,0,0,0,82,3,0,85,3,0,0,0,5,0,0,0,5,0,0,5,6,0,0,0,6,0,0,0,6,0,0,6,0,0,0,0,0,0,0,0,0,0,0,0,0,0,0,0,0,0,0,0,0,0,0,0,8,0,0,0,14,0,0,0,14,0,0,14,0,0,0,0,0,0,0,0,0,0,0,0,0,0,0,0,0,0,0,0
LGA58890,0,0,0,0,0,0,0,0,0,0,0,0,0,0,0,0,0,0,0,0,0,0,0,0,6,0,0,0,6,0,0,0,6,0,0,6,0,0,0,0,0,0,0,0,0,0,0,0,0,0,0,0,0,0,0,0,0,0,0,0,0,0,0,0,0,0,0,0,0,0,0,0,6,0,0,0,6,0,0,0,6,0,0,6,0,0,0,0,0,0,0,0,0,0,0,0,0,0,0,0,0,0,0,0,0,0,0,0,11,0,0,0,11,0,0,0,11,0,0,11,0,0,0,0,0,0,0,0,0,0,0,0,0,0,0,0,0,0,0,0,0,0,0,0,0,0,0,0,0,0,0,0,0,0,0,0,0,0,0,0,0,0,0,0,0,0,0,0,0,0,0,0,0,0,0,0,0,0,0,0,0,0,0,0,0,0,0,0,0,0,0,0,0,0,0,0,0,0,0,0
LGA59030,0,0,0,0,0,0,0,0,0,0,0,0,0,0,0,0,0,0,0,0,0,0,0,0,0,0,0,0,0,0,0,0,0,0,0,0,0,0,0,0,0,0,0,0,0,0,0,0,0,0,0,0,0,0,0,0,0,0,0,0,0,0,0,0,0,0,0,0,0,0,0,0,0,0,0,0,0,0,0,0,0,0,0,0,0,0,0,0,0,0,0,0,0,0,0,0,0,0,0,0,0,0,0,0,0,0,0,0,0,0,0,0,0,0,0,0,0,0,0,0,0,0,0,0,0,0,0,0,0,0,0,0,0,0,0,0,0,0,0,0,0,0,0,0,0,0,0,0,0,0,0,0,0,0,0,0,0,0,0,0,0,0,0,0,0,0,0,0,0,0,0,0,0,0,0,0,0,0,0,0,0,0,0,0,0,0,0,0,0,0,0,0,0,0,0,0,0,0,0,0
LGA59100,0,0,0,0,0,0,0,0,0,0,0,0,0,0,0,0,0,0,0,0,0,0,0,0,0,0,0,0,0,0,0,0,0,0,0,0,0,0,0,0,0,0,0,0,0,0,0,0,0,0,0,0,0,0,0,0,0,0,0,0,0,0,0,0,0,0,0,0,0,0,0,0,0,0,0,0,0,0,0,0,0,0,0,0,0,0,0,6,6,0,0,0,6,0,0,6,0,0,0,0,0,0,0,0,0,0,0,0,0,0,0,6,5,0,0,0,5,0,0,5,0,0,0,0,0,0,0,0,0,0,0,0,0,0,0,0,0,0,0,0,0,0,0,0,0,0,0,0,0,0,0,0,0,0,0,0,0,0,0,0,0,0,0,0,0,0,0,0,0,0,0,0,0,0,0,0,0,0,0,0,0,0,0,0,0,0,0,0,0,0,0,0,0,0,0,0,0,0,0,0
LGA59170,0,0,0,0,0,0,0,0,0,0,0,0,0,0,0,0,0,0,0,0,0,0,0,0,8,3,0,0,10,0,0,0,10,0,0,10,0,0,0,0,0,0,0,0,0,0,0,0,0,0,0,0,0,0,0,0,0,0,0,0,0,0,0,0,0,0,0,0,0,0,0,0,8,3,0,0,10,0,0,0,10,0,0,10,0,5,0,0,5,0,0,0,5,0,0,5,0,0,0,0,0,0,0,0,0,0,0,0,8,0,0,0,14,0,0,0,14,0,0,14,0,0,0,0,0,0,0,0,0,0,0,0,0,0,0,0,0,0,0,0,0,0,0,0,0,0,0,0,0,0,0,0,0,0,0,0,0,0,0,0,0,0,0,0,0,0,0,0,0,0,0,0,0,0,0,0,0,0,0,0,0,0,0,0,0,0,0,0,0,0,0,0,0,0,0,0,0,0,0,0
LGA59250,0,0,0,0,0,0,0,0,0,0,0,0,0,0,0,0,0,0,0,0,0,0,0,0,0,0,0,0,0,0,0,0,0,0,0,0,0,0,0,0,0,0,0,0,0,0,0,0,0,0,0,0,0,0,0,0,0,0,0,0,0,0,0,0,0,0,0,0,0,0,0,0,0,0,0,0,0,0,0,0,0,0,0,0,0,0,0,0,0,0,0,0,0,0,0,0,0,0,0,0,0,0,0,0,0,0,0,0,0,0,0,0,0,0,0,0,0,0,0,0,0,0,0,0,0,0,0,0,0,0,0,0,0,0,0,0,0,0,0,0,0,0,0,0,0,0,0,0,0,0,0,0,0,0,0,0,0,0,0,0,0,0,0,0,0,0,0,0,0,0,0,0,0,0,0,0,0,0,0,0,0,0,0,0,0,0,0,0,0,0,0,0,0,0,0,0,0,0,0,0
LGA59310,0,0,0,0,0,0,0,0,0,0,0,0,0,0,0,0,0,0,0,0,0,0,0,0,6,0,0,0,6,0,0,0,6,0,0,6,0,0,0,0,0,0,0,0,0,0,0,0,0,0,0,0,0,0,0,0,0,0,0,0,0,0,0,0,0,0,0,0,0,0,0,0,6,0,0,0,6,0,0,0,6,0,0,6,3,0,0,0,3,0,0,0,3,0,0,3,0,0,0,0,0,0,0,0,0,0,0,0,6,0,0,0,6,0,0,0,6,0,0,6,0,0,0,0,0,0,0,0,0,0,0,0,0,0,0,0,0,0,0,0,0,0,0,0,0,0,0,0,0,0,0,0,0,0,0,0,0,0,0,0,0,0,0,0,0,0,0,0,0,0,0,0,0,0,0,0,0,0,0,0,0,0,0,0,0,0,0,0,0,0,0,0,0,0,0,0,0,0,0,0
LGA59320,0,0,0,0,0,0,0,0,0,0,0,0,0,0,0,0,0,0,0,0,0,0,0,0,0,0,0,0,0,0,0,0,0,0,0,0,0,0,0,0,0,0,0,0,0,0,0,0,0,0,0,0,0,0,0,0,0,0,0,0,0,0,0,0,0,0,0,0,0,0,0,0,0,0,0,0,3,0,0,0,3,0,0,3,0,0,0,0,0,0,0,0,0,0,0,0,0,0,0,0,0,0,0,0,0,0,0,0,9,0,0,0,8,0,0,0,8,0,0,8,0,0,0,0,0,0,0,0,0,0,0,0,0,0,0,0,0,0,0,0,0,0,0,0,0,0,0,0,0,0,0,0,0,0,0,0,0,0,0,0,0,0,0,0,0,0,0,0,0,0,0,0,0,0,0,0,0,0,0,0,0,0,0,0,0,0,0,0,0,0,0,0,0,0,0,0,0,0,0,0
LGA59330,0,0,0,0,0,0,0,0,0,0,0,0,0,0,0,0,0,0,0,0,0,0,0,0,0,0,0,0,0,0,0,0,0,0,0,0,0,0,0,0,0,0,0,0,0,0,0,0,0,0,0,0,0,0,0,0,0,0,0,0,0,0,0,0,0,0,0,0,0,0,0,0,0,0,0,0,0,0,0,0,0,0,0,0,0,0,0,0,0,0,0,0,0,0,0,0,0,0,0,0,0,0,0,0,0,0,0,0,0,0,0,0,0,0,0,0,0,0,0,0,0,0,0,0,0,0,0,0,0,0,0,0,0,0,0,0,0,0,0,0,0,0,0,0,0,0,0,0,0,0,0,0,0,0,0,0,0,0,0,0,0,0,0,0,0,0,0,0,0,0,0,0,0,0,0,0,0,0,0,0,0,0,0,0,0,0,0,0,0,0,0,0,0,0,0,0,0,0,0,0
LGA59340,0,0,0,0,0,0,0,0,0,0,0,0,0,0,0,6,6,0,0,0,6,0,0,6,36,10,0,6,48,0,0,0,47,0,0,55,0,0,0,0,0,0,0,0,0,0,0,0,0,0,0,0,0,0,0,0,0,0,0,0,0,0,0,0,0,0,0,0,0,0,0,6,36,10,0,6,48,0,0,5,47,0,0,51,3,0,0,0,5,6,0,6,6,8,0,18,0,0,0,0,0,0,0,0,0,0,0,0,44,7,0,6,52,6,0,4,56,13,0,69,3,0,0,0,3,0,0,0,3,0,0,3,0,0,0,0,5,0,0,0,5,0,0,5,0,0,0,0,0,0,0,0,0,0,0,0,0,0,0,0,0,0,0,0,0,0,0,0,7,0,0,0,5,0,0,0,5,0,0,5,0,0,0,0,0,0,0,0,0,0,0,0,0,0,0,0,0,0,0,0
LGA59350,0,0,0,0,0,0,0,0,0,0,0,0,0,0,0,0,0,0,0,0,0,0,0,0,0,0,0,0,0,0,0,0,0,0,0,0,0,0,0,0,0,0,0,0,0,0,0,0,0,0,0,0,0,0,0,0,0,0,0,0,0,0,0,0,0,0,0,0,0,0,0,0,0,0,0,0,0,0,0,0,0,0,0,0,0,0,0,0,0,0,0,0,0,0,0,0,0,0,0,0,0,0,0,0,0,0,0,0,0,0,0,0,0,0,0,0,0,0,0,0,0,0,0,0,0,0,0,0,0,0,0,0,0,0,0,0,0,0,0,0,0,0,0,0,0,0,0,0,0,0,0,0,0,0,0,0,0,0,0,0,0,0,0,0,0,0,0,0,0,0,0,0,0,0,0,0,0,0,0,0,0,0,0,0,0,0,0,0,0,0,0,0,0,0,0,0,0,0,0,0
LGA59360,0,0,0,0,0,0,0,0,0,0,0,0,0,0,0,0,0,0,0,0,0,0,0,0,0,3,0,0,3,0,0,0,3,0,0,3,0,0,0,0,0,0,0,0,0,0,0,0,0,0,0,0,0,0,0,0,0,0,0,0,0,0,0,0,0,0,0,0,0,0,0,0,0,3,0,0,3,0,0,0,3,0,0,3,0,0,0,0,0,0,0,0,0,0,0,0,0,0,0,0,0,0,0,0,0,0,0,0,0,3,0,0,3,0,0,0,3,0,0,3,0,0,0,0,0,0,0,0,0,0,0,0,0,0,0,0,0,0,0,0,0,0,0,0,0,0,0,0,0,0,0,0,0,0,0,0,0,0,0,0,0,0,0,0,0,0,0,0,0,0,0,0,0,0,0,0,0,0,0,0,0,0,0,0,0,0,0,0,0,0,0,0,0,0,0,0,0,0,0,0
LGA59370,0,0,0,0,0,0,0,0,0,0,0,0,0,0,0,0,0,0,0,0,0,0,0,0,21,0,4,0,26,0,0,0,26,5,0,31,0,0,0,0,0,0,0,0,0,0,0,0,0,0,0,0,0,0,0,0,0,0,0,0,0,0,0,0,0,0,0,0,0,0,0,0,21,0,4,0,26,0,0,0,26,5,0,31,4,0,0,0,4,0,0,0,3,3,0,7,0,0,0,0,0,0,0,0,0,0,0,0,23,0,4,3,33,0,0,0,35,3,0,36,0,0,0,0,0,0,0,0,0,0,0,0,0,0,0,0,0,0,0,0,0,0,0,0,0,0,0,0,0,0,0,0,0,0,0,0,0,0,0,0,0,0,0,0,0,0,0,0,0,0,0,0,0,0,0,0,0,0,0,0,0,0,0,0,0,0,0,0,0,0,0,0,0,0,0,0,0,0,0,0
LGA59499,0,0,0,0,0,0,0,0,0,0,0,0,0,0,0,0,0,0,0,0,0,0,0,0,0,0,0,0,0,0,0,0,0,0,0,0,0,0,0,0,0,0,0,0,0,0,0,0,0,0,0,0,0,0,0,0,0,0,0,0,0,0,0,0,0,0,0,0,0,0,0,0,0,0,0,0,0,0,0,0,0,0,0,0,0,0,0,0,0,0,0,0,0,0,0,0,0,0,0,0,0,0,0,0,0,0,0,0,0,0,0,0,0,0,0,0,0,0,0,0,0,0,0,0,0,0,0,0,0,0,0,0,0,0,0,0,0,0,0,0,0,0,0,0,0,0,0,0,0,0,0,0,0,0,0,0,0,0,0,0,0,0,0,0,0,0,0,0,0,0,0,0,0,0,0,0,0,0,0,0,0,0,0,0,0,0,0,0,0,0,0,0,0,0,0,0,0,0,0,0
LGA59799,0,0,0,0,0,0,0,0,0,0,0,0,0,0,0,0,0,0,0,0,0,0,0,0,0,0,0,0,0,0,0,0,0,0,0,0,0,0,0,0,0,0,0,0,0,0,0,0,0,0,0,0,0,0,0,0,0,0,0,0,0,0,0,0,0,0,0,0,0,0,0,0,0,0,0,0,0,0,0,0,0,0,0,0,0,0,0,0,0,0,0,0,0,0,0,0,0,0,0,0,0,0,0,0,0,0,0,0,0,0,0,0,0,0,0,0,0,0,0,0,0,0,0,0,0,0,0,0,0,0,0,0,0,0,0,0,0,0,0,0,0,0,0,0,0,0,0,0,0,0,0,0,0,0,0,0,0,0,0,0,0,0,0,0,0,0,0,0,0,0,0,0,0,0,0,0,0,0,0,0,0,0,0,0,0,0,0,0,0,0,0,0,0,0,0,0,0,0,0,0
