LGA_CODE_2021,Separate_house_NofB_0_i_b,Separate_house_NofB_1,Separate_house_NofB_2,Separate_house_NofB_3,Separate_house_NofB_4,Separate_house_NofB_5,Separate_house_NofB_6_or_m,Separate_house_NofB_NS,Separate_house_Total,Se_d_r_or_t_h_t_1_s_NofB_0_ib,Se_d_r_or_t_h_t_1_st_NofB_1,Se_d_r_or_t_h_t_1_st_NofB_2,Se_d_r_or_t_h_t_1_st_NofB_3,Se_d_r_or_t_h_t_1_st_NofB_4,Se_d_r_or_t_h_t_1_st_NofB_5,Se_d_r_or_t_h_t_1_st_NofB_6_m,Se_d_r_or_t_h_t_1_st_NofB_NS,Se_d_r_or_t_h_t_1_st_Total,Se_d_r_or_t_h_t_2_s_NofB_0_ib,Se_d_r_or_t_h_t_2_sts_NofB_1,Se_d_r_or_t_h_t_2_sts_NofB_2,Se_d_r_or_t_h_t_2_sts_NofB_3,Se_d_r_or_t_h_t_2_sts_NofB_4,Se_d_r_or_t_h_t_2_sts_NofB_5,Se_d_r_or_t_h_t_2_st_NofB_6_m,Se_d_r_or_t_h_t_2_sts_NofB_NS,Se_d_r_or_t_h_t_2_sts_Total,Se_d_r_or_t_h_t_Tot_NofB_0_ib,Se_d_r_or_t_h_t_Tot_NofB_1,Se_d_r_or_t_h_t_Tot_NofB_2,Se_d_r_or_t_h_t_Tot_NofB_3,Se_d_r_or_t_h_t_Tot_NofB_4,Se_d_r_or_t_h_t_Tot_NofB_5,Se_d_r_or_t_h_t_Tot_NofB_6_m,Se_d_r_or_t_h_t_Tot_NofB_NS,Se_d_r_or_t_h_t_Tot_Total,Flt_at_1or2_st_bl_NofB_0_ib,Flt_at_In_1or2_s_b_NofB_1,Flt_at_In_1or2_s_b_NofB_2,Flt_at_In_1or2_s_b_NofB_3,Flt_at_In_1or2_s_b_NofB_4,Flt_at_In_1or2_s_b_NofB_5,Flt_at_In_1or2_s_b_NoB_6_m,Flt_at_In_1or2_s_b_NoB_NS,Flt_at_In_1or2_s_b_Total,Flt_apt_3_st_bl_NoB_0_ib,Flt_apt_In_3_st_bl_NofB_1,Flt_apt_In_3_st_bl_NofB_2,Flt_apt_In_3_st_bl_NofB_3,Flt_apt_In_3_st_bl_NofB_4,Flt_apt_In_3_st_bl_NofB_5,Flt_apt_In_3_s_bl_NofB_6_m,Flt_apt_In_3_st_bl_NofB_NS,Flt_apt_In_3_st_bl_Total,Flt_apt_4to8_s_b_NofB_0_ib,Flt_apt_4to8_s_b_NofB_1,Flt_apt_4to8_s_b_NofB_2,Flt_apt_4to8_s_b_NofB_3,Flt_apt_4to8_s_b_NofB_4,Flt_apt_4to8_s_b_NofB_5,Flt_apt_4to8_s_b_NofB_6_m,Flt_apt_4to8_s_b_NofB_NS,Flt_apt_4to8_s_b_Total,Flt_apt_9_or_m_s_b_NofB_0_ib,Flt_apt_9_or_m_s_b_NofB_1,Flt_apt_9_or_m_s_b_NofB_2,Flt_apt_9_or_m_s_b_NofB_3,Flt_apt_9_or_m_s_b_NofB_4,Flt_apt_9_or_m_s_b_NofB_5,Flt_apt_9_or_m_s_b_NofB_6_m,Flt_apt_9_or_m_s_b_NofB_NS,Flt_apt_9_or_m_s_b_Total,Flt_apt_At_to_a_h_NofB_0_ib,Flt_apt_At_to_a_hse_NofB_1,Flt_apt_At_to_a_hse_NofB_2,Flt_apt_At_to_a_hse_NofB_3,Flt_apt_At_to_a_hse_NofB_4,Flt_apt_At_to_a_hse_NofB_5,Flt_apt_At_to_a_hs_NofB_6_m,Flt_apt_At_to_a_hs_NofB_NS,Flt_apt_At_to_a_hse_Total,Flt_apart_Tot_NofB_0_i_b,Flt_apart_Tot_NofB_1,Flt_apart_Tot_NofB_2,Flt_apart_Tot_NofB_3,Flt_apart_Tot_NofB_4,Flt_apart_Tot_NofB_5,Flt_apart_Tot_NofB_6_or_m,Flt_apart_Tot_NofB_NS,Flt_apart_Tot_Total,Other_dwelling_NofB_0_i_b,Other_dwelling_NofB_1,Other_dwelling_NofB_2,Other_dwelling_NofB_3,Other_dwelling_NofB_4,Other_dwelling_NofB_5,Other_dwelling_NofB_6_or_m,Other_dwelling_NofB_NS,Other_dwelling_Total,Dweling_structu_NS_NofB_0_i_b,Dweling_structur_NS_NofB_1,Dweling_structur_NS_NofB_2,Dweling_structur_NS_NofB_3,Dweling_structur_NS_NofB_4,Dweling_structur_NS_NofB_5,Dwelig_struct_NS_NofB_6_or_m,Dweling_structur_NS_NofB_NS,Dweling_structur_NS_Total,Total_NofB_0_i_b,Total_NofB_1,Total_NofB_2,Total_NofB_3,Total_NofB_4,Total_NofB_5,Total_NofB_6_or_m,Total_NofB_NS,Total_Total
LGA50080,17,200,1368,6100,4681,621,167,166,13322,8,248,426,232,35,7,4,35,989,0,15,46,28,10,0,0,5,103,6,262,474,263,44,7,4,35,1090,0,27,4,14,4,0,0,0,46,0,0,0,0,0,0,0,0,0,0,0,0,0,0,0,0,0,0,0,0,0,0,0,0,0,0,0,0,5,11,7,3,0,0,0,22,0,26,17,14,3,4,0,0,67,22,82,76,24,3,0,7,9,219,0,8,4,13,8,0,0,0,34,48,579,1935,6410,4744,628,170,212,14733
LGA50210,24,118,819,11489,14474,1674,315,350,29258,4,237,673,1675,83,9,3,74,2760,0,14,9,19,0,0,0,0,49,4,245,688,1699,87,9,3,74,2807,0,34,68,19,0,0,0,10,136,0,4,43,6,0,0,0,0,54,0,0,0,0,0,0,0,0,0,0,0,0,0,0,0,0,0,0,0,11,8,7,3,0,4,0,38,0,50,117,36,3,0,4,9,219,24,71,94,28,4,0,0,14,231,0,3,9,9,8,0,0,4,31,46,482,1726,13250,14574,1687,324,444,32549
LGA50250,0,9,91,963,263,12,7,24,1370,0,21,35,15,5,0,0,0,78,0,0,0,0,0,0,0,0,0,0,21,35,15,7,0,0,0,81,4,0,10,14,0,0,0,0,26,0,7,0,0,0,0,0,0,7,0,0,0,0,0,0,0,0,0,0,0,0,0,0,0,0,0,0,0,0,3,0,0,0,0,0,3,4,0,14,14,0,0,0,0,35,9,17,8,9,7,4,0,6,64,4,10,6,8,0,0,5,8,33,11,65,153,1005,278,22,10,31,1581
LGA50280,25,174,596,2282,1984,229,63,89,5441,3,20,101,43,8,0,0,9,180,0,26,40,30,0,0,0,3,100,3,38,139,76,6,0,0,9,278,0,0,12,17,3,0,0,0,40,0,0,0,0,0,0,0,0,0,0,0,0,0,0,0,0,0,0,0,0,0,0,0,0,0,0,0,0,5,0,0,0,0,0,0,6,0,0,15,17,3,0,0,4,41,12,29,17,3,15,0,0,4,92,0,3,10,0,8,5,8,6,34,42,250,776,2376,2017,237,73,114,5885
LGA50350,7,49,502,2463,1619,257,48,45,4987,5,72,302,491,27,0,0,14,906,0,19,32,81,21,0,0,6,153,4,86,332,566,46,0,0,13,1061,0,18,98,72,0,0,0,3,191,0,12,16,0,0,0,0,0,32,0,15,34,6,0,0,0,0,53,0,0,0,0,0,0,0,0,0,0,3,8,0,0,0,0,0,12,0,46,156,74,0,0,0,5,283,0,0,0,0,0,0,0,0,5,0,0,0,0,0,0,0,0,7,12,185,996,3105,1671,256,52,68,6350
LGA50420,16,148,1583,9552,7191,1029,146,201,19872,0,191,1202,1640,241,9,8,61,3353,0,175,836,857,136,11,3,35,2047,3,364,2032,2498,376,27,8,90,5399,8,223,900,230,3,0,0,13,1372,3,122,396,36,0,0,0,12,574,3,211,218,6,0,0,0,7,448,0,139,178,24,0,0,0,3,336,0,0,4,0,0,0,0,0,14,12,704,1693,295,4,0,0,40,2750,0,0,3,0,0,0,0,0,9,0,0,0,7,10,0,0,8,27,26,1217,5319,12359,7579,1058,153,337,28055
LGA50490,7,186,1146,5606,3512,398,71,146,11064,6,261,568,993,143,6,0,45,2019,6,136,533,562,166,6,0,24,1430,7,397,1097,1558,309,10,5,67,3450,3,151,317,95,0,0,0,41,601,3,150,361,67,0,0,0,9,587,0,183,235,53,0,0,0,8,473,0,231,355,177,0,0,0,8,766,0,6,3,3,3,0,0,0,18,3,720,1261,390,6,0,0,57,2444,5,7,3,0,0,0,0,6,23,0,6,0,8,9,0,0,5,30,29,1307,3516,7560,3835,416,73,282,17018
LGA50560,0,24,117,330,128,28,5,18,647,0,0,5,5,0,0,0,0,11,0,0,0,0,0,0,0,0,0,0,0,5,5,0,0,0,0,11,0,0,0,0,0,0,0,0,0,0,0,0,0,0,0,0,0,0,0,0,0,0,0,0,0,0,0,0,0,0,0,0,0,0,0,0,0,0,0,0,0,0,0,0,0,0,0,0,0,0,0,0,0,0,0,8,0,0,0,0,0,3,12,0,0,0,0,0,0,0,0,4,4,32,120,335,129,33,5,18,676
LGA50630,0,4,54,225,245,22,8,15,577,0,5,9,5,0,0,0,0,18,0,0,0,0,0,0,0,0,0,0,5,9,5,0,0,0,0,18,0,0,0,0,0,0,0,0,0,0,0,0,0,0,0,0,0,0,0,0,0,0,0,0,0,0,0,0,0,0,0,0,0,0,0,0,0,0,0,0,0,0,0,0,0,0,0,0,0,0,0,0,0,0,0,4,0,0,0,0,0,0,5,0,0,0,0,0,0,0,0,0,0,14,62,232,247,22,8,13,599
LGA50770,6,20,107,275,189,40,12,9,667,0,0,0,0,0,0,0,0,5,0,0,0,0,0,0,0,0,0,0,0,0,0,3,0,0,0,4,0,0,0,0,0,0,0,0,0,0,0,0,0,0,0,0,0,0,0,0,0,0,0,0,0,0,0,0,0,0,0,0,0,0,0,0,0,0,0,0,0,0,0,0,0,0,0,0,0,0,0,0,0,0,0,0,0,0,0,0,0,0,3,0,5,0,0,0,0,0,0,0,5,21,109,281,189,44,12,9,677
LGA50840,11,53,274,860,615,90,18,25,1954,0,17,30,12,0,0,0,0,58,0,0,0,0,0,0,0,0,0,0,17,30,12,0,0,0,0,58,0,3,0,5,0,0,0,0,7,0,0,0,0,0,0,0,0,0,0,0,0,0,0,0,0,0,0,0,0,0,0,0,0,0,0,0,0,0,0,0,0,0,0,0,0,0,3,0,5,0,0,0,0,7,7,4,0,0,4,0,0,0,16,0,0,0,0,0,0,0,0,7,16,80,312,880,620,97,18,32,2039
LGA50910,4,9,53,155,87,8,7,4,323,0,7,0,0,0,0,0,0,10,0,0,0,0,0,0,0,0,0,0,7,0,0,0,0,0,0,10,0,0,0,0,0,0,0,0,0,0,0,0,0,0,0,0,0,0,0,0,0,0,0,0,0,0,0,0,0,0,0,0,0,0,0,0,0,0,0,0,0,0,0,0,0,0,0,0,0,0,0,0,0,0,0,0,0,0,0,0,0,0,0,0,0,0,0,0,0,0,0,0,4,11,57,156,82,8,7,10,332
LGA50980,21,129,409,1793,1345,165,29,103,3992,18,106,201,102,27,0,0,26,479,9,30,110,62,9,0,0,0,222,34,135,313,167,31,0,0,27,701,0,15,75,17,4,0,0,0,118,0,0,0,0,0,0,0,0,0,0,0,0,0,0,0,0,0,0,0,0,0,0,0,0,0,0,0,0,0,0,0,0,0,0,0,3,0,17,78,21,4,0,0,3,124,57,111,26,26,22,9,3,12,258,14,31,24,9,4,0,0,14,101,113,422,843,2013,1405,179,35,163,5172
LGA51080,0,9,40,139,126,27,12,12,367,0,0,0,0,0,0,0,0,3,0,0,0,0,0,0,0,0,0,0,0,0,0,0,0,0,0,3,0,0,0,0,0,0,0,0,0,0,0,0,0,0,0,0,0,0,0,0,0,0,0,0,0,0,0,0,0,0,0,0,0,0,0,0,0,0,0,0,0,0,0,0,0,0,0,0,0,0,0,0,0,0,0,0,0,0,0,0,0,0,3,0,0,0,5,0,0,0,0,5,0,14,48,148,126,27,12,12,377
LGA51120,0,4,37,127,87,23,3,0,286,0,4,9,0,0,0,0,0,18,0,0,0,0,0,0,0,0,0,0,4,9,0,0,0,0,0,18,0,0,0,0,0,0,0,0,0,0,0,0,0,0,0,0,0,0,0,0,0,0,0,0,0,0,0,0,0,0,0,0,0,0,0,0,0,0,0,0,0,0,0,0,0,0,0,0,0,0,0,0,0,0,0,0,5,0,0,0,0,0,8,0,0,0,4,7,0,0,3,16,0,11,57,137,92,23,3,6,332
LGA51190,9,68,667,4993,3830,411,58,132,10171,3,258,820,890,68,0,7,84,2137,0,7,87,278,43,3,0,5,424,3,267,906,1167,110,6,7,90,2556,4,85,157,61,0,0,0,7,333,0,10,64,26,0,0,0,0,104,0,0,12,3,0,0,0,0,15,0,0,10,20,0,0,0,0,32,0,0,0,0,0,0,0,0,4,3,95,253,113,7,0,0,10,490,9,39,42,9,0,0,0,14,116,0,3,7,6,3,0,0,8,28,27,478,1868,6296,3953,415,67,254,13356
LGA51260,20,160,803,4720,6525,710,134,160,13238,4,131,445,451,99,9,4,27,1166,0,23,27,93,55,12,0,7,205,4,151,466,541,155,16,4,35,1366,0,0,22,8,4,0,0,0,31,0,0,0,0,0,0,0,0,0,0,4,10,5,0,0,0,0,18,0,0,0,0,0,0,0,0,0,0,9,6,7,7,0,0,0,31,0,11,40,16,9,0,0,0,74,19,80,113,29,16,0,0,13,268,0,3,9,7,3,0,0,7,36,44,403,1427,5316,6706,728,141,219,14988
LGA51310,0,31,484,2539,3330,1010,195,38,7619,0,21,239,260,39,4,0,6,572,0,67,103,388,55,5,0,10,627,0,87,346,643,97,13,0,13,1202,11,86,251,35,3,0,0,4,391,5,121,164,78,8,0,0,7,377,17,306,230,19,0,0,0,3,568,0,29,155,0,0,0,0,6,188,0,6,0,0,0,0,0,0,10,27,550,800,129,10,0,3,16,1540,0,0,0,0,0,0,0,0,0,0,0,7,9,4,0,0,0,16,27,677,1634,3317,3441,1020,198,63,10378
LGA51330,11,189,1004,9703,12766,2172,485,272,26598,5,213,1128,2709,456,51,53,86,4701,0,60,173,268,133,36,48,17,736,6,278,1293,2977,587,86,102,106,5434,0,95,358,433,38,5,0,6,930,0,10,12,27,0,0,0,0,54,0,18,163,3,0,0,0,3,189,0,41,61,3,0,0,0,0,108,0,11,11,6,4,3,5,4,43,0,172,606,472,40,4,4,16,1317,5,8,12,4,0,0,0,4,38,0,14,16,7,6,0,0,11,61,27,656,2937,13165,13398,2265,597,404,33444
LGA51400,4,35,199,1640,3547,389,62,75,5949,0,53,65,48,5,7,0,5,174,0,7,3,0,0,0,0,0,15,0,61,62,48,5,7,0,5,188,0,38,25,0,0,0,0,0,64,0,0,0,0,0,0,0,0,0,0,0,0,0,0,0,0,0,0,0,0,0,0,0,0,0,0,0,0,0,0,0,0,0,0,0,0,0,38,25,0,0,0,0,0,69,0,0,0,0,0,0,0,0,8,0,0,0,0,7,0,0,0,8,8,133,290,1693,3559,393,59,86,6221
LGA51470,0,5,26,110,52,10,5,0,206,0,6,0,0,0,0,0,0,4,0,0,0,0,0,0,0,0,0,0,6,0,0,0,0,0,0,4,0,5,0,0,0,0,0,0,5,0,0,0,0,0,0,0,0,0,0,0,0,0,0,0,0,0,0,0,0,0,0,0,0,0,0,0,0,0,0,0,0,0,0,0,0,0,5,0,0,0,0,0,0,5,0,0,0,0,0,0,0,4,4,0,0,0,0,0,0,0,0,0,0,10,34,110,49,10,5,6,219
LGA51540,5,35,152,707,341,38,23,26,1320,0,34,102,38,0,0,0,11,187,0,5,12,12,0,0,0,0,31,0,39,110,53,3,0,0,7,215,0,41,5,0,0,0,0,0,48,0,0,0,0,0,0,0,0,0,0,0,0,0,0,0,0,0,0,0,0,0,0,0,0,0,0,0,0,0,0,0,0,0,0,0,0,0,41,5,0,0,0,0,0,48,30,71,18,6,12,6,0,8,147,0,7,3,4,0,0,10,4,30,33,195,291,776,360,45,29,44,1771
LGA51610,0,25,44,154,201,33,12,10,480,0,0,0,0,0,0,0,0,0,0,0,0,0,0,0,0,0,0,0,0,0,0,0,0,0,0,0,0,0,0,0,0,0,0,0,0,0,0,0,0,0,0,0,0,0,0,0,0,0,0,0,0,0,0,0,0,0,0,0,0,0,0,0,0,0,0,0,0,0,0,0,0,0,0,0,0,0,0,0,0,0,6,12,5,0,0,0,0,0,26,0,0,0,0,0,0,0,0,3,5,38,51,155,207,33,12,12,506
LGA51680,6,26,131,503,950,190,70,19,1902,0,0,0,0,0,0,0,0,4,0,0,0,0,0,0,0,0,0,0,0,0,0,3,0,0,0,3,0,0,7,0,7,0,0,0,16,0,0,0,0,0,0,0,0,0,0,0,0,0,0,0,0,0,0,0,0,0,0,0,0,0,0,0,0,0,0,0,0,0,0,0,0,0,0,7,0,7,0,0,0,15,0,0,0,0,0,0,0,0,0,0,0,0,0,0,0,0,4,3,7,32,137,507,962,190,70,22,1926
LGA51710,0,15,29,122,24,6,0,4,193,0,3,41,34,4,4,0,3,83,0,0,0,6,0,0,0,0,10,0,7,43,37,4,4,0,3,96,0,29,29,11,0,0,0,3,76,0,0,13,25,3,0,0,0,51,0,0,0,9,0,0,0,0,5,0,0,0,0,0,0,0,0,0,0,0,0,0,0,0,0,0,0,0,34,41,42,3,0,0,3,127,0,0,0,0,0,0,0,0,3,0,4,0,0,0,0,0,0,6,0,57,117,203,33,3,0,10,422
LGA51750,0,7,159,743,857,242,51,15,2070,0,23,127,339,99,9,0,6,604,0,10,103,199,75,8,0,3,398,0,33,231,535,168,20,0,10,999,0,40,156,34,3,0,0,0,242,0,95,96,43,0,0,0,0,234,0,129,353,112,0,0,0,0,600,0,12,187,39,7,0,0,3,248,0,0,0,0,0,0,0,0,0,0,279,792,231,7,0,0,13,1324,0,0,0,0,0,0,0,0,0,0,0,0,3,0,0,0,0,3,3,317,1180,1512,1033,261,57,42,4399
LGA51820,26,164,971,12141,19354,2109,298,324,35391,0,347,1230,2141,276,18,3,72,4092,3,97,293,454,84,5,4,13,953,4,445,1522,2597,357,24,7,84,5041,0,135,443,54,3,0,0,16,652,0,200,504,142,0,0,0,11,856,0,273,593,77,3,0,0,6,958,0,62,200,25,0,0,0,3,295,7,13,25,15,8,3,4,0,73,8,684,1760,312,15,3,4,47,2832,10,50,116,34,5,0,0,0,212,0,9,13,5,3,0,0,11,42,45,1346,4380,15086,19736,2141,309,460,43510
LGA51860,0,0,8,51,33,12,0,4,122,0,0,0,0,0,0,0,0,0,0,0,0,0,0,0,0,0,0,0,0,0,0,0,0,0,0,0,0,0,0,0,0,0,0,0,0,0,0,0,0,0,0,0,0,0,0,0,0,0,0,0,0,0,0,0,0,0,0,0,0,0,0,0,0,0,0,0,0,0,0,0,0,0,0,0,0,0,0,0,0,0,0,0,0,0,0,0,0,0,0,0,0,0,0,0,0,0,0,5,0,0,10,49,33,12,0,4,122
LGA51890,4,27,381,1481,1051,138,16,59,3165,0,19,20,50,10,0,0,5,108,0,0,0,0,0,0,0,0,0,0,19,20,50,10,0,0,5,108,0,6,58,35,0,0,0,4,104,0,0,0,0,0,0,0,0,0,0,0,0,0,0,0,0,0,0,0,0,0,0,0,0,0,0,0,0,0,0,0,0,0,0,0,0,0,6,58,35,4,0,0,4,104,4,4,4,4,0,0,0,0,17,4,0,0,8,3,0,0,3,16,9,57,460,1571,1075,138,18,73,3404
LGA51960,0,21,68,618,243,17,5,25,998,0,0,41,4,0,0,0,0,58,0,0,28,0,0,0,0,0,27,0,0,69,4,0,0,0,0,83,0,5,13,3,0,0,0,0,19,0,0,0,0,0,0,0,0,0,0,0,0,0,0,0,0,0,0,0,0,0,0,0,0,0,0,0,0,0,0,0,0,0,0,0,0,0,5,13,3,0,0,0,0,19,0,8,0,0,0,0,0,0,12,5,0,4,0,0,0,0,0,8,6,36,160,633,245,17,5,27,1126
LGA52030,0,10,57,187,116,17,4,0,394,0,0,3,5,0,0,0,0,10,0,0,0,0,0,0,0,0,0,0,0,9,5,0,0,0,0,11,0,0,0,0,0,0,0,0,0,0,0,0,0,0,0,0,0,0,0,0,0,0,0,0,0,0,0,0,0,0,0,0,0,0,0,0,0,0,0,0,0,0,0,0,0,0,0,0,0,0,0,0,0,0,0,6,0,0,0,0,0,0,7,0,0,0,3,0,0,0,0,7,0,13,64,198,123,17,4,3,418
LGA52100,0,6,49,176,118,22,0,3,372,0,10,3,0,0,0,0,0,11,0,6,0,0,0,0,0,0,3,0,13,3,0,0,0,0,0,17,0,0,0,0,0,0,0,0,0,0,0,0,0,0,0,0,0,0,0,0,0,0,0,0,0,0,0,0,0,0,0,0,0,0,0,0,0,0,0,0,0,0,0,0,0,0,0,0,0,0,0,0,0,0,0,3,0,0,4,0,0,0,5,0,0,0,0,0,0,0,0,0,0,18,55,176,121,22,0,10,395
LGA52170,0,19,197,777,756,249,40,19,2058,0,8,49,66,9,5,0,3,136,0,3,52,141,25,3,0,3,224,0,14,100,205,38,9,0,4,364,0,32,85,28,5,0,0,4,157,16,108,155,37,4,0,0,4,337,5,10,54,20,0,0,0,0,86,0,0,0,0,0,0,0,0,0,0,0,0,0,0,0,0,0,3,23,154,299,86,9,0,0,10,581,0,0,0,0,0,0,0,0,0,0,0,0,0,0,0,0,0,0,25,185,594,1068,800,252,38,28,2998
LGA52240,0,14,52,181,107,20,10,3,391,0,0,0,0,0,0,0,0,0,0,0,0,0,0,0,0,0,0,0,0,0,0,0,0,0,0,0,0,3,0,0,0,0,0,0,3,0,0,0,0,0,0,0,0,0,0,0,0,0,0,0,0,0,0,0,0,0,0,0,0,0,0,0,0,0,0,0,0,0,0,0,0,0,3,0,0,0,0,0,0,3,0,0,6,0,0,0,0,0,5,0,0,3,0,0,0,0,0,8,0,17,58,186,107,20,9,6,405
LGA52310,0,12,58,148,102,11,13,4,356,0,0,0,0,0,0,0,0,0,0,0,0,0,0,0,0,0,0,0,0,0,0,0,0,0,0,0,0,0,0,0,0,0,0,0,0,0,0,0,0,0,0,0,0,0,0,0,0,0,0,0,0,0,0,0,0,0,0,0,0,0,0,0,0,0,0,0,0,0,0,0,0,0,0,0,0,0,0,0,0,0,0,3,0,0,0,0,0,0,6,0,0,0,0,0,0,0,0,0,0,18,63,148,102,11,13,4,359
LGA52380,0,6,14,22,7,0,5,4,55,0,0,0,0,0,0,0,0,0,0,0,0,0,0,0,0,0,0,0,0,0,0,0,0,0,0,0,0,0,0,0,0,0,0,0,0,0,0,0,0,0,0,0,0,0,0,0,0,0,0,0,0,0,0,0,0,0,0,0,0,0,0,0,0,0,0,0,0,0,0,0,0,0,0,0,0,0,0,0,0,0,0,0,0,0,0,0,0,9,10,0,0,0,0,0,0,0,0,3,0,7,14,24,7,0,0,13,70
LGA52450,0,3,62,190,120,34,18,6,433,0,0,6,0,0,0,0,0,9,0,0,0,0,0,0,0,0,0,0,0,6,0,0,0,0,0,9,0,0,0,0,0,0,0,0,0,0,0,0,0,0,0,0,0,0,0,0,0,0,0,0,0,0,0,0,0,0,0,0,0,0,0,0,0,0,0,0,0,0,0,0,0,0,0,0,0,0,0,0,0,0,0,0,0,0,4,0,0,0,4,0,0,0,0,0,0,0,0,0,3,12,65,192,122,34,18,6,447
LGA52520,0,5,28,170,127,39,17,5,397,0,3,10,3,0,0,0,0,11,0,0,0,0,0,0,0,0,0,0,3,10,3,0,0,0,0,11,0,0,0,0,0,0,0,0,0,0,0,0,0,0,0,0,0,0,0,0,0,0,0,0,0,0,0,0,0,0,0,0,0,0,0,0,0,0,0,0,0,0,0,0,0,0,0,0,0,0,0,0,0,0,0,6,0,0,5,6,0,0,16,0,3,3,0,0,0,0,0,9,0,17,35,180,130,41,17,9,431
LGA52590,5,22,107,452,478,62,13,15,1152,0,0,8,14,0,0,0,0,25,0,0,0,6,0,0,0,0,11,0,4,8,18,3,0,0,0,35,0,0,0,5,0,0,0,0,9,0,0,0,0,0,0,0,0,0,0,0,0,0,0,0,0,0,0,0,0,0,0,0,0,0,0,0,0,0,0,0,0,0,0,0,0,0,0,0,5,0,0,0,0,9,6,13,13,3,6,0,0,5,48,4,0,4,11,0,0,0,0,16,12,34,125,487,490,63,19,21,1253
LGA52660,0,23,256,1436,2838,238,44,57,4886,0,4,162,117,14,0,0,4,302,0,0,0,4,0,0,0,0,3,0,4,162,119,14,0,0,4,303,0,0,9,3,0,0,0,0,15,0,0,0,0,0,0,0,0,0,0,0,0,0,0,0,0,0,0,0,0,0,0,0,0,0,0,0,0,0,0,0,0,0,0,0,0,0,4,9,3,0,0,0,0,15,5,41,33,3,0,0,0,12,93,0,0,0,0,3,0,0,0,6,7,75,459,1560,2857,236,44,73,5302
LGA52730,13,89,388,1001,535,90,17,30,2162,0,5,30,69,46,5,0,3,163,0,0,0,4,0,0,0,0,3,0,5,30,78,47,5,0,3,169,0,0,0,0,0,0,0,0,0,0,0,0,0,0,0,0,0,0,0,0,0,0,0,0,0,0,0,0,0,0,0,0,0,0,0,0,0,0,0,0,0,0,0,0,0,0,0,0,0,0,0,0,0,3,6,4,0,7,0,0,0,0,15,0,0,0,6,0,0,0,0,16,8,100,424,1098,582,96,17,31,2362
LGA52800,3,70,297,759,375,43,7,27,1588,0,20,68,27,3,0,0,5,127,0,0,5,3,0,0,0,0,8,0,20,74,33,6,0,0,5,134,0,0,0,0,0,0,0,0,0,0,0,0,0,0,0,0,0,0,0,0,0,0,0,0,0,0,0,0,0,0,0,0,0,0,0,0,0,0,0,0,0,0,0,0,0,0,0,4,0,0,0,0,0,4,12,27,12,8,4,0,0,20,78,0,12,4,10,10,0,3,6,43,13,124,380,807,393,52,14,58,1844
LGA52870,12,49,263,897,828,110,31,30,2221,0,8,16,10,3,0,0,0,38,0,0,0,0,0,0,0,0,3,0,8,19,10,5,0,0,0,44,0,0,4,0,0,0,0,0,9,0,0,0,0,0,0,0,0,0,0,0,0,0,0,0,0,0,0,0,0,0,0,0,0,0,0,0,0,0,0,0,0,0,0,0,0,0,0,4,0,0,0,0,0,3,0,10,6,4,0,0,0,0,23,0,0,4,6,3,0,0,0,12,17,66,293,921,837,115,35,34,2305
LGA52940,0,0,27,127,83,18,0,11,271,0,0,0,0,0,0,0,0,4,0,0,0,0,0,0,0,0,0,0,0,0,0,0,0,0,0,4,0,0,0,0,0,0,0,0,0,0,0,0,0,0,0,0,0,0,0,0,0,0,0,0,0,0,0,0,0,0,0,0,0,0,0,0,0,0,0,0,0,0,0,0,0,0,0,0,0,0,0,0,0,0,0,0,0,0,3,0,0,0,10,0,0,0,0,0,0,0,0,0,5,0,32,133,86,18,0,11,282
LGA53010,0,8,26,93,73,18,3,3,224,0,0,0,4,0,0,0,0,8,0,0,0,0,0,0,0,0,0,0,0,0,4,0,0,0,0,8,0,0,0,0,0,0,0,0,0,0,0,0,0,0,0,0,0,0,0,0,0,0,0,0,0,0,0,0,0,0,0,0,0,0,0,0,0,0,0,0,0,0,0,0,0,0,0,0,0,0,0,0,0,0,0,0,0,0,0,0,0,0,0,0,0,0,0,0,0,0,0,0,0,8,32,93,78,18,6,0,235
LGA53080,0,11,44,123,38,3,5,22,248,0,0,0,0,0,0,0,0,4,0,0,0,0,0,0,0,0,0,0,0,0,0,0,0,0,0,4,0,0,0,0,0,0,0,0,0,0,0,0,0,0,0,0,0,0,0,0,0,0,0,0,0,0,0,0,0,0,0,0,0,0,0,0,0,0,0,0,0,0,0,0,0,0,0,0,0,0,0,0,0,0,0,3,0,0,0,0,0,0,7,0,5,0,0,0,0,0,0,5,0,17,44,121,44,10,4,27,258
LGA53150,7,13,184,797,694,194,33,13,1926,0,11,87,108,9,6,0,4,225,0,3,90,196,28,3,0,0,327,0,12,183,306,38,8,0,0,548,0,16,20,12,0,0,0,0,59,0,39,97,16,0,0,0,3,156,0,27,106,41,0,0,0,0,174,0,0,30,4,0,0,0,0,33,0,0,0,0,0,0,0,0,4,5,84,249,80,0,0,0,4,424,0,4,7,0,0,0,0,0,9,0,0,0,0,0,0,0,0,3,9,117,624,1186,732,201,33,18,2913
LGA53220,3,20,200,825,371,30,8,24,1491,0,14,22,5,0,0,0,0,41,0,13,6,0,0,0,0,0,18,0,24,29,5,0,0,0,0,58,0,7,26,0,0,0,0,0,38,0,0,0,0,0,0,0,0,0,0,0,0,0,0,0,0,0,0,0,0,0,0,0,0,0,0,0,0,0,0,0,0,0,0,0,0,0,7,26,0,0,0,0,0,38,7,17,0,0,3,0,0,3,33,4,15,0,0,3,0,4,4,28,11,79,259,829,381,30,9,41,1644
LGA53290,5,79,326,1987,1572,256,61,56,4339,5,64,184,89,15,4,0,17,378,0,0,17,13,3,0,0,0,40,5,65,200,102,22,3,0,17,413,0,36,35,8,0,0,0,5,89,0,0,0,0,0,0,0,0,0,0,0,0,0,0,0,0,0,0,0,0,0,0,0,0,0,0,0,0,0,0,0,0,0,0,0,4,0,36,39,10,0,0,0,5,95,21,27,16,3,0,0,0,4,72,0,3,6,19,21,10,0,0,67,28,221,588,2129,1621,266,60,82,4990
LGA53360,3,29,74,475,224,32,5,14,856,0,6,9,5,0,0,0,0,18,0,0,3,3,0,0,0,0,8,0,6,13,9,0,0,0,3,25,0,30,10,8,0,0,0,0,50,0,0,0,0,0,0,0,0,0,0,0,0,0,0,0,0,0,0,0,0,0,0,0,0,0,0,0,0,0,0,0,0,0,0,0,0,0,30,10,8,0,0,0,0,50,25,42,15,24,26,3,3,10,146,0,5,0,3,0,0,0,0,17,36,103,117,516,249,35,16,28,1097
LGA53430,18,186,1200,3897,2139,291,71,69,7871,7,183,740,435,71,8,0,25,1477,15,176,488,648,94,10,4,27,1457,15,363,1231,1086,168,19,4,55,2932,7,158,165,20,4,3,3,3,372,7,126,287,114,3,0,0,3,547,37,356,518,193,13,0,0,11,1139,0,30,26,0,0,0,0,0,53,5,15,4,4,10,0,0,0,46,50,676,1003,338,39,5,11,20,2154,17,60,57,15,3,0,0,8,160,0,6,4,10,3,0,0,6,31,104,1291,3496,5345,2344,315,86,160,13148
LGA53570,12,59,182,698,758,122,44,38,1912,0,8,21,14,4,0,0,0,37,0,0,0,0,6,0,0,0,3,0,8,18,11,5,0,0,0,43,0,10,9,0,0,0,0,0,20,0,0,0,0,0,0,0,0,0,0,0,0,0,0,0,0,0,0,0,0,0,0,0,0,0,0,0,0,0,0,0,0,0,0,0,0,0,10,7,0,0,0,0,0,22,3,11,8,14,0,0,0,4,39,0,0,0,0,0,0,0,0,7,20,84,215,727,764,131,44,46,2026
LGA53640,0,4,45,188,122,46,11,5,425,0,0,0,4,0,0,0,0,4,0,0,0,0,0,0,0,0,0,0,0,0,4,0,0,0,0,4,0,0,0,0,0,0,0,0,0,0,0,0,0,0,0,0,0,0,0,0,0,0,0,0,0,0,0,0,0,0,0,0,0,0,0,0,0,0,0,0,0,0,0,0,0,0,0,0,0,0,0,0,0,0,0,0,0,0,0,0,0,0,0,0,0,0,6,0,0,0,0,5,0,3,47,193,121,46,11,13,437
LGA53710,0,10,63,153,109,17,4,9,361,0,0,10,5,0,0,0,0,18,0,0,0,0,0,0,0,0,0,0,0,10,5,0,0,0,0,19,0,0,0,0,0,0,0,0,0,0,0,0,0,0,0,0,0,0,0,0,0,0,0,0,0,0,0,0,0,0,0,0,0,0,0,0,0,0,0,0,0,0,0,0,0,0,0,0,0,0,0,0,0,0,3,3,0,0,0,0,0,0,4,0,0,0,0,0,0,0,0,0,3,8,67,160,107,17,4,10,383
LGA53780,33,152,1170,14567,19039,2131,342,485,37916,10,253,918,1870,134,9,9,56,3252,0,44,248,181,10,0,0,9,491,10,294,1166,2049,145,12,9,66,3746,0,64,189,199,9,0,4,10,479,0,58,163,44,0,0,0,4,268,0,0,0,0,0,0,0,0,0,0,0,0,0,0,0,0,0,0,0,9,23,4,6,4,0,0,54,3,131,373,248,17,4,12,18,801,17,87,24,17,20,3,4,7,176,0,3,12,8,4,0,0,3,40,58,670,2739,16897,19220,2150,361,580,42675
LGA53800,27,113,845,4984,5488,623,119,174,12367,3,111,660,396,30,0,0,27,1227,0,8,86,99,84,13,0,0,295,5,116,744,493,112,19,4,27,1519,0,64,84,48,6,0,0,8,206,0,4,10,0,0,0,0,0,15,0,0,0,0,0,0,0,0,0,0,0,0,0,0,0,0,0,0,0,4,5,0,0,0,0,0,12,0,74,99,44,6,0,0,8,230,19,77,28,15,7,0,0,0,154,0,22,15,7,7,0,0,3,67,50,407,1733,5550,5619,643,126,213,14338
LGA53920,4,46,138,365,122,12,6,43,740,0,22,31,9,5,0,0,0,66,0,0,0,7,0,0,0,0,10,0,22,33,15,6,0,0,3,80,0,0,7,0,0,0,0,0,15,0,0,0,0,0,0,0,0,0,0,0,0,0,0,0,0,0,0,0,0,0,0,0,0,0,0,0,0,0,0,0,0,0,0,0,0,0,0,7,0,0,0,0,0,15,8,16,5,12,4,0,0,7,48,0,4,5,9,0,0,0,15,30,16,85,188,396,138,11,4,71,908
LGA53990,11,67,399,2844,5395,586,99,102,9503,4,32,139,157,6,0,0,15,350,0,0,5,6,0,0,0,0,11,4,32,139,159,14,0,0,15,360,0,9,22,23,0,0,0,0,45,0,0,0,0,0,0,0,0,0,0,0,0,0,0,0,0,0,0,0,0,0,0,0,0,0,0,0,0,0,0,0,0,0,0,0,0,0,9,22,19,0,0,0,0,47,13,87,29,10,4,0,0,6,149,0,5,3,5,4,0,0,0,13,26,195,590,3037,5419,587,107,123,10077
LGA54060,9,22,102,522,479,66,8,32,1238,0,22,35,17,0,0,0,3,76,0,0,0,20,19,10,0,0,55,0,22,37,42,19,10,0,8,130,0,7,8,11,0,0,0,0,23,0,0,0,0,0,0,0,0,0,0,0,0,0,0,0,0,0,0,0,0,0,0,0,0,0,0,0,0,0,0,0,0,0,0,0,0,0,7,8,11,0,0,0,0,23,9,7,6,3,4,0,0,0,31,0,0,3,3,0,0,0,0,11,11,56,162,582,499,75,8,35,1437
LGA54130,0,12,48,169,135,22,7,0,391,0,0,9,0,0,0,0,0,14,0,0,0,0,0,0,0,0,0,0,0,9,0,0,0,0,0,14,0,0,0,0,0,0,0,0,0,0,0,0,0,0,0,0,0,0,0,0,0,0,0,0,0,0,0,0,0,0,0,0,0,0,0,0,0,0,0,0,0,0,0,0,0,0,0,0,0,0,0,0,0,0,7,5,6,5,0,0,0,0,19,0,0,0,0,0,0,0,0,4,11,18,61,171,135,20,7,0,424
LGA54170,24,130,666,14589,29610,4944,691,324,50982,0,153,865,2274,237,14,3,66,3617,8,90,237,637,231,47,13,20,1285,11,248,1104,2914,466,64,11,88,4900,26,73,183,129,5,0,0,41,464,0,81,259,104,5,0,0,15,469,4,99,241,125,0,0,0,5,471,0,0,0,0,0,0,0,0,0,0,24,26,6,9,3,9,0,83,35,279,711,360,24,3,7,68,1483,0,30,58,18,7,0,0,10,120,0,3,10,7,0,0,0,7,32,75,690,2543,17883,30108,5015,718,499,57522
LGA54200,15,109,846,7128,9579,1707,326,211,19923,4,141,319,445,39,0,0,25,975,0,11,27,32,6,0,0,0,80,4,146,344,480,38,0,0,23,1048,0,3,33,0,0,0,0,5,44,0,0,0,0,0,0,0,0,0,0,0,0,0,0,0,0,0,0,0,0,0,0,0,0,0,0,0,0,16,11,0,0,3,4,0,38,0,15,45,7,5,3,4,7,86,8,22,77,26,10,7,8,3,165,0,5,6,0,7,0,0,0,20,29,294,1319,7640,9643,1727,339,247,21248
LGA54280,9,107,520,3431,3281,514,95,157,8110,3,207,514,553,41,0,0,43,1369,0,9,39,103,41,4,0,3,202,3,215,553,656,80,4,0,50,1569,0,42,61,6,3,0,0,3,127,0,0,0,0,0,0,0,0,0,0,0,0,0,0,0,0,0,0,0,0,0,0,0,0,0,0,0,0,0,0,3,0,0,0,0,3,0,42,61,13,3,0,0,3,125,24,90,12,12,4,4,0,0,150,3,6,0,0,4,0,4,3,26,43,466,1151,4116,3377,523,105,219,9991
LGA54310,5,45,173,2051,2357,209,37,83,4951,4,38,341,281,46,4,0,23,739,0,34,42,70,3,0,0,4,155,4,71,384,353,52,4,0,27,893,5,49,29,14,0,0,0,3,98,0,32,14,12,0,0,0,3,59,0,7,28,10,0,0,0,0,40,0,61,65,5,0,0,0,0,137,0,0,0,0,0,0,0,0,0,4,151,129,37,0,0,0,3,330,13,38,20,10,12,0,0,5,97,4,10,6,3,4,0,0,8,34,32,312,708,2457,2420,213,40,126,6308
LGA54340,3,19,152,652,384,61,20,27,1313,0,18,82,11,3,0,0,9,121,0,0,4,0,0,0,0,0,4,0,18,81,11,3,0,0,9,126,0,3,0,0,0,0,0,0,5,0,0,0,0,0,0,0,0,0,0,0,0,0,0,0,0,0,0,0,0,0,0,0,0,0,0,0,0,0,0,0,0,0,0,0,0,0,3,0,0,0,0,0,0,5,3,0,0,0,0,0,0,0,5,0,0,5,0,0,0,0,0,6,9,39,238,670,384,63,18,32,1456
LGA54410,0,8,63,189,96,28,3,9,400,0,0,6,4,0,0,0,0,12,0,0,0,0,0,0,0,0,0,0,0,6,4,0,0,0,0,12,0,9,4,0,0,0,0,0,19,0,0,0,0,0,0,0,0,0,0,0,0,0,0,0,0,0,0,0,0,0,0,0,0,0,0,0,0,0,0,0,0,0,0,0,0,0,9,4,0,0,0,0,0,19,0,7,0,0,0,0,0,0,3,0,0,0,0,0,0,0,0,3,0,23,75,188,103,28,7,9,436
LGA54480,0,3,9,77,56,14,5,0,167,0,0,0,0,0,0,0,0,0,0,0,0,0,0,0,0,0,0,0,0,0,0,0,0,0,0,0,0,0,0,0,0,0,0,0,0,0,0,0,0,0,0,0,0,0,0,0,0,0,0,0,0,0,0,0,0,0,0,0,0,0,0,0,0,0,0,0,0,0,0,0,0,0,0,0,0,0,0,0,0,0,0,0,0,0,0,0,0,0,0,0,0,0,0,0,0,0,0,0,0,5,14,78,56,14,5,0,174
LGA54550,7,3,95,301,221,45,12,14,696,0,8,15,8,0,0,0,0,30,0,0,0,0,0,0,0,0,0,0,8,15,8,0,0,0,0,30,0,0,0,0,0,0,0,0,0,0,0,0,0,0,0,0,0,0,0,0,0,0,0,0,0,0,0,0,0,0,0,0,0,0,0,0,0,0,0,0,0,0,0,0,0,0,0,0,0,0,0,0,0,0,0,0,0,0,0,0,0,0,5,0,0,4,0,0,0,0,0,3,7,16,105,307,224,44,16,21,737
LGA54620,0,6,40,116,93,21,0,8,282,0,0,7,4,0,0,0,0,6,0,0,0,0,0,0,0,0,0,0,0,7,4,0,0,0,0,6,0,0,0,0,0,0,0,0,0,0,0,0,0,0,0,0,0,0,0,0,0,0,0,0,0,0,0,0,0,0,0,0,0,0,0,0,0,0,0,0,0,0,0,0,0,0,0,0,0,0,0,0,0,0,0,3,0,0,0,0,0,0,4,0,0,0,0,0,0,0,0,0,0,9,49,125,93,21,0,11,297
LGA54690,0,4,33,62,41,10,7,4,154,0,0,0,0,0,0,0,0,0,0,0,0,0,0,0,0,0,0,0,0,0,0,0,0,0,0,0,0,0,0,0,0,0,0,0,0,0,0,0,0,0,0,0,0,0,0,0,0,0,0,0,0,0,0,0,0,0,0,0,0,0,0,0,0,0,0,0,0,0,0,0,0,0,0,0,0,0,0,0,0,0,0,0,0,0,0,0,0,0,0,0,0,0,0,0,0,0,0,0,0,4,35,62,41,10,7,4,157
LGA54760,0,11,30,108,86,15,0,7,258,0,0,6,0,0,0,0,0,4,0,0,0,0,0,0,0,0,0,0,0,6,0,0,0,0,0,4,0,0,0,0,0,0,0,0,0,0,0,0,0,0,0,0,0,0,0,0,0,0,0,0,0,0,0,0,0,0,0,0,0,0,0,0,0,0,0,0,0,0,0,0,0,0,0,0,0,0,0,0,0,0,0,0,0,4,0,0,0,0,4,0,0,0,0,0,0,0,0,5,0,11,35,113,92,15,6,7,270
LGA54830,15,105,587,5676,7213,632,119,218,14566,0,72,159,215,13,0,0,5,462,0,12,51,25,0,0,0,0,87,0,87,212,237,13,0,0,11,552,0,59,192,49,0,0,0,10,308,0,18,140,39,0,0,0,8,201,0,3,6,0,0,0,0,0,7,0,0,0,0,0,0,0,0,0,0,8,4,4,0,0,0,0,15,0,82,339,91,0,0,0,13,529,0,3,0,3,0,0,0,0,9,0,3,0,6,0,0,0,0,7,18,278,1136,6013,7226,630,115,243,15666
LGA54900,0,3,42,195,137,36,5,14,438,0,0,9,3,0,0,0,0,16,0,0,0,0,0,0,0,0,0,0,0,9,3,0,0,0,0,18,0,3,0,0,0,0,0,0,3,0,0,0,0,0,0,0,0,0,0,0,0,0,0,0,0,0,0,0,0,0,0,0,0,0,0,0,0,0,0,0,0,0,0,0,0,0,3,0,0,0,0,0,0,3,0,0,0,0,0,0,0,0,4,0,0,4,0,0,0,0,0,4,0,10,57,202,137,43,5,14,469
LGA54970,0,0,23,81,37,0,0,3,149,0,7,3,4,0,0,0,0,18,0,0,0,0,0,0,0,0,0,0,7,3,4,0,0,0,0,18,0,0,0,0,0,0,0,0,4,0,0,0,0,0,0,0,0,0,0,0,0,0,0,0,0,0,0,0,0,0,0,0,0,0,0,0,0,0,0,0,0,0,0,0,0,0,0,0,0,0,0,0,0,4,0,0,0,0,0,0,0,0,5,0,6,0,0,0,0,0,0,7,0,14,28,82,41,0,0,8,183
LGA55040,0,7,27,123,73,0,0,14,248,0,5,11,0,0,0,0,5,18,0,0,0,0,0,0,0,0,0,0,5,11,0,0,0,0,5,18,0,0,0,5,0,0,0,0,7,0,0,0,0,0,0,0,0,0,0,0,0,0,0,0,0,0,0,0,0,0,0,0,0,0,0,0,0,0,0,0,0,0,0,0,3,0,0,3,5,0,0,0,0,7,6,12,6,3,0,0,0,0,29,0,3,3,0,0,0,0,5,9,0,28,41,133,72,8,0,23,314
LGA55110,26,303,1862,9725,15471,1554,235,365,29540,7,383,1442,1472,72,9,5,101,3486,3,46,294,642,64,7,0,8,1069,8,425,1741,2113,132,19,5,112,4557,0,100,212,91,0,0,0,15,420,0,5,56,119,12,4,0,0,189,0,7,66,115,0,0,0,8,197,0,0,48,103,0,0,0,0,155,0,9,13,3,7,0,0,0,34,0,114,401,442,19,0,0,25,1006,20,86,74,14,4,0,0,32,224,0,4,11,6,5,0,0,6,32,57,934,4086,12304,15626,1576,241,536,35358
LGA55180,8,57,410,1489,1017,162,52,48,3251,0,55,116,12,0,0,0,8,200,0,4,0,0,0,0,0,0,4,0,59,122,12,0,0,0,8,203,0,9,6,0,0,0,0,0,20,0,0,0,0,0,0,0,0,0,0,0,0,0,0,0,0,0,0,0,0,0,0,0,0,0,0,0,0,5,0,3,0,0,0,0,5,0,10,6,3,0,0,0,0,23,5,0,0,0,0,0,0,0,9,0,0,9,7,0,0,6,0,28,17,131,547,1517,1027,162,57,58,3514
LGA55250,0,9,23,133,32,4,3,10,217,0,6,8,3,0,0,0,0,18,0,0,0,0,0,0,0,0,0,0,6,8,3,0,0,0,0,18,0,5,6,0,0,0,0,0,11,0,0,0,0,0,0,0,0,0,0,0,0,0,0,0,0,0,0,0,0,0,0,0,0,0,0,0,0,0,0,0,0,0,0,0,0,0,5,6,0,0,0,0,0,11,0,0,0,0,5,0,0,0,10,0,0,0,5,7,0,3,4,14,5,26,36,140,43,4,6,14,276
LGA55320,9,99,1399,9666,14362,2960,557,208,29265,4,211,2394,2734,386,48,16,67,5862,0,29,202,697,315,57,5,11,1321,4,241,2601,3434,704,102,18,76,7179,7,193,526,117,4,0,3,14,874,0,86,267,40,0,0,0,5,397,3,89,322,153,10,0,0,7,581,0,48,104,19,0,0,0,4,177,0,6,22,5,4,0,0,0,41,17,416,1242,334,24,0,3,31,2067,0,0,0,0,0,0,0,0,4,0,0,13,15,14,0,0,0,44,32,759,5250,13454,15106,3065,586,324,38566
LGA55390,0,8,5,13,11,0,0,3,42,0,0,0,0,0,0,0,0,0,0,0,0,0,0,0,0,0,0,0,0,0,0,0,0,0,0,0,0,0,0,0,0,0,0,0,6,0,0,0,0,0,0,0,0,0,0,0,0,0,0,0,0,0,0,0,0,0,0,0,0,0,0,0,0,0,0,0,0,0,0,0,0,0,0,0,0,0,0,0,0,6,0,5,0,3,0,0,0,0,10,0,3,5,0,0,0,0,0,12,0,19,12,17,9,0,0,4,66
LGA55460,3,33,141,512,316,52,20,19,1092,0,12,15,13,0,0,0,7,40,0,0,0,0,0,0,0,0,0,0,8,15,13,0,0,0,7,43,0,4,0,0,0,0,0,0,3,0,0,0,0,0,0,0,0,0,0,0,0,0,0,0,0,0,0,0,0,0,0,0,0,0,0,0,0,0,0,0,0,0,0,0,0,0,4,0,0,0,0,0,0,3,6,0,0,0,0,0,0,5,6,0,0,0,0,0,0,0,0,6,7,45,161,531,315,49,18,28,1151
LGA55530,0,3,14,53,39,11,5,5,132,0,0,0,0,0,0,0,0,3,0,0,0,0,0,0,0,0,0,0,0,0,0,0,0,0,0,3,0,0,0,0,0,0,0,0,0,0,0,0,0,0,0,0,0,0,0,0,0,0,0,0,0,0,0,0,0,0,0,0,0,0,0,0,0,0,0,0,0,0,0,0,0,0,0,0,0,0,0,0,0,0,0,0,0,3,0,0,0,0,7,0,0,3,0,0,0,0,0,3,0,7,18,57,41,11,5,5,147
LGA55600,0,15,82,344,237,45,9,18,752,0,11,28,10,0,0,0,4,53,0,0,0,0,0,0,0,0,0,0,11,28,10,0,0,0,4,53,0,0,0,0,0,0,0,0,0,0,0,0,0,0,0,0,0,0,0,0,0,0,0,0,0,0,0,0,0,0,0,0,0,0,0,0,0,0,0,0,0,0,0,0,0,0,0,0,0,0,0,0,0,0,0,0,0,0,4,0,0,7,10,0,0,0,4,4,0,0,0,7,4,23,110,352,243,43,9,31,824
LGA55670,0,4,29,78,71,8,4,0,199,0,0,3,3,0,0,0,0,4,0,0,0,0,0,0,0,0,0,0,0,3,3,0,0,0,0,4,0,0,0,0,0,0,0,0,0,0,0,0,0,0,0,0,0,0,0,0,0,0,0,0,0,0,0,0,0,0,0,0,0,0,0,0,0,0,0,0,0,0,0,0,0,0,0,0,0,0,0,0,0,0,0,0,0,0,0,0,0,0,3,0,0,4,0,0,0,0,0,4,0,11,35,83,71,8,4,0,214
LGA55740,3,5,159,747,885,311,39,15,2160,0,47,131,103,5,0,0,3,291,0,15,70,125,7,0,0,0,219,0,62,203,228,10,0,0,4,507,0,19,58,0,0,0,0,6,84,13,211,115,4,0,0,0,4,341,0,104,242,19,0,0,0,3,375,0,0,38,0,0,0,0,0,43,0,0,0,0,0,0,0,0,0,12,334,455,24,0,0,0,16,843,0,0,0,0,0,0,0,0,0,0,0,3,0,0,0,0,0,4,18,402,822,1005,898,311,39,31,3520
LGA55810,0,11,21,62,18,5,0,0,115,0,0,0,4,0,0,0,0,6,0,0,0,0,0,0,0,0,0,0,0,0,4,0,0,0,0,6,0,0,0,0,0,0,0,0,0,0,0,0,0,0,0,0,0,0,0,0,0,0,0,0,0,0,0,0,0,0,0,0,0,0,0,0,0,0,0,0,0,0,0,0,0,0,0,0,0,0,0,0,0,0,0,0,0,0,4,0,0,0,5,0,0,0,0,0,0,0,3,0,0,11,23,67,21,5,0,0,128
LGA55880,0,0,23,77,51,9,4,0,167,0,0,5,4,0,0,0,0,6,0,0,0,0,0,0,0,0,0,0,0,5,4,0,0,0,0,6,0,0,0,0,0,0,0,0,0,0,0,0,0,0,0,0,0,0,0,0,0,0,0,0,0,0,0,0,0,0,0,0,0,0,0,0,0,0,0,0,0,0,0,0,0,0,0,0,0,0,0,0,0,0,0,0,0,0,0,0,0,0,0,0,0,0,0,0,0,0,0,4,0,0,26,83,51,9,4,0,174
LGA55950,0,5,34,95,61,9,6,4,215,0,0,0,0,0,0,0,0,0,0,0,0,0,0,0,0,0,0,0,0,0,0,0,0,0,0,0,0,0,0,0,0,0,0,0,0,0,0,0,0,0,0,0,0,0,0,0,0,0,0,0,0,0,0,0,0,0,0,0,0,0,0,0,0,0,0,0,0,0,0,0,0,0,0,0,0,0,0,0,0,0,0,0,0,0,0,0,0,0,0,0,0,0,0,0,0,0,0,0,0,5,34,95,61,9,6,4,215
LGA56090,18,139,843,4507,5938,1150,269,118,12989,0,84,216,160,17,3,0,15,495,0,0,0,4,0,0,0,0,5,0,84,216,163,15,0,0,15,502,0,0,3,0,0,0,0,0,3,0,0,0,0,0,0,0,0,0,0,0,0,0,0,0,0,0,0,0,0,0,0,0,0,0,0,0,0,3,0,0,8,0,0,0,16,0,3,11,0,8,0,0,0,22,4,7,0,3,0,6,0,0,22,0,3,5,5,0,3,0,0,15,22,237,1076,4678,5960,1160,272,134,13541
LGA56160,0,0,5,11,6,0,0,0,18,0,0,0,0,0,0,0,0,3,0,0,0,0,0,0,0,0,0,0,0,0,0,0,0,0,0,3,0,0,0,0,0,0,0,0,0,0,0,0,0,0,0,0,0,0,0,0,0,0,0,0,0,0,0,0,0,0,0,0,0,0,0,0,0,0,0,0,0,0,0,0,0,0,0,0,0,0,0,0,0,0,0,0,0,6,0,0,0,0,7,0,0,0,0,0,0,0,0,5,0,3,9,11,6,0,0,3,32
LGA56230,19,115,590,1929,2908,378,108,108,6154,0,24,144,63,4,0,4,10,245,0,0,19,0,0,0,0,0,20,0,24,160,67,7,0,4,10,268,0,3,5,0,0,0,0,0,6,0,0,0,0,0,0,0,0,0,0,0,0,0,0,0,0,0,0,0,0,0,0,0,0,0,0,0,0,4,4,0,0,0,0,0,8,0,4,12,0,0,0,0,0,14,11,109,46,9,3,0,0,6,192,0,0,4,3,3,0,0,0,9,33,258,800,2007,2923,378,115,124,6641
LGA56300,10,39,102,241,136,19,7,4,563,0,0,6,0,0,0,0,0,6,0,0,0,0,0,0,0,0,0,0,0,6,0,0,0,0,0,10,0,7,0,0,0,0,3,0,15,0,0,0,0,0,0,0,0,0,0,0,0,0,0,0,0,0,0,0,0,0,0,0,0,0,0,0,0,0,0,0,0,0,0,0,0,0,9,0,0,0,0,3,0,15,6,6,0,0,0,0,0,0,14,0,0,0,0,0,0,0,0,0,16,50,109,249,132,20,11,14,604
LGA56370,0,0,27,110,82,20,9,0,247,0,0,13,0,0,0,0,0,18,0,0,0,0,0,0,0,0,0,0,0,13,0,0,0,0,0,18,0,0,0,0,0,0,0,0,0,0,0,0,0,0,0,0,0,0,0,0,0,0,0,0,0,0,0,0,0,0,0,0,0,0,0,0,0,0,0,0,0,0,0,0,0,0,0,0,0,0,0,0,0,0,0,0,0,0,0,0,0,0,0,0,0,0,0,0,0,0,0,0,0,0,45,119,82,20,9,3,262
LGA56460,3,33,207,764,519,103,17,29,1667,0,21,81,20,0,0,0,9,133,0,0,0,0,0,0,0,0,0,0,21,81,20,0,0,0,9,133,0,0,3,0,0,0,0,0,6,0,0,0,0,0,0,0,0,0,0,0,0,0,0,0,0,0,0,0,0,0,0,0,0,0,0,0,0,0,0,0,0,0,0,0,0,0,0,3,0,0,0,0,0,5,0,5,3,0,0,0,0,0,7,0,0,0,3,0,0,0,0,0,3,60,292,791,523,105,17,36,1819
LGA56580,7,18,371,1738,2681,1136,223,36,6202,3,44,242,205,29,0,0,8,537,0,34,98,176,62,0,0,0,379,3,78,338,382,98,6,0,7,917,0,37,200,35,0,0,0,0,285,0,18,16,0,0,0,0,0,34,0,24,74,48,0,0,0,4,150,0,0,0,0,0,0,0,0,0,0,0,0,0,3,0,0,0,3,0,83,287,82,3,0,4,6,474,0,0,0,0,0,0,0,0,0,0,0,5,0,0,0,0,4,4,10,187,999,2208,2780,1142,223,53,7602
LGA56620,0,0,44,212,35,0,0,10,308,0,6,7,5,0,0,0,3,16,0,0,0,0,0,0,0,0,0,0,6,7,5,0,0,0,3,16,0,0,0,0,0,0,0,0,3,0,0,0,0,0,0,0,0,0,0,0,0,0,0,0,0,0,0,0,0,0,0,0,0,0,0,0,0,0,0,0,0,0,0,0,0,0,0,0,0,0,0,0,0,3,0,0,0,0,0,0,0,0,0,0,0,7,4,6,0,0,0,13,0,5,56,224,36,0,0,13,340
LGA56730,4,73,501,1731,1202,203,58,77,3858,0,23,81,26,3,0,0,12,146,0,0,3,0,4,0,0,0,11,0,24,84,26,8,0,0,12,154,0,0,14,0,0,0,0,0,16,0,0,0,0,0,0,0,0,0,0,0,0,0,0,0,0,0,0,0,0,0,0,0,0,0,0,0,0,0,6,0,0,0,0,0,7,0,0,12,0,0,0,0,0,16,0,10,15,0,0,0,0,0,32,0,0,4,0,6,0,0,4,17,15,107,617,1763,1210,204,59,91,4070
LGA56790,9,32,164,486,272,33,12,23,1029,0,6,21,17,5,0,0,0,47,0,0,10,7,3,0,0,0,30,0,5,30,27,7,0,0,4,77,0,0,0,0,0,0,0,15,15,0,0,0,0,0,0,0,0,0,0,0,0,0,0,0,0,0,0,0,0,0,0,0,0,0,0,0,0,0,0,0,0,0,0,0,0,0,0,0,0,0,0,0,15,16,5,24,6,11,3,0,0,0,51,0,0,6,10,0,0,0,0,19,11,62,205,535,285,36,20,43,1191
LGA56860,0,4,22,36,21,7,0,3,86,0,0,0,0,0,0,0,0,0,0,0,0,0,0,0,0,0,0,0,0,0,0,0,0,0,0,0,0,0,0,0,0,0,0,0,0,0,0,0,0,0,0,0,0,0,0,0,0,0,0,0,0,0,0,0,0,0,0,0,0,0,0,0,0,0,0,0,0,0,0,0,0,0,0,0,0,0,0,0,0,0,0,0,4,0,0,0,0,0,4,0,0,0,0,0,0,0,0,0,0,4,23,36,21,7,0,3,93
LGA56930,0,4,12,80,152,110,41,8,404,0,3,0,0,0,0,0,0,8,0,0,10,35,0,0,0,0,53,0,5,12,35,6,0,0,0,54,0,0,12,8,0,0,0,0,24,0,15,24,0,0,0,0,0,37,0,0,0,0,0,0,0,0,0,0,0,0,0,0,0,0,0,0,0,0,0,0,0,0,0,0,0,0,18,34,8,0,0,0,0,61,0,0,0,0,0,0,0,0,0,0,0,0,0,0,0,0,0,0,0,28,54,127,158,110,41,8,523
LGA57000,0,4,17,62,45,4,5,0,126,0,0,0,0,0,0,0,0,0,0,0,0,0,0,0,0,0,0,0,0,0,0,0,0,0,0,0,0,0,0,0,0,0,0,0,0,0,0,0,0,0,0,0,0,0,0,0,0,0,0,0,0,0,0,0,0,0,0,0,0,0,0,0,0,0,0,0,0,0,0,0,0,0,0,0,0,0,0,0,0,0,0,0,0,0,0,0,0,0,4,0,0,0,0,0,0,0,3,5,0,5,17,60,45,4,0,9,139
LGA57080,3,16,52,166,96,25,4,0,371,0,5,33,14,4,0,0,0,52,0,45,217,406,71,10,9,6,767,0,47,247,418,70,13,9,6,819,6,143,274,61,0,0,0,9,484,45,511,773,267,15,0,0,23,1632,76,931,1934,659,32,5,0,39,3676,124,1390,2847,859,22,0,7,55,5308,0,0,0,0,0,0,0,0,0,255,2971,5831,1843,75,3,11,128,11107,0,0,0,0,0,0,0,0,0,5,14,0,0,0,0,0,6,27,263,3046,6127,2429,244,40,26,146,12329
LGA57140,0,17,85,186,98,16,5,4,424,0,0,3,0,0,0,0,0,8,0,0,0,0,0,0,0,0,0,0,0,3,0,0,0,0,0,8,0,0,0,0,0,0,0,0,0,0,0,0,0,0,0,0,0,0,0,0,0,0,0,0,0,0,0,0,0,0,0,0,0,0,0,0,0,0,0,0,0,0,0,0,0,0,0,0,0,0,0,0,0,0,0,0,0,0,0,0,0,0,0,0,0,0,0,0,0,0,0,0,0,24,88,189,98,16,5,4,432
LGA57210,10,56,317,848,547,89,36,39,1939,0,13,12,0,3,0,0,0,26,0,0,0,0,0,0,0,0,0,0,13,12,0,3,0,0,0,26,0,0,0,0,0,0,0,0,4,0,0,0,0,0,0,0,0,0,0,0,0,0,0,0,0,0,0,0,0,0,0,0,0,0,0,0,0,0,0,0,0,0,0,0,0,0,0,0,0,0,0,0,0,3,0,8,8,8,0,0,0,0,24,0,0,0,0,4,0,0,0,0,17,83,332,855,553,90,36,42,2001
LGA57280,9,113,216,1623,1247,134,24,57,3419,0,112,185,275,56,4,0,19,644,0,15,54,122,49,6,0,5,249,0,127,235,395,102,4,0,25,888,4,75,134,45,0,0,5,4,266,0,23,79,11,0,0,0,0,116,0,24,33,17,0,0,0,3,75,0,0,0,0,0,0,0,0,0,0,0,0,0,0,0,0,0,0,4,119,241,76,0,0,3,5,452,9,31,5,13,0,3,0,3,69,3,11,9,3,3,3,5,0,34,25,404,707,2104,1361,149,28,89,4872
LGA57350,0,5,33,159,86,11,0,5,296,0,3,0,0,4,0,0,0,6,0,0,0,0,0,0,0,0,0,0,3,0,0,4,0,0,0,6,0,0,0,0,0,0,0,0,0,0,0,0,0,0,0,0,0,0,0,0,0,0,0,0,0,0,0,0,0,0,0,0,0,0,0,0,0,0,0,0,0,0,0,0,0,0,0,0,0,0,0,0,0,0,0,0,0,0,0,0,0,0,0,0,0,0,7,0,0,0,0,9,0,10,33,163,92,11,0,12,313
LGA57420,4,36,111,318,214,33,3,21,740,0,4,0,0,4,0,0,0,4,0,0,0,0,0,0,0,0,0,0,4,0,0,4,0,0,0,4,0,0,0,6,6,0,0,0,7,0,0,3,0,0,0,0,0,3,0,0,0,0,0,0,0,0,0,0,0,0,0,0,0,0,0,0,0,0,0,0,0,0,0,0,0,0,0,3,6,6,0,0,0,13,0,16,5,0,0,0,0,0,25,0,0,0,0,0,0,0,0,3,7,54,124,328,220,33,3,21,786
LGA57490,22,207,1370,12743,25891,2645,373,528,43771,4,191,943,894,51,0,0,65,2168,3,54,228,254,35,5,0,8,578,8,251,1177,1148,84,5,0,73,2745,0,114,635,236,24,0,0,39,1046,0,24,149,9,0,0,0,4,190,0,48,163,61,0,0,0,3,275,0,0,15,14,0,0,0,0,27,0,3,5,8,14,3,0,0,40,0,195,966,325,42,4,0,46,1582,25,128,100,9,7,0,0,9,271,0,6,6,5,25,4,0,15,56,51,784,3615,14231,26044,2655,375,675,48428
LGA57630,0,0,10,17,3,0,0,0,34,0,0,0,0,0,0,0,0,0,0,0,0,0,0,0,0,0,0,0,0,0,0,0,0,0,0,0,0,0,0,0,0,0,0,0,0,0,0,0,0,0,0,0,0,0,0,0,0,0,0,0,0,0,0,0,0,0,0,0,0,0,0,0,0,0,0,0,0,0,0,0,0,0,0,0,0,0,0,0,0,0,0,5,0,0,0,0,0,0,7,0,0,0,0,0,0,0,0,3,0,8,12,19,3,0,0,0,43
LGA57700,13,50,283,2286,6188,811,208,135,9959,0,10,12,48,5,0,0,0,74,0,0,0,0,0,0,0,0,0,0,10,12,48,5,0,0,0,74,0,0,14,0,0,0,0,0,15,0,0,0,0,0,0,0,0,0,0,0,0,0,0,0,0,0,0,0,0,0,0,0,0,0,0,0,0,0,9,3,0,0,0,3,17,0,0,24,3,0,0,0,3,36,0,8,48,36,4,3,0,9,112,0,3,3,3,8,0,0,0,26,12,77,372,2375,6209,812,206,147,10211
LGA57770,0,15,43,138,54,3,3,12,264,0,11,4,3,0,0,0,0,17,0,0,0,3,0,0,0,0,3,0,11,4,9,0,0,0,0,20,0,0,0,4,0,0,0,0,9,0,0,0,0,0,0,0,0,0,0,0,0,0,0,0,0,0,0,0,0,0,0,0,0,0,0,0,0,0,0,0,0,0,0,0,0,0,0,0,4,0,0,0,0,9,5,26,8,11,11,0,0,6,69,0,0,0,0,0,0,0,0,4,11,50,54,156,64,4,4,18,360
LGA57840,5,65,803,3215,3580,829,150,66,8709,4,127,1428,994,124,9,0,34,2717,0,197,930,1937,305,35,8,39,3450,4,318,2356,2930,434,48,11,72,6163,5,135,534,177,32,3,7,5,895,0,210,474,90,5,0,0,4,781,0,139,201,232,3,0,0,4,580,0,79,315,117,5,3,0,0,529,0,0,0,0,0,0,0,0,9,5,563,1525,624,47,7,3,16,2787,0,0,0,0,0,0,0,0,4,0,3,7,6,0,0,0,3,24,11,955,4686,6764,4059,883,165,167,17690
LGA57910,26,300,3067,24802,19493,3618,535,543,52380,21,1174,7207,12540,718,62,20,333,22070,10,343,1864,3521,945,54,7,66,6817,28,1520,9073,16067,1669,116,24,399,28890,21,1154,3578,505,23,0,4,83,5370,13,548,1450,185,0,0,0,32,2227,3,247,512,162,0,0,0,23,956,0,44,157,98,6,0,0,7,316,0,13,16,7,3,0,0,5,46,35,2013,5721,954,32,3,6,145,8917,11,31,8,10,11,0,0,3,63,0,7,6,20,6,0,0,8,61,96,3875,17874,41851,21208,3736,567,1107,90318
LGA57980,0,42,517,1602,1021,222,27,11,3441,4,37,126,118,14,0,0,5,297,4,93,371,524,52,0,0,8,1057,7,128,493,640,66,4,0,7,1349,0,244,393,72,0,0,0,9,714,36,329,428,88,8,3,0,11,911,15,433,504,101,0,0,0,10,1069,0,0,34,0,0,0,0,0,34,0,0,0,0,0,0,0,0,0,55,1006,1362,263,9,3,0,32,2726,0,5,0,4,0,0,0,0,12,0,0,0,0,0,0,0,0,4,62,1179,2376,2510,1101,225,28,54,7534
LGA58050,54,207,1632,16555,24588,2697,508,556,46792,6,323,1072,2047,183,10,5,88,3735,0,77,365,378,43,0,0,15,885,6,406,1439,2421,226,10,4,97,4616,0,87,189,73,3,0,0,12,366,0,62,265,19,0,0,0,3,357,0,24,64,8,0,0,0,0,100,0,14,33,3,0,0,0,0,53,0,19,23,10,8,6,4,4,71,3,207,579,120,9,6,4,21,946,27,95,82,16,6,0,0,12,238,4,10,8,25,16,0,4,12,71,92,924,3737,19131,24848,2715,519,694,52666
LGA58190,0,0,28,58,37,3,5,4,136,0,0,0,0,0,0,0,0,0,0,0,0,0,0,0,0,0,0,0,0,0,0,0,0,0,0,0,0,0,0,0,0,0,0,0,0,0,0,0,0,0,0,0,0,0,0,0,0,0,0,0,0,0,0,0,0,0,0,0,0,0,0,0,0,0,0,0,0,0,0,0,0,0,0,0,0,0,0,0,0,0,0,0,0,0,0,0,0,0,0,0,0,0,0,0,0,0,0,0,0,0,28,58,37,3,5,4,136
LGA58260,0,9,25,84,59,10,4,0,191,0,3,6,0,0,0,0,0,11,0,0,0,0,0,0,0,0,0,0,3,6,0,0,0,0,0,11,0,0,0,0,0,0,0,0,0,0,0,0,0,0,0,0,0,0,0,0,0,0,0,0,0,0,0,0,0,0,0,0,0,0,0,0,0,0,0,0,0,0,0,0,0,0,0,0,0,0,0,0,0,0,0,0,0,0,0,0,0,0,0,0,0,0,0,3,0,0,0,7,0,10,33,84,60,11,3,4,205
LGA58330,10,53,247,692,490,115,42,58,1707,0,0,0,5,0,0,0,0,10,0,0,0,0,0,0,0,0,0,0,0,0,5,0,0,0,0,10,0,0,0,0,0,0,0,0,0,0,0,0,0,0,0,0,0,0,0,0,0,0,0,0,0,0,0,0,0,0,0,0,0,0,0,0,0,0,0,0,0,0,0,0,0,0,0,0,0,0,0,0,0,0,0,5,3,0,3,0,0,8,26,3,0,0,0,3,0,0,6,9,11,63,256,699,496,117,42,68,1749
LGA58400,0,4,21,60,29,3,0,0,125,0,0,3,0,0,0,0,0,3,0,0,0,0,0,0,0,0,0,0,0,3,0,0,0,0,0,3,0,0,0,0,0,0,0,0,0,0,0,0,0,0,0,0,0,0,0,0,0,0,0,0,0,0,0,0,0,0,0,0,0,0,0,0,0,0,0,0,0,0,0,0,0,0,0,0,0,0,0,0,0,0,0,0,0,0,0,0,0,0,0,0,0,0,0,0,0,0,0,4,0,4,24,58,27,4,3,0,131
LGA58470,0,0,6,22,6,0,0,0,35,0,0,3,0,0,0,0,0,3,0,0,0,0,0,0,0,0,0,0,0,3,0,0,0,0,0,3,0,0,0,0,0,0,0,0,0,0,0,0,0,0,0,0,0,0,0,0,0,0,0,0,0,0,0,0,0,0,0,0,0,0,0,0,0,0,0,0,0,0,0,0,0,0,0,0,0,0,0,0,0,0,0,0,4,0,0,0,0,0,10,0,0,0,9,0,0,0,0,11,0,0,12,30,12,0,5,0,57
LGA58510,11,137,1147,4499,2054,331,102,73,8361,26,231,606,1368,108,8,6,31,2387,15,138,315,744,93,4,0,31,1340,49,363,923,2113,204,13,4,58,3731,7,336,252,200,61,9,3,10,869,10,219,410,44,0,0,0,10,695,12,490,480,73,5,0,0,11,1078,0,76,400,118,17,0,3,0,612,0,0,0,0,0,0,0,0,0,26,1119,1543,433,84,13,5,34,3257,0,0,0,0,0,0,0,0,6,0,0,0,3,4,0,0,4,16,86,1623,3619,7053,2342,354,118,171,15367
LGA58540,0,8,37,126,80,14,3,6,276,0,0,0,3,0,0,0,0,3,0,0,0,0,0,0,0,0,0,0,0,0,3,0,0,0,0,3,0,0,0,0,0,0,0,0,0,0,0,0,0,0,0,0,0,0,0,0,0,0,0,0,0,0,0,0,0,0,0,0,0,0,0,0,0,0,0,0,0,0,0,0,0,0,0,0,0,0,0,0,0,0,0,4,0,0,0,0,0,0,5,0,0,0,0,0,0,0,0,6,0,9,39,125,82,17,3,5,288
LGA58570,4,101,1358,3689,1861,309,54,47,7418,6,158,582,555,98,8,0,14,1424,0,137,601,1058,151,3,0,11,1965,5,285,1186,1609,247,11,4,22,3380,12,327,485,118,8,0,3,10,955,39,607,849,167,9,0,0,22,1687,48,801,907,112,0,0,0,18,1888,0,3,25,0,0,0,0,0,31,0,0,0,3,0,0,0,0,8,91,1737,2266,400,16,0,3,49,4574,0,11,33,9,3,0,0,0,54,0,5,7,3,0,0,0,4,19,99,2141,4845,5720,2140,323,59,123,15450
LGA58610,0,6,103,305,173,36,10,12,640,0,10,23,0,0,0,0,0,31,0,0,0,0,0,0,0,0,0,0,10,23,0,0,0,0,0,38,0,0,0,0,0,0,0,0,0,0,0,0,0,0,0,0,0,0,0,0,0,0,0,0,0,0,0,0,0,0,0,0,0,0,0,0,0,0,0,0,0,0,0,0,0,0,0,0,0,0,0,0,0,0,0,0,0,5,0,0,0,0,4,0,0,0,0,0,0,0,0,4,3,14,123,309,172,32,10,15,684
LGA58680,0,5,23,67,72,10,0,0,182,0,0,0,0,0,0,0,0,0,0,0,0,0,0,0,0,0,0,0,0,0,0,0,0,0,0,0,0,0,0,0,0,0,0,0,0,0,0,0,0,0,0,0,0,0,0,0,0,0,0,0,0,0,0,0,0,0,0,0,0,0,0,0,0,0,0,0,0,0,0,0,0,0,0,0,0,0,0,0,0,0,0,0,0,0,0,0,0,0,0,0,0,0,0,0,0,0,0,0,0,5,23,67,72,10,0,0,182
LGA58760,37,240,1922,20044,38125,3960,607,721,65649,6,342,1266,2393,228,16,8,111,4368,0,47,221,379,38,3,0,7,702,6,389,1489,2773,269,21,10,118,5066,0,12,51,20,0,0,0,0,77,0,47,84,12,0,0,0,0,149,0,0,3,0,0,0,0,0,3,0,0,0,0,0,0,0,0,0,0,20,21,8,10,5,4,0,74,0,77,164,38,11,5,4,5,302,20,65,58,11,14,0,0,17,184,3,0,7,15,6,0,3,10,41,60,775,3634,22884,38415,3985,622,869,71246
LGA58820,8,26,160,525,587,92,24,26,1459,0,10,49,21,6,0,0,10,92,0,0,0,0,0,0,0,0,0,0,10,49,21,9,0,0,10,96,0,0,0,0,0,0,0,0,0,0,0,0,0,0,0,0,0,0,0,0,0,0,0,0,0,0,0,0,0,0,0,0,0,0,0,0,0,0,0,0,0,0,0,0,0,0,0,0,0,0,0,0,0,0,4,14,4,0,0,0,0,0,25,0,0,0,6,0,0,0,0,5,11,55,218,550,599,92,26,30,1584
LGA58890,0,12,32,122,93,13,0,4,285,0,3,3,4,0,0,0,0,6,0,0,0,0,0,0,0,0,0,0,3,3,4,0,0,0,0,6,0,0,0,0,0,0,0,0,0,0,0,0,0,0,0,0,0,0,0,0,0,0,0,0,0,0,0,0,0,0,0,0,0,0,0,0,0,0,0,0,0,0,0,0,0,0,0,0,0,0,0,0,0,0,0,0,0,0,0,0,0,0,0,0,0,0,5,0,0,0,0,5,0,16,33,132,93,13,0,4,293
LGA59030,0,0,23,32,33,3,4,0,95,0,0,0,0,0,0,0,0,0,0,0,0,0,0,0,0,0,0,0,0,0,0,0,0,0,0,0,0,0,0,0,0,0,0,0,0,0,0,0,0,0,0,0,0,0,0,0,0,0,0,0,0,0,0,0,0,0,0,0,0,0,0,0,0,0,0,0,0,0,0,0,0,0,0,0,0,0,0,0,0,0,0,0,0,0,0,0,0,0,0,0,0,0,0,0,0,0,0,0,0,6,23,32,33,3,4,0,101
LGA59100,0,3,35,93,78,13,0,0,223,0,0,0,0,0,0,0,0,5,0,0,0,0,0,0,0,0,0,0,0,0,0,0,0,0,0,5,0,0,0,0,0,0,0,0,0,0,0,0,0,0,0,0,0,0,0,0,0,0,0,0,0,0,0,0,0,0,0,0,0,0,0,0,0,0,0,0,0,0,0,0,0,0,0,0,0,0,0,0,0,0,0,0,0,0,0,0,0,0,0,0,0,0,0,0,0,0,0,0,0,5,37,101,78,13,0,0,229
LGA59170,0,14,28,156,106,24,6,4,347,0,0,9,0,0,0,0,0,12,0,0,0,0,0,0,0,0,0,0,0,9,0,0,0,0,0,12,0,0,0,0,0,0,0,0,0,0,0,0,0,0,0,0,0,0,0,0,0,0,0,0,0,0,0,0,0,0,0,0,0,0,0,0,0,0,0,0,0,0,0,0,0,0,4,0,0,0,0,0,0,4,0,0,0,0,0,0,0,0,0,0,0,0,4,0,0,0,0,5,0,13,41,161,108,24,6,6,365
LGA59250,0,6,21,37,12,0,3,7,80,0,0,0,0,0,0,0,0,9,0,0,0,0,0,0,0,0,0,0,0,0,0,0,0,0,0,9,0,0,0,0,0,0,0,0,0,0,0,0,0,0,0,0,0,0,0,0,0,0,0,0,0,0,0,0,0,0,0,0,0,0,0,0,0,0,0,0,0,0,0,0,0,0,0,0,0,0,0,0,0,0,0,0,0,0,0,0,0,0,0,0,0,0,0,0,0,0,0,0,0,14,23,36,12,0,3,5,84
LGA59310,0,10,57,234,148,30,6,4,490,0,12,4,5,0,0,0,0,26,0,0,0,0,0,0,0,0,0,0,12,4,5,0,0,0,0,26,0,0,0,0,0,0,0,0,0,0,0,0,0,0,0,0,0,0,0,0,0,0,0,0,0,0,0,0,0,0,0,0,0,0,0,0,0,0,0,0,0,0,0,0,0,0,0,0,0,0,0,0,0,0,0,3,0,0,0,0,0,3,9,0,0,0,0,0,0,0,0,0,0,27,65,246,148,30,5,10,521
LGA59320,4,3,23,65,46,12,9,0,161,0,0,0,0,0,0,0,0,0,0,0,0,0,0,0,0,0,0,0,0,0,0,0,0,0,0,0,0,0,0,0,0,0,0,0,0,0,0,0,0,0,0,0,0,0,0,0,0,0,0,0,0,0,0,0,0,0,0,0,0,0,0,0,0,0,0,0,0,0,0,0,0,0,0,0,0,0,0,0,0,0,0,0,0,0,0,0,0,0,0,0,0,0,0,0,0,0,0,0,4,3,23,65,46,12,9,0,161
LGA59330,0,6,28,116,47,0,0,3,201,0,0,0,6,0,0,0,0,6,0,0,0,0,0,0,0,0,0,0,0,0,6,0,0,0,0,6,0,0,0,0,0,0,0,0,0,0,0,0,0,0,0,0,0,0,0,0,0,0,0,0,0,0,0,0,0,0,0,0,0,0,0,0,0,0,0,0,0,0,0,0,0,0,0,0,0,0,0,0,0,0,0,0,0,0,0,0,0,0,0,0,0,0,0,0,0,0,0,0,0,6,38,117,47,0,0,3,209
LGA59340,9,61,178,696,410,46,10,35,1459,3,36,79,76,12,0,0,3,211,0,5,4,19,5,0,0,0,28,3,37,82,95,14,0,0,3,239,0,14,57,43,0,0,0,4,116,0,0,0,0,0,0,0,0,0,0,0,0,0,0,0,0,0,0,0,0,0,0,0,0,0,0,0,0,0,0,0,0,0,0,0,0,0,14,57,43,0,0,0,4,116,27,87,34,22,8,0,6,58,240,0,8,15,11,18,4,5,8,71,43,209,370,864,449,56,18,108,2122
LGA59350,0,0,12,8,6,0,0,0,25,0,0,0,0,0,0,0,0,0,0,0,0,0,0,0,0,0,0,0,0,0,0,0,0,0,0,0,0,0,0,0,0,0,0,0,0,0,0,0,0,0,0,0,0,0,0,0,0,0,0,0,0,0,0,0,0,0,0,0,0,0,0,0,0,0,0,0,0,0,0,0,0,0,0,0,0,0,0,0,0,0,0,0,0,0,0,0,0,0,7,0,0,0,6,0,0,0,5,16,0,0,10,14,6,4,0,5,44
LGA59360,3,10,34,164,108,12,9,7,347,0,13,3,10,0,0,0,0,24,0,0,0,0,0,0,0,0,0,0,13,3,10,0,0,0,0,24,0,0,0,0,0,0,0,0,0,0,0,0,0,0,0,0,0,0,0,0,0,0,0,0,0,0,0,0,0,0,0,0,0,0,0,0,0,0,0,0,0,0,0,0,0,0,0,0,0,0,0,0,0,3,0,3,0,0,0,0,0,0,0,0,0,0,0,0,0,0,0,0,3,20,39,175,109,12,13,7,377
LGA59370,8,38,229,577,377,73,22,22,1344,0,8,20,6,0,0,0,0,35,0,0,0,0,0,0,0,0,3,0,8,19,14,0,0,0,0,39,0,0,5,0,3,0,0,0,6,0,0,0,0,0,0,0,0,0,0,0,0,0,0,0,0,0,0,0,0,0,0,0,0,0,0,0,0,0,0,0,0,0,0,0,0,0,0,5,0,3,0,0,0,6,4,0,3,0,0,0,0,3,11,0,4,4,4,6,0,0,0,13,11,50,260,592,389,71,22,28,1420
LGA59499,0,0,0,0,0,0,0,0,0,0,0,0,0,0,0,0,0,0,0,0,0,0,0,0,0,0,0,0,0,0,0,0,0,0,0,0,0,0,0,0,0,0,0,0,0,0,0,0,0,0,0,0,0,0,0,0,0,0,0,0,0,0,0,0,0,0,0,0,0,0,0,0,0,0,0,0,0,0,0,0,0,0,0,0,0,0,0,0,0,0,0,0,0,0,0,0,0,0,0,0,0,0,0,0,0,0,0,0,0,0,0,0,0,0,0,0,0
LGA59799,0,0,0,0,0,0,0,0,0,0,0,0,0,0,0,0,0,0,0,0,0,0,0,0,0,0,0,0,0,0,0,0,0,0,0,0,0,0,0,0,0,0,0,0,0,0,0,0,0,0,0,0,0,0,0,0,0,0,0,0,0,0,0,0,0,0,0,0,0,0,0,0,0,0,0,0,0,0,0,0,0,0,0,0,0,0,0,0,0,0,0,0,0,0,0,0,0,0,0,0,0,0,0,0,0,0,0,0,0,0,0,3,0,0,0,0,3
