LGA_CODE_2021,CANA_HNA_MHC_dep_anx,CANA_HNA_Stroke,CANA_HNA_oth_LTHC,CANA_HNA_no_LTHC,CANA_HNA_LTHC_NS,CANA_HNA_Tot,CANA_dsnt_HNA_Arth,CANA_dsnt_HNA_Asth,CANA_dsnt_HNA_Can_rem,CANA_dsnt_HNA_Dem_Alzh,CANA_dsnt_HNA_Dis_ges_dia,CANA_dsnt_HNA_HD_HA_ang,CANA_dsnt_HNA_Kid_dis,CANA_dsnt_HNA_LC_COPD_emph,CANA_dsnt_HNA_MHC_dep_anx,CANA_dsnt_HNA_Stroke,CANA_dsnt_HNA_oth_LTHC,CANA_dsnt_HNA_no_LTHC,CANA_dsnt_HNA_LTHC_NS,CANA_dsnt_HNA_Tot,CANA_NFA_NS_Arth,CANA_NFA_NS_Asth,CANA_NFA_NS_Can_rem,CANA_NFA_NS_Dem_Alzh,CANA_NFA_NS_Dia_ges_dia,CANA_NFA_NS_HD_HA_ang,CANA_NFA_NS_Kid_dis,CANA_NFA_NS_LC_COPD_emph,CANA_NFA_NS_MHC_dep_anx,CANA_NFA_NS_Stroke,CANA_NFA_NS_oth_LTHC,CANA_NFA_NS_no_LTHC,CANA_NFA_NS_LTHC_NS,CANA_NFA_NS_Tot,CANA_Tot_Arth,CANA_Tot_Asth,CANA_Tot_Can_rem,CANA_Tot_Dem_Alzh,CANA_Tot_Dia_ges_dia,CANA_Tot_HD_HA_ang,CANA_Tot_Kid_dis,CANA_Tot_LC_COPD_emph,CANA_Tot_MHC_dep_anx,CANA_Tot_Stroke,CANA_Tot_oth_LTHC,CANA_Tot_no_LTHC,CANA_Tot_LTHC_NS,CANA_Tot_Tot,ADFS_CS_Arth,ADFS_CS_Asth,ADFS_CS_Can_rem,ADFS_CS_Dem_Alzh,ADFS_CS_Dia_ges_dia,ADFS_CS_HD_HA_ang,ADFS_CS_Kid_dis,ADFS_CS_LC_COPD_emph,ADFS_CS_MHC_dep_anx,ADFS_CS_Stroke,ADFS_CS_oth_LTHC,ADFS_CS_no_LTHC,ADFS_CS_LTHC_NS,ADFS_CS_Tot,ADFS_PS_NCS_Arth,ADFS_PS_NCS_Asth,ADFS_PS_NCS_Can_rem,ADFS_PS_NCS_Dem_Alzh,ADFS_PS_NCS_Dia_ges_dia,ADFS_PS_NCS_HD_HA_ang,ADFS_PS_NCS_Kid_dis,ADFS_PS_NCS_LC_COPD_emph,ADFS_PS_NCSMHC_dep_anx,ADFS_PS_NCS_Stroke,ADFS_PS_NCS_oth_LTHC,ADFS_PS_NCS_no_LTHC,ADFS_PS_NCS_LTHC_NS,ADFS_PS_NCS_Tot,ADFS_Tot_Ser_Arth,ADFS_Tot_Ser_Asth,ADFS_Tot_Ser_Can_rem,ADFS_Tot_Ser_Dem_Alzh,ADFS_Tot_Ser_Dia_ges_dia,ADFS_Tot_Ser_HD_HA_ang,ADFS_Tot_Ser_Kid_dis,ADFS_Tot_Ser_LC_COPD_emph,ADFS_Tot_SerMHC_dep_anx,ADFS_Tot_Ser_Stroke,ADFS_Tot_Ser_oth_LTHC,ADFS_Tot_Ser_no_LTHC,ADFS_Tot_Ser_LTHC_NS,ADFS_Tot_Ser_Tot,ADFS_HNS_Arth,ADFS_HNS_Asth,ADFS_HNS_Can_rem,ADFS_HNS_Dem_Alzh,ADFS_HNS_Dia_ges_dia,ADFS_HNS_HD_HA_ang,ADFS_HNS_Kid_dis,ADFS_HNS_LC_COPD_emph,ADFS_HNS_MHC_dep_anx,ADFS_HNS_Stroke,ADFS_HNS_oth_LTHC,ADFS_HNS_no_LTHC,ADFS_HNS_LTHC_NS,ADFS_HNS_Tot,ADFS_NS_Arth,ADFS_NS_Asth,ADFS_NS_Can_rem,ADFS_NS_Dem_Alzh,ADFS_NS_Dia_ges_dia,ADFS_NS_HD_HA_ang,ADFS_NS_Kid_dis,ADFS_NS_LC_COPD_ang,ADFS_NS_MHC_dep_anx,ADFS_NS_Stroke,ADFS_NS_oth_LTHC,ADFS_NS_no_LTHC,ADFS_NS_LTHC_NS,ADFS_NS_Tot,ADFS_Tot_Arth,ADFS_Tot_Asth,ADFS_Tot_Can_rem,ADFS_Tot_Dem_Alzh,ADFS_Tot_Dia_ges_dia,ADFS_Tot_HD_HA_ang,ADFS_Tot_Kid_dis,ADFS_Tot_LC_COPD_emph,ADFS_Tot_MHC_dep_anx,ADFS_Tot_Stroke,ADFS_Tot_oth_LTHC,ADFS_Tot_no_LTHC,ADFS_Tot_LTHC_NS,ADFS_Tot_Tot
LGA50080,725,214,910,208,71,2462,3439,3030,1144,68,1650,1402,205,569,3353,262,2375,20551,1371,33871,34,23,19,3,24,23,9,15,37,0,14,148,2163,2434,4294,3389,1430,414,2077,1860,313,834,4106,479,3296,20913,3603,38763,3,0,0,0,0,0,0,0,0,0,0,30,0,41,243,61,113,26,146,189,26,56,153,55,113,347,31,992,248,58,116,26,153,189,26,56,150,55,114,373,38,1033,3979,2780,1288,371,1875,1625,276,749,3742,414,2831,15152,1176,28834,60,32,22,13,37,34,8,16,35,19,23,103,1828,2103,4285,2871,1423,412,2062,1853,307,818,3932,478,2967,15629,3043,31970
LGA50210,1315,288,1854,472,74,4373,5383,6666,1642,68,3832,2282,484,1112,7103,390,5291,57996,2906,84691,62,62,22,27,34,29,9,23,71,12,55,391,4488,5123,6657,7422,2100,416,4632,3018,712,1615,8487,690,7203,58856,7467,94184,8,0,0,0,6,0,0,0,3,0,11,68,9,92,365,130,136,22,241,227,45,118,246,52,217,652,31,1638,371,127,133,23,244,230,45,118,250,49,222,717,36,1737,6196,5958,1926,347,4305,2724,632,1444,7695,618,5942,40028,2230,66417,63,50,18,43,43,37,11,18,71,13,62,263,3452,3945,6638,6135,2079,416,4590,2992,686,1580,8015,678,6227,41006,5721,72096
LGA50250,21,9,36,13,4,89,187,402,84,6,183,93,18,30,310,12,229,4552,161,5893,0,3,0,0,3,0,0,0,3,0,0,42,1353,1408,207,426,91,9,198,113,24,42,341,14,262,4607,1520,7391,0,0,0,0,0,0,0,0,0,0,0,12,0,13,14,7,9,0,16,8,0,4,18,0,8,91,5,142,17,9,9,0,16,8,0,4,18,0,8,109,5,159,187,333,79,7,183,96,19,31,293,13,200,3158,111,4324,3,4,0,3,5,7,0,0,7,0,3,36,1142,1183,206,344,89,9,201,109,19,36,313,14,215,3294,1251,5670
LGA50280,152,46,222,65,6,579,1047,966,418,14,310,465,84,156,1058,80,805,10408,493,14798,9,6,5,0,5,5,0,3,13,3,9,85,1290,1409,1226,1022,483,94,367,551,105,197,1224,124,1040,10563,1789,16791,0,0,0,0,0,0,0,0,0,0,0,8,0,6,51,18,36,4,19,36,7,14,33,3,29,124,9,282,51,18,42,4,19,37,7,14,33,3,33,130,9,288,1161,841,441,94,342,506,91,177,1120,120,906,7633,371,11959,15,5,4,0,3,10,3,3,11,0,9,75,1010,1124,1217,864,479,94,364,550,98,197,1165,124,945,7835,1390,13368
LGA50350,273,69,332,108,19,954,1077,1224,396,11,586,480,94,250,1417,91,1049,8942,515,14091,20,4,5,0,15,8,0,0,6,5,11,52,794,888,1351,1351,491,126,751,659,151,357,1697,161,1394,9103,1328,15932,0,3,0,0,0,0,0,0,9,0,0,17,0,24,74,35,36,8,47,55,17,23,55,17,45,148,11,367,73,42,36,8,47,55,17,23,61,17,50,163,11,384,1262,1165,449,116,693,600,130,330,1574,147,1223,6627,427,12011,10,8,5,0,8,8,0,7,7,0,4,33,663,736,1351,1207,492,124,745,658,150,352,1638,161,1276,6822,1100,13129
LGA50420,975,298,1341,324,83,3663,3934,4702,1508,77,2600,1848,350,750,5203,304,4247,42157,1909,62360,35,30,9,6,33,24,5,8,41,4,31,313,2792,3263,5122,5158,1883,603,3276,2551,568,1083,6218,604,5621,42795,4788,69283,5,4,0,0,0,3,3,0,3,0,5,84,4,107,236,109,107,35,161,203,41,85,151,38,173,495,33,1259,243,119,107,37,164,207,47,85,153,41,175,577,36,1358,4812,4510,1735,546,3066,2308,514,966,5848,546,4978,32748,1644,54104,59,26,23,16,37,25,6,13,33,9,38,201,2425,2790,5116,4654,1865,598,3269,2539,562,1062,6037,600,5191,33523,4112,58257
LGA50490,563,200,740,173,32,2042,2217,2533,748,41,1596,1004,201,468,2757,219,2209,26167,1122,37152,27,29,6,0,26,30,0,5,19,3,23,210,2745,3063,2909,2874,997,305,2034,1459,307,683,3342,425,2978,26554,3903,42257,0,0,0,0,0,0,0,0,5,0,0,45,6,59,140,55,57,25,96,107,17,36,96,26,90,303,26,746,142,55,62,27,96,106,17,36,97,26,94,348,29,799,2726,2552,911,265,1891,1318,282,636,3153,386,2662,20470,945,32155,35,12,18,10,30,24,0,6,13,7,9,132,2346,2578,2906,2616,985,305,2014,1452,302,677,3269,420,2757,20949,3323,35533
LGA50560,26,8,50,6,0,115,193,148,52,0,96,80,9,29,135,6,100,774,40,1381,3,0,0,0,0,3,0,0,0,0,3,10,190,202,245,168,63,10,125,108,16,47,158,19,147,785,229,1694,0,0,0,0,0,0,0,0,0,0,0,0,0,0,18,3,0,3,11,6,0,0,11,0,8,30,0,69,18,3,0,3,11,6,0,0,11,0,8,30,0,69,225,148,57,8,116,97,16,47,147,20,132,590,36,1232,4,0,0,0,3,0,0,5,0,0,0,10,167,186,245,153,63,10,125,101,16,47,158,19,140,627,204,1491
LGA50630,14,5,17,6,0,60,148,135,35,6,67,49,9,28,133,13,89,960,40,1491,0,0,0,0,0,0,0,0,0,0,0,17,146,163,159,145,44,4,77,58,14,31,146,22,107,979,180,1705,0,0,0,0,0,0,0,0,0,0,0,4,0,0,5,4,3,0,5,6,0,3,5,3,8,15,0,43,5,4,7,0,5,6,0,3,5,3,8,20,0,46,150,113,37,0,67,58,14,26,136,20,88,651,33,1157,0,0,0,0,0,0,0,0,0,0,0,9,118,123,162,117,42,4,77,58,14,31,148,22,94,679,145,1333
LGA50770,30,9,32,6,0,86,167,103,59,5,62,68,12,27,131,9,82,1001,67,1550,0,0,0,0,0,0,0,0,0,0,0,3,183,194,211,109,69,9,92,87,21,37,164,21,119,1006,249,1834,0,0,0,0,0,0,0,0,0,0,0,0,0,0,16,4,10,0,8,4,4,5,7,3,12,17,0,53,19,10,15,5,10,8,4,4,12,3,14,17,0,51,188,89,54,6,72,71,18,30,144,15,91,717,42,1259,3,0,0,0,6,0,0,5,0,0,5,8,140,163,211,92,69,9,92,87,21,37,158,21,110,736,189,1469
LGA50840,106,29,110,23,3,318,533,346,193,6,194,193,25,95,414,34,339,2777,153,4530,7,7,3,0,3,5,0,0,3,0,3,21,346,393,647,392,227,32,240,245,35,127,525,61,459,2823,504,5238,0,0,0,0,0,0,0,0,0,0,0,0,0,4,42,9,17,0,23,26,0,9,26,9,27,89,13,209,42,9,17,0,23,26,0,9,26,9,27,91,13,209,596,332,210,30,215,212,32,119,472,53,387,2026,113,3816,11,3,4,0,3,5,0,0,3,0,4,25,302,345,646,349,226,32,237,243,32,127,501,61,423,2143,420,4367
LGA50910,35,8,23,8,3,91,113,69,31,0,40,32,10,15,60,6,44,440,30,747,0,6,0,0,0,0,0,0,0,0,0,0,91,91,150,86,46,30,55,51,14,23,93,7,64,447,120,929,0,0,0,0,0,0,0,0,0,0,0,0,0,0,5,0,6,0,3,3,0,0,5,0,3,7,0,20,5,0,6,0,3,3,0,0,5,0,3,7,0,20,145,59,41,31,55,47,14,22,86,13,62,337,23,676,0,0,0,0,0,0,0,0,0,0,0,4,68,72,153,60,46,30,55,51,14,23,95,7,62,348,89,770
LGA50980,98,25,147,63,13,440,511,774,228,7,434,296,97,140,739,42,606,10565,572,14040,10,7,0,4,8,9,5,0,6,3,9,164,2254,2480,598,837,274,52,527,355,140,188,851,72,761,10794,2843,16959,3,0,0,0,0,0,0,0,0,0,0,25,0,29,33,11,9,0,25,23,6,15,30,0,23,147,16,257,41,16,9,0,20,20,6,16,30,0,21,167,16,282,552,694,259,44,485,298,122,154,780,62,627,7363,431,10672,7,13,6,4,16,18,6,6,5,9,17,182,1757,2012,599,719,274,52,517,336,136,181,820,73,667,7714,2200,12969
LGA51080,22,0,19,4,0,51,84,69,30,5,49,24,6,11,72,4,47,561,25,868,0,0,0,0,0,0,0,0,0,0,0,15,112,128,100,78,36,5,61,26,5,16,91,7,66,584,145,1046,0,0,0,0,0,0,0,0,0,0,0,0,0,0,5,0,3,0,7,0,0,3,9,0,4,7,0,24,5,0,3,0,7,0,0,3,9,0,4,7,0,24,90,68,32,6,49,24,3,10,85,4,58,394,18,697,3,0,0,0,0,0,0,0,0,0,0,15,75,95,100,70,36,5,61,26,3,16,94,7,62,418,94,816
LGA51120,7,4,12,5,5,52,89,92,29,4,49,26,9,16,74,5,58,442,42,783,0,0,0,0,0,0,0,0,0,0,0,0,145,152,107,99,38,7,50,41,5,24,82,4,71,452,192,979,0,0,0,0,0,0,0,0,0,0,0,0,0,0,3,6,0,0,4,4,0,0,9,0,3,9,0,25,3,6,0,0,4,4,0,0,9,0,3,9,0,25,100,72,32,7,47,39,5,24,63,4,55,315,41,644,4,0,0,0,0,0,0,0,4,0,0,0,128,133,107,78,38,7,51,41,7,24,75,4,61,321,171,798
LGA51190,769,192,878,190,52,2220,2884,2494,898,67,1463,1033,186,465,2941,196,1871,17238,1114,28172,36,10,11,12,12,16,3,8,26,3,21,124,2357,2592,3703,2812,1125,410,1898,1478,314,745,3741,389,2766,17552,3518,32987,0,0,0,0,0,0,0,0,0,0,0,17,6,21,219,59,96,19,146,131,21,57,141,24,108,307,21,859,219,59,99,19,146,131,21,57,141,27,108,327,25,883,3413,2304,1002,325,1689,1289,275,647,3388,350,2359,12932,923,24328,63,28,20,68,47,53,17,22,63,7,64,112,2032,2328,3702,2391,1123,410,1886,1466,312,726,3596,389,2535,13366,2977,27536
LGA51260,600,181,706,170,45,2072,3430,2815,1234,58,1352,1333,231,552,3008,231,2295,23240,1337,36146,28,28,6,8,19,11,7,6,27,6,20,200,2113,2421,4179,3125,1477,347,1679,1689,343,774,3633,419,3017,23611,3488,40640,4,0,4,0,0,0,0,0,4,0,3,12,0,27,279,60,117,37,146,192,37,70,163,33,136,396,36,1101,287,59,122,37,146,194,37,70,169,33,138,409,36,1127,3836,2559,1342,302,1490,1458,291,687,3244,375,2575,16993,1029,29853,49,23,15,7,29,28,3,6,34,6,13,131,1777,2044,4167,2646,1474,347,1668,1679,333,765,3442,415,2733,17541,2839,33019
LGA51310,224,99,394,123,36,1187,1533,1797,814,31,534,787,133,258,1680,114,1703,19097,776,26824,18,11,8,0,0,8,0,0,12,0,18,99,710,863,1874,1889,966,339,671,1023,184,347,1917,214,2119,19317,1519,28876,4,3,0,0,0,0,0,0,4,0,4,45,3,51,99,25,65,19,29,93,9,24,44,18,64,230,14,521,105,30,69,19,29,94,9,24,49,18,59,271,14,577,1707,1601,876,250,612,875,157,305,1750,184,1806,14118,625,21833,52,17,17,71,15,53,9,8,24,5,49,57,631,809,1870,1641,962,339,658,1021,175,334,1823,210,1915,14444,1270,23216
LGA51330,939,274,1412,472,69,3841,4727,4831,1937,76,3734,2358,484,787,4944,359,5034,64348,2380,87936,49,35,11,7,28,25,5,11,37,5,33,462,3462,4079,5848,5307,2313,546,4465,3013,684,1127,5914,640,6482,65275,5903,95860,8,3,0,0,0,4,0,3,9,0,5,81,0,109,285,93,150,28,197,220,29,83,156,48,186,563,34,1424,285,102,155,32,199,225,31,91,163,49,194,647,35,1531,5483,4557,2131,474,4195,2741,633,1009,5462,576,5694,49203,1943,73400,57,20,14,39,45,33,11,14,49,11,38,334,2999,3525,5828,4683,2298,545,4442,2993,679,1113,5669,636,5922,50188,4978,78459
LGA51400,219,47,300,69,12,715,1335,1445,394,19,699,471,92,209,1389,70,1051,10844,628,16531,6,12,6,0,5,4,0,0,9,0,7,79,807,925,1561,1571,475,70,812,565,128,285,1619,117,1357,10983,1451,18175,0,0,0,0,0,0,0,0,0,0,0,13,0,10,99,22,27,4,52,48,9,16,64,10,47,164,10,392,100,26,27,4,55,48,9,16,64,10,53,172,10,405,1445,1226,440,68,738,505,121,259,1440,104,1108,7586,493,12989,10,3,4,0,5,7,0,4,11,0,7,41,673,749,1559,1261,475,70,801,562,128,284,1513,117,1165,7795,1172,14148
LGA51470,9,3,8,0,0,25,43,26,17,0,25,29,7,18,47,4,18,273,9,444,0,0,0,0,0,0,0,0,0,0,0,0,80,82,56,32,24,0,38,37,6,22,53,5,24,274,92,552,0,0,0,0,0,0,0,0,0,0,0,0,0,0,13,5,3,0,0,0,0,0,8,0,0,4,0,20,13,5,3,0,0,0,0,0,8,0,0,4,0,20,47,30,19,0,36,32,5,17,44,6,21,213,9,383,0,0,0,0,0,0,0,0,0,0,0,5,68,71,56,30,24,0,38,36,5,22,47,5,22,217,79,473
LGA51540,45,22,61,22,7,210,268,276,83,6,213,162,40,78,208,16,221,2799,219,4111,4,3,0,0,9,5,0,0,4,0,3,53,858,929,344,310,111,26,268,206,64,104,248,40,286,2871,1081,5251,0,0,0,0,0,0,0,0,0,0,0,10,0,10,19,3,6,0,12,15,6,5,9,6,14,44,5,102,19,3,6,0,12,15,6,5,9,6,14,51,5,114,315,259,102,17,250,186,52,91,221,33,245,2126,158,3432,12,3,3,9,3,7,0,0,7,3,12,17,685,735,340,272,111,26,265,206,57,101,238,38,263,2201,853,4280
LGA51610,12,8,17,5,0,48,105,98,34,5,61,37,8,17,80,7,88,849,53,1300,0,0,0,0,0,5,0,0,0,0,0,3,196,204,121,105,44,6,66,49,13,18,95,14,110,859,256,1556,0,0,0,0,0,0,0,0,0,0,0,0,0,0,9,5,5,0,3,6,3,5,7,0,8,18,0,41,9,5,5,0,8,6,3,5,7,0,8,18,0,42,108,86,38,6,61,39,10,17,83,7,88,595,43,1026,0,0,0,0,0,0,0,0,0,0,0,7,144,153,121,90,44,6,60,49,13,18,93,14,93,616,195,1226
LGA51680,75,22,110,31,7,275,433,407,162,3,239,177,41,83,392,37,344,3432,143,5207,7,0,0,0,0,0,0,0,0,0,0,17,424,457,514,451,202,28,282,225,53,113,471,55,453,3482,569,5930,0,4,0,0,0,0,0,0,0,0,0,3,0,7,43,14,22,0,26,19,6,12,33,8,26,82,3,203,43,17,22,0,26,19,6,12,35,8,26,91,3,214,470,363,181,30,249,201,44,97,406,47,379,2467,117,4206,0,0,4,0,0,0,0,0,0,0,5,20,370,407,510,386,204,28,279,223,50,112,440,57,407,2584,495,4820
LGA51710,5,5,11,0,4,25,30,79,15,0,55,30,9,10,37,4,55,926,28,1210,0,5,0,0,0,0,0,0,0,0,0,11,435,449,38,82,17,0,61,27,13,5,37,5,67,940,472,1692,0,0,0,0,0,0,0,0,0,0,0,0,0,4,7,0,0,0,0,0,0,0,0,0,0,8,0,18,7,0,0,0,0,0,0,0,0,0,0,10,0,21,31,64,16,0,61,24,12,4,35,3,58,696,31,971,0,0,0,0,0,0,0,0,0,0,0,4,406,414,36,70,16,0,62,26,12,7,33,3,62,709,439,1406
LGA51750,94,38,157,45,37,547,753,698,381,14,245,395,46,116,695,57,591,7009,261,10186,7,4,4,0,0,6,0,0,0,0,5,37,496,551,904,735,449,142,310,515,64,176,788,96,752,7091,793,11284,3,0,0,0,0,0,0,0,0,0,0,37,0,41,55,21,36,10,29,60,10,18,21,7,22,112,8,277,58,21,36,10,33,60,10,18,25,7,22,149,8,319,836,635,403,128,273,452,54,159,727,91,665,5394,257,8703,5,0,6,6,6,6,0,3,0,0,11,31,433,491,904,660,449,142,310,515,63,178,749,96,698,5568,700,9513
LGA51820,1498,369,2067,579,89,5278,6519,7865,2240,91,3932,2735,597,1019,8412,441,6738,74340,3614,107547,76,66,30,9,40,38,4,21,54,5,38,462,4545,5264,8117,8601,2793,657,4868,3637,878,1497,9959,812,8844,75384,8250,118091,8,20,7,0,4,9,0,0,27,0,19,347,12,419,388,120,167,33,244,247,52,81,276,53,249,944,51,2079,399,139,177,36,247,250,53,79,306,52,264,1292,60,2499,7611,7168,2573,554,4536,3290,800,1363,9162,738,7580,54745,2888,88215,92,47,31,67,63,64,8,27,84,15,40,258,3855,4404,8103,7354,2779,657,4842,3605,860,1472,9547,806,7887,56295,6805,95118
LGA51860,0,3,15,5,0,31,12,19,6,0,16,9,3,3,6,0,12,368,30,473,0,0,0,0,0,0,0,0,0,0,0,4,87,98,16,22,6,0,22,11,3,3,13,0,24,382,114,593,0,0,0,0,0,0,0,0,0,0,0,3,0,3,0,0,0,0,0,0,0,0,0,0,0,0,0,4,0,0,0,0,0,0,0,0,0,0,0,0,0,7,16,20,6,0,15,3,3,3,5,0,20,270,18,373,0,0,0,0,0,0,0,0,0,0,0,13,77,91,16,20,6,0,19,11,3,3,12,0,20,287,94,467
LGA51890,185,55,214,59,12,583,818,695,240,9,452,287,49,184,688,61,451,4469,356,7495,32,13,6,28,17,7,0,3,36,10,37,40,605,730,1074,807,313,68,591,390,76,259,908,119,698,4564,976,8812,0,0,0,0,0,0,0,0,0,0,0,3,0,4,66,23,29,3,50,42,9,24,45,4,33,90,14,271,66,23,29,3,50,42,9,24,40,4,31,93,14,273,967,659,272,36,515,336,65,222,796,101,550,3318,249,6354,38,12,8,32,27,9,0,8,33,11,39,26,493,608,1069,690,311,68,591,389,77,258,867,121,622,3440,755,7239
LGA51960,41,6,53,4,8,122,182,236,51,3,161,83,13,62,224,10,137,1696,74,2564,6,0,0,0,0,0,0,0,0,0,0,26,762,790,230,254,58,6,180,104,22,82,266,18,188,1726,838,3478,0,0,0,0,0,0,0,0,0,0,0,0,0,0,16,4,7,3,17,11,4,10,13,6,13,34,3,95,16,9,7,3,17,11,4,10,13,6,8,37,3,98,214,220,48,4,167,90,24,68,241,20,152,1208,55,2051,0,0,0,0,0,6,0,0,5,0,0,16,622,641,230,227,58,6,181,105,22,80,257,18,164,1259,679,2789
LGA52030,17,4,23,0,0,52,103,76,37,0,55,48,10,23,52,8,45,519,43,864,0,0,0,0,0,0,0,0,0,0,0,6,127,136,121,80,47,5,72,57,13,28,65,12,64,526,175,1055,0,0,0,0,0,0,0,0,0,0,0,0,0,4,9,3,3,0,4,3,0,4,6,0,3,7,0,28,9,3,3,0,4,3,0,4,6,0,3,9,5,29,110,61,43,5,64,52,12,31,59,9,55,404,46,757,8,0,0,0,4,0,0,0,0,0,0,8,114,133,121,68,47,5,70,57,13,28,58,12,60,420,160,922
LGA52100,12,7,13,3,0,44,130,103,36,0,59,34,17,25,64,7,58,502,29,903,0,0,0,0,0,0,0,0,0,0,0,7,54,58,151,108,42,9,67,54,18,33,76,12,76,517,79,1007,0,0,0,0,0,0,0,0,0,0,0,0,0,0,10,0,0,0,3,3,0,3,8,0,0,12,0,26,6,0,0,0,3,3,0,3,8,0,0,12,0,23,136,83,40,9,62,44,20,24,69,12,60,373,27,753,6,0,7,0,6,0,0,0,0,0,0,6,45,55,151,84,42,9,67,54,20,33,72,12,62,391,68,833
LGA52170,45,25,60,26,4,198,470,460,248,9,133,260,33,67,402,26,400,5236,225,7382,8,0,4,0,0,3,3,0,5,0,3,38,333,385,542,472,280,52,150,306,39,80,453,43,462,5298,563,7970,0,0,0,0,0,0,0,0,7,0,0,21,0,24,19,9,20,3,7,23,0,8,15,4,24,69,5,157,19,9,20,3,7,23,0,8,18,4,24,88,5,179,511,420,263,42,143,280,36,72,419,42,405,4097,207,6209,4,0,0,0,0,3,0,0,0,0,3,15,308,329,537,425,281,52,149,306,36,77,434,43,432,4202,519,6722
LGA52240,13,7,30,8,3,63,88,86,32,0,45,40,3,15,66,8,54,580,35,916,3,3,0,0,3,0,0,0,6,0,0,7,107,123,105,102,43,0,62,50,3,21,88,15,89,592,138,1100,0,0,0,0,0,0,0,0,0,0,0,0,0,0,3,0,0,0,0,0,0,0,4,0,7,8,4,19,3,0,0,0,0,0,0,0,4,0,7,8,4,19,101,83,43,0,56,48,4,21,74,15,69,420,24,772,0,0,0,0,0,0,0,0,0,0,0,3,86,89,105,83,43,0,62,50,3,21,85,15,77,432,109,882
LGA52310,14,0,29,0,4,55,89,57,28,0,52,48,11,21,67,8,44,463,30,763,0,0,0,0,0,0,0,0,0,0,0,3,77,80,110,63,36,4,61,59,11,26,85,9,76,470,109,902,0,0,0,0,0,0,0,0,0,0,0,0,0,0,11,8,3,0,8,9,0,5,10,0,7,7,0,36,11,8,3,0,8,9,0,5,10,0,7,7,0,36,95,49,32,4,56,51,11,16,68,9,71,355,28,658,0,4,0,0,0,0,0,0,0,0,0,4,57,63,110,61,36,4,61,59,11,26,78,9,70,367,88,756
LGA52380,3,0,5,0,0,12,16,10,0,0,9,8,0,6,16,0,13,103,8,172,0,0,0,0,0,0,0,0,0,0,0,0,32,32,24,14,5,3,18,13,0,9,22,0,17,104,42,215,0,0,0,0,0,0,0,0,0,0,0,0,0,0,0,0,0,0,3,0,0,0,3,0,0,4,0,12,0,0,0,0,3,0,0,0,3,0,0,4,0,12,19,10,9,3,10,13,0,10,15,0,11,93,13,164,0,0,0,0,0,0,0,0,0,0,0,3,31,28,24,14,5,3,18,13,0,9,22,0,17,107,38,209
LGA52450,10,4,13,5,0,45,94,119,29,0,55,42,7,18,73,4,75,766,32,1150,0,0,0,0,0,0,0,0,0,0,0,8,93,103,114,125,39,4,64,50,16,29,85,9,88,777,126,1302,0,0,0,0,0,0,0,0,0,0,0,4,0,4,4,0,0,0,6,6,0,0,3,0,0,16,0,28,4,0,0,0,6,6,0,0,3,0,0,14,0,29,105,104,32,0,57,46,10,26,77,7,69,559,22,922,5,0,0,0,0,3,0,0,0,0,0,4,74,86,114,109,39,4,68,50,16,29,78,9,68,580,99,1039
LGA52520,8,3,10,0,0,47,61,94,28,0,46,32,12,15,71,12,59,766,49,1111,0,0,0,0,0,0,0,0,0,0,0,8,209,224,76,97,36,0,60,37,10,19,82,11,75,773,258,1379,0,0,0,0,0,0,0,0,0,0,0,0,0,0,0,0,0,0,3,0,0,0,0,0,3,7,0,18,0,0,0,0,3,0,0,0,0,0,3,7,0,18,66,81,36,0,58,27,9,17,75,11,60,536,42,880,0,0,0,0,0,0,0,0,0,0,0,8,165,179,76,82,36,0,60,33,10,19,79,11,64,555,204,1081
LGA52590,38,8,56,11,4,135,327,212,117,5,152,137,15,66,215,19,139,1820,98,2876,4,0,0,0,0,0,0,0,0,0,0,23,311,340,394,228,135,14,174,163,28,73,257,31,199,1855,413,3355,0,0,0,0,0,0,0,0,0,0,0,0,0,0,31,6,8,0,11,24,0,9,17,3,12,43,7,107,33,6,8,0,11,24,0,9,17,3,12,43,7,110,354,200,116,14,160,140,26,70,223,30,170,1402,84,2464,0,0,3,0,6,0,0,0,4,0,0,14,287,313,393,211,131,14,174,164,28,73,239,31,178,1464,374,2885
LGA52660,210,57,278,89,15,770,1249,1161,363,13,615,401,83,197,1198,83,837,8165,548,13032,11,12,0,0,3,4,0,0,10,0,10,76,778,891,1510,1277,460,88,748,540,126,281,1422,140,1121,8325,1336,14686,0,0,0,0,0,0,0,0,0,0,0,8,0,9,79,33,38,9,55,59,10,21,52,10,46,123,10,359,78,33,38,9,55,59,10,21,52,16,46,127,10,371,1406,994,414,75,677,459,110,251,1288,129,942,5817,436,10584,23,10,0,4,15,19,0,8,11,0,5,35,653,748,1509,1035,452,88,744,537,122,277,1356,140,1001,5983,1103,11691
LGA52730,94,16,128,24,4,299,640,447,222,11,234,223,28,108,471,27,365,3343,198,5407,9,0,4,0,4,5,0,0,0,0,3,44,543,599,740,494,253,39,278,255,40,140,570,46,496,3414,745,6310,0,0,0,0,0,0,0,0,0,0,0,3,0,3,43,11,20,0,22,23,3,9,18,9,29,70,9,179,43,11,20,0,22,23,3,9,18,9,29,71,9,185,697,419,231,41,255,233,37,132,522,38,432,2467,172,4569,5,7,0,0,3,0,0,0,4,0,0,29,426,471,740,437,253,39,278,255,38,141,545,46,463,2574,605,5225
LGA52800,28,17,81,38,10,247,167,240,61,3,317,132,47,35,179,13,200,4117,270,5415,3,4,4,0,11,8,5,0,3,0,3,102,1279,1411,215,269,81,37,399,174,86,50,212,36,288,4258,1554,7075,0,0,0,0,0,0,0,0,0,0,0,12,0,9,10,4,0,4,6,3,0,3,11,0,6,57,3,97,10,3,0,4,6,3,0,3,11,0,4,62,3,108,199,235,78,34,380,159,78,43,184,35,247,2998,155,4285,0,6,4,0,10,0,3,0,6,0,0,39,1014,1071,215,238,81,37,398,170,86,50,204,36,259,3097,1174,5466
LGA52870,102,27,127,27,9,331,581,398,180,13,255,222,30,85,454,48,350,3451,171,5441,0,0,3,0,0,0,0,0,6,0,0,23,346,383,709,441,206,45,304,290,45,124,564,73,475,3497,517,6155,0,0,0,0,0,0,0,0,0,0,0,0,0,5,40,14,16,0,19,31,0,8,27,10,25,66,9,180,40,14,16,0,19,31,0,8,27,10,25,68,9,181,657,378,188,45,281,248,46,108,515,55,410,2564,142,4614,6,6,4,0,4,0,0,4,3,4,0,30,291,335,709,394,205,45,308,287,45,124,545,74,437,2658,440,5132
LGA52940,3,0,13,8,0,30,85,72,24,0,59,34,3,18,63,7,43,356,9,626,0,0,0,0,0,0,0,0,0,0,0,0,57,55,93,71,32,6,63,32,9,19,67,10,60,360,67,715,0,0,0,0,0,0,0,0,0,0,0,0,0,0,4,0,0,0,5,3,0,3,3,0,0,6,0,14,3,3,0,0,3,3,0,3,3,0,0,6,0,18,89,65,32,6,52,28,0,18,63,8,49,237,8,497,0,0,0,0,3,0,0,0,0,0,0,3,39,44,93,68,32,6,61,32,9,19,69,10,48,242,48,557
LGA53010,11,0,13,0,0,24,55,54,15,0,29,27,4,12,44,5,27,344,20,541,0,0,0,0,0,0,0,0,0,0,0,0,108,112,64,60,18,5,38,28,4,19,56,4,42,343,134,681,0,0,0,0,0,0,0,0,0,0,0,0,0,0,3,3,0,0,6,10,0,0,3,0,3,6,0,26,3,3,0,0,6,10,0,0,3,0,3,6,0,26,57,51,17,0,29,23,4,19,48,9,31,230,12,420,0,0,0,0,0,0,0,0,0,0,0,3,93,97,64,54,18,5,38,28,4,19,55,4,32,244,104,540
LGA53080,11,11,16,0,0,43,50,53,16,0,40,24,0,25,46,9,27,276,31,493,4,3,0,0,0,4,0,0,0,0,0,9,131,143,69,57,22,3,49,42,0,28,57,16,47,279,159,677,0,0,0,0,0,0,0,0,0,0,0,0,0,0,9,3,0,0,9,5,0,8,7,0,6,8,0,31,9,3,0,0,9,5,0,8,7,0,6,7,0,28,59,46,20,3,42,33,0,29,51,12,35,230,23,449,3,0,0,0,0,0,0,0,0,0,0,10,110,119,69,53,22,3,49,42,0,28,53,16,43,237,133,600
LGA53150,81,27,116,38,42,362,482,489,238,0,156,221,34,80,545,35,465,4715,272,7067,20,8,3,17,3,10,0,4,21,0,7,35,306,386,567,510,272,73,199,272,43,105,646,62,586,4792,617,7819,0,5,0,0,0,0,0,0,0,0,0,14,0,17,37,14,21,6,12,35,8,9,20,7,22,78,12,201,45,17,21,6,12,32,8,9,27,7,22,93,12,215,521,418,240,59,185,233,33,92,608,52,506,3548,252,5914,5,0,4,5,0,0,0,3,5,0,4,14,270,304,562,437,262,73,199,270,43,105,631,60,533,3649,531,6439
LGA53220,33,4,39,22,6,124,176,448,60,8,254,134,23,39,340,15,254,5659,236,7263,4,0,0,0,6,4,3,0,0,0,3,71,2283,2376,196,473,62,10,299,150,34,47,371,14,300,5751,2524,9760,0,0,0,0,0,0,0,0,0,0,0,9,0,16,14,10,0,0,8,7,0,3,12,0,14,106,9,157,14,12,0,0,11,7,3,3,12,0,9,110,10,170,182,393,65,10,282,140,35,33,339,11,254,4311,207,5823,3,4,0,0,7,3,0,0,3,0,0,66,2106,2188,196,411,62,10,296,150,37,41,355,14,266,4492,2329,8186
LGA53290,138,51,222,58,8,598,949,1063,321,11,546,454,86,186,885,58,569,7842,416,11844,13,11,11,0,3,0,0,4,11,0,5,65,1339,1440,1149,1145,411,92,652,558,110,249,1034,116,790,7968,1760,13883,0,0,0,0,0,0,0,0,0,0,0,3,0,3,62,21,28,5,44,46,5,23,30,8,29,92,7,268,62,19,28,5,44,46,5,23,30,8,29,97,7,276,1068,952,379,86,595,500,101,224,935,105,675,5745,314,9707,16,12,4,0,7,13,0,4,9,5,6,66,1065,1185,1147,982,408,92,652,557,111,248,987,116,708,5909,1386,11164
LGA53360,16,4,32,3,5,71,170,139,63,7,74,59,12,28,143,8,130,2013,80,2696,0,0,0,0,0,0,0,0,4,0,0,32,279,320,190,149,66,12,90,71,16,33,166,14,165,2045,367,3085,0,0,0,0,0,0,0,0,0,0,0,14,0,16,20,0,6,0,11,10,3,3,10,0,8,45,3,97,21,3,6,0,11,10,3,3,15,0,12,57,5,117,166,124,57,12,77,59,10,29,149,9,136,1511,67,2159,5,0,4,0,0,0,0,0,0,0,0,25,231,254,191,130,66,12,90,71,16,33,164,14,146,1593,298,2523
LGA53430,500,122,668,137,28,1598,2128,2085,889,47,882,914,164,402,2780,143,2055,18446,940,28243,24,23,10,5,11,11,4,7,20,6,20,138,1866,2093,2659,2298,1084,297,1098,1218,250,560,3304,273,2745,18721,2840,31930,11,0,0,0,0,0,0,0,9,0,8,138,10,171,123,35,52,11,62,105,16,36,83,18,77,262,18,624,136,36,54,11,64,105,16,36,94,24,86,398,29,795,2491,2030,1021,279,1015,1079,228,514,3084,242,2476,14499,832,24794,29,12,8,8,16,17,5,8,21,5,12,68,1623,1759,2659,2073,1086,297,1092,1211,252,556,3203,266,2579,14964,2485,27353
LGA53570,61,28,99,18,7,259,508,357,160,5,216,259,33,115,326,48,251,3131,172,4862,9,3,3,0,4,4,0,0,0,0,0,37,405,451,603,396,202,26,272,323,44,150,388,80,352,3188,582,5576,0,0,0,0,0,0,0,0,0,0,0,0,0,4,47,16,19,7,36,26,3,16,24,10,18,58,8,181,47,16,19,7,36,27,3,16,24,10,18,60,8,184,543,326,178,19,233,289,36,133,351,71,312,2443,157,4186,13,10,4,0,7,4,0,4,0,4,0,29,347,410,602,349,202,26,271,325,38,150,375,80,334,2538,510,4781
LGA53640,24,9,21,6,3,70,85,62,30,0,47,27,3,10,94,0,46,693,43,1040,0,0,0,0,0,0,0,0,7,0,0,10,94,107,103,73,37,8,63,40,10,21,118,12,66,706,148,1215,0,0,0,0,0,0,0,0,0,0,0,0,0,0,3,0,0,0,5,7,0,4,7,0,4,0,0,16,3,0,0,0,5,7,0,4,7,0,4,0,0,16,97,67,36,9,52,36,10,16,108,13,55,499,43,856,0,0,0,0,0,0,0,0,0,0,0,5,70,71,103,67,37,8,63,40,10,21,113,12,65,505,106,952
LGA53710,11,4,18,3,0,41,81,64,30,5,60,56,5,15,70,0,51,489,25,813,0,0,0,0,0,0,0,0,0,0,0,0,99,108,95,71,42,12,59,66,5,25,85,8,64,492,134,955,0,0,0,0,0,0,0,0,0,0,0,0,0,0,10,0,0,0,0,6,0,0,8,0,5,5,0,29,10,0,0,0,0,6,0,0,8,0,5,5,0,29,81,58,40,11,58,59,5,23,79,3,54,348,22,663,0,0,0,0,0,3,0,0,0,0,0,4,93,106,95,58,36,12,59,64,5,25,86,8,57,363,111,792
LGA53780,1576,448,2225,638,152,5987,6861,7973,2196,111,5741,3224,649,1403,7426,492,6806,78852,3589,112647,60,49,24,7,54,36,8,27,72,13,54,633,6853,7744,8651,8859,2767,625,6955,4297,1023,1983,9068,947,9085,80129,10596,126376,5,0,0,0,4,0,0,0,7,0,0,88,0,102,442,134,175,34,307,293,67,132,257,61,240,688,41,1847,443,133,175,34,309,295,67,132,264,61,242,772,45,1952,8092,7284,2533,520,6555,3906,902,1791,8306,858,7768,57326,2855,91708,102,48,37,69,58,57,12,17,62,14,48,430,5714,6447,8640,7472,2743,620,6920,4260,982,1948,8633,942,8059,58526,8618,100107
LGA53800,653,162,810,196,44,2136,2641,3071,993,45,1777,1206,316,573,2910,200,2063,21255,1403,33430,41,30,9,6,22,16,3,12,33,14,28,155,3639,3928,3389,3432,1252,374,2216,1652,475,816,3601,369,2897,21603,5090,39489,0,0,0,0,0,0,0,0,4,0,4,29,0,36,203,60,90,18,125,143,36,66,121,27,103,334,29,878,207,62,90,18,125,143,36,66,126,27,108,360,31,913,3100,2749,1126,284,2026,1471,423,714,3266,329,2397,15337,1120,27540,73,41,27,68,48,31,14,21,60,12,56,105,2872,3170,3379,2855,1246,374,2202,1641,470,802,3451,369,2563,15803,4029,31634
LGA53920,17,8,42,26,8,140,47,112,13,7,170,89,19,24,66,11,93,2160,325,2966,0,0,0,0,0,5,0,0,0,0,0,75,385,468,56,131,21,11,203,109,28,28,82,23,143,2264,725,3574,0,0,0,0,0,0,0,0,0,3,0,0,0,6,3,0,0,0,6,0,0,0,5,0,0,19,0,29,3,0,0,0,6,0,0,0,9,3,0,16,0,28,50,119,18,11,195,99,29,23,76,15,125,1571,161,2267,3,0,0,0,0,5,0,0,3,0,0,67,312,395,57,122,21,11,201,107,29,23,85,23,129,1652,481,2685
LGA53990,393,95,540,114,33,1319,2229,2177,750,34,1133,812,151,392,2126,130,1553,16704,1027,25776,25,10,9,0,21,15,0,3,15,6,16,116,1291,1479,2680,2383,896,142,1372,1037,225,526,2535,227,2108,16939,2348,28567,0,0,0,0,0,0,0,0,0,0,0,14,3,25,149,47,74,8,100,77,17,37,84,27,81,274,30,693,149,45,74,8,100,80,17,37,80,27,84,292,32,712,2495,1845,799,132,1252,935,192,473,2282,198,1730,11895,772,20642,27,13,15,0,9,21,5,9,6,7,15,94,1086,1249,2670,1908,893,142,1360,1032,214,522,2376,223,1827,12277,1897,22603
LGA54060,51,14,76,11,0,195,348,225,119,11,197,144,37,73,224,24,162,1909,115,3080,10,0,4,0,3,4,5,0,0,0,5,17,372,403,438,262,147,28,230,185,47,109,276,37,241,1936,490,3680,0,0,0,0,0,0,0,0,0,0,0,3,0,3,33,6,19,3,18,22,4,14,23,8,23,49,0,131,33,6,19,3,18,22,4,14,23,8,23,54,0,134,400,217,126,21,207,151,37,89,236,34,194,1450,101,2635,8,6,3,0,3,6,6,8,8,0,6,12,323,353,438,228,147,28,229,182,43,109,262,37,225,1510,421,3126
LGA54130,8,4,16,6,0,36,87,88,24,0,31,35,0,18,70,6,57,698,40,1024,0,0,0,0,0,0,0,0,0,0,0,5,105,106,95,92,24,4,40,44,6,21,75,5,67,701,140,1160,0,0,0,0,0,0,0,0,0,0,0,0,0,0,6,0,3,0,6,3,0,3,5,0,3,9,0,31,6,0,3,0,6,3,0,3,5,0,3,9,0,31,92,85,19,4,34,38,6,18,76,4,56,483,32,798,0,0,0,0,0,0,0,0,0,0,0,3,73,85,95,88,26,4,40,44,6,21,75,5,60,493,109,911
LGA54170,1628,476,2402,640,140,6213,11078,11162,4301,168,5178,4920,727,1683,10613,735,9918,99374,5117,148378,107,78,39,4,41,54,8,21,89,12,44,643,4444,5417,13042,11941,5022,999,6087,6035,1023,2212,12330,1217,12361,100657,9703,160003,27,17,0,0,6,4,0,0,27,5,22,237,6,322,769,243,339,76,383,521,74,184,482,95,470,1479,99,3628,790,262,346,76,387,525,71,190,506,98,487,1716,111,3953,12096,9919,4625,869,5590,5403,909,1971,11100,1091,10506,73820,4160,121717,119,53,30,58,47,58,13,21,55,21,98,326,3858,4488,13011,10229,5000,999,6026,5991,995,2178,11664,1218,11085,75865,8123,130156
LGA54200,713,227,1004,299,85,2752,4212,4128,1533,75,2429,1866,338,798,4267,326,3525,34889,1794,53384,65,47,22,34,55,41,9,28,89,11,28,231,2194,2632,5094,4511,1829,397,2925,2392,481,1066,5068,567,4560,35422,4067,58762,8,0,0,0,5,3,0,0,5,0,6,44,0,67,233,78,109,15,176,184,36,81,137,37,136,546,46,1308,241,77,115,14,176,183,36,81,140,37,142,593,43,1376,4789,3712,1685,339,2665,2148,421,939,4588,511,3914,25350,1459,43839,51,32,15,43,56,57,12,21,93,11,48,171,1822,2183,5082,3821,1821,397,2906,2390,469,1042,4818,564,4104,26110,3324,47399
LGA54280,251,62,350,124,20,908,1384,1767,448,10,1033,568,164,253,1643,106,1269,17897,998,25122,10,13,4,0,15,9,0,6,3,6,14,146,3078,3276,1646,1914,556,114,1240,721,245,363,1899,166,1629,18160,4091,29306,0,0,0,0,3,0,0,0,0,0,0,30,3,39,90,29,25,4,66,59,18,28,67,9,60,218,19,496,90,29,25,4,72,61,18,28,69,9,58,248,23,531,1529,1553,522,108,1146,643,218,325,1740,156,1372,12690,796,19658,15,17,0,0,10,4,8,0,18,4,10,119,2458,2626,1635,1593,552,114,1229,711,240,357,1833,166,1436,13053,3273,22815
LGA54310,88,19,128,67,13,332,559,1152,207,13,515,225,56,83,992,40,748,13826,643,18085,7,8,0,0,0,0,0,0,8,0,8,97,3650,3778,611,1201,229,30,566,255,77,104,1093,52,888,13998,4302,22199,11,0,0,0,0,0,0,0,3,0,3,56,4,76,36,22,11,0,24,14,4,9,43,3,26,236,15,377,40,22,12,0,24,14,0,9,52,3,29,292,17,450,569,954,214,16,524,227,63,86,962,45,700,9314,467,13078,4,13,3,3,13,5,5,3,9,10,9,87,2899,3026,612,992,227,24,563,243,73,100,1026,53,736,9691,3390,16560
LGA54340,33,13,64,18,6,208,338,275,85,7,199,111,30,43,277,26,193,2263,107,3418,4,0,0,0,0,4,0,0,3,0,3,44,373,430,420,301,106,32,244,151,39,63,322,43,259,2322,488,4057,0,0,0,0,0,0,0,0,0,0,0,0,4,4,24,3,13,0,8,12,6,0,15,0,9,19,0,72,24,3,13,0,8,12,6,0,15,0,9,24,3,78,386,250,87,31,227,133,41,49,286,40,212,1683,77,2859,12,7,3,5,6,3,0,5,9,5,9,31,274,336,418,264,106,32,244,151,39,57,317,43,237,1739,361,3271
LGA54410,37,8,63,5,0,130,124,110,28,3,51,47,11,25,63,4,54,529,28,886,0,0,0,0,0,0,0,0,0,0,0,5,115,128,170,134,36,26,72,76,15,40,99,13,114,541,145,1138,0,0,0,0,0,0,0,0,0,0,0,0,0,0,12,12,3,0,0,10,0,4,5,5,0,10,0,31,12,12,3,0,0,10,0,4,5,5,0,10,0,31,161,117,30,26,69,62,11,37,93,7,101,401,29,837,7,6,4,0,0,4,0,0,0,0,5,13,104,130,170,128,36,26,72,76,15,40,94,13,111,425,133,992
LGA54480,5,0,3,0,0,10,23,32,7,0,25,14,0,5,25,4,27,306,14,424,0,0,0,0,0,0,0,0,0,0,0,3,47,59,28,37,6,3,31,15,0,8,30,4,29,312,67,491,0,0,0,0,0,0,0,0,0,0,0,0,0,0,0,0,0,0,0,0,0,0,0,0,0,5,0,6,0,0,0,0,0,0,0,0,0,0,0,5,0,6,30,30,9,0,24,13,0,7,27,0,26,203,10,319,0,0,0,0,0,0,0,0,0,0,0,4,45,49,28,30,6,3,31,15,0,8,27,4,29,209,51,370
LGA54550,28,11,38,9,0,93,181,146,60,0,80,61,10,18,128,12,89,1031,76,1657,0,7,0,0,0,0,0,0,0,0,0,14,125,152,227,163,86,16,103,80,16,30,155,18,123,1052,204,1901,0,0,0,0,0,0,0,0,0,0,0,0,0,0,10,6,3,0,3,8,0,0,4,3,5,12,0,41,10,6,3,0,3,8,0,0,4,3,5,12,0,41,214,129,77,16,98,75,15,25,138,19,109,737,55,1368,3,0,0,0,3,0,0,0,0,0,0,7,112,127,227,133,86,16,101,80,16,30,145,18,114,758,168,1532
LGA54620,15,0,5,3,3,41,81,65,21,0,36,27,5,18,61,3,37,450,23,704,0,0,0,0,0,0,0,0,0,0,0,0,100,102,85,71,16,4,47,35,11,21,78,5,45,457,124,847,0,0,0,0,0,0,0,0,0,0,0,0,0,0,3,0,0,0,0,0,0,0,0,0,0,9,0,13,3,0,0,0,0,0,0,0,0,0,0,9,0,13,87,64,14,4,42,30,8,22,70,9,43,332,21,598,0,0,0,0,0,0,0,0,0,0,0,0,81,83,85,61,16,4,47,35,11,22,73,5,39,346,104,702
LGA54690,4,0,4,0,0,18,43,34,12,0,23,14,0,13,35,0,17,198,9,336,0,0,0,0,0,0,0,0,0,0,0,0,8,14,52,36,18,5,32,20,6,11,36,0,23,201,18,361,0,0,0,0,0,0,0,0,0,0,0,3,0,3,0,0,3,0,0,6,0,0,0,0,3,4,0,12,0,0,3,0,0,6,0,0,0,0,3,3,0,16,44,33,6,0,25,21,6,14,35,0,18,140,6,273,0,0,0,0,0,0,0,0,0,0,0,3,10,12,51,33,16,5,32,20,6,11,36,0,19,148,16,302
LGA54760,5,0,3,0,0,21,59,67,17,0,24,14,0,9,58,0,28,432,28,658,0,0,0,0,0,0,0,0,0,0,0,9,78,90,70,73,23,4,30,16,0,14,57,3,37,444,106,769,0,0,0,0,0,0,0,0,0,0,0,0,0,0,4,0,0,0,3,3,0,5,0,0,0,4,0,11,4,0,0,0,3,3,0,5,0,0,0,4,0,11,62,59,20,4,27,16,0,11,61,5,30,314,22,530,4,0,0,0,0,0,0,0,0,0,0,3,63,67,70,56,21,4,30,16,0,8,57,3,34,316,83,605
LGA54830,731,157,936,207,31,2175,2387,3375,661,33,1789,949,257,520,3695,157,2495,27218,1381,40003,34,31,3,0,20,19,4,5,27,3,25,208,3373,3687,3087,3739,861,207,2221,1316,358,755,4450,313,3453,27633,4785,45867,11,14,0,0,3,4,0,0,23,0,7,200,8,253,175,69,66,6,127,108,25,57,152,18,115,375,16,875,185,88,64,6,134,111,25,57,171,19,125,573,21,1131,2861,2950,781,192,2048,1177,314,675,4025,282,2893,18608,1032,31211,30,21,14,7,23,15,7,13,29,4,14,133,2893,3110,3076,3051,855,207,2202,1302,342,741,4226,314,3023,19316,3939,35457
LGA54900,3,0,10,3,0,26,81,81,30,0,52,31,3,12,69,4,41,813,36,1144,4,0,0,0,0,0,0,0,0,0,0,6,73,83,92,86,34,3,55,34,7,8,68,5,51,821,112,1265,0,0,0,0,0,0,0,0,0,0,0,0,0,0,9,0,3,0,0,3,0,0,3,0,0,3,0,20,9,0,3,0,0,3,0,0,3,0,0,3,0,20,84,72,29,3,55,31,7,8,67,5,36,600,27,917,0,0,0,0,0,0,0,0,0,0,0,7,73,79,92,74,33,3,55,34,7,8,66,5,43,603,98,1017
LGA54970,3,3,9,0,0,25,46,73,13,0,66,35,8,11,41,0,42,585,25,839,0,0,0,0,0,0,0,0,0,0,0,8,461,470,46,82,16,3,82,43,10,22,47,3,50,595,491,1333,0,0,0,0,0,0,0,0,0,0,0,0,0,4,3,3,6,0,7,3,0,0,6,0,3,10,0,22,3,3,6,0,4,3,0,5,6,0,3,15,0,26,44,71,12,3,76,40,9,18,37,4,41,482,23,722,0,0,0,0,0,0,0,0,0,0,0,4,438,447,46,74,16,3,82,38,10,22,47,3,41,500,461,1197
LGA55040,8,3,7,0,0,30,50,94,16,0,36,18,7,14,69,7,44,757,46,1048,0,0,0,0,0,0,0,0,0,0,0,10,494,505,56,100,13,6,48,27,8,14,81,9,54,767,542,1588,0,0,0,0,0,0,0,0,0,0,0,0,0,0,4,4,0,0,3,0,4,3,3,0,4,12,0,25,4,4,0,0,3,0,4,3,3,0,4,12,0,25,50,82,15,4,44,23,10,7,72,6,44,568,38,848,0,0,0,0,0,0,0,0,0,0,0,5,445,454,57,84,13,6,48,27,8,12,72,9,46,589,489,1324
LGA55110,1814,527,2219,427,137,5954,8590,6531,2906,132,4195,3685,675,1619,7025,682,5477,48201,3151,78949,124,69,51,21,59,70,12,29,61,23,70,330,4757,5406,10954,7453,3694,753,5275,5018,1052,2412,8896,1235,7770,48956,8049,90306,14,11,5,0,6,3,3,0,22,0,11,104,3,163,881,231,407,88,527,639,127,258,487,135,442,1024,87,3222,894,245,410,88,532,639,132,262,510,135,456,1129,97,3380,9866,6108,3215,616,4649,4268,893,2077,7910,1059,6473,35223,2527,66519,167,74,52,55,76,95,15,54,112,35,79,274,4059,4728,10933,6423,3677,753,5251,4998,1034,2388,8530,1227,7009,36632,6684,74628
LGA55180,174,32,230,49,13,584,771,620,253,9,363,310,42,139,691,61,475,4970,272,7808,11,3,7,0,11,5,0,0,13,0,9,51,625,707,982,714,312,81,491,411,70,192,869,89,714,5070,903,9093,0,0,0,0,0,0,0,0,0,0,0,7,0,7,56,18,22,3,37,38,0,18,36,8,37,69,12,231,63,18,22,3,37,38,0,18,37,8,37,74,12,239,897,581,293,74,442,360,62,168,796,85,627,3784,228,6766,28,13,0,7,12,14,3,3,19,8,12,35,530,607,982,613,310,81,492,411,70,193,852,89,671,3892,763,7617
LGA55250,0,3,9,0,0,16,35,48,13,4,65,48,5,10,54,4,37,643,29,889,4,3,0,0,0,0,0,0,0,0,0,5,285,295,43,56,16,5,75,51,11,22,53,6,40,650,315,1200,0,0,0,0,0,0,0,0,0,0,0,0,0,0,0,0,0,0,0,6,0,0,0,0,0,5,0,20,0,0,0,0,0,6,0,0,0,0,0,4,0,17,43,56,15,9,67,39,11,15,46,10,31,492,21,724,0,0,0,0,3,3,0,0,0,4,0,12,263,283,43,54,16,5,72,50,11,22,52,6,36,515,287,1028
LGA55320,1066,359,1783,493,113,4868,6296,6188,2749,131,3260,3225,499,966,6472,472,6418,64915,2835,94713,68,48,23,32,35,48,4,13,70,11,60,464,3213,3944,7847,6689,3314,969,3959,4160,733,1391,7608,846,8259,65863,6170,103523,5,9,6,0,5,3,0,0,6,0,7,143,3,185,469,134,260,52,248,377,64,135,280,78,286,920,61,2336,473,142,263,52,254,377,64,135,286,78,295,1064,63,2516,7213,5643,2999,764,3625,3671,645,1216,6919,736,7057,49412,2393,79686,130,34,33,152,49,89,19,22,87,27,146,251,2792,3404,7823,5824,3294,973,3931,4140,729,1370,7295,841,7500,50721,5252,85614
LGA55390,0,0,6,5,0,13,18,23,5,0,20,6,0,6,19,0,15,264,13,358,0,0,0,0,0,0,0,0,0,0,0,0,153,153,23,23,5,0,23,6,0,9,18,0,21,269,160,524,0,0,0,0,0,0,0,0,0,0,0,0,0,0,0,0,0,0,0,0,0,0,0,0,0,3,0,10,0,0,0,0,0,0,0,0,0,0,0,3,0,10,22,20,5,0,22,9,0,9,16,0,21,225,10,325,0,4,0,0,0,0,0,0,0,0,0,6,149,161,23,23,5,0,23,6,0,9,18,0,21,236,160,492
LGA55460,48,18,59,13,0,177,236,241,70,0,143,102,16,50,211,12,139,1659,87,2575,3,0,0,0,0,0,0,0,4,0,0,14,341,365,308,280,95,20,173,131,32,76,266,30,199,1692,431,3119,0,0,0,0,0,0,0,0,0,0,0,3,0,3,16,10,4,6,9,16,0,11,7,0,12,24,4,78,16,10,4,6,9,16,0,11,7,0,12,26,4,82,285,227,86,21,160,114,28,62,245,30,167,1195,64,2139,4,3,0,0,0,0,0,0,8,0,0,13,287,313,308,246,96,20,173,131,32,68,263,31,179,1237,355,2528
LGA55530,3,0,4,3,0,12,29,27,8,0,22,12,0,5,11,0,15,216,16,333,0,0,0,0,0,0,0,0,0,0,0,0,60,65,34,27,9,0,23,14,7,4,15,3,27,224,74,407,0,0,0,0,0,0,0,0,0,0,0,0,0,0,4,0,3,0,0,0,0,0,0,0,4,8,0,9,4,0,3,0,0,0,0,0,0,0,4,8,0,9,34,22,10,0,21,16,0,5,13,3,22,146,15,260,0,0,0,0,5,0,0,0,0,0,0,3,56,59,34,26,9,0,23,14,7,4,15,3,27,151,69,331
LGA55600,30,7,27,7,5,107,172,186,51,4,101,84,17,26,146,22,98,1202,66,1895,4,4,0,0,0,0,0,0,5,0,0,23,253,290,210,197,64,24,123,105,23,38,184,26,127,1233,323,2292,0,0,0,0,0,0,0,0,0,0,0,0,0,0,5,4,0,0,16,7,0,4,6,3,4,16,3,53,5,4,0,0,16,7,0,4,6,3,4,16,3,53,195,160,57,22,108,93,25,32,165,24,106,884,53,1575,4,0,3,4,0,5,0,0,5,0,0,13,202,228,205,168,64,24,118,105,23,38,174,26,113,911,264,1851
LGA55670,9,0,8,0,0,33,49,47,17,0,33,15,7,3,34,10,30,300,20,494,0,0,0,0,0,0,0,0,0,0,0,9,125,136,60,58,20,10,39,26,16,7,45,10,45,310,151,660,0,0,0,0,0,0,0,0,0,0,0,0,0,0,4,4,0,0,0,0,0,0,4,0,0,4,0,16,4,4,0,0,0,0,0,0,4,0,0,4,0,16,55,46,16,10,36,23,11,7,38,10,43,210,16,398,0,0,0,0,0,0,0,0,0,0,0,9,92,98,60,51,19,10,39,30,16,7,40,10,43,222,108,506
LGA55740,124,39,178,38,9,403,512,510,261,10,191,263,28,81,605,57,480,5815,253,8254,9,3,5,0,4,5,0,0,4,0,5,37,444,511,614,552,314,87,251,345,43,123,738,94,664,5892,712,9169,0,0,0,0,0,0,0,0,0,0,0,19,0,22,29,5,20,0,13,35,5,16,14,13,27,66,3,161,25,5,20,0,14,35,5,16,14,13,26,81,3,187,572,495,291,83,226,302,40,110,689,82,588,4458,223,7004,6,0,5,0,0,6,0,0,3,0,3,22,391,438,606,502,315,87,243,345,43,123,702,94,618,4565,617,7622
LGA55810,7,4,10,0,0,23,31,25,9,0,20,16,9,16,30,0,17,197,12,314,0,0,0,0,0,0,0,0,0,0,0,0,315,311,32,29,15,5,25,20,13,20,37,9,24,199,322,653,0,0,0,0,0,0,0,0,0,0,0,0,0,0,8,0,3,0,3,3,0,0,3,4,0,4,0,18,5,0,0,0,4,6,3,5,7,3,0,4,0,16,31,26,13,0,15,16,8,14,30,4,14,157,9,265,0,0,0,0,0,0,0,0,0,0,0,5,245,247,32,27,15,5,25,20,13,20,35,9,13,157,252,531
LGA55880,12,0,9,0,0,31,31,41,14,0,23,21,0,0,27,3,17,246,17,386,0,0,0,0,0,0,0,0,0,0,0,0,39,44,40,48,18,4,25,28,0,8,36,3,25,249,53,459,0,0,0,0,0,0,0,0,0,0,0,0,0,0,5,0,0,0,0,3,0,0,0,0,0,3,0,12,5,0,0,0,0,3,0,0,0,0,0,3,0,12,34,42,15,4,27,27,0,8,38,0,23,181,11,332,0,0,0,0,0,0,0,0,0,0,0,0,35,39,40,45,20,4,27,28,0,8,36,3,23,187,48,385
LGA55950,7,3,10,0,0,20,38,52,6,0,18,17,0,7,36,0,40,324,15,489,0,0,0,0,0,0,0,0,0,0,0,6,67,73,44,54,6,0,27,21,0,12,41,4,51,330,82,579,0,0,0,0,0,0,0,0,0,0,0,0,0,0,0,0,0,0,0,0,0,0,0,0,3,10,0,9,0,0,0,0,0,0,0,0,0,0,3,10,0,9,41,52,7,0,20,17,0,11,38,4,42,233,14,397,0,0,0,0,0,0,0,0,0,0,0,0,53,49,44,53,6,0,27,21,0,12,38,4,42,233,65,459
LGA56090,450,155,676,190,27,1731,2988,2874,1117,44,1414,1254,201,559,2979,198,2508,21279,1206,33730,38,26,23,53,18,27,8,8,54,4,99,151,3381,3705,3532,3132,1357,277,1679,1583,296,739,3479,360,3283,21620,4615,39166,6,0,0,0,0,0,0,0,7,0,0,31,3,44,238,91,98,7,112,146,25,82,130,28,142,429,42,1077,241,91,98,7,116,146,25,88,139,28,138,457,43,1118,3230,2597,1229,182,1509,1392,251,627,3109,315,2698,15810,982,28041,56,31,30,84,41,37,17,21,68,11,128,92,3153,3467,3528,2715,1352,277,1658,1576,290,730,3316,361,2963,16362,4179,32630
LGA56160,0,0,0,0,0,6,0,8,0,0,3,0,0,0,6,0,5,58,7,84,0,0,0,0,0,0,0,0,0,0,0,5,7,11,0,10,7,0,3,0,0,0,9,0,5,61,14,101,0,0,0,0,0,0,0,0,0,0,0,0,0,0,0,0,0,0,0,0,0,0,0,0,0,0,0,0,0,0,0,0,0,0,0,0,0,0,0,0,0,0,0,7,7,0,3,0,0,0,7,0,5,40,0,68,0,0,0,0,0,0,0,0,0,0,0,0,6,6,0,7,7,0,3,0,0,0,7,0,5,38,6,72
LGA56230,310,95,415,92,86,1153,1709,1389,603,25,818,673,149,385,1481,128,1054,9342,645,15595,20,5,8,0,8,6,3,3,15,5,11,86,1185,1315,2097,1555,776,84,1035,878,210,538,1803,222,1480,9524,1912,18068,0,0,0,0,0,0,0,0,0,0,3,27,0,37,171,56,93,11,99,109,31,55,126,31,100,224,16,668,172,55,93,11,96,110,31,55,130,31,97,245,16,705,1905,1262,668,70,910,751,181,463,1549,188,1200,6745,510,12924,23,14,9,0,13,12,0,9,13,0,11,46,1061,1159,2097,1335,770,80,1028,873,209,530,1691,221,1309,7039,1585,14791
LGA56300,29,3,31,3,0,72,168,113,53,5,69,67,8,30,130,16,88,727,54,1264,6,0,0,0,0,0,0,0,0,0,0,8,187,210,196,124,60,5,78,81,11,41,153,22,119,743,242,1538,0,0,0,0,0,0,0,0,0,0,0,0,0,0,20,9,3,0,9,12,0,6,12,3,4,29,5,68,20,8,3,0,9,12,0,6,12,3,4,32,5,71,171,102,57,8,72,69,10,29,131,15,103,566,41,1089,5,5,0,0,0,0,0,0,5,0,0,6,153,173,196,115,60,5,78,81,11,41,151,22,116,599,198,1330
LGA56370,5,3,7,0,0,26,65,58,22,4,29,25,5,18,43,4,25,412,27,641,0,0,0,0,0,0,0,0,0,0,0,4,115,124,73,65,27,8,32,27,7,15,50,11,28,421,143,787,0,0,0,0,0,0,0,0,0,0,0,0,0,0,7,0,0,0,4,8,0,4,4,0,0,9,0,22,7,0,0,0,4,8,0,4,4,0,0,9,0,22,66,56,24,8,31,19,7,10,40,9,27,287,16,508,3,0,0,0,0,0,0,0,0,0,0,0,104,105,73,59,27,8,32,27,7,14,45,11,26,303,120,641
LGA56460,110,29,157,17,6,307,383,314,91,12,194,179,21,62,362,30,253,2536,181,3993,0,3,0,0,3,6,0,3,6,0,4,29,434,479,505,375,130,71,259,257,39,109,473,52,408,2587,613,4779,0,0,0,0,0,0,0,0,0,0,0,4,0,6,18,4,7,0,12,21,4,6,10,0,10,35,0,89,18,4,7,0,12,22,4,6,10,0,10,37,0,87,456,333,112,48,234,206,33,96,415,44,335,1890,144,3437,34,5,8,22,12,25,6,5,36,15,44,23,342,425,507,344,130,67,261,253,39,106,455,52,391,1954,490,3953
LGA56580,185,64,341,89,15,826,1318,1390,702,18,526,746,97,157,1267,100,1415,14182,611,20581,11,7,4,0,3,7,0,0,5,3,11,83,615,728,1549,1466,803,149,637,912,138,219,1458,163,1765,14348,1237,22132,14,9,3,0,0,0,0,0,18,3,7,163,7,214,62,33,48,6,34,75,6,11,28,11,46,177,14,421,82,37,48,6,35,78,6,11,50,17,54,348,20,637,1446,1213,737,136,589,810,122,198,1323,146,1499,10415,486,16668,10,6,7,7,10,15,4,0,14,5,7,41,544,635,1540,1256,798,149,633,907,133,215,1382,166,1564,10798,1052,17937
LGA56620,5,4,32,3,0,64,0,41,6,0,88,53,18,6,29,4,58,830,79,1124,0,0,0,0,5,4,0,0,0,0,0,63,94,167,8,46,4,16,131,76,38,14,37,5,90,894,170,1358,0,0,0,0,0,0,0,0,0,0,0,0,0,0,0,0,0,0,0,0,0,0,0,0,0,3,0,5,0,0,0,0,0,0,0,0,0,0,0,3,0,5,6,46,3,16,118,69,28,14,29,5,78,618,33,915,0,0,0,0,6,0,5,0,0,0,4,45,95,142,8,46,3,16,131,74,37,14,35,5,84,661,127,1065
LGA56730,205,82,245,56,21,717,954,840,309,16,594,418,89,182,894,67,623,5530,350,9214,9,13,5,0,12,6,3,8,6,0,10,37,1354,1427,1216,972,383,73,753,562,131,270,1106,155,874,5629,1725,11358,0,0,0,0,0,0,0,0,5,0,0,7,0,6,62,23,24,9,67,59,7,19,45,10,34,108,12,311,62,30,24,9,67,59,7,19,46,10,30,110,12,320,1139,802,350,68,673,491,126,240,1006,131,739,3990,278,7772,15,6,3,0,10,9,0,9,3,5,13,32,1129,1201,1215,837,381,73,743,556,132,269,1059,149,785,4131,1415,9299
LGA56790,49,12,65,10,6,192,291,199,80,9,159,122,27,59,166,21,147,1602,131,2602,4,0,0,0,4,3,0,0,0,0,0,11,412,434,368,222,111,20,190,159,37,80,215,38,213,1623,549,3227,0,0,0,0,0,0,0,0,0,0,0,4,0,6,21,9,8,0,12,19,3,4,8,6,14,33,0,92,25,9,8,0,12,19,3,4,8,6,14,33,0,95,336,184,99,23,170,137,36,71,196,33,183,1234,116,2272,10,3,3,0,9,0,0,3,3,0,3,10,346,377,368,200,111,20,190,157,37,80,215,40,201,1279,459,2744
LGA56860,3,0,4,0,0,15,16,15,15,3,11,7,5,3,23,3,11,109,19,185,0,0,0,0,0,0,0,0,0,0,0,0,47,50,24,17,16,3,19,13,5,8,27,7,15,107,64,255,0,0,0,0,0,0,0,0,0,0,0,0,0,0,0,0,0,0,0,4,0,0,5,0,0,0,0,8,0,0,0,0,0,4,0,0,5,0,0,0,0,8,24,16,12,3,13,10,4,12,20,7,14,78,10,153,0,0,0,0,0,3,0,0,3,0,0,0,51,59,24,21,16,3,19,13,5,8,23,7,15,82,56,217
LGA56930,10,5,13,4,0,45,87,110,64,0,25,50,4,10,78,6,84,1035,68,1489,0,0,0,0,0,0,0,0,0,0,0,5,50,59,92,113,63,9,31,56,4,13,87,15,95,1050,118,1597,0,0,0,0,0,0,0,0,0,0,0,3,0,5,4,3,3,0,5,12,0,5,3,3,3,10,0,26,4,7,3,0,5,12,0,5,3,3,3,12,0,33,85,93,58,9,26,49,4,11,77,10,85,801,45,1238,0,0,0,0,0,0,0,0,0,0,0,4,53,56,92,95,63,9,31,56,4,13,80,15,88,816,100,1326
LGA57000,4,0,3,0,0,7,36,40,10,0,21,10,0,4,24,5,18,299,14,430,0,0,0,0,0,0,0,0,0,0,0,0,188,188,39,41,10,0,18,14,0,3,26,5,22,305,204,629,0,0,0,0,0,0,0,0,0,0,0,0,0,0,0,0,0,0,0,0,0,0,0,0,0,6,0,8,0,0,0,0,0,0,0,0,0,0,0,6,0,8,37,37,10,0,22,14,0,3,26,5,15,238,11,366,0,0,0,0,0,0,0,0,0,0,0,3,165,169,39,33,10,0,18,14,0,3,26,5,15,250,175,541
LGA57080,242,43,251,64,9,624,913,1526,487,15,597,534,100,172,2037,95,1355,18695,537,25048,11,15,0,0,9,10,0,0,17,0,17,103,2646,2799,1093,1622,551,92,689,622,136,236,2293,140,1623,18861,3195,28463,4,0,0,0,0,0,0,0,3,0,0,51,0,57,61,36,38,10,30,41,7,17,53,16,41,198,18,419,62,35,38,10,30,41,7,17,62,16,43,245,18,474,1029,1529,503,80,651,572,126,214,2215,130,1521,16804,512,23356,6,12,5,3,5,8,5,4,9,0,9,115,2483,2637,1093,1571,547,92,682,625,136,238,2281,140,1571,17159,3008,26472
LGA57140,25,7,23,16,0,77,104,82,40,3,62,55,3,26,86,5,55,500,46,909,0,0,0,0,0,0,0,0,0,0,0,0,52,48,129,93,48,7,68,62,13,31,113,13,82,512,99,1037,0,0,0,0,0,0,0,0,0,0,0,0,0,0,8,0,0,0,0,7,0,5,0,0,8,13,0,31,9,0,0,0,5,7,0,6,0,0,8,13,0,34,116,82,45,3,69,61,13,28,104,11,73,368,29,782,4,0,0,0,0,0,0,0,0,0,0,4,47,54,127,78,48,7,72,66,13,31,107,13,79,378,77,866
LGA57210,118,35,151,22,10,354,502,387,172,7,205,204,29,85,407,43,310,2718,152,4447,3,0,0,0,5,4,0,0,7,0,0,27,545,591,637,451,217,45,264,284,47,135,531,77,462,2759,704,5388,0,0,0,0,0,0,0,0,0,0,0,3,0,4,47,7,18,0,23,29,4,15,24,7,17,60,6,181,47,9,18,0,26,30,4,17,26,9,17,61,6,179,570,372,185,24,236,247,40,115,462,66,385,2002,140,3767,23,6,9,19,3,13,4,0,9,4,22,33,445,541,637,381,217,45,259,284,47,135,504,77,422,2099,592,4488
LGA57280,66,29,131,38,16,322,422,935,130,3,425,208,68,88,672,37,570,9699,509,12946,4,10,0,0,6,4,6,0,7,0,7,119,2261,2417,474,972,151,18,497,253,91,94,748,71,710,9855,2791,15684,0,0,0,0,0,0,0,0,0,0,0,26,0,27,19,9,12,0,18,10,4,4,21,4,22,104,7,195,21,9,12,0,19,10,4,4,20,4,23,130,8,222,444,788,137,17,459,233,84,86,687,64,552,6682,372,9644,3,7,3,0,11,5,0,0,3,0,0,89,1816,1937,471,803,146,18,486,247,92,87,710,74,575,6904,2196,11803
LGA57350,16,8,14,0,3,54,84,57,34,0,45,40,19,16,54,0,36,388,31,661,0,0,0,0,0,0,0,0,5,0,0,0,244,244,102,61,39,4,54,59,25,23,65,10,49,393,271,961,0,0,0,0,0,0,0,0,0,0,0,0,0,0,7,0,0,0,3,3,4,4,0,0,3,7,0,18,7,0,0,0,3,3,4,4,0,0,3,7,0,18,95,54,32,4,49,56,22,21,60,10,38,292,28,581,0,0,0,0,0,0,0,0,0,0,0,0,206,206,102,57,39,4,54,58,25,23,65,10,39,293,231,812
LGA57420,21,8,38,11,0,89,153,137,52,0,70,80,9,39,136,7,90,1203,59,1784,0,0,0,0,0,0,0,0,0,0,0,15,183,205,190,144,63,11,81,90,16,56,162,10,128,1232,239,2085,0,0,0,0,0,0,0,0,0,0,0,0,0,0,17,4,0,0,6,9,0,4,11,0,3,14,6,52,17,4,0,0,6,9,0,4,11,0,3,10,6,50,173,122,54,6,76,77,9,54,144,12,111,889,43,1465,0,0,0,0,0,3,0,0,0,0,0,12,159,175,190,127,60,11,80,92,14,55,157,10,116,914,203,1688
LGA57490,2140,465,2755,676,178,6912,9404,10436,3027,111,5140,3689,712,1838,11434,647,8123,78236,4465,120628,95,71,29,10,35,39,10,24,59,12,53,554,7307,8132,11659,11544,3820,639,6319,4832,1099,2650,13629,1126,10927,79465,11949,135678,139,88,20,0,28,24,4,5,197,6,137,1705,61,2242,1004,316,368,53,600,543,105,265,890,102,748,1895,136,4717,1142,404,387,57,625,561,102,275,1087,103,891,3600,195,6957,10380,8891,3352,548,5581,4178,953,2294,11593,1001,8570,52620,3253,92576,108,57,40,29,68,52,15,38,85,22,67,338,6064,6715,11631,9357,3777,634,6275,4791,1079,2603,12761,1120,9525,56558,9514,106248
LGA57630,0,0,0,0,0,3,11,5,0,0,9,9,0,5,4,0,0,41,3,67,0,0,0,0,0,0,0,0,0,0,0,0,41,41,12,5,0,0,9,10,0,5,4,0,0,43,38,109,0,0,0,0,0,0,0,0,0,0,0,0,0,0,0,0,0,0,0,3,0,0,0,0,0,0,0,4,0,0,0,0,0,3,0,0,0,0,0,0,0,4,7,5,0,0,8,9,0,5,0,0,0,41,3,65,0,0,0,0,0,0,0,0,0,0,0,0,41,41,12,5,0,0,9,10,0,5,4,0,0,46,38,113
LGA57700,311,80,455,147,17,1151,1714,2415,579,23,1113,707,132,339,2415,139,1728,19911,1010,29162,22,14,3,0,5,10,0,0,17,4,13,138,1665,1861,2053,2599,709,113,1285,897,185,449,2742,218,2190,20192,2691,32173,0,3,0,0,0,0,0,0,6,0,0,45,4,62,128,47,48,3,70,81,17,39,97,18,73,299,14,665,133,52,48,3,72,81,17,39,104,18,72,342,14,725,1902,1985,646,101,1195,796,164,388,2451,197,1792,13266,713,21891,15,14,7,3,6,13,5,6,12,3,10,100,1403,1542,2047,2052,701,113,1271,884,176,439,2571,218,1881,13711,2124,24159
LGA57770,10,0,12,0,6,33,56,56,25,0,44,30,0,13,56,7,32,577,31,831,0,0,0,0,0,0,0,0,0,0,0,8,161,166,68,59,32,0,46,41,0,15,66,8,46,583,198,1031,0,0,0,0,0,0,0,0,0,0,0,0,0,0,10,0,3,0,6,7,0,4,4,0,0,13,5,27,10,0,3,0,6,7,0,4,4,0,0,15,5,34,55,50,33,0,41,30,0,11,60,8,38,440,35,694,3,0,0,0,0,0,0,0,3,0,0,5,125,135,69,47,32,0,42,41,0,9,69,8,43,460,159,860
LGA57840,508,170,610,144,67,1826,2531,2764,1106,38,1240,1232,184,416,2876,183,2586,27141,1133,39352,26,19,17,10,12,26,8,3,26,7,24,177,1956,2233,3066,2955,1339,407,1516,1651,284,560,3416,357,3220,27459,3156,43405,0,3,0,0,0,0,0,0,4,0,3,68,0,79,147,55,86,28,80,133,15,41,86,23,105,331,18,786,147,57,86,28,80,130,15,41,96,23,108,394,18,865,2888,2632,1231,303,1414,1488,262,508,3194,329,2887,21702,1003,34339,30,9,10,73,16,17,6,10,23,6,16,78,1753,1973,3065,2696,1333,407,1509,1641,282,553,3305,351,3012,22180,2774,37180
LGA57910,2891,904,4039,1100,199,11031,12734,13869,5032,339,7054,5931,1032,2230,15104,926,12598,142906,6091,204030,167,120,61,69,94,81,21,33,133,35,126,1003,9736,11311,16267,15225,6266,1999,9016,8003,1662,3225,18123,1865,16760,145008,16023,226369,25,25,11,0,9,6,0,0,28,0,24,393,16,503,794,252,376,101,482,652,128,241,467,156,490,1535,112,3848,822,277,390,100,491,658,127,242,497,161,508,1928,132,4353,15198,13156,5772,1624,8383,7182,1458,2897,16883,1643,14784,110120,5033,174074,225,85,63,272,94,122,41,51,154,59,219,629,8311,9674,16242,13520,6223,2000,8969,7961,1627,3192,17529,1856,15519,112676,13476,188101
LGA57980,165,40,197,67,18,639,1051,1125,503,23,394,468,72,190,1317,94,1093,10759,410,15762,10,10,10,0,7,3,0,5,5,3,3,64,759,867,1232,1196,579,158,480,580,92,236,1495,139,1297,10895,1183,17267,0,0,0,0,0,0,0,0,3,0,4,39,3,54,62,20,45,6,23,44,5,6,40,14,43,148,8,362,64,20,46,6,23,50,7,6,48,14,45,190,14,412,1134,1023,517,92,440,513,80,221,1381,117,1150,8343,360,13312,30,13,13,57,14,17,8,13,29,11,17,34,675,809,1229,1051,571,158,475,576,89,238,1456,141,1211,8564,1043,14538
LGA58050,2065,473,2699,807,155,6998,8146,11021,2670,96,6044,3534,782,1548,10969,610,8467,94559,4852,137849,80,87,21,11,61,41,11,21,76,19,59,747,7082,8128,10155,12136,3321,767,7358,4693,1135,2207,13102,1106,11228,96117,12094,152974,10,3,0,0,8,4,0,0,23,0,14,249,12,313,526,212,199,53,418,354,58,151,414,81,370,1117,70,2725,536,220,197,53,425,363,56,151,435,81,377,1367,83,3037,9457,9823,3059,634,6803,4199,1025,1982,11901,989,9389,67332,3730,110097,126,55,39,82,86,86,15,27,94,27,89,467,5783,6609,10119,10104,3297,767,7311,4648,1104,2165,12430,1096,9855,69166,9596,119743
LGA58190,11,5,12,0,0,15,27,29,7,0,16,18,5,7,14,6,20,211,9,315,4,0,0,0,0,0,0,0,0,0,0,0,53,54,32,33,9,8,21,27,4,4,28,5,28,210,57,386,0,0,0,0,0,0,0,0,0,0,0,0,0,0,0,0,0,0,0,0,0,0,0,0,0,0,0,3,0,0,0,0,0,0,0,0,0,0,0,0,0,3,32,26,7,4,22,22,4,3,19,7,22,153,5,264,0,0,0,0,0,0,0,0,0,0,0,0,43,41,32,28,9,4,21,27,4,4,21,5,23,159,48,315
LGA58260,3,0,10,0,0,25,49,36,13,0,17,21,5,12,37,5,23,289,17,449,0,0,0,0,0,0,0,0,0,0,0,3,89,94,59,42,22,3,22,26,6,18,40,3,29,294,107,575,0,0,0,0,0,0,0,0,0,0,0,0,0,4,5,0,0,0,0,5,4,0,0,0,0,4,0,14,8,0,0,0,0,5,4,0,0,0,0,8,0,17,57,33,18,3,18,19,6,15,43,0,27,208,9,371,0,0,0,0,0,0,0,0,0,0,0,3,65,72,59,33,22,3,21,26,6,18,40,3,27,212,79,455
LGA58330,71,25,91,16,3,227,452,293,171,5,207,220,37,97,364,34,313,2252,132,3837,4,0,0,0,3,0,0,0,4,0,0,19,497,535,547,335,190,16,253,264,49,126,438,58,400,2290,637,4601,0,0,0,0,0,0,0,0,0,0,0,3,0,3,33,14,16,0,20,34,7,9,27,4,9,75,0,180,33,14,16,0,20,34,7,9,27,4,11,83,0,187,504,280,174,16,228,228,41,111,389,55,359,1730,124,3329,3,0,0,0,0,0,0,4,5,0,4,20,425,463,543,301,190,16,249,263,49,126,418,58,376,1832,551,3977
LGA58400,10,5,5,0,0,26,34,25,14,0,23,15,0,10,23,4,22,122,12,238,0,0,0,0,0,0,0,0,0,0,0,0,28,28,49,29,15,0,34,26,5,12,33,9,29,124,47,298,0,0,0,0,0,0,0,0,0,0,0,0,0,0,3,0,3,0,3,6,0,0,6,0,0,4,0,7,3,0,3,0,3,6,0,0,6,0,0,4,0,7,42,33,16,0,30,20,4,9,28,9,25,99,13,228,0,0,0,0,0,0,0,0,0,0,0,0,28,34,49,31,15,0,34,26,5,12,33,9,24,106,42,266
LGA58470,0,0,0,0,0,5,7,14,3,0,9,4,6,0,13,0,10,96,12,154,0,0,0,0,0,0,0,0,0,0,0,0,13,16,7,14,6,0,15,9,4,0,17,0,10,96,20,170,0,0,0,0,0,0,0,0,0,0,0,0,0,0,0,0,0,0,0,0,0,0,0,0,0,0,0,0,0,0,0,0,0,0,0,0,0,0,0,0,0,0,7,12,3,0,15,9,4,0,10,0,10,65,4,114,0,0,0,0,0,0,0,0,0,0,0,0,9,11,7,12,6,0,15,9,4,0,13,0,10,59,16,129
LGA58510,530,144,651,145,73,1747,1782,2254,746,30,1086,795,172,354,2908,144,2162,22767,855,32607,12,17,9,12,11,10,7,8,24,0,12,150,2302,2535,2305,2484,921,330,1396,1125,264,528,3459,286,2838,23058,3230,36889,3,0,0,0,0,0,0,0,3,0,0,39,0,51,117,42,64,15,83,97,23,48,74,22,90,304,26,681,118,44,63,15,83,97,23,48,73,22,90,344,26,728,2121,2230,832,151,1245,959,214,458,3189,238,2391,18191,772,28440,62,26,18,159,61,67,23,21,132,23,185,104,2094,2561,2297,2296,918,328,1393,1119,261,525,3400,285,2665,18638,2891,31730
LGA58540,3,4,10,4,0,33,67,60,17,0,44,25,5,10,47,6,30,425,27,667,0,0,0,0,0,0,0,0,0,0,0,6,94,101,81,66,24,0,49,35,6,14,50,4,43,437,122,802,0,0,0,0,0,0,0,0,0,0,0,0,0,0,4,0,0,0,0,0,0,0,0,0,0,4,0,16,4,0,0,0,0,0,0,0,0,0,0,4,0,17,72,54,23,3,47,35,6,11,42,4,38,327,24,576,0,0,0,0,0,0,0,0,0,0,0,4,72,79,81,54,24,0,49,35,6,11,44,4,42,336,102,670
LGA58570,396,100,437,143,28,1467,1521,2392,653,28,763,624,117,224,3272,105,2184,23179,942,33095,19,22,12,3,13,10,4,0,18,3,17,153,1755,1979,1957,2558,810,276,1034,881,167,324,3687,212,2644,23476,2732,36537,3,4,0,0,0,0,0,0,3,0,0,76,5,92,72,36,41,9,27,56,6,20,78,8,63,247,11,515,75,39,43,14,29,59,7,20,83,10,66,315,18,600,1855,2301,744,239,972,793,152,296,3498,199,2380,18550,808,28872,17,15,19,25,22,21,3,8,43,0,23,85,1609,1811,1952,2358,805,276,1022,873,163,323,3622,213,2468,18951,2435,31291
LGA58610,22,9,40,5,0,105,170,126,55,0,83,70,10,35,122,13,104,873,62,1457,0,6,0,0,0,0,0,0,0,0,0,9,178,201,220,143,67,10,98,90,14,42,142,21,144,883,245,1761,0,0,0,0,0,0,0,0,0,0,0,0,0,0,7,4,9,0,7,4,0,6,6,4,9,20,0,51,7,4,9,0,7,4,0,6,6,4,9,20,0,51,208,129,60,10,88,84,19,40,133,17,126,645,50,1266,4,3,0,0,5,0,0,0,3,0,0,6,154,170,220,131,67,10,98,90,14,42,140,21,133,675,204,1479
LGA58680,3,0,3,0,0,18,53,34,13,0,20,17,5,15,30,4,25,276,14,427,0,0,0,0,0,0,0,0,0,0,0,0,91,91,58,35,19,0,22,16,5,12,33,3,28,276,108,535,0,0,0,0,0,0,0,0,0,0,0,0,0,0,0,0,0,0,0,3,0,0,0,0,0,8,0,16,0,0,0,0,0,3,0,0,0,0,0,8,0,16,53,31,19,0,19,12,5,8,32,4,31,204,14,359,0,0,0,0,0,0,0,0,0,0,0,0,81,89,58,31,19,0,22,16,5,12,33,3,29,216,94,463
LGA58760,2678,621,3882,1014,224,9214,11386,14730,3781,175,7456,4843,1025,2134,14650,840,11674,131430,6805,190286,124,104,37,135,80,71,11,29,104,13,161,952,8052,9619,14039,16112,4736,1277,9001,6400,1478,2968,17433,1475,15721,133395,15084,209111,21,14,0,0,5,9,0,0,32,0,24,259,17,355,708,239,292,71,475,487,96,206,487,113,397,1365,98,3350,726,258,296,71,480,493,99,205,514,116,417,1616,117,3713,13074,12914,4321,955,8308,5701,1288,2651,15725,1298,13042,93782,5175,151411,201,95,74,247,133,153,39,64,192,48,295,565,6521,7874,14002,13263,4696,1273,8915,6342,1426,2916,16424,1462,13752,95972,11811,162994
LGA58820,69,19,102,15,8,242,407,304,133,6,196,150,25,59,306,27,223,2255,140,3630,4,0,4,0,3,0,0,0,0,0,5,23,325,357,525,343,167,15,241,199,45,85,378,44,324,2293,468,4234,0,0,0,0,0,0,0,0,0,0,0,0,0,4,44,13,11,0,18,19,4,16,17,6,16,41,3,131,38,13,11,0,18,19,4,16,16,6,16,41,3,140,480,278,150,9,222,173,34,70,335,35,284,1672,118,3071,6,0,0,0,3,8,0,0,5,0,0,25,282,322,525,290,165,15,242,193,41,84,360,44,302,1745,406,3533
LGA58890,9,0,8,0,0,22,70,58,19,0,33,30,6,11,34,13,26,419,23,649,0,0,0,0,0,0,0,0,0,0,0,0,101,100,85,62,20,5,37,35,7,17,43,14,34,419,124,773,0,0,0,0,0,0,0,0,0,0,0,0,0,0,0,0,0,0,0,0,0,0,6,0,3,4,0,14,0,0,0,0,0,0,0,0,6,0,3,4,0,14,84,52,17,5,35,36,4,21,37,7,32,326,19,558,0,0,0,0,0,0,0,0,0,0,0,0,67,66,85,52,23,5,37,35,4,21,43,13,32,333,81,636
LGA59030,0,0,11,0,0,8,19,15,5,0,6,9,4,6,22,4,10,137,3,212,0,0,0,0,0,0,0,0,0,0,0,0,26,28,21,15,5,0,13,9,3,11,23,0,15,141,34,248,0,0,0,0,0,0,0,0,0,0,0,0,0,0,0,0,0,0,0,0,0,3,0,0,0,0,0,6,0,0,0,0,0,0,0,3,0,0,0,0,0,6,18,9,5,0,8,7,3,9,21,0,15,99,0,177,0,0,0,0,0,0,0,0,0,0,0,3,23,25,21,15,5,0,13,9,3,7,22,0,15,101,22,203
LGA59100,9,0,7,0,0,30,62,33,17,0,23,16,0,11,32,3,30,348,38,564,0,0,0,0,0,0,0,0,0,0,0,0,100,103,72,44,17,0,31,24,5,13,40,5,41,347,139,690,0,0,0,0,0,0,0,0,0,0,0,0,0,0,3,0,0,0,0,0,0,5,3,0,5,8,5,21,3,0,0,0,0,0,0,5,3,0,5,6,5,19,69,34,18,0,27,24,3,16,36,5,31,234,23,443,0,0,0,0,0,0,0,0,0,0,0,0,91,89,72,40,22,0,31,24,5,13,40,5,38,245,111,552
LGA59170,12,4,11,3,0,33,83,59,30,0,28,25,6,17,55,0,43,612,21,873,0,0,0,0,0,0,0,0,0,0,0,4,102,110,99,70,36,4,31,29,10,18,65,6,55,619,127,1021,0,0,0,0,0,0,0,0,0,0,0,0,0,0,0,4,0,0,0,0,0,5,0,0,0,6,0,10,0,0,0,0,0,0,0,5,0,0,5,6,0,12,96,60,32,3,29,31,6,16,61,6,46,438,18,692,3,0,3,0,0,0,0,0,3,0,0,6,84,96,98,62,36,4,31,30,7,18,59,6,47,448,99,803
LGA59250,3,0,3,0,0,19,15,22,0,0,46,27,22,10,20,0,24,244,9,351,0,0,0,0,0,0,0,0,0,0,0,4,166,170,17,21,3,0,56,31,28,8,25,0,30,251,177,535,0,0,0,0,0,0,0,0,0,0,0,0,0,0,0,0,0,0,0,0,0,0,0,0,4,8,0,14,0,0,0,0,0,0,0,0,0,0,4,8,0,14,15,21,3,0,53,30,29,7,22,0,21,179,5,283,0,0,0,0,5,0,0,0,0,0,0,7,147,156,17,22,3,0,56,30,28,8,25,0,20,194,147,452
LGA59310,20,5,26,8,0,72,103,103,46,5,67,42,11,23,76,12,54,719,34,1126,0,0,0,0,0,0,0,0,0,0,0,3,89,95,123,113,49,5,76,52,14,37,99,18,78,729,124,1297,0,0,0,0,0,0,0,0,0,0,0,0,0,0,10,0,6,0,7,3,0,4,0,8,3,10,4,34,10,0,6,0,7,3,0,4,0,8,3,10,4,34,110,90,47,5,71,52,15,34,95,12,70,526,19,939,0,0,0,0,0,0,0,0,0,0,0,4,80,86,123,96,49,5,76,52,15,37,96,18,72,543,99,1058
LGA59320,5,0,6,0,0,16,53,29,16,0,24,30,9,5,47,0,37,226,12,386,0,0,0,0,0,0,0,0,0,0,0,0,42,50,55,32,20,4,27,28,9,12,56,0,47,230,55,448,0,0,0,0,0,0,0,0,0,0,0,0,0,0,0,0,0,0,3,0,0,0,0,0,0,3,0,3,0,0,0,0,3,0,0,0,0,0,0,5,0,7,51,28,19,4,22,31,7,12,44,0,36,149,10,303,6,0,0,0,0,0,0,0,0,0,0,0,39,44,55,28,20,4,27,28,7,12,48,0,36,158,46,357
LGA59330,5,0,10,4,0,28,63,43,21,0,34,35,4,18,44,3,35,204,13,399,0,0,0,0,0,0,0,0,0,0,0,0,45,45,76,52,24,0,47,49,4,21,48,5,47,205,58,470,0,0,0,0,0,0,0,0,0,0,0,0,0,0,5,6,4,0,9,5,0,3,4,0,4,0,0,16,5,6,4,0,9,5,0,3,4,0,4,0,0,16,66,43,22,0,38,45,3,21,43,5,39,156,9,346,0,0,0,0,0,0,0,0,0,0,0,0,43,42,76,48,24,0,47,49,4,21,48,5,45,156,51,409
LGA59340,24,9,52,30,28,193,218,366,74,8,268,139,52,65,259,10,256,4379,278,5942,4,8,0,0,10,3,3,0,5,0,4,60,1258,1348,258,391,88,18,316,162,79,75,288,28,319,4472,1566,7477,0,0,0,0,0,0,0,0,0,0,0,10,0,17,12,4,0,0,10,7,5,8,9,0,9,63,6,106,12,6,0,0,10,7,5,8,9,0,11,76,6,119,244,332,86,15,304,147,73,67,263,25,269,3148,183,4613,3,4,0,0,0,0,0,0,10,0,0,52,963,1026,258,346,88,18,314,159,76,70,274,28,276,3272,1150,5761
LGA59350,0,0,4,0,0,3,0,10,4,0,21,0,3,0,10,0,5,132,11,182,0,0,0,0,0,0,0,0,0,0,0,0,149,152,10,10,4,0,21,3,3,0,10,0,5,128,158,340,0,0,0,0,0,0,0,0,0,0,0,0,0,0,0,0,0,0,0,0,0,0,0,0,0,8,0,3,0,0,0,0,0,0,0,0,0,0,0,8,0,3,5,10,4,0,21,3,3,0,10,0,5,106,6,157,0,0,0,0,0,0,0,0,0,0,0,5,147,147,10,10,4,0,21,3,3,0,10,0,5,109,154,313
LGA59360,15,0,16,4,0,38,80,74,32,3,52,38,6,18,67,4,46,601,36,928,0,0,0,0,0,0,0,0,0,0,0,8,203,210,103,80,33,4,59,45,13,27,80,3,65,609,233,1173,0,0,0,0,0,0,0,0,0,0,0,0,0,0,4,0,0,0,4,7,0,0,9,0,3,17,4,31,4,0,0,0,4,7,0,0,9,0,3,17,4,31,90,75,38,4,53,38,11,29,74,3,55,479,35,821,4,0,0,0,3,4,0,0,0,0,0,15,185,206,103,81,33,4,59,45,13,27,84,3,61,506,223,1055
LGA59370,41,12,61,15,8,197,371,247,152,12,197,189,34,76,252,18,212,1695,107,2966,3,9,6,0,0,0,0,6,0,0,0,11,269,295,449,282,183,51,233,232,55,96,290,36,275,1721,379,3459,0,0,0,0,0,0,0,0,0,0,0,0,0,0,31,8,27,6,18,28,3,13,21,9,24,41,9,148,31,8,27,6,18,28,3,13,21,9,24,41,9,154,414,237,150,49,209,202,46,84,256,27,234,1281,95,2552,10,0,5,5,9,0,0,4,5,0,3,12,230,258,449,248,185,51,227,232,55,93,278,36,255,1335,332,2964
LGA59499,114,7,113,21,0,236,341,337,114,0,164,147,25,74,557,31,313,2766,139,4327,0,0,5,0,0,0,5,0,16,5,9,12,3455,3492,399,371,130,11,198,185,33,103,688,40,430,2794,3591,8055,0,0,0,0,0,0,0,0,0,0,3,9,0,18,19,9,6,0,7,5,0,3,22,3,18,71,86,212,19,9,6,0,7,5,0,5,22,3,23,79,85,229,377,327,124,11,187,171,36,89,643,36,386,2165,1457,5149,3,3,0,0,0,3,0,0,12,3,0,29,1856,1902,399,337,130,11,201,183,33,96,678,40,412,2268,3403,7285
LGA59799,0,0,0,0,0,0,8,14,8,0,0,5,0,0,8,3,8,243,9,297,0,0,0,0,0,0,0,0,0,0,0,0,216,218,14,16,8,0,0,9,0,0,8,3,8,248,226,514,0,0,0,0,0,0,0,0,0,0,0,0,0,3,0,0,0,0,0,0,0,0,0,0,0,8,0,11,0,0,0,0,0,0,0,0,0,0,0,10,0,13,10,13,8,0,0,6,0,0,8,0,8,236,3,281,0,0,0,0,0,0,0,0,0,0,0,3,217,221,14,16,8,0,0,9,0,0,8,3,8,244,226,516
