LGA_CODE_2021,C15_17F_EO_M_O_E_T,C15_17F_EO_M_LPENS,C15_17F_EO_M_T,C15_17F_O_EVWW_M_EO,C15_17F_O_EVWW_M_O_EVWW,C15_17F_O_EVWW_M_O_ENWNA,C15_17F_O_EVWW_M_O_PENS,C15_17F_O_EVWW_M_O_E_T,C15_17F_O_EVWW_M_LPENS,C15_17F_O_EVWW_M_T,C15_17F_O_ENWNA_M_EO,C15_17F_O_ENWNA_M_O_EVWW,C15_17F_O_ENWNA_M_O_ENWNA,C15_17F_O_ENWNA_M_O_PENS,C15_17F_O_ENWNA_M_O_E_T,C15_17F_O_ENWNA_M_LPENS,C15_17F_O_ENWNA_M_T,C15_17F_O_PENS_M_EO,C15_17F_O_PENS_M_O_EVWW,C15_17F_O_PENS_M_O_ENWNA,C15_17F_O_PENS_M_O_PENS,C15_17F_O_PENS_M_O_E_T,C15_17F_O_PENS_M_LPENS,C15_17F_O_PENS_M_T,C15_17F_O_E_T_M_EO,C15_17F_O_E_T_M_O_EVWW,C15_17F_O_E_T_M_O_ENWNA,C15_17F_O_E_T_M_O_PENS,C15_17F_O_E_T_M_O_E_T,C15_17F_O_E_T_M_LPENS,C15_17F_O_E_T_M_T,C15_17F_LPENS_M_EO,C15_17F_LPENS_M_O_EVWW,C15_17F_LPENS_M_O_ENWNA,C15_17F_LPENS_M_O_PENS,C15_17F_LPENS_M_O_E_T,C15_17F_LPENS_M_LPENS,C15_17F_LPENS_M_T,C15_17F_T_M_EO,C15_17F_T_M_O_EVWW,C15_17F_T_M_O_ENWNA,C15_17F_T_M_O_PENS,C15_17F_T_M_O_E_T,C15_17F_T_M_LPENS,C15_17F_T_M_T,C18_20F_EO_M_EO,C18_20F_EO_M_O_EVWW,C18_20F_EO_M_O_ENWNA,C18_20F_EO_M_O_PENS,C18_20F_EO_M_O_E_T,C18_20F_EO_M_LPENS,C18_20F_EO_M_T,C18_20F_O_EVWW_M_EO,C18_20F_O_EVWW_M_O_EVWW,C18_20F_O_EVWW_M_O_ENWNA,C18_20F_O_EVWW_M_O_PENS,C18_20F_O_EVWW_M_O_E_T,C18_20F_O_EVWW_M_LPENS,C18_20F_O_EVWW_M_T,C18_20F_O_ENWNA_M_EO,C18_20F_O_ENWNA_M_O_EVWW,C18_20F_O_ENWNA_M_O_ENWNA,C18_20F_O_ENWNA_M_O_PENS,C18_20F_O_ENWNA_M_O_E_T,C18_20F_O_ENWNA_M_LPENS,C18_20F_O_ENWNA_M_T,C18_20F_O_PENS_M_EO,C18_20F_O_PENS_M_O_EVWW,C18_20F_O_PENS_M_O_ENWNA,C18_20F_O_PENS_M_O_PENS,C18_20F_O_PENS_M_O_E_T,C18_20F_O_PENS_M_LPENS,C18_20F_O_PENS_M_T,C18_20F_O_E_T_M_EO,C18_20F_O_E_T_M_O_EVWW,C18_20F_O_E_T_M_O_ENWNA,C18_20F_O_E_T_M_O_PENS,C18_20F_O_E_T_M_O_E_T,C18_20F_O_E_T_M_LPENS,C18_20F_O_E_T_M_T,C18_20F_LPENS_M_EO,C18_20F_LPENS_M_O_EVWW,C18_20F_LPENS_M_O_ENWNA,C18_20F_LPENS_M_O_PENS,C18_20F_LPENS_M_O_E_T,C18_20F_LPENS_M_LPENS,C18_20F_LPENS_M_T,C18_20F_T_M_EO,C18_20F_T_M_O_EVWW,C18_20F_T_M_O_ENWNA,C18_20F_T_M_O_PENS,C18_20F_T_M_O_E_T,C18_20F_T_M_LPENS,C18_20F_T_M_T,C21_24F_EO_M_EO,C21_24F_EO_M_O_EVWW,C21_24F_EO_M_O_ENWNA,C21_24F_EO_M_O_PENS,C21_24F_EO_M_O_E_T,C21_24F_EO_M_LPENS,C21_24F_EO_M_T,C21_24F_O_EVWW_M_EO,C21_24F_O_EVWW_M_O_EVWW,C21_24F_O_EVWW_M_O_ENWNA,C21_24F_O_EVWW_M_O_PENS,C21_24F_O_EVWW_M_O_E_T,C21_24F_O_EVWW_M_LPENS,C21_24F_O_EVWW_M_T,C21_24F_O_ENWNA_M_EO,C21_24F_O_ENWNA_M_O_EVWW,C21_24F_O_ENWNA_M_O_ENWNA,C21_24F_O_ENWNA_M_O_PENS,C21_24F_O_ENWNA_M_O_E_T,C21_24F_O_ENWNA_M_LPENS,C21_24F_O_ENWNA_M_T,C21_24F_O_PENS_M_EO,C21_24F_O_PENS_M_O_EVWW,C21_24F_O_PENS_M_O_ENWNA,C21_24F_O_PENS_M_O_PENS,C21_24F_O_PENS_M_O_E_T,C21_24F_O_PENS_M_LPENS,C21_24F_O_PENS_M_T,C21_24F_O_E_T_M_EO,C21_24F_O_E_T_M_O_EVWW,C21_24F_O_E_T_M_O_ENWNA,C21_24F_O_E_T_M_O_PENS,C21_24F_O_E_T_M_O_E_T,C21_24F_O_E_T_M_LPENS,C21_24F_O_E_T_M_T,C21_24F_LPENS_M_EO,C21_24F_LPENS_M_O_EVWW,C21_24F_LPENS_M_O_ENWNA,C21_24F_LPENS_M_O_PENS,C21_24F_LPENS_M_O_E_T,C21_24F_LPENS_M_LPENS,C21_24F_LPENS_M_T,C21_24F_T_M_EO,C21_24F_T_M_O_EVWW,C21_24F_T_M_O_ENWNA,C21_24F_T_M_O_PENS,C21_24F_T_M_O_E_T,C21_24F_T_M_LPENS,C21_24F_T_M_T,TCF_EO_M_EO,TCF_EO_M_O_EVWW,TCF_EO_M_O_ENWNA,TCF_EO_M_O_PENS,TCF_EO_M_O_E_T,TCF_EO_M_LPENS,TCF_EO_M_T,TCF_O_EVWW_M_EO,TCF_O_EVWW_M_O_EVWW,TCF_O_EVWW_M_O_ENWNA,TCF_O_EVWW_M_O_PENS,TCF_O_EVWW_M_O_E_T,TCF_O_EVWW_M_LPENS,TCF_O_EVWW_M_T,TCF_O_ENWNA_M_EO,TCF_O_ENWNA_M_O_EVWW,TCF_O_ENWNA_M_O_ENWNA,TCF_O_ENWNA_M_O_PENS,TCF_O_ENWNA_M_O_E_T,TCF_O_ENWNA_M_LPENS,TCF_O_ENWNA_M_T,TCF_O_PENS_M_EO,TCF_O_PENS_M_O_EVWW,TCF_O_PENS_M_O_ENWNA,TCF_O_PENS_M_O_PENS,TCF_O_PENS_M_O_E_T,TCF_O_PENS_M_LPENS,TCF_O_PENS_M_T,TCF_O_E_T_M_EO,TCF_O_E_T_M_O_EVWW,TCF_O_E_T_M_O_ENWNA,TCF_O_E_T_M_O_PENS,TCF_O_E_T_M_O_E_T,TCF_O_E_T_M_LPENS,TCF_O_E_T_M_T,TCF_LPENS_M_EO,TCF_LPENS_M_O_EVWW,TCF_LPENS_M_O_ENWNA,TCF_LPENS_M_O_PENS,TCF_LPENS_M_O_E_T,TCF_LPENS_M_LPENS,TCF_LPENS_M_T,TCF_T_M_EO,TCF_T_M_O_EVWW,TCF_T_M_O_ENWNA,TCF_T_M_O_PENS,TCF_T_M_O_E_T,TCF_T_M_LPENS,TCF_T_M_T
LGA50080,9,0,698,21,59,0,0,64,0,85,0,3,10,0,8,0,8,0,0,0,0,0,0,0,21,64,10,0,75,0,95,0,0,0,0,0,0,0,707,74,10,0,80,0,794,71,0,0,0,0,0,71,0,11,0,0,11,0,9,0,0,9,0,9,0,9,0,0,0,0,0,0,0,0,11,9,0,18,0,18,0,0,0,0,0,0,0,79,11,9,0,18,0,90,3,0,0,0,0,0,3,0,5,0,0,5,0,6,0,0,0,0,0,0,0,0,0,0,0,0,0,0,0,6,0,0,6,0,7,0,0,0,0,0,0,0,4,6,0,0,6,0,18,4681,79,4,0,84,5,4765,159,408,5,0,414,0,574,0,10,69,0,83,0,86,0,0,0,0,0,0,0,158,423,75,0,495,0,659,12,0,0,0,0,10,18,4853,499,77,0,578,19,5440
LGA50210,26,0,1215,60,502,19,0,525,0,587,0,40,37,0,79,0,82,0,0,0,0,4,0,4,65,546,61,0,606,0,671,0,0,0,0,0,0,0,1257,574,60,0,631,0,1889,331,10,0,0,10,0,340,28,252,7,0,263,0,288,6,28,12,0,38,0,45,0,0,0,0,0,0,0,28,283,18,0,301,0,327,0,0,0,0,0,0,0,361,290,18,0,309,0,672,160,6,0,0,6,0,169,3,116,4,0,120,0,125,0,21,5,0,28,0,28,0,0,0,0,0,0,0,3,134,8,0,142,0,149,0,0,0,0,0,0,0,169,140,8,0,149,0,319,10286,334,5,11,346,8,10637,713,6363,145,4,6511,11,7234,16,411,249,6,662,0,679,0,7,0,4,8,0,8,728,6788,392,14,7193,11,7933,13,10,0,0,10,18,44,11025,7135,396,24,7552,30,18607
LGA50250,3,0,49,5,7,0,0,7,0,15,0,0,0,0,0,0,0,0,0,0,0,0,0,0,5,7,0,0,7,0,11,0,0,0,0,0,0,0,56,9,0,0,9,0,67,0,0,0,0,0,0,0,0,0,0,0,0,0,0,0,0,0,0,0,0,0,0,0,0,0,0,0,0,0,0,0,0,0,0,0,0,0,0,0,0,0,0,0,0,0,0,0,0,0,0,0,0,0,0,0,0,0,0,0,0,0,0,0,0,0,0,0,0,0,0,0,0,0,0,0,0,0,0,0,0,0,0,0,0,0,0,0,0,0,0,0,0,0,0,0,0,0,0,889,25,0,0,25,0,914,58,91,3,0,100,0,153,0,12,0,0,12,0,12,0,0,0,0,0,0,0,56,106,3,0,104,0,163,9,0,0,0,0,0,9,952,124,3,0,129,0,1082
LGA50280,5,3,268,8,11,0,0,11,0,23,0,0,0,0,0,0,0,0,0,0,0,0,0,0,8,11,0,0,16,0,28,0,0,0,0,0,0,0,270,19,0,0,22,3,298,14,0,0,0,0,0,14,0,0,0,0,0,0,3,0,0,0,0,0,0,0,0,0,0,0,0,0,0,0,0,0,0,0,0,3,0,0,0,0,0,0,0,20,0,0,0,0,0,21,6,0,0,0,0,0,7,0,0,0,0,0,0,0,0,0,0,0,0,0,0,0,0,0,0,0,0,0,0,0,0,0,0,0,0,0,0,0,0,0,0,0,6,0,0,0,0,0,7,2198,45,0,0,45,8,2255,95,167,5,0,169,0,264,8,14,10,0,20,0,26,0,3,0,0,4,0,4,102,174,12,0,187,0,293,3,0,0,0,0,12,11,2304,223,12,0,237,19,2554
LGA50350,3,0,224,12,16,4,0,21,0,35,0,0,0,0,0,0,4,0,0,0,0,0,0,0,13,19,4,0,25,0,33,0,0,0,0,0,0,0,230,27,4,0,27,0,259,94,0,0,0,0,0,97,3,17,0,0,17,0,22,0,3,0,0,6,0,6,0,0,0,0,0,0,0,3,21,0,0,24,0,30,0,0,0,0,0,0,0,97,22,0,0,26,0,129,53,0,0,0,0,0,53,9,0,0,0,4,0,9,0,4,0,0,4,0,4,0,0,0,0,0,0,0,9,3,0,0,4,0,13,0,0,0,0,0,0,0,57,3,0,0,4,0,64,1866,51,0,0,51,0,1914,162,305,7,0,319,0,480,3,20,12,0,35,0,38,0,0,0,0,0,0,0,164,331,17,0,347,0,518,0,0,0,0,0,0,0,2036,377,17,0,398,0,2431
LGA50420,24,0,756,65,246,18,0,261,0,328,3,34,43,0,82,0,86,0,0,0,0,0,0,0,70,277,65,0,339,0,414,0,0,0,0,0,0,0,801,303,65,0,367,0,1173,337,21,0,0,21,0,355,38,148,22,0,170,0,204,0,29,31,0,62,0,64,0,0,0,0,0,0,0,38,178,48,0,227,0,262,0,0,0,0,0,0,0,372,198,48,0,247,0,617,132,4,0,0,4,0,138,22,101,7,0,105,0,134,0,22,30,0,51,0,55,0,0,0,0,0,0,0,27,120,44,0,160,0,188,0,0,0,0,0,0,0,157,127,44,0,169,0,325,5991,329,0,0,329,0,6317,743,2576,143,5,2721,0,3462,20,338,252,0,592,0,613,0,0,0,0,0,0,0,761,2915,395,5,3316,0,4075,7,5,0,0,5,7,21,6758,3243,395,5,3641,10,10413
LGA50490,18,0,313,26,202,0,0,210,0,228,0,26,19,0,42,0,49,0,0,0,0,0,0,0,24,232,23,0,257,0,276,0,0,0,0,0,0,0,318,252,23,0,269,0,588,96,3,0,0,3,0,96,13,124,4,0,130,0,146,0,15,10,0,25,0,27,0,0,0,0,0,0,0,13,139,17,0,156,0,172,0,0,0,0,0,0,0,115,144,17,0,159,0,270,45,0,0,0,0,0,45,9,50,0,0,52,0,64,0,8,8,0,13,0,13,0,0,0,0,0,0,0,9,62,8,0,66,0,79,0,0,0,0,0,0,0,55,62,8,0,66,0,126,2472,144,0,0,146,0,2619,380,2274,73,4,2350,3,2737,18,291,131,0,424,0,437,0,0,0,0,0,0,0,399,2561,201,7,2773,3,3173,6,4,0,0,4,7,24,2877,2717,199,7,2925,15,5818
LGA50560,0,0,16,0,3,0,0,3,0,3,0,0,0,0,0,0,0,0,0,0,0,0,0,0,0,3,0,0,5,0,5,0,0,0,0,0,0,0,16,3,0,0,5,0,21,0,0,0,0,0,0,0,0,0,0,0,0,0,0,0,0,0,0,0,0,0,0,0,0,0,0,0,0,0,0,0,0,0,0,0,0,0,0,0,0,0,0,0,0,0,0,0,0,3,0,0,0,0,0,0,0,0,0,0,0,0,0,0,0,0,0,0,0,0,0,0,0,0,0,0,0,0,0,0,0,0,0,0,0,0,0,0,0,0,0,0,0,0,0,0,0,0,0,132,0,0,0,0,0,132,3,9,0,0,9,0,14,0,0,4,0,4,0,4,0,0,0,0,0,0,0,3,9,4,0,15,0,20,0,0,0,0,0,0,0,133,9,4,0,15,0,148
LGA50630,0,0,19,0,0,0,0,0,0,4,0,0,0,0,0,0,0,0,0,0,0,0,0,0,0,0,0,0,0,0,4,0,0,0,0,0,0,0,17,0,0,0,0,0,20,0,0,0,0,0,0,0,0,0,0,0,0,0,0,0,0,0,0,0,0,0,0,0,0,0,0,0,0,0,0,0,0,0,0,0,0,0,0,0,0,0,0,0,0,0,0,0,0,0,0,0,0,0,0,0,0,0,0,0,0,0,0,0,0,0,0,0,0,0,0,0,0,0,0,0,0,0,0,0,0,0,0,0,0,0,0,0,0,0,0,0,0,0,0,0,0,0,0,241,0,0,0,0,0,243,9,16,0,0,16,0,18,0,0,0,0,0,0,0,0,0,0,0,0,0,0,9,16,0,0,20,0,23,0,0,0,0,0,0,0,246,18,0,0,20,0,267
LGA50770,0,0,15,0,0,0,0,0,0,0,0,0,0,0,0,0,0,0,0,0,0,0,0,0,0,0,0,0,0,0,0,0,0,0,0,0,0,0,15,0,0,0,0,0,13,0,0,0,0,0,0,0,0,0,0,0,0,0,0,0,0,0,0,0,0,0,0,0,0,0,0,0,0,0,0,0,0,0,0,0,0,0,0,0,0,0,0,0,0,0,0,0,0,0,0,0,0,0,0,0,0,0,0,0,0,0,0,0,0,0,0,0,0,0,0,0,0,0,0,0,0,0,0,0,0,0,0,0,0,0,0,0,0,0,0,0,0,0,0,0,0,0,0,250,0,0,0,0,0,250,7,5,0,0,5,0,9,0,0,0,0,0,0,0,0,0,0,0,0,0,0,7,5,0,0,5,0,9,0,0,0,0,0,0,0,260,5,0,0,5,0,259
LGA50840,0,0,88,0,0,0,0,0,0,0,0,0,0,0,0,0,0,0,0,0,0,0,0,0,0,0,0,0,0,0,0,0,0,0,0,0,0,0,94,0,0,0,0,0,94,3,0,0,0,0,0,3,0,0,0,0,0,0,0,0,0,0,0,0,0,0,0,0,0,0,0,0,0,0,0,0,0,0,0,0,0,0,0,0,0,0,0,3,0,0,0,0,0,3,0,0,0,0,0,0,0,0,0,0,0,0,0,0,0,0,0,0,0,0,0,0,0,0,0,0,0,0,0,0,0,0,0,0,0,0,0,0,0,0,0,0,0,0,0,0,0,0,0,657,3,0,0,3,0,657,18,24,0,0,24,0,45,0,0,0,0,0,0,0,0,0,0,0,0,0,0,18,26,0,0,26,0,46,0,0,0,0,0,0,0,677,28,0,0,28,3,710
LGA50910,0,0,7,0,0,0,0,0,0,0,0,0,0,0,0,0,0,0,0,0,0,0,0,0,0,0,0,0,0,0,0,0,0,0,0,0,0,0,7,0,0,0,0,0,7,0,0,0,0,0,0,0,0,0,0,0,0,0,0,0,0,0,0,0,0,0,0,0,0,0,0,0,0,0,0,0,0,0,0,0,0,0,0,0,0,0,0,0,0,0,0,0,0,0,0,0,0,0,0,0,0,0,0,0,0,0,0,0,0,0,0,0,0,0,0,0,0,0,0,0,0,0,0,0,0,0,0,0,0,0,0,0,0,0,0,0,0,0,0,0,0,0,0,107,0,0,0,0,0,107,6,5,0,0,5,0,7,0,0,0,0,0,0,0,0,0,0,0,0,0,0,6,5,0,0,5,0,7,3,0,0,0,0,0,3,114,5,0,0,5,0,111
LGA50980,3,0,157,10,23,5,0,27,0,37,0,0,0,0,3,0,3,0,0,0,0,0,0,0,10,28,3,0,30,0,39,0,0,0,0,0,0,0,161,32,3,0,33,0,198,17,0,0,0,0,0,17,0,4,0,0,4,0,5,0,0,0,0,0,0,0,0,0,0,0,0,0,0,0,4,0,0,4,0,5,0,0,0,0,0,0,0,20,4,0,0,4,0,24,4,0,0,0,0,0,4,0,0,0,0,0,0,0,0,0,0,0,0,0,0,0,0,0,0,0,0,0,0,0,0,0,0,0,0,0,0,0,0,0,0,0,4,0,0,0,0,0,3,2038,64,0,0,61,0,2107,95,285,5,0,290,0,386,4,8,0,0,8,0,17,0,0,0,11,11,0,11,97,292,8,11,308,0,409,3,0,0,0,0,3,9,2142,352,12,11,374,14,2529
LGA51080,0,0,10,0,0,0,0,0,0,0,0,0,0,0,0,0,0,0,0,0,0,0,0,0,0,0,0,0,0,0,0,0,0,0,0,0,0,0,10,0,0,0,0,0,10,4,0,0,0,0,0,4,0,0,0,0,0,0,0,0,0,0,0,0,0,0,0,0,0,0,0,0,0,0,0,0,0,0,0,0,0,0,0,0,0,0,0,4,0,0,0,0,0,4,0,0,0,0,0,0,0,0,0,0,0,0,0,0,0,0,0,0,0,0,0,0,0,0,0,0,0,0,0,0,0,0,0,0,0,0,0,0,0,0,0,0,0,0,0,0,0,0,0,133,0,0,0,0,0,133,0,8,0,0,8,0,12,0,0,0,0,0,0,0,0,0,0,0,0,0,0,0,8,0,0,8,0,12,0,0,0,0,0,6,6,135,8,0,0,8,6,148
LGA51120,0,0,4,0,0,0,0,0,0,0,0,0,0,0,0,0,0,0,0,0,0,0,0,0,0,0,0,0,0,0,0,0,0,0,0,0,0,0,4,0,0,0,0,0,3,0,0,0,0,0,0,0,0,0,0,0,0,0,0,0,0,0,0,0,0,0,0,0,0,0,0,0,0,0,0,0,0,0,0,0,0,0,0,0,0,0,0,0,0,0,0,0,0,0,0,0,0,0,0,0,0,0,0,0,0,0,0,0,0,0,0,0,0,0,0,0,0,0,0,0,0,0,0,0,0,0,0,0,0,0,0,0,0,0,0,0,0,0,0,0,0,0,0,133,0,0,0,0,0,133,3,0,0,0,0,0,4,0,0,0,0,0,0,0,0,0,0,0,0,0,0,3,0,0,0,5,0,3,0,0,0,0,0,0,0,135,0,0,0,5,0,133
LGA51190,3,0,484,14,52,0,0,54,0,73,0,0,0,0,0,0,3,0,0,0,0,0,0,0,16,56,0,0,56,0,77,0,0,0,0,0,0,0,499,60,0,0,65,0,560,39,0,0,0,0,0,40,0,13,0,0,13,0,14,0,0,0,0,4,0,4,0,0,0,0,0,0,0,0,11,0,0,17,0,15,0,0,0,0,0,0,0,39,11,0,0,13,0,53,18,0,0,0,0,0,18,0,8,0,0,8,0,8,0,0,0,0,0,0,0,0,0,0,0,0,0,0,0,8,0,0,8,0,8,0,0,0,0,0,0,0,18,10,0,0,10,0,23,3151,54,0,0,54,3,3210,140,482,21,0,500,0,645,3,21,8,0,31,0,38,0,0,0,0,0,0,0,144,505,28,0,536,0,680,4,0,0,0,0,0,5,3295,563,28,0,590,11,3891
LGA51260,4,0,779,23,33,4,0,31,0,52,0,5,0,0,3,0,3,0,0,0,0,0,0,0,23,34,4,0,36,0,52,4,0,0,0,0,0,4,799,40,4,0,47,0,841,77,0,0,0,0,0,78,0,4,0,0,4,0,4,0,0,0,0,0,0,0,0,0,0,0,0,0,0,0,4,0,0,4,0,4,0,0,0,0,0,0,0,79,3,0,0,3,0,90,17,0,0,0,0,0,17,0,0,0,0,0,0,0,0,0,0,0,0,0,0,0,0,0,0,0,0,0,0,0,0,0,0,0,0,0,0,0,0,0,0,0,17,0,0,0,0,0,18,5363,84,0,0,84,16,5469,222,307,8,0,317,0,544,4,20,10,0,30,4,30,0,0,0,0,0,0,0,227,326,22,0,347,4,574,5,0,4,0,4,3,12,5592,410,19,0,430,29,6057
LGA51310,12,0,835,41,103,0,0,102,0,145,0,0,3,0,0,0,5,0,0,0,0,0,0,0,43,105,4,0,109,0,150,0,0,0,0,0,0,0,870,116,4,0,120,0,988,459,10,0,0,10,0,465,25,56,0,0,56,0,82,0,0,0,0,0,0,0,0,0,0,0,0,0,0,23,56,0,0,56,0,83,0,0,0,0,0,0,0,480,67,0,0,67,0,548,229,3,0,0,3,0,227,5,27,0,0,27,0,27,0,0,0,0,0,0,0,0,0,0,0,0,0,0,5,27,0,0,27,0,27,0,0,0,0,0,0,0,233,32,0,0,32,0,260,5212,150,0,0,150,7,5366,335,890,6,0,896,0,1230,4,25,7,0,32,0,35,0,0,0,0,0,0,0,336,917,16,0,931,0,1268,0,0,0,0,0,0,0,5547,1069,16,0,1084,7,6633
LGA51330,29,0,1077,81,1004,37,0,1043,0,1124,0,112,83,0,191,0,193,0,0,0,0,0,0,0,83,1114,118,0,1234,0,1315,0,0,0,0,0,0,0,1129,1142,118,0,1266,0,2396,494,18,0,0,18,0,515,42,643,28,0,672,0,716,0,61,55,0,122,0,120,0,0,0,0,0,0,0,44,706,86,0,794,0,841,0,0,0,0,0,0,0,541,725,86,0,814,0,1354,249,8,0,0,8,0,256,31,371,19,0,392,0,419,0,45,43,0,94,0,94,0,0,0,0,0,0,0,31,425,65,0,489,0,517,0,0,0,0,0,0,0,277,434,65,0,499,0,773,6657,315,7,0,325,0,6983,830,8765,343,14,9122,3,9952,16,845,509,0,1357,0,1368,0,11,0,5,13,0,13,840,9620,854,23,10491,5,11332,3,15,0,0,16,4,16,7504,9947,863,23,10827,9,18338
LGA51400,0,0,449,16,68,0,0,68,0,80,0,0,0,0,0,0,0,0,0,0,0,0,0,0,13,68,0,0,68,0,84,0,0,0,0,0,0,0,460,68,0,0,70,0,533,55,0,0,0,0,0,55,0,12,0,0,17,0,17,0,0,0,0,0,0,0,0,0,0,0,0,0,0,0,12,0,0,17,0,17,0,0,0,0,0,0,0,55,12,0,0,17,0,71,32,0,0,0,0,0,32,0,7,0,0,7,0,7,0,0,0,0,0,0,0,0,0,0,0,0,0,0,0,7,0,0,7,0,7,0,0,0,0,0,0,0,32,7,0,0,7,0,35,2765,36,0,0,36,5,2803,101,439,0,0,440,0,543,0,11,0,0,12,0,15,0,0,0,0,0,0,0,104,450,4,0,453,0,558,4,0,0,0,0,3,10,2875,487,4,0,488,4,3367
LGA51470,0,0,5,0,0,0,0,0,0,0,0,0,0,0,0,0,0,0,0,0,0,0,0,0,0,0,0,0,0,0,0,0,0,0,0,0,0,0,5,0,0,0,0,0,5,0,0,0,0,0,0,0,0,0,0,0,0,0,0,0,0,0,0,0,0,0,0,0,0,0,0,0,0,0,0,0,0,0,0,0,0,0,0,0,0,0,0,0,0,0,0,0,0,0,0,0,0,0,0,0,0,0,0,0,0,0,0,0,0,0,0,0,0,0,0,0,0,0,0,0,0,0,0,0,0,0,0,0,0,0,0,0,0,0,0,0,0,0,0,0,0,0,0,46,4,0,0,4,3,49,0,0,0,0,0,0,0,0,0,0,0,0,0,0,0,0,0,0,0,0,0,0,0,0,0,0,0,0,0,0,0,0,0,0,0,49,0,0,0,0,3,51
LGA51540,0,0,34,6,4,0,0,4,0,13,0,0,0,0,0,0,0,0,0,0,0,0,0,0,6,4,0,0,4,0,13,0,0,0,0,0,0,0,35,8,0,0,8,0,41,0,0,0,0,0,0,0,0,0,0,0,0,0,0,0,0,0,0,0,0,0,0,0,0,0,0,0,0,0,0,0,0,0,0,0,0,0,0,0,0,0,0,0,0,0,0,0,0,0,4,0,0,0,0,0,4,0,0,0,0,0,0,0,0,0,0,0,0,0,0,0,0,0,0,0,0,0,0,0,0,0,0,0,0,0,0,0,0,0,0,0,4,0,0,0,0,0,4,407,12,0,0,17,0,426,41,58,3,0,59,5,108,0,15,9,0,21,0,21,0,0,0,0,0,0,0,41,70,15,0,76,5,125,0,0,0,0,0,0,0,453,83,13,0,94,7,554
LGA51610,0,0,30,0,3,0,0,3,0,3,0,0,0,0,0,0,0,0,0,0,0,0,0,0,0,3,0,0,3,0,3,0,0,0,0,0,0,0,30,3,0,0,3,0,40,6,0,0,0,0,0,6,0,0,0,0,0,0,0,0,0,0,0,0,0,0,0,0,0,0,0,0,0,0,0,0,0,0,0,0,0,0,0,0,0,0,0,6,0,0,0,0,0,6,0,0,0,0,0,0,0,0,0,0,0,0,0,0,0,0,0,0,0,0,0,0,0,0,0,0,0,0,0,0,0,0,0,0,0,0,0,0,0,0,0,0,0,0,0,0,0,0,0,239,0,0,0,0,0,244,0,5,0,0,5,0,5,0,0,0,0,0,0,0,0,0,0,0,0,0,0,0,5,0,0,5,0,5,0,0,0,0,0,0,0,239,4,0,0,4,0,248
LGA51680,0,0,127,0,8,0,0,8,0,11,0,0,0,0,0,0,0,0,0,0,0,0,0,0,0,12,0,0,12,0,14,0,0,0,0,0,0,0,126,12,0,0,12,0,135,22,0,0,0,0,0,22,0,0,0,0,0,0,0,0,0,0,0,0,0,0,0,0,0,0,0,0,0,0,0,0,0,0,0,0,0,0,0,0,0,0,0,22,0,0,0,0,0,24,15,0,0,0,0,0,17,0,0,0,0,0,0,0,0,0,0,0,0,0,0,0,0,0,0,0,0,0,0,0,0,0,0,0,0,0,0,0,0,0,0,0,15,0,0,0,3,0,17,871,11,0,3,12,5,887,19,39,0,0,39,0,57,0,0,0,0,0,0,0,0,0,0,0,0,0,0,19,41,0,0,41,0,55,6,0,0,0,0,0,7,892,52,0,3,52,8,949
LGA51710,0,0,8,6,12,0,0,12,0,17,0,0,0,0,0,0,0,0,0,0,0,0,0,0,6,13,0,0,13,0,20,0,0,0,0,0,0,0,8,13,0,0,13,0,23,0,0,0,0,0,0,0,0,0,0,0,0,0,0,0,0,0,0,0,0,0,0,0,0,0,0,0,0,0,0,0,0,0,0,0,0,0,0,0,0,0,0,0,0,0,0,0,0,0,0,0,0,0,0,0,0,0,0,0,0,0,0,0,0,0,0,0,0,0,0,0,0,0,0,0,0,0,0,0,0,0,0,0,0,0,0,0,0,0,0,0,0,0,0,0,0,0,0,60,3,0,0,3,0,69,25,109,0,0,109,0,129,0,18,11,0,25,0,25,0,0,0,0,0,0,0,25,123,14,0,130,0,154,0,0,0,0,0,0,0,88,129,14,0,143,0,228
LGA51750,6,0,236,12,39,0,0,38,0,52,0,0,0,0,0,0,0,0,0,0,0,0,0,0,12,38,0,0,37,0,54,0,0,0,0,0,0,0,241,42,0,0,44,0,288,173,0,0,0,0,0,175,5,9,0,0,9,0,16,0,0,0,0,0,0,0,0,0,0,0,0,0,0,5,9,0,0,9,0,16,0,0,0,0,0,0,0,178,11,0,0,11,0,192,76,0,0,0,0,0,74,3,18,0,0,17,0,20,0,0,0,0,0,0,0,0,0,0,0,0,0,0,3,18,0,0,20,0,19,0,0,0,0,0,0,0,72,13,0,0,19,0,89,1468,30,0,0,30,0,1495,84,267,7,0,273,0,362,0,10,8,0,16,0,16,0,0,0,0,0,0,0,84,272,11,0,285,0,379,0,4,0,0,4,0,4,1556,304,11,0,322,0,1876
LGA51820,60,0,1707,113,477,16,0,488,0,600,0,27,32,0,57,0,62,0,0,0,0,0,0,0,118,500,46,0,545,0,664,0,0,0,0,0,0,0,1765,558,51,0,605,0,2368,616,26,0,0,26,0,638,34,289,17,0,310,0,346,7,16,20,0,40,0,44,0,0,0,0,0,0,0,39,311,43,0,351,0,396,0,0,0,0,0,0,0,657,332,43,0,371,0,1030,346,9,0,0,9,0,355,29,173,15,0,190,0,222,0,14,18,0,28,0,28,0,0,0,6,3,0,3,29,183,30,6,220,0,248,0,0,0,0,0,0,0,379,196,30,6,227,0,608,13962,578,0,0,584,10,14547,1210,4632,120,9,4759,4,5969,33,277,217,0,490,0,524,0,7,0,6,9,0,9,1241,4910,340,12,5264,4,6506,4,0,0,0,0,8,12,15205,5494,335,12,5841,18,21066
LGA51860,0,0,0,0,0,0,0,0,0,3,0,0,0,0,0,0,0,0,0,0,0,0,0,0,0,0,0,0,0,0,3,0,0,0,0,0,0,0,0,0,0,0,0,0,3,0,0,0,0,0,0,0,0,0,0,0,0,0,0,0,0,0,0,0,0,0,0,0,0,0,0,0,0,0,0,0,0,0,0,0,0,0,0,0,0,0,0,0,0,0,0,0,0,0,0,0,0,0,0,0,0,0,0,0,0,0,0,0,0,0,0,0,0,0,0,0,0,0,0,0,0,0,0,0,0,0,0,0,0,0,0,0,0,0,0,0,0,0,0,0,0,0,0,18,0,0,0,0,0,20,3,66,6,0,74,0,79,0,4,0,0,6,0,6,0,0,0,0,0,0,0,3,75,5,0,78,0,86,0,0,0,0,0,0,0,21,75,5,0,86,0,105
LGA51890,0,0,143,4,3,0,0,3,0,4,0,0,0,0,0,0,0,0,0,0,0,0,0,0,4,3,0,0,3,0,4,0,0,0,0,0,0,0,146,3,0,0,3,0,147,17,0,0,0,0,0,17,0,0,0,0,0,0,0,0,0,0,0,0,0,0,0,0,0,0,0,0,0,0,0,0,0,0,0,0,0,0,0,0,0,0,0,19,0,0,0,0,0,17,4,0,0,0,0,0,3,0,0,0,0,0,0,0,0,0,0,0,0,0,0,0,0,0,0,0,0,0,0,0,0,0,0,0,0,0,0,0,0,0,0,0,4,0,0,0,0,0,3,1058,12,0,0,12,0,1071,11,35,0,0,35,0,47,3,0,0,0,0,0,5,0,0,0,0,0,0,0,16,35,0,0,34,0,51,0,0,0,0,0,0,0,1079,49,0,0,49,0,1127
LGA51960,0,0,39,3,0,0,0,0,0,3,0,0,0,0,0,0,0,0,0,0,0,0,0,0,3,0,0,0,0,0,3,0,0,0,0,0,0,0,40,0,0,0,0,0,43,0,0,0,0,0,0,0,0,0,0,0,0,0,0,0,0,0,0,0,0,0,0,0,0,0,0,0,0,0,0,0,0,0,0,0,0,0,0,0,0,0,0,0,0,0,0,0,0,0,0,0,0,0,0,0,0,0,0,0,0,0,0,0,0,0,0,0,0,0,0,0,0,0,0,0,0,0,0,0,0,0,0,0,0,0,0,0,0,0,0,0,0,0,0,0,0,0,0,382,6,0,0,6,0,390,16,4,0,0,4,0,21,0,0,0,0,0,0,0,0,0,0,0,0,0,0,16,4,0,0,4,0,21,0,0,0,0,0,0,0,401,9,0,0,9,0,416
LGA52030,0,0,3,0,0,0,0,0,0,0,0,0,0,0,0,0,0,0,0,0,0,0,0,0,0,0,0,0,0,0,0,0,0,0,0,0,0,0,3,0,0,0,0,0,3,0,0,0,0,0,0,0,0,0,0,0,0,0,0,0,0,0,0,0,0,0,0,0,0,0,0,0,0,0,0,0,0,0,0,0,0,0,0,0,0,0,0,0,0,0,0,0,0,0,0,0,0,0,0,0,0,0,0,0,0,0,0,0,0,0,0,0,0,0,0,0,0,0,0,0,0,0,0,0,0,0,0,0,0,0,0,0,0,0,0,0,0,0,0,0,0,0,0,91,0,0,0,0,0,91,6,0,0,0,0,0,3,0,0,0,0,0,0,0,0,0,0,0,0,0,0,6,0,0,0,0,0,3,0,0,0,0,0,0,0,94,0,0,0,0,0,95
LGA52100,0,0,0,0,0,0,0,0,0,0,0,0,0,0,0,0,0,0,0,0,0,0,0,0,0,0,0,0,0,0,0,0,0,0,0,0,0,0,0,0,0,0,0,0,0,0,0,0,0,0,0,0,0,0,0,0,0,0,0,0,0,0,0,0,0,0,0,0,0,0,0,0,0,0,0,0,0,0,0,0,0,0,0,0,0,0,0,0,0,0,0,0,0,0,0,0,0,0,0,0,0,0,0,0,0,0,0,0,0,0,0,0,0,0,0,0,0,0,0,0,0,0,0,0,0,0,0,0,0,0,0,0,0,0,0,0,0,0,0,0,0,0,0,138,0,0,0,0,0,138,3,0,0,0,0,0,3,0,0,0,0,0,0,0,0,0,0,0,0,0,0,3,0,0,0,0,0,3,0,0,0,0,0,0,0,139,0,0,0,0,0,149
LGA52170,3,0,238,8,9,0,0,9,0,17,0,0,0,0,0,0,0,0,0,0,0,0,0,0,11,9,0,0,9,0,21,0,0,0,0,0,0,0,240,21,0,0,21,0,260,154,0,0,0,0,0,157,3,4,0,0,4,0,9,0,0,0,0,0,0,0,0,0,0,0,0,0,0,3,4,0,0,4,0,9,0,0,0,0,0,0,0,156,9,0,0,9,0,163,70,0,0,0,0,0,70,3,0,0,0,0,0,3,0,0,0,0,0,0,0,0,0,0,0,0,0,0,3,0,0,0,0,0,3,0,0,0,0,0,0,0,74,0,0,0,0,0,74,1373,32,0,0,32,0,1399,54,65,0,0,65,0,118,0,0,0,0,0,0,3,0,0,0,0,0,0,0,58,65,0,0,65,0,119,0,0,0,0,0,0,0,1429,94,0,0,95,0,1527
LGA52240,0,0,12,0,0,0,0,0,0,0,0,0,0,0,0,0,0,0,0,0,0,0,0,0,0,0,0,0,0,0,0,0,0,0,0,0,0,0,12,0,0,0,0,0,12,0,0,0,0,0,0,0,0,0,0,0,0,0,0,0,0,0,0,0,0,0,0,0,0,0,0,0,0,0,0,0,0,0,0,0,0,0,0,0,0,0,0,0,0,0,0,0,0,0,0,0,0,0,0,0,0,0,0,0,0,0,0,0,0,0,0,0,0,0,0,0,0,0,0,0,0,0,0,0,0,0,0,0,0,0,0,0,0,0,0,0,0,0,0,0,0,0,0,144,0,0,0,0,0,144,7,4,0,0,4,0,14,0,0,0,0,0,0,0,0,0,0,0,0,0,0,7,4,0,0,4,0,14,0,0,0,0,0,0,0,153,4,0,0,4,0,150
LGA52310,0,0,7,0,0,0,0,0,0,0,0,0,0,0,0,0,0,0,0,0,0,0,0,0,0,0,0,0,0,0,0,0,0,0,0,0,0,0,7,0,0,0,0,0,7,0,0,0,0,0,0,0,0,0,0,0,0,0,0,0,0,0,0,0,0,0,0,0,0,0,0,0,0,0,0,0,0,0,0,0,0,0,0,0,0,0,0,0,0,0,0,0,0,0,0,0,0,0,0,0,0,0,0,0,0,0,0,0,0,0,0,0,0,0,0,0,0,0,0,0,0,0,0,0,0,0,0,0,0,0,0,0,0,0,0,0,0,0,0,0,0,0,0,95,0,0,0,0,0,95,4,0,0,0,0,0,8,0,0,0,0,0,0,0,0,0,0,0,0,0,0,5,0,0,0,0,0,5,0,0,0,0,0,0,0,102,0,0,0,0,0,100
LGA52380,0,0,0,0,0,0,0,0,0,0,0,0,0,0,0,0,0,0,0,0,0,0,0,0,0,0,0,0,0,0,0,0,0,0,0,0,0,0,0,0,0,0,0,0,0,0,0,0,0,0,0,0,0,0,0,0,0,0,0,0,0,0,0,0,0,0,0,0,0,0,0,0,0,0,0,0,0,0,0,0,0,0,0,0,0,0,0,0,0,0,0,0,0,0,0,0,0,0,0,0,0,0,0,0,0,0,0,0,0,0,0,0,0,0,0,0,0,0,0,0,0,0,0,0,0,0,0,0,0,0,0,0,0,0,0,0,0,0,0,0,0,0,0,0,0,0,0,0,0,0,0,0,0,0,0,0,0,0,0,0,0,0,0,0,0,0,0,0,0,0,0,0,0,0,0,0,0,0,0,0,0,0,0,0,0,0,0,0,0,0,0,0
LGA52450,0,0,18,0,7,0,0,7,0,7,0,0,0,0,0,0,0,0,0,0,0,0,0,0,0,7,0,0,7,0,7,0,0,0,0,0,0,0,14,5,0,0,5,0,19,6,0,0,0,0,0,6,0,0,0,0,0,0,0,0,0,0,0,0,0,0,0,0,0,0,0,0,0,0,0,0,0,0,0,0,0,0,0,0,0,0,0,6,0,0,0,0,0,6,0,0,0,0,0,0,0,0,0,0,0,0,0,0,0,0,0,0,0,0,0,0,0,0,0,0,0,0,0,0,0,0,0,0,0,0,0,0,0,0,0,0,0,0,0,0,0,0,0,194,0,0,0,0,0,202,0,16,0,0,16,0,19,0,0,0,0,0,0,0,0,0,0,0,0,0,0,0,16,0,0,16,0,19,0,0,0,0,0,0,0,199,19,0,0,19,0,215
LGA52520,0,0,9,0,4,0,0,4,0,4,0,0,0,0,0,0,0,0,0,0,0,0,0,0,0,4,0,0,4,0,4,0,0,0,0,0,0,0,9,4,0,0,4,0,14,3,0,0,0,0,0,3,0,0,0,0,0,0,0,0,0,0,0,0,0,0,0,0,0,0,0,0,0,0,0,0,0,0,0,0,0,0,0,0,0,0,0,3,0,0,0,0,0,3,0,0,0,0,0,0,0,0,0,0,0,0,0,0,0,0,0,0,0,0,0,0,0,0,0,0,0,0,0,0,0,0,0,0,0,0,0,0,0,0,0,0,0,0,0,0,0,0,0,187,0,0,0,0,0,187,10,31,6,0,34,0,41,0,0,0,0,0,0,0,0,0,0,0,0,0,0,10,31,6,0,34,0,41,0,0,0,0,0,0,0,195,31,6,0,34,0,230
LGA52590,0,0,27,0,0,0,0,0,0,0,0,0,0,0,0,0,0,0,0,0,0,0,0,0,0,0,0,0,0,0,0,0,0,0,0,0,0,0,21,0,0,0,0,0,27,3,0,0,0,0,0,3,0,0,0,0,0,0,0,0,0,0,0,0,0,0,0,0,0,0,0,0,0,0,0,0,0,0,0,0,0,0,0,0,0,0,0,3,0,0,0,0,0,3,0,0,0,0,0,0,0,0,0,0,0,0,0,0,0,0,0,0,0,0,0,0,0,0,0,0,0,0,0,0,0,0,0,0,0,0,0,0,0,0,0,0,0,0,0,0,0,0,0,307,0,0,0,0,0,316,9,7,0,0,7,0,12,0,0,0,0,0,0,0,0,0,0,0,0,0,0,9,7,0,0,7,0,12,0,0,0,0,0,0,0,317,9,0,0,9,0,330
LGA52660,3,0,255,11,20,0,0,20,0,32,0,0,0,0,0,0,0,0,0,0,0,0,0,0,11,20,0,0,20,0,32,0,0,0,0,0,0,0,264,22,0,0,22,0,287,30,0,0,0,0,0,30,0,10,0,0,10,0,8,0,0,0,0,0,0,0,0,0,0,0,0,0,0,0,10,0,0,10,0,8,0,0,0,0,0,0,0,33,10,0,0,10,0,43,10,0,0,0,0,0,10,0,0,0,0,0,0,0,0,0,0,0,0,0,0,0,0,0,0,0,0,0,0,5,0,0,5,0,5,0,0,0,0,0,0,0,10,5,0,0,5,0,9,2083,43,0,0,43,3,2127,63,206,4,0,212,0,271,3,15,0,0,15,0,15,0,4,0,0,4,0,4,65,222,4,0,224,0,293,3,0,0,0,0,0,6,2156,271,4,0,267,3,2424
LGA52730,0,0,106,5,3,0,0,3,0,13,0,0,0,0,0,0,0,0,0,0,0,0,0,0,5,6,0,0,6,0,12,0,0,0,0,0,0,0,112,6,0,0,6,0,121,10,0,0,0,0,0,10,0,0,0,0,0,0,0,0,0,0,0,0,0,0,0,0,0,0,0,0,0,0,0,0,0,0,0,0,0,0,0,0,0,0,0,10,0,0,0,0,0,10,0,0,0,0,0,0,0,0,0,0,0,0,0,0,0,0,0,0,0,0,0,0,0,0,0,0,0,0,0,0,0,0,0,0,0,0,0,0,0,0,0,0,0,0,0,0,0,0,0,767,5,0,0,5,7,779,41,18,0,0,18,0,60,0,4,0,0,4,0,4,0,0,0,0,0,0,0,41,27,0,0,27,0,65,3,0,0,0,0,4,7,808,33,0,0,33,10,848
LGA52800,0,0,21,0,24,0,0,24,0,20,0,0,0,0,0,0,0,0,0,0,0,0,0,0,0,24,0,0,24,0,25,0,0,0,0,0,0,0,21,24,0,0,26,0,46,0,0,0,0,0,0,0,0,0,0,0,0,0,0,0,0,0,0,0,0,0,0,0,0,0,0,0,0,0,0,0,0,0,0,0,0,0,0,0,0,0,0,0,0,0,0,0,0,0,0,0,0,0,0,0,0,0,0,0,0,0,0,0,0,0,0,0,0,0,0,0,0,0,0,0,0,0,0,0,0,0,0,0,0,0,0,0,0,0,0,0,0,0,0,0,0,0,0,337,32,3,0,35,0,368,24,431,7,4,445,0,463,0,3,29,0,29,0,29,3,0,0,7,7,0,13,24,435,37,10,485,0,506,0,0,0,0,0,0,0,357,467,35,10,519,0,879
LGA52870,0,0,104,6,5,0,0,5,0,5,0,0,0,0,0,0,0,0,0,0,0,0,0,0,6,5,0,0,5,0,5,0,0,0,0,0,0,0,105,5,0,0,5,0,114,7,0,0,0,0,0,7,0,0,0,0,0,0,0,0,0,0,0,0,0,0,0,0,0,0,0,0,0,0,0,0,0,0,0,0,0,0,0,0,0,0,0,7,0,0,0,0,0,7,4,0,0,0,0,0,4,0,0,0,0,0,0,0,0,0,0,0,0,0,0,0,0,0,0,0,0,0,0,0,0,0,0,0,0,0,0,0,0,0,0,0,4,0,0,0,0,0,4,793,4,0,0,4,0,806,27,20,0,0,20,0,47,0,14,0,0,14,0,12,0,0,0,0,0,0,0,26,28,0,0,28,0,60,0,0,0,0,0,4,4,824,36,0,0,36,4,864
LGA52940,0,0,7,0,0,0,0,0,0,0,0,0,0,0,0,0,0,0,0,0,0,0,0,0,0,0,0,0,0,0,0,0,0,0,0,0,0,0,7,0,0,0,0,0,7,4,0,0,0,0,0,4,0,0,0,0,0,0,0,0,0,0,0,0,0,0,0,0,0,0,0,0,0,0,0,0,0,0,0,0,0,0,0,0,0,0,0,4,0,0,0,0,0,4,0,0,0,0,0,0,0,0,0,0,0,0,0,0,0,0,0,0,0,0,0,0,0,0,0,0,0,0,0,0,0,0,0,0,0,0,0,0,0,0,0,0,0,0,0,0,0,0,0,105,0,0,0,0,0,105,3,0,0,0,0,0,3,0,0,0,0,0,0,0,0,0,0,0,0,0,0,3,0,0,0,0,0,3,0,0,0,0,0,0,0,106,0,0,0,0,0,106
LGA53010,0,0,5,0,0,0,0,0,0,0,0,0,0,0,0,0,0,0,0,0,0,0,0,0,0,0,0,0,0,0,0,0,0,0,0,0,0,0,5,0,0,0,0,0,5,0,0,0,0,0,0,0,0,0,0,0,0,0,0,0,0,0,0,0,0,0,0,0,0,0,0,0,0,0,0,0,0,0,0,0,0,0,0,0,0,0,0,0,0,0,0,0,0,0,0,0,0,0,0,0,0,0,0,0,0,0,0,0,0,0,0,0,0,0,0,0,0,0,0,0,0,0,0,0,0,0,0,0,0,0,0,0,0,0,0,0,0,0,0,0,0,0,0,97,0,0,0,0,0,97,0,0,0,0,0,0,5,0,0,0,0,0,0,0,0,0,0,0,0,0,0,0,0,0,0,0,0,5,0,0,0,0,0,0,0,102,0,0,0,0,0,101
LGA53080,0,0,4,0,0,0,0,0,0,0,0,0,0,0,0,0,0,0,0,0,0,0,0,0,0,0,0,0,0,0,0,0,0,0,0,0,0,0,4,0,0,0,0,0,4,0,0,0,0,0,0,0,0,0,0,0,0,0,0,0,0,0,0,0,0,0,0,0,0,0,0,0,0,0,0,0,0,0,0,0,0,0,0,0,0,0,0,0,0,0,0,0,0,0,0,0,0,0,0,0,0,0,0,0,0,0,0,0,0,0,0,0,0,0,0,0,0,0,0,0,0,0,0,0,0,0,0,0,0,0,0,0,0,0,0,0,0,0,0,0,0,0,0,39,0,0,0,0,0,39,0,0,0,0,0,0,0,0,0,0,0,0,0,0,0,0,0,0,0,0,0,0,0,0,0,0,0,0,0,0,0,0,0,0,0,39,0,0,0,0,0,38
LGA53150,4,0,228,6,9,0,0,9,0,13,0,0,0,0,0,0,0,0,0,0,0,0,0,0,6,9,0,0,9,0,13,0,0,0,0,0,0,0,228,9,0,0,9,0,243,97,0,0,0,0,0,100,5,5,0,0,5,0,9,0,0,0,0,0,0,0,0,0,0,0,0,0,0,3,5,0,0,5,0,11,0,0,0,0,0,0,0,107,6,0,0,6,0,113,44,0,0,0,0,0,47,3,0,0,0,0,0,5,0,0,0,0,0,0,0,0,0,0,0,0,0,0,3,0,0,0,0,0,5,0,0,0,0,0,0,0,40,6,0,0,6,0,45,1300,32,0,0,32,3,1334,75,64,0,0,65,0,142,0,0,0,0,0,0,3,0,0,0,0,0,0,0,83,64,0,0,67,0,148,0,0,0,0,0,0,0,1377,92,0,0,96,3,1473
LGA53220,6,0,47,4,20,0,0,20,0,21,0,0,0,0,0,0,0,0,0,0,0,0,0,0,4,20,0,0,20,0,20,0,0,0,0,0,0,0,46,24,0,0,22,0,70,0,0,0,0,0,0,0,0,0,0,0,0,0,0,0,0,0,0,0,0,0,0,0,0,0,0,0,0,0,0,0,0,0,0,0,0,0,0,0,0,0,0,0,0,0,0,0,0,0,0,0,0,0,0,0,0,0,0,0,0,0,0,0,0,0,0,0,0,0,0,0,0,0,0,0,0,0,0,0,0,0,0,0,0,0,0,0,0,0,0,0,0,0,0,0,0,0,0,679,43,0,0,43,0,716,52,282,5,0,288,0,343,3,7,11,0,17,0,21,0,5,0,0,0,0,3,57,292,11,0,308,0,363,5,3,0,0,3,3,14,740,337,11,0,353,3,1094
LGA53290,0,0,198,7,7,0,0,7,0,12,0,0,0,0,0,0,0,0,0,0,0,0,0,0,10,7,0,0,7,0,14,0,0,0,0,0,0,0,207,7,0,0,7,0,217,17,0,0,0,0,0,17,0,0,0,0,0,0,0,0,0,0,0,0,0,0,0,0,0,0,0,0,0,0,0,0,0,0,0,0,0,0,0,0,0,0,0,17,0,0,0,0,0,17,5,0,0,0,0,0,5,0,0,0,0,0,0,0,0,0,0,0,0,0,0,0,0,0,0,0,0,0,0,0,0,0,0,0,0,0,0,0,0,0,0,0,6,0,0,0,0,0,6,1763,26,0,0,27,0,1791,77,94,0,0,94,0,171,0,0,0,0,0,0,0,0,0,0,0,0,0,0,79,94,0,0,94,0,173,0,0,0,0,0,11,11,1842,122,0,0,124,11,1966
LGA53360,0,0,38,4,0,0,0,0,0,6,0,0,0,0,0,0,0,0,0,0,0,0,0,0,4,0,0,0,0,0,6,0,0,0,0,0,0,0,43,0,0,0,0,0,47,9,0,0,0,0,0,9,0,0,0,0,0,0,0,0,0,0,0,0,0,0,0,0,0,0,0,0,0,0,0,0,0,0,0,0,0,0,0,0,0,0,0,9,0,0,0,0,0,9,0,0,0,0,0,0,0,0,0,0,0,0,0,0,0,0,0,0,0,0,0,0,0,0,0,0,0,0,0,0,0,0,0,0,0,0,0,0,0,0,0,0,0,0,0,0,0,0,0,385,9,0,0,9,0,392,18,16,0,0,16,0,36,0,0,0,0,0,0,0,0,0,0,0,0,0,0,18,16,0,0,16,0,36,0,0,0,0,0,0,0,403,19,0,0,19,0,426
LGA53430,21,0,426,25,42,0,0,42,0,67,0,0,0,0,0,0,0,0,0,0,0,0,0,0,25,42,0,0,46,0,74,3,0,0,0,0,0,3,433,63,4,0,65,0,498,185,10,0,0,10,0,196,20,24,0,0,24,0,46,0,0,0,0,0,0,0,0,0,0,0,0,0,0,20,24,0,0,29,0,47,0,0,0,0,0,0,0,201,37,0,0,37,0,243,102,7,0,0,9,0,110,11,8,0,0,8,0,17,0,0,4,0,4,0,4,0,0,0,0,0,0,0,11,4,4,0,11,0,22,0,0,0,0,0,0,0,117,13,6,0,18,0,129,3305,161,5,7,171,3,3473,294,400,4,0,405,0,703,4,5,14,0,26,0,26,0,0,0,0,0,0,0,298,405,20,0,430,0,728,0,0,0,0,0,10,12,3601,570,26,7,597,12,4215
LGA53570,4,0,92,0,6,0,0,3,0,3,0,0,0,0,0,0,0,0,0,0,0,0,0,0,0,6,0,0,3,0,9,0,0,0,0,0,0,0,87,8,0,0,11,0,95,10,0,0,0,0,0,10,0,4,0,0,4,0,4,0,0,0,0,0,0,0,0,0,0,0,0,0,0,0,4,0,0,0,0,0,0,0,0,0,0,0,0,10,4,0,0,0,0,16,4,0,0,0,0,0,4,0,0,0,0,0,0,0,0,0,0,0,0,0,0,0,0,0,0,0,0,0,0,0,0,0,0,0,0,0,0,0,0,0,0,0,4,0,0,0,0,0,3,537,6,5,0,8,0,548,25,29,3,0,37,0,54,0,0,3,0,8,0,3,0,0,0,0,0,0,0,22,31,7,0,38,0,59,0,0,0,0,0,0,0,561,37,10,0,46,0,607
LGA53640,0,0,11,0,0,0,0,0,0,0,0,0,0,0,0,0,0,0,0,0,0,0,0,0,0,0,0,0,0,0,0,0,0,0,0,0,0,0,11,0,0,0,0,0,10,0,0,0,0,0,0,0,0,0,0,0,0,0,0,0,0,0,0,0,0,0,0,0,0,0,0,0,0,0,0,0,0,0,0,0,0,0,0,0,0,0,0,0,0,0,0,0,0,0,0,0,0,0,0,0,0,0,0,0,0,0,0,0,0,0,0,0,0,0,0,0,0,0,0,0,0,0,0,0,0,0,0,0,0,0,0,0,0,0,0,0,0,0,0,0,0,0,0,179,0,0,0,0,0,179,0,22,0,0,22,0,24,0,0,0,0,0,0,0,0,0,0,0,0,0,0,0,22,0,0,22,0,24,0,0,0,0,0,0,0,177,22,0,0,22,0,207
LGA53710,0,0,9,0,0,0,0,0,0,0,0,0,0,0,0,0,0,0,0,0,0,0,0,0,0,0,0,0,0,0,0,0,0,0,0,0,0,0,9,0,0,0,0,0,6,0,0,0,0,0,0,0,0,0,0,0,0,0,0,0,0,0,0,0,0,0,0,0,0,0,0,0,0,0,0,0,0,0,0,0,0,0,0,0,0,0,0,0,0,0,0,0,0,0,0,0,0,0,0,0,0,0,0,0,0,0,0,0,0,0,0,0,0,0,0,0,0,0,0,0,0,0,0,0,0,0,0,0,0,0,0,0,0,0,0,0,0,0,0,0,0,0,0,132,0,0,0,0,0,132,0,3,0,0,3,0,3,0,0,0,0,0,0,0,0,0,0,0,0,0,0,0,3,0,0,3,0,3,0,0,0,0,0,0,0,132,3,0,0,3,0,137
LGA53780,44,0,1381,97,1040,53,0,1090,0,1192,5,181,167,0,347,0,352,0,3,0,0,4,0,3,104,1221,221,6,1447,0,1548,0,3,0,0,3,0,4,1431,1272,219,6,1493,5,2933,445,16,0,0,16,0,459,32,647,33,0,683,0,716,3,83,96,0,182,0,184,0,0,0,0,0,0,0,34,730,131,0,868,0,900,0,0,0,0,0,4,4,474,747,131,0,880,4,1361,246,7,0,0,6,0,251,19,402,23,0,425,0,446,0,80,84,0,160,0,164,0,0,3,0,0,0,0,18,481,110,0,594,0,614,0,0,0,0,0,0,0,267,488,109,0,601,0,860,9426,410,4,0,417,10,9855,901,10775,428,7,11220,15,12138,46,1481,1028,4,2510,0,2556,4,19,8,4,30,0,34,958,12274,1465,16,13761,14,14732,11,28,0,0,32,23,69,10395,12714,1475,16,14210,54,24661
LGA53800,9,0,583,20,72,0,0,72,0,93,0,0,0,0,4,0,4,0,0,0,0,0,0,0,20,69,0,0,70,0,94,0,0,0,0,0,0,0,593,77,0,0,79,0,678,58,0,0,0,0,0,58,0,10,0,0,10,0,10,0,0,5,0,5,0,5,0,0,0,0,0,0,0,0,14,5,0,15,0,15,0,0,0,0,0,0,0,58,14,5,0,15,0,73,21,0,0,0,0,0,21,0,6,0,0,6,0,6,0,0,0,0,0,0,0,0,0,0,0,0,0,0,0,5,0,0,5,0,7,0,0,0,0,0,0,0,19,5,0,0,5,0,21,4473,94,0,0,97,0,4570,172,569,12,0,577,0,753,4,24,11,0,31,0,34,0,0,0,0,0,0,0,173,594,19,0,611,0,791,3,0,0,0,0,0,4,4654,685,19,0,711,3,5363
LGA53920,0,0,13,0,18,0,0,21,0,27,0,0,0,0,0,0,0,0,0,0,0,0,0,0,0,18,0,0,21,0,27,0,0,0,0,0,4,4,9,18,0,0,21,4,35,0,0,0,0,0,0,0,0,0,0,0,0,0,0,0,0,0,0,0,0,0,0,0,0,0,0,0,0,0,0,0,0,0,0,0,0,0,0,0,0,0,0,0,0,0,0,0,0,0,0,0,0,0,0,0,0,0,0,0,0,0,0,0,0,0,0,0,0,0,0,0,0,0,0,0,0,0,0,0,0,0,0,0,0,0,0,0,0,0,0,0,0,0,0,0,0,0,0,144,3,0,0,3,0,155,12,288,0,6,295,0,309,0,0,3,0,3,0,3,0,0,0,4,4,0,4,12,291,3,9,305,0,316,0,0,0,0,0,11,11,156,295,3,9,308,15,482
LGA53990,5,0,610,22,50,4,0,49,0,70,0,3,0,0,3,0,3,0,0,0,0,0,0,0,22,56,4,0,54,0,76,0,0,0,0,0,0,0,625,56,4,0,58,0,687,55,0,0,0,0,0,57,0,5,0,0,5,0,7,0,0,0,0,0,0,0,0,0,0,0,0,0,0,0,8,0,0,8,0,10,0,0,0,0,0,0,0,57,6,0,0,6,0,64,19,0,0,0,0,0,22,0,0,0,0,0,0,0,0,0,0,0,0,0,0,0,0,0,0,0,0,0,0,0,0,0,0,0,0,0,0,0,0,0,0,0,19,3,0,0,3,0,27,4212,52,0,0,52,0,4267,185,380,17,0,398,0,583,12,20,10,0,30,0,40,0,0,0,0,0,0,0,190,404,26,0,427,0,622,3,0,0,0,0,3,9,4406,458,26,0,478,3,4891
LGA54060,0,0,51,0,0,0,0,0,0,0,0,0,0,0,0,0,0,0,0,0,0,0,0,0,0,0,0,0,0,0,0,0,0,0,0,0,0,0,46,0,0,0,0,0,46,3,0,0,0,0,0,3,0,0,0,0,0,0,0,0,0,0,0,0,0,0,0,0,0,0,0,0,0,0,0,0,0,0,0,0,0,0,0,0,0,0,0,3,0,0,0,0,0,3,0,0,0,0,0,0,0,0,0,0,0,0,0,0,0,0,0,0,0,0,0,0,0,0,0,0,0,0,0,0,0,0,0,0,0,0,0,0,0,0,0,0,0,0,0,0,0,0,0,363,3,0,0,3,0,372,4,6,0,0,6,0,16,0,0,0,0,0,0,0,0,0,0,0,0,0,0,4,6,0,0,6,0,16,0,0,0,0,0,0,0,369,15,0,0,15,0,385
LGA54130,0,0,4,0,0,0,0,0,0,0,0,0,0,0,0,0,0,0,0,0,0,0,0,0,0,0,0,0,0,0,0,0,0,0,0,0,0,0,4,0,0,0,0,0,5,0,0,0,0,0,0,0,0,0,0,0,0,0,0,0,0,0,0,0,0,0,0,0,0,0,0,0,0,0,0,0,0,0,0,0,0,0,0,0,0,0,0,0,0,0,0,0,0,0,0,0,0,0,0,0,0,0,0,0,0,0,0,0,0,0,0,0,0,0,0,0,0,0,0,0,0,0,0,0,0,0,0,0,0,0,0,0,0,0,0,0,0,0,0,0,0,0,0,170,0,0,0,0,0,170,9,11,0,0,11,0,16,0,0,0,0,0,0,0,0,0,0,0,0,0,0,9,11,0,0,11,0,16,0,0,0,0,0,0,0,175,11,0,0,11,0,186
LGA54170,82,0,3761,181,362,11,0,372,0,554,0,12,5,0,14,0,14,0,0,0,0,0,0,0,181,371,15,0,388,0,568,0,0,0,0,0,0,0,3860,450,20,0,468,0,4325,1590,38,0,0,33,3,1628,79,213,6,0,220,0,299,0,13,11,0,19,0,19,0,0,0,0,0,0,0,79,229,19,0,244,0,326,0,0,0,0,0,0,0,1673,258,19,0,280,3,1949,807,20,0,3,16,0,828,40,122,4,0,127,0,160,0,3,3,0,9,0,7,0,0,0,0,0,0,0,39,126,9,0,139,0,174,0,0,0,0,0,0,0,843,139,12,3,155,0,998,25365,632,5,4,643,30,26033,1415,2995,70,0,3062,4,4478,23,96,51,0,151,0,175,0,3,0,0,3,0,3,1437,3096,119,0,3213,4,4661,10,3,0,0,3,13,29,26808,3729,132,4,3867,44,30720
LGA54200,23,0,1090,53,174,0,0,171,0,221,0,14,8,0,26,0,23,0,0,0,0,0,0,0,53,189,10,0,195,0,248,0,0,0,0,0,0,0,1115,211,10,0,220,0,1335,372,4,0,0,4,0,375,19,96,0,0,90,0,110,0,4,6,0,15,0,15,0,0,0,0,0,0,0,19,99,5,0,110,0,126,0,0,0,0,0,0,0,386,110,5,0,114,0,496,201,4,0,0,4,0,205,8,56,3,0,61,0,68,0,11,4,0,14,0,14,0,0,0,0,0,0,0,8,67,5,0,74,0,85,0,0,0,0,0,0,0,207,74,5,0,80,0,289,7768,167,0,7,172,5,7943,453,1648,31,0,1680,0,2132,6,184,55,0,236,0,246,0,8,0,0,8,0,8,460,1841,85,0,1924,0,2383,12,0,0,0,0,11,22,8239,2004,83,7,2094,19,10350
LGA54280,6,0,395,20,91,3,0,93,0,108,0,4,0,0,4,0,4,0,0,0,0,0,0,0,18,96,3,0,93,0,112,0,0,0,0,0,0,0,411,98,4,0,102,0,515,15,0,0,0,0,0,17,0,18,0,0,18,0,18,0,0,0,0,0,0,0,0,0,0,0,0,0,0,0,16,0,0,16,0,16,0,0,0,0,0,0,0,15,17,0,0,17,0,33,6,0,0,0,0,0,6,0,4,0,0,4,0,4,0,0,0,0,0,0,0,0,0,0,0,0,0,0,0,4,0,0,4,0,4,0,0,0,0,0,0,0,6,4,0,0,4,0,13,3760,91,4,0,100,3,3865,207,822,8,0,833,0,1045,7,38,0,0,39,0,48,0,0,0,0,0,0,0,215,863,14,0,872,0,1087,0,0,3,0,0,16,28,3983,958,15,0,972,23,4981
LGA54310,5,0,363,27,56,0,0,56,0,82,0,0,0,0,0,0,0,0,0,0,0,0,0,0,27,56,0,0,56,0,81,0,4,0,0,4,0,4,380,65,0,0,65,0,442,13,0,0,0,0,0,13,0,3,0,0,7,0,6,0,0,0,0,0,0,0,0,0,0,0,0,0,0,0,3,0,0,7,0,6,0,0,0,0,0,0,0,20,3,0,0,7,0,26,5,0,0,0,0,0,5,0,0,0,0,0,0,0,0,0,0,0,0,0,0,0,0,0,0,0,0,0,0,0,0,0,0,0,0,0,0,0,0,0,0,0,5,0,0,0,0,0,5,3589,95,0,0,95,0,3688,233,475,10,0,487,0,721,7,10,4,0,16,0,27,0,0,0,0,0,0,0,241,489,19,0,503,0,749,4,3,0,0,3,8,17,3836,585,19,0,599,10,4448
LGA54340,0,0,51,0,7,0,0,8,0,9,0,0,9,0,11,0,16,0,0,0,0,0,0,0,5,7,11,0,19,0,21,0,0,0,0,0,0,0,51,7,11,0,19,0,68,0,0,0,0,0,0,0,0,4,0,0,4,0,4,0,0,0,0,0,0,0,0,0,0,0,0,0,0,0,4,0,0,4,0,5,0,0,0,0,0,0,0,0,4,0,0,4,0,0,0,0,0,0,0,0,0,0,0,0,0,0,0,0,0,0,4,0,4,0,4,0,0,0,0,0,0,0,0,0,4,0,4,0,4,0,0,0,0,0,0,0,0,0,4,0,4,0,4,387,6,0,0,6,0,396,14,65,18,0,80,0,96,0,20,54,0,72,0,77,0,0,0,0,0,0,0,20,85,74,0,158,0,171,0,0,0,0,0,7,7,401,93,74,0,168,7,575
LGA54410,0,0,18,0,0,0,0,0,0,0,0,0,0,0,0,0,0,0,0,0,0,0,0,0,0,0,0,0,0,0,0,0,0,0,0,0,0,0,18,0,0,0,0,0,18,4,0,0,0,0,0,4,0,0,0,0,0,0,0,0,0,0,0,0,0,0,0,0,0,0,0,0,0,0,0,0,0,0,0,0,0,0,0,0,0,0,0,4,0,0,0,0,0,4,0,0,0,0,0,0,0,0,0,0,0,0,0,0,0,0,0,0,0,0,0,0,0,0,0,0,0,0,0,0,0,0,0,0,0,0,0,0,0,0,0,0,0,0,0,0,0,0,0,102,0,0,0,0,0,102,4,5,0,0,5,0,9,0,0,0,0,0,0,0,0,0,0,0,0,0,0,4,5,0,0,5,0,9,0,0,0,0,0,0,0,105,5,0,0,5,0,110
LGA54480,0,0,5,0,0,0,0,0,0,0,0,0,0,0,0,0,0,0,0,0,0,0,0,0,0,0,0,0,0,0,0,0,0,0,0,0,0,0,5,0,0,0,0,0,5,0,0,0,0,0,0,0,0,0,0,0,0,0,0,0,0,0,0,0,0,0,0,0,0,0,0,0,0,0,0,0,0,0,0,0,0,0,0,0,0,0,0,0,0,0,0,0,0,0,0,0,0,0,0,0,0,0,0,0,0,0,0,0,0,0,0,0,0,0,0,0,0,0,0,0,0,0,0,0,0,0,0,0,0,0,0,0,0,0,0,0,0,0,0,0,0,0,0,96,3,0,0,3,0,103,0,0,0,0,0,0,0,0,0,0,0,0,0,0,0,0,0,0,0,0,0,0,0,0,0,0,0,0,0,0,0,0,0,0,0,96,8,0,0,8,0,101
LGA54550,0,0,3,0,3,0,0,3,0,3,0,0,0,0,0,0,0,0,0,0,0,0,0,0,0,3,0,0,3,0,3,0,0,0,0,0,0,0,3,3,0,0,3,0,4,0,0,0,0,0,0,0,0,0,0,0,0,0,0,0,0,0,0,0,0,0,0,0,0,0,0,0,0,0,0,0,0,0,0,0,0,0,0,0,0,0,0,0,0,0,0,0,0,0,0,0,0,0,0,0,0,0,0,0,0,0,0,0,0,0,0,0,0,0,0,0,0,0,0,0,0,0,0,0,0,0,0,0,0,0,0,0,0,0,0,0,0,0,0,0,0,0,0,258,0,0,0,0,0,258,11,21,0,0,21,0,28,0,3,0,0,3,0,3,4,0,0,0,0,0,4,12,23,0,0,23,0,33,0,0,0,0,0,0,0,267,24,0,0,24,0,289
LGA54620,0,0,0,0,0,0,0,0,0,0,0,0,0,0,0,0,0,0,0,0,0,0,0,0,0,0,0,0,0,0,0,0,0,0,0,0,0,0,0,0,0,0,0,0,0,0,0,0,0,0,0,0,0,0,0,0,0,0,0,0,0,0,0,0,0,0,0,0,0,0,0,0,0,0,0,0,0,0,0,0,0,0,0,0,0,0,0,0,0,0,0,0,0,0,0,0,0,0,0,0,0,0,0,0,0,0,0,0,0,0,0,0,0,0,0,0,0,0,0,0,0,0,0,0,0,0,0,0,0,0,0,0,0,0,0,0,0,0,0,0,0,0,0,86,0,0,0,0,0,86,0,0,0,0,0,0,0,0,0,0,0,0,0,0,0,0,0,0,0,0,0,0,0,0,0,0,0,0,0,0,0,0,0,0,0,88,0,0,0,0,0,92
LGA54690,0,0,0,0,0,0,0,0,0,0,0,0,0,0,0,0,0,0,0,0,0,0,0,0,0,0,0,0,0,0,0,0,0,0,0,0,0,0,0,0,0,0,0,0,0,0,0,0,0,0,0,0,0,0,0,0,0,0,0,0,0,0,0,0,0,0,0,0,0,0,0,0,0,0,0,0,0,0,0,0,0,0,0,0,0,0,0,0,0,0,0,0,0,0,0,0,0,0,0,0,0,0,0,0,0,0,0,0,0,0,0,0,0,0,0,0,0,0,0,0,0,0,0,0,0,0,0,0,0,0,0,0,0,0,0,0,0,0,0,0,0,0,0,56,0,0,0,0,0,56,0,0,0,0,0,0,0,0,0,0,0,0,0,0,0,0,0,0,0,0,0,0,0,0,0,0,0,0,0,0,0,0,0,0,0,52,0,0,0,0,0,52
LGA54760,0,0,3,0,0,0,0,0,0,0,0,0,0,0,0,0,0,0,0,0,0,0,0,0,0,0,0,0,0,0,0,0,0,0,0,0,0,0,3,0,0,0,0,0,3,0,0,0,0,0,0,0,0,0,0,0,0,0,0,0,0,0,0,0,0,0,0,0,0,0,0,0,0,0,0,0,0,0,0,0,0,0,0,0,0,0,0,0,0,0,0,0,0,0,0,0,0,0,0,0,0,0,0,0,0,0,0,0,0,0,0,0,0,0,0,0,0,0,0,0,0,0,0,0,0,0,0,0,0,0,0,0,0,0,0,0,0,0,0,0,0,0,0,125,0,0,0,0,0,125,0,0,0,0,0,0,0,5,0,0,0,0,0,5,0,0,0,0,0,0,0,7,0,0,0,0,0,7,0,0,0,0,0,0,0,131,0,0,0,0,0,131
LGA54830,14,0,518,21,242,5,0,246,0,267,0,20,5,0,26,0,25,0,0,0,0,0,0,0,23,261,9,0,277,0,293,0,0,0,0,0,0,0,525,282,9,0,284,0,813,110,3,0,0,3,0,112,5,139,3,0,144,0,153,0,15,4,0,17,0,16,3,0,0,0,0,0,3,10,152,8,0,158,0,169,0,0,0,0,0,0,0,121,153,8,0,160,0,284,49,4,0,0,4,0,51,4,73,0,0,76,0,78,0,3,3,0,7,0,13,0,0,0,0,0,0,0,3,77,7,0,84,0,93,0,0,0,0,0,0,0,55,78,7,0,85,0,139,4738,203,0,0,203,4,4949,359,2612,44,0,2657,4,3023,15,167,46,0,207,0,222,4,8,3,0,9,0,11,378,2786,85,0,2874,4,3255,3,13,0,0,13,15,24,5123,3001,85,0,3084,17,8223
LGA54900,0,0,3,0,3,0,0,3,0,3,0,0,0,0,0,0,0,0,0,0,0,0,0,0,0,3,0,0,3,0,3,0,0,0,0,0,0,0,3,3,0,0,3,0,10,0,0,0,0,0,0,0,0,0,0,0,0,0,0,0,0,0,0,0,0,0,0,0,0,0,0,0,0,0,0,0,0,0,0,0,0,0,0,0,0,0,0,0,0,0,0,0,0,0,0,0,0,0,0,0,0,0,0,0,0,0,0,0,0,0,0,0,0,0,0,0,0,0,0,0,0,0,0,0,0,0,0,0,0,0,0,0,0,0,0,0,0,0,0,0,0,0,0,196,0,0,0,0,0,196,4,9,0,0,9,0,15,3,0,0,0,0,0,3,0,0,0,0,0,0,0,7,9,0,0,9,0,14,0,0,0,0,0,0,0,205,9,0,0,9,0,222
LGA54970,0,0,3,0,0,0,0,0,0,4,0,0,0,0,0,0,0,0,0,0,0,0,0,0,0,0,0,0,0,0,4,0,0,0,0,0,0,0,6,0,0,0,0,0,5,0,0,0,0,0,0,0,0,0,0,0,0,0,0,0,0,0,0,0,0,0,0,0,0,0,0,0,0,0,0,0,0,0,0,0,0,0,0,0,0,0,0,0,0,0,0,0,0,0,0,0,0,0,0,0,0,0,0,0,0,0,0,0,0,0,0,0,0,0,0,0,0,0,0,0,0,0,0,0,0,0,0,0,0,0,0,0,0,0,0,0,0,0,0,0,0,0,0,31,0,0,0,0,0,36,5,22,0,0,22,0,24,0,0,0,0,0,0,0,0,0,0,0,0,0,0,5,22,0,0,22,0,24,0,0,0,0,0,0,0,35,23,0,0,23,0,58
LGA55040,0,0,3,0,3,0,0,3,0,3,0,0,0,0,0,0,0,0,0,0,0,0,0,0,0,3,0,0,3,0,3,0,0,0,0,0,0,0,3,3,0,0,3,0,4,0,0,0,0,0,0,0,0,0,0,0,0,0,0,0,0,0,0,0,0,0,0,0,0,0,0,0,0,0,0,0,0,0,0,0,0,0,0,0,0,0,0,0,0,0,0,0,0,0,0,0,0,0,0,0,0,0,0,0,0,0,0,0,0,0,0,0,0,0,0,0,0,0,0,0,0,0,0,0,0,0,0,0,0,0,0,0,0,0,0,0,0,0,0,0,0,0,0,123,11,0,0,11,0,126,0,18,0,0,18,0,14,0,0,0,0,0,0,0,0,0,0,0,0,0,0,0,18,0,0,18,0,14,0,0,0,0,0,0,0,122,21,0,0,21,0,145
LGA55110,23,0,1293,62,134,0,0,136,0,203,0,5,4,0,4,0,4,0,0,0,0,0,0,0,62,140,7,0,150,0,214,0,0,0,0,0,0,0,1337,155,7,0,166,0,1507,355,7,0,0,7,0,359,15,82,0,0,80,0,95,0,0,0,0,3,0,3,0,0,0,0,0,0,0,15,85,0,0,84,0,97,0,0,0,0,0,0,0,368,87,0,0,91,0,455,162,0,0,0,0,0,162,6,30,0,0,30,0,33,0,0,0,0,0,0,0,0,0,0,0,0,0,0,6,30,0,0,30,0,33,0,0,0,0,0,0,0,169,30,0,0,30,0,199,9368,174,0,0,174,10,9549,550,1066,32,4,1100,3,1654,22,40,18,0,58,0,80,6,0,0,0,0,0,3,580,1106,53,4,1162,3,1744,11,0,0,0,0,21,30,9952,1282,53,4,1335,37,11322
LGA55180,0,0,148,0,5,0,0,5,0,5,0,0,3,0,3,0,3,0,0,0,0,0,0,0,0,5,3,0,8,0,8,0,0,0,0,0,0,0,145,11,3,0,7,0,159,15,0,0,0,0,0,15,0,0,0,0,0,0,0,0,0,0,0,0,0,0,0,0,0,0,0,0,0,0,0,0,0,0,0,0,0,0,0,0,0,0,0,15,0,0,0,0,0,19,0,0,0,0,0,0,0,0,0,0,0,0,0,0,0,0,0,0,0,0,0,0,0,0,0,0,0,0,0,0,0,0,0,0,0,0,0,0,0,0,0,0,0,0,0,0,0,0,0,1030,24,0,0,24,6,1056,25,49,0,0,49,0,77,0,17,4,0,20,0,20,0,0,0,0,0,0,0,25,65,4,0,69,0,96,5,0,0,0,0,5,11,1067,81,4,0,95,8,1166
LGA55250,0,0,5,0,0,0,0,0,0,0,0,0,0,0,0,0,0,0,0,0,0,0,0,0,0,0,0,0,0,0,0,0,0,0,0,0,0,0,5,0,0,0,0,0,7,0,0,0,0,0,0,0,0,0,0,0,0,0,0,0,0,0,0,0,0,0,0,0,0,0,0,0,0,0,0,0,0,0,0,0,0,0,0,0,0,0,0,0,0,0,0,0,0,0,0,0,0,0,0,0,0,0,0,0,0,0,0,0,0,0,0,0,0,0,0,0,0,0,0,0,0,0,0,0,0,0,0,0,0,0,0,0,0,0,0,0,0,0,0,0,0,0,0,63,7,0,0,7,0,62,0,18,0,0,18,0,18,0,0,0,0,0,0,0,0,0,0,0,0,0,0,0,18,0,0,20,0,20,0,0,0,0,0,3,3,63,20,0,0,23,3,91
LGA55320,44,0,2042,102,430,26,0,450,0,554,0,27,14,0,47,0,46,0,0,0,0,0,0,0,108,455,38,0,494,0,597,0,0,0,0,0,0,0,2103,500,38,0,539,0,2648,1067,13,0,0,15,0,1089,68,323,12,0,335,0,406,0,13,6,0,18,0,22,0,0,0,0,0,0,0,67,338,17,0,361,0,423,0,3,0,0,3,0,3,1136,357,21,0,376,0,1517,584,12,0,0,12,0,597,33,164,7,0,172,0,203,0,14,6,0,23,0,20,0,0,0,0,0,0,0,35,175,14,0,190,0,226,0,0,0,0,0,0,0,618,185,14,0,205,0,821,13308,421,7,0,427,4,13743,1133,3911,135,0,4046,7,5181,18,200,95,0,297,0,319,7,3,0,0,3,0,10,1154,4110,233,0,4342,9,5508,7,9,0,0,9,8,23,14468,4545,238,0,4782,25,19277
LGA55390,0,0,6,0,0,0,0,0,0,0,0,0,0,0,0,0,0,0,0,0,0,0,0,0,0,0,0,0,0,0,0,0,0,0,0,0,0,0,6,0,0,0,0,0,5,0,0,0,0,0,0,0,0,0,0,0,0,0,0,0,0,0,0,0,0,0,0,0,0,0,0,0,0,0,0,0,0,0,0,0,0,0,0,0,0,0,0,0,0,0,0,0,0,0,0,0,0,0,0,0,0,0,0,0,0,0,0,0,0,0,0,0,0,0,0,0,0,0,0,0,0,0,0,0,0,0,0,0,0,0,0,0,0,0,0,0,0,0,0,0,0,0,0,12,0,0,0,0,0,12,0,3,0,0,3,0,3,0,0,0,0,0,0,0,0,0,0,0,0,0,0,0,3,0,0,3,0,3,0,0,0,0,0,0,0,12,3,0,0,3,0,20
LGA55460,0,0,37,0,4,0,0,4,0,4,0,0,0,0,0,0,0,0,0,0,0,0,0,0,0,4,0,0,4,0,4,0,0,0,0,0,0,0,38,3,0,0,3,0,43,0,0,0,0,0,0,0,0,0,0,0,0,0,0,0,0,0,0,0,0,0,0,0,0,0,0,0,0,0,0,0,0,0,0,0,0,0,0,0,0,0,0,0,0,0,0,0,0,0,0,0,0,0,0,0,0,0,0,0,0,0,0,0,0,0,0,0,0,0,0,0,0,0,0,0,0,0,0,0,0,0,0,0,0,0,0,0,0,0,0,0,0,0,0,0,0,0,0,389,5,0,0,5,0,389,3,31,0,0,27,0,33,0,0,0,0,0,0,0,0,0,0,0,0,0,0,3,31,0,0,30,0,35,3,0,0,0,0,0,3,390,32,0,0,35,0,430
LGA55530,0,0,0,0,0,0,0,0,0,0,0,0,0,0,0,0,0,0,0,0,0,0,0,0,0,0,0,0,0,0,0,0,0,0,0,0,0,0,0,0,0,0,0,0,0,0,0,0,0,0,0,0,0,0,0,0,0,0,0,0,0,0,0,0,0,0,0,0,0,0,0,0,0,0,0,0,0,0,0,0,0,0,0,0,0,0,0,0,0,0,0,0,0,0,0,0,0,0,0,0,0,0,0,0,0,0,0,0,0,0,0,0,0,0,0,0,0,0,0,0,0,0,0,0,0,0,0,0,0,0,0,0,0,0,0,0,0,0,0,0,0,0,0,61,0,0,0,0,0,61,3,0,0,0,0,0,3,0,0,0,0,0,0,0,0,0,0,0,0,0,0,3,0,0,0,0,0,3,0,0,0,0,0,0,0,62,0,0,0,0,0,62
LGA55600,0,0,17,0,3,0,0,3,0,3,0,0,0,0,0,0,0,0,0,0,0,0,0,0,0,3,0,0,3,0,3,0,0,0,0,0,0,0,17,3,0,0,3,0,23,0,0,0,0,0,0,0,0,0,0,0,0,0,0,0,0,0,0,0,0,0,0,0,0,0,0,0,0,0,0,0,0,0,0,0,0,0,0,0,0,0,0,0,0,0,0,0,0,0,0,0,0,0,0,0,0,0,0,0,0,0,0,0,0,0,0,0,0,0,0,0,0,0,0,0,0,0,0,0,0,0,0,0,0,0,0,0,0,0,0,0,0,0,0,0,0,0,0,244,0,0,0,0,0,248,3,11,0,0,11,0,21,0,0,0,0,0,0,0,0,0,0,0,0,0,0,3,11,0,0,13,0,16,0,0,0,0,0,0,0,249,21,0,0,16,0,264
LGA55670,0,0,3,0,0,0,0,0,0,0,0,0,0,0,0,0,0,0,0,0,0,0,0,0,0,0,0,0,0,0,0,0,0,0,0,0,0,0,3,0,0,0,0,0,3,0,0,0,0,0,0,0,0,0,0,0,0,0,0,0,0,0,0,0,0,0,0,0,0,0,0,0,0,0,0,0,0,0,0,0,0,0,0,0,0,0,0,0,0,0,0,0,0,0,0,0,0,0,0,0,0,0,0,0,0,0,0,0,0,0,0,0,0,0,0,0,0,0,0,0,0,0,0,0,0,0,0,0,0,0,0,0,0,0,0,0,0,0,0,0,0,0,0,79,0,0,0,0,4,84,0,3,0,0,3,0,3,0,0,0,0,0,0,0,0,0,0,0,0,0,0,0,3,0,0,3,0,3,0,0,0,0,0,0,0,79,3,0,0,3,4,86
LGA55740,0,0,229,8,23,0,0,23,0,32,0,0,0,0,0,0,0,0,0,0,0,0,0,0,8,25,0,0,25,0,37,0,0,0,0,0,0,0,232,33,0,0,33,0,265,157,0,0,0,0,0,157,7,16,0,0,16,0,24,0,0,0,0,0,0,0,0,0,0,0,0,0,0,7,16,0,0,16,0,24,0,0,0,0,0,0,0,162,16,0,0,16,0,182,56,0,0,0,0,0,56,3,15,0,0,14,0,20,0,0,0,0,0,0,0,0,0,0,0,0,0,0,3,15,0,0,14,0,20,0,0,0,0,0,0,0,65,17,0,0,13,0,81,1410,37,0,0,37,0,1446,76,189,3,0,194,0,269,0,15,0,0,15,0,15,0,0,0,0,0,0,0,76,207,3,0,208,0,284,0,0,0,0,0,0,0,1486,240,3,0,241,0,1728
LGA55810,0,0,0,0,0,0,0,0,0,0,0,0,0,0,0,0,0,0,0,0,0,0,0,0,0,0,0,0,0,0,0,0,0,0,0,0,0,0,0,0,0,0,0,0,0,0,0,0,0,0,0,0,0,0,0,0,0,0,0,0,0,0,0,0,0,0,0,0,0,0,0,0,0,0,0,0,0,0,0,0,0,0,0,0,0,0,0,0,0,0,0,0,0,0,0,0,0,0,0,0,0,0,0,0,0,0,0,0,0,0,0,0,0,0,0,0,0,0,0,0,0,0,0,0,0,0,0,0,0,0,0,0,0,0,0,0,0,0,0,0,0,0,0,27,0,0,0,0,0,27,0,3,0,0,3,0,3,0,0,0,0,0,0,0,0,0,0,0,0,0,0,0,3,0,0,3,0,3,0,0,0,0,0,0,0,27,3,0,0,3,0,28
LGA55880,0,0,0,0,0,0,0,0,0,0,0,0,0,0,0,0,0,0,0,0,0,0,0,0,0,0,0,0,0,0,0,0,0,0,0,0,0,0,0,0,0,0,0,0,0,0,0,0,0,0,0,0,0,0,0,0,0,0,0,0,0,0,0,0,0,0,0,0,0,0,0,0,0,0,0,0,0,0,0,0,0,0,0,0,0,0,0,0,0,0,0,0,0,0,0,0,0,0,0,0,0,0,0,0,0,0,0,0,0,0,0,0,0,0,0,0,0,0,0,0,0,0,0,0,0,0,0,0,0,0,0,0,0,0,0,0,0,0,0,0,0,0,0,57,0,0,0,0,0,57,0,0,0,0,0,0,0,0,0,0,0,0,0,0,0,0,0,0,0,0,0,0,0,0,0,0,0,0,0,0,0,0,0,0,0,57,0,0,0,0,0,57
LGA55950,0,0,3,0,0,0,0,0,0,0,0,0,0,0,0,0,0,0,0,0,0,0,0,0,0,0,0,0,0,0,0,0,0,0,0,0,0,0,3,0,0,0,0,0,3,0,0,0,0,0,0,0,0,0,0,0,0,0,0,0,0,0,0,0,0,0,0,0,0,0,0,0,0,0,0,0,0,0,0,0,0,0,0,0,0,0,0,0,0,0,0,0,0,0,0,0,0,0,0,0,0,0,0,0,0,0,0,0,0,0,0,0,0,0,0,0,0,0,0,0,0,0,0,0,0,0,0,0,0,0,0,0,0,0,0,0,0,0,0,0,0,0,0,90,0,0,0,0,0,90,0,0,0,0,0,0,0,0,0,0,0,0,0,0,0,0,0,0,0,0,0,0,0,0,0,0,0,0,0,0,0,0,0,0,0,89,0,0,0,0,0,89
LGA56090,11,0,826,25,42,0,0,42,0,65,0,0,0,0,0,0,0,0,0,0,0,0,0,0,29,42,0,0,42,0,68,0,0,0,0,0,0,0,842,50,0,0,49,0,894,256,7,0,0,7,0,261,6,15,0,0,14,0,22,0,0,0,0,0,0,0,0,0,0,0,0,0,0,9,19,0,0,18,0,23,0,0,0,0,0,0,0,263,20,0,0,20,0,284,113,0,0,0,0,0,111,9,9,0,0,9,0,18,0,0,0,0,3,0,3,0,0,0,0,0,0,0,9,12,0,0,15,0,23,0,0,0,0,0,0,0,120,13,0,0,10,0,136,5353,98,0,0,104,0,5461,233,275,0,0,276,0,508,0,12,14,0,21,0,25,5,0,0,0,0,0,5,242,283,17,0,295,0,538,3,0,0,0,0,3,0,5596,383,15,0,401,0,6002
LGA56160,0,0,0,0,0,0,0,0,0,0,0,0,0,0,0,0,0,0,0,0,0,0,0,0,0,0,0,0,0,0,0,0,0,0,0,0,0,0,0,0,0,0,0,0,0,0,0,0,0,0,0,0,0,0,0,0,0,0,0,0,0,0,0,0,0,0,0,0,0,0,0,0,0,0,0,0,0,0,0,0,0,0,0,0,0,0,0,0,0,0,0,0,0,0,0,0,0,0,0,0,0,0,0,0,0,0,0,0,0,0,0,0,0,0,0,0,0,0,0,0,0,0,0,0,0,0,0,0,0,0,0,0,0,0,0,0,0,0,0,0,0,0,0,9,0,0,0,0,0,9,3,0,0,0,0,0,4,0,0,0,0,0,0,0,0,0,0,0,0,0,0,3,0,0,0,0,0,4,0,0,0,0,0,0,0,15,0,0,0,0,0,16
LGA56230,0,0,301,12,14,0,0,20,0,32,0,0,0,0,0,0,0,0,0,0,0,0,0,0,12,14,0,0,20,0,31,0,0,0,0,0,0,0,316,21,0,0,17,0,333,68,0,0,0,0,0,68,0,3,0,0,3,0,5,0,0,0,0,0,0,0,0,0,0,0,0,0,0,0,3,0,0,3,0,5,0,0,0,0,0,0,0,71,3,0,0,3,0,77,23,0,0,0,0,0,23,0,5,0,0,5,0,4,0,0,0,0,0,0,0,0,0,0,0,0,0,0,0,3,0,0,3,0,5,0,0,0,0,0,0,0,21,3,0,0,3,0,26,2253,23,0,0,23,0,2281,66,70,8,0,81,0,143,5,7,0,0,7,0,15,0,0,0,0,0,0,0,66,82,8,0,90,0,152,4,0,0,0,0,0,9,2325,106,8,0,113,0,2439
LGA56300,0,0,14,0,0,0,0,0,0,0,0,0,0,0,0,0,0,0,0,0,0,0,0,0,0,0,0,0,0,0,0,0,0,0,0,0,0,0,18,0,0,0,0,0,18,0,0,0,0,0,0,0,0,0,0,0,0,0,0,0,0,0,0,0,0,0,0,0,0,0,0,0,0,0,0,0,0,0,0,0,0,0,0,0,0,0,0,0,0,0,0,0,0,0,0,0,0,0,0,0,0,0,0,0,0,0,0,0,0,0,0,0,0,0,0,0,0,0,0,0,0,0,0,0,0,0,0,0,0,0,0,0,0,0,0,0,0,0,0,0,0,0,0,136,0,0,0,0,0,136,3,9,0,0,9,0,9,0,0,0,0,0,0,0,0,0,0,0,0,0,0,6,9,0,0,9,0,10,0,0,0,0,0,0,0,137,5,0,0,5,0,150
LGA56370,0,0,0,0,0,0,0,0,0,0,0,0,0,0,0,0,0,0,0,0,0,0,0,0,0,0,0,0,0,0,0,0,0,0,0,0,0,0,0,0,0,0,0,0,0,0,0,0,0,0,0,0,0,0,0,0,0,0,0,0,0,0,0,0,0,0,0,0,0,0,0,0,0,0,0,0,0,0,0,0,0,0,0,0,0,0,0,0,0,0,0,0,0,0,0,0,0,0,0,0,0,0,0,0,0,0,0,0,0,0,0,0,0,0,0,0,0,0,0,0,0,0,0,0,0,0,0,0,0,0,0,0,0,0,0,0,0,0,0,0,0,0,0,92,0,0,0,0,0,92,10,9,0,0,9,0,18,0,0,0,0,0,0,0,0,0,0,0,0,0,0,10,9,0,0,9,0,18,0,0,0,0,0,0,0,104,9,0,0,9,0,111
LGA56460,0,0,61,4,9,0,0,9,0,9,0,0,0,0,0,0,0,0,0,0,0,0,0,0,4,9,0,0,9,0,9,0,0,0,0,0,0,0,60,9,0,0,9,0,67,5,0,0,0,0,0,5,0,0,0,0,0,0,0,0,0,0,0,0,0,0,0,0,0,0,0,0,0,0,0,0,0,0,0,0,0,0,0,0,0,0,0,5,0,0,0,0,0,5,0,0,0,0,0,0,0,0,0,0,0,0,0,0,0,0,0,0,0,0,0,0,0,0,0,0,0,0,0,0,0,0,0,0,0,0,0,0,0,0,0,0,0,0,0,0,0,0,0,444,4,0,0,4,0,448,20,86,0,0,86,0,107,0,3,3,0,5,0,5,0,0,0,0,0,0,0,20,94,3,0,93,0,112,0,0,0,0,0,10,10,460,94,3,0,97,8,565
LGA56580,9,0,695,44,91,3,0,94,0,134,0,4,0,0,5,0,5,0,0,0,0,0,0,0,44,94,8,0,101,0,142,0,0,0,0,0,0,0,726,109,8,0,112,0,836,417,12,0,0,12,0,425,12,61,0,0,61,0,77,0,0,0,0,5,0,5,0,0,0,0,0,0,0,12,69,0,0,70,0,85,0,0,0,0,0,0,0,432,81,0,0,83,0,513,196,7,0,0,7,0,197,8,27,3,0,32,0,41,0,0,0,0,3,0,3,0,0,0,0,0,0,0,8,28,3,0,33,0,43,0,0,0,0,0,0,0,203,35,3,0,38,0,243,4012,101,0,0,101,0,4115,290,700,25,0,725,0,1017,0,20,18,0,43,0,42,0,0,0,0,0,0,0,294,725,43,0,767,0,1056,0,0,0,0,0,0,0,4302,825,43,0,874,5,5171
LGA56620,0,0,0,0,21,0,0,21,0,21,0,0,0,0,0,0,0,0,0,0,0,0,0,0,0,21,0,0,21,0,21,0,0,0,0,0,0,0,0,21,0,0,21,0,21,0,0,0,0,0,0,0,0,0,0,0,0,0,0,0,0,0,0,0,0,0,0,0,0,0,0,0,0,0,0,0,0,0,0,0,0,0,0,0,0,0,0,0,0,0,0,0,0,0,0,0,0,0,0,0,0,0,0,0,0,0,0,0,0,0,0,0,0,0,0,0,0,0,0,0,0,0,0,0,0,0,0,0,0,0,0,0,0,0,0,0,0,0,0,0,0,0,0,9,0,0,0,0,0,8,0,175,0,0,175,0,178,0,0,0,0,0,0,0,0,3,0,0,3,0,3,0,176,3,0,179,0,181,0,0,0,0,0,0,0,4,176,3,0,179,0,185
LGA56730,0,0,163,0,18,0,0,18,0,15,0,0,0,0,0,0,0,0,0,0,0,0,0,0,0,18,0,0,16,0,19,0,0,0,0,0,0,0,165,16,0,0,17,0,181,13,0,0,0,0,0,13,0,3,0,0,3,0,3,0,0,0,0,0,0,0,0,0,0,0,0,0,0,0,3,0,0,3,0,3,0,0,0,0,0,0,0,13,3,0,0,3,0,17,3,0,0,0,0,0,3,0,0,0,0,0,0,0,0,0,0,0,0,0,0,0,0,0,0,0,0,0,0,0,0,0,0,0,0,0,0,0,0,0,0,0,3,0,0,0,0,0,3,1232,19,0,0,19,0,1253,20,110,0,0,110,0,134,0,8,4,0,11,0,11,0,0,0,0,0,0,0,20,120,4,0,122,0,142,0,0,0,0,0,0,0,1262,137,4,0,144,0,1405
LGA56790,0,0,18,0,0,0,0,0,0,0,0,0,0,0,0,0,0,0,0,0,0,0,0,0,0,0,0,0,0,0,0,0,0,0,0,0,0,0,22,0,0,0,0,0,22,0,0,0,0,0,0,0,0,0,0,0,0,0,0,0,0,0,0,0,0,0,0,0,0,0,0,0,0,0,0,0,0,0,0,0,0,0,0,0,0,0,0,0,0,0,0,0,0,0,0,0,0,0,0,0,0,0,0,0,0,0,0,0,0,0,0,0,0,0,0,0,0,0,0,0,0,0,0,0,0,0,0,0,0,0,0,0,0,0,0,0,0,0,0,0,0,0,0,281,7,0,0,7,0,286,10,3,0,0,3,0,11,0,0,0,0,0,0,0,0,0,0,0,0,0,0,10,3,0,0,3,0,12,0,0,0,0,0,0,0,293,7,0,0,7,0,302
LGA56860,0,0,0,0,0,0,0,0,0,0,0,0,0,0,0,0,0,0,0,0,0,0,0,0,0,0,0,0,0,0,0,0,0,0,0,0,0,0,0,0,0,0,0,0,0,0,0,0,0,0,0,0,0,0,0,0,0,0,0,0,0,0,0,0,0,0,0,0,0,0,0,0,0,0,0,0,0,0,0,0,0,0,0,0,0,0,0,0,0,0,0,0,0,0,0,0,0,0,0,0,0,0,0,0,0,0,0,0,0,0,0,0,0,0,0,0,0,0,0,0,0,0,0,0,0,0,0,0,0,0,0,0,0,0,0,0,0,0,0,0,0,0,0,14,0,0,0,0,0,14,0,0,0,0,0,0,0,0,0,0,0,0,0,0,0,0,0,0,0,0,0,0,0,0,0,0,0,0,0,0,0,0,0,0,0,16,0,0,0,0,0,16
LGA56930,0,0,69,4,6,0,0,6,0,9,0,0,0,0,0,0,0,0,0,0,0,0,0,0,4,6,0,0,6,0,9,0,0,0,0,0,0,0,72,6,0,0,6,0,77,42,0,0,0,0,0,42,0,7,0,0,7,0,7,0,0,0,0,0,0,0,0,0,0,0,0,0,0,0,7,0,0,7,0,7,0,0,0,0,0,0,0,42,4,0,0,4,0,44,16,0,0,0,0,0,16,0,4,0,0,4,0,8,0,0,0,0,0,0,0,0,0,0,0,0,0,0,0,4,0,0,4,0,8,0,0,0,0,0,0,0,16,4,0,0,4,0,21,283,0,0,0,0,0,286,17,34,0,0,34,0,51,0,0,0,0,0,0,0,0,0,0,0,0,0,0,17,30,0,0,30,0,53,0,0,0,0,0,0,0,303,35,0,0,35,0,337
LGA57000,0,0,4,0,0,0,0,0,0,0,0,0,0,0,0,0,0,0,0,0,0,0,0,0,0,0,0,0,0,0,0,0,0,0,0,0,0,0,4,0,0,0,0,0,4,0,0,0,0,0,0,0,0,0,0,0,0,0,0,0,0,0,0,0,0,0,0,0,0,0,0,0,0,0,0,0,0,0,0,0,0,0,0,0,0,0,0,0,0,0,0,0,0,0,0,0,0,0,0,0,0,0,0,0,0,0,0,0,0,0,0,0,0,0,0,0,0,0,0,0,0,0,0,0,0,0,0,0,0,0,0,0,0,0,0,0,0,0,0,0,0,0,0,51,0,0,0,0,0,51,0,0,0,0,0,0,0,0,0,0,0,0,0,0,0,0,0,0,0,0,0,0,0,0,0,0,0,0,0,0,0,0,0,0,0,51,0,0,0,0,0,51
LGA57080,4,0,36,14,37,0,0,37,0,52,0,0,0,0,3,0,3,0,0,0,0,0,0,0,14,45,0,0,40,0,54,0,0,0,0,0,0,0,41,46,0,0,50,0,90,30,0,0,0,0,0,31,5,18,0,0,19,0,24,0,0,5,0,3,0,3,0,0,0,0,0,0,0,5,20,3,0,21,0,26,0,0,0,0,0,0,0,32,20,3,0,21,0,59,14,0,0,0,0,0,17,4,13,0,0,13,0,17,0,0,0,0,0,0,0,0,0,0,0,0,0,0,4,17,0,0,17,0,18,0,0,0,0,0,0,0,19,17,0,0,17,0,35,419,30,0,0,31,4,449,149,849,32,0,884,0,1039,5,80,22,0,101,0,110,0,0,0,0,0,0,0,161,937,56,3,993,0,1150,0,0,3,0,6,6,7,581,965,57,3,1027,7,1614
LGA57140,0,0,5,0,0,0,0,0,0,0,0,0,0,0,0,0,0,0,0,0,0,0,0,0,0,0,0,0,0,0,0,0,0,0,0,0,0,0,5,0,0,0,0,0,4,0,0,0,0,0,0,0,0,0,0,0,0,0,0,0,0,0,0,0,0,0,0,0,0,0,0,0,0,0,0,0,0,0,0,0,0,0,0,0,0,0,0,0,0,0,0,0,0,0,0,0,0,0,0,0,0,0,0,0,0,0,0,0,0,0,0,0,0,0,0,0,0,0,0,0,0,0,0,0,0,0,0,0,0,0,0,0,0,0,0,0,0,0,0,0,0,0,0,101,0,0,0,0,0,101,12,11,0,0,11,0,18,0,0,0,0,0,0,0,0,0,0,0,0,0,0,12,11,0,0,11,0,18,0,0,0,0,0,0,0,110,11,0,0,11,0,113
LGA57210,0,0,81,0,0,0,0,5,0,7,0,3,3,0,10,0,10,0,0,0,0,0,0,0,0,9,6,0,10,0,18,0,0,0,0,0,0,0,85,9,6,0,15,0,99,4,0,0,0,0,0,4,0,0,0,0,0,0,0,0,0,0,0,0,0,0,0,0,0,0,0,0,0,0,0,0,0,0,0,0,0,0,0,0,0,0,0,4,0,0,0,0,0,8,3,0,0,0,0,0,3,0,0,0,0,0,0,0,0,0,0,0,0,0,0,0,0,0,0,0,0,0,0,0,0,0,0,0,0,0,0,0,0,0,0,0,3,0,0,0,0,0,3,564,6,0,0,6,6,571,26,35,3,0,40,0,60,0,22,19,0,39,0,39,0,0,0,0,0,0,0,26,54,25,0,76,0,100,0,0,0,0,0,4,3,587,58,25,0,83,3,674
LGA57280,0,0,146,15,40,0,0,37,0,49,0,3,0,0,3,0,0,0,0,0,0,0,0,0,14,37,0,0,41,0,52,0,0,0,0,0,0,0,151,43,0,0,41,0,198,9,0,0,0,0,0,9,0,0,0,0,0,0,0,0,0,0,0,0,0,0,0,0,0,0,0,0,0,0,0,0,0,0,0,3,0,0,0,0,0,0,0,8,0,0,0,0,0,13,3,0,0,0,0,0,3,0,0,0,0,0,0,0,0,0,0,0,0,0,0,0,0,0,0,0,0,0,0,0,0,0,0,0,0,0,0,0,0,0,0,0,3,0,0,0,0,0,3,2125,79,0,4,82,3,2217,201,414,4,4,429,0,626,5,17,0,0,17,0,20,0,6,0,0,6,0,6,208,433,10,4,448,0,652,0,0,0,0,0,18,19,2336,514,10,7,533,22,2886
LGA57350,0,0,3,0,0,0,0,0,0,0,0,0,0,0,0,0,0,0,0,0,0,0,0,0,0,0,0,0,0,0,0,0,0,0,0,0,0,0,3,0,0,0,0,0,3,0,0,0,0,0,0,0,0,0,0,0,0,0,0,0,0,0,0,0,0,0,0,0,0,0,0,0,0,0,0,0,0,0,0,0,0,0,0,0,0,0,0,0,0,0,0,0,0,0,0,0,0,0,0,0,0,0,0,0,0,0,0,0,0,0,0,0,0,0,0,0,0,0,0,0,0,0,0,0,0,0,0,0,0,0,0,0,0,0,0,0,0,0,0,0,0,0,0,79,0,0,0,0,0,79,6,3,0,0,3,0,3,0,0,0,0,0,0,0,0,0,0,0,0,0,0,6,3,0,0,3,0,3,0,0,0,0,0,0,0,87,3,0,0,3,0,85
LGA57420,0,0,10,0,0,0,0,0,0,0,0,0,0,0,0,0,0,0,0,0,0,0,0,0,0,0,0,0,0,0,0,0,0,0,0,0,0,0,17,0,0,0,0,0,16,0,0,0,0,0,0,0,0,0,0,0,0,0,0,0,0,0,0,0,0,0,0,0,0,0,0,0,0,0,0,0,0,0,0,0,0,0,0,0,0,0,0,0,0,0,0,0,0,0,0,0,0,0,0,0,0,0,0,0,0,0,0,0,0,0,0,0,0,0,0,0,0,0,0,0,0,0,0,0,0,0,0,0,0,0,0,0,0,0,0,0,0,0,0,0,0,0,0,255,0,0,0,0,0,253,14,18,0,0,18,0,34,0,0,0,0,0,0,0,0,0,0,0,0,0,0,14,18,0,0,18,0,34,0,0,0,0,0,0,0,265,21,0,0,21,0,290
LGA57490,41,6,2524,116,254,3,0,258,0,374,0,15,9,0,27,0,26,0,0,0,0,0,0,0,117,265,13,0,282,0,398,0,0,0,0,0,6,6,2601,304,17,0,322,8,2931,611,11,0,0,11,0,622,31,121,7,0,128,0,162,0,8,7,0,15,0,16,0,0,0,0,0,0,0,32,136,9,0,143,0,176,0,0,0,0,0,0,0,643,143,9,0,153,0,794,286,7,0,0,7,0,291,11,52,4,0,55,0,69,0,6,8,0,11,0,11,0,0,0,0,0,0,0,11,60,5,0,66,0,84,0,0,0,0,0,0,0,304,60,5,0,70,0,375,19002,458,4,4,461,22,19489,984,2120,51,0,2170,0,3150,34,104,65,0,166,0,202,0,3,0,0,3,0,3,1016,2230,118,0,2345,0,3359,14,3,0,4,9,16,40,20034,2685,121,5,2813,39,22886
LGA57630,0,0,0,0,0,0,0,0,0,0,0,0,0,0,0,0,0,0,0,0,0,0,0,0,0,0,0,0,0,0,0,0,0,0,0,0,0,0,0,0,0,0,0,0,0,0,0,0,0,0,0,0,0,0,0,0,0,0,0,0,0,0,0,0,0,0,0,0,0,0,0,0,0,0,0,0,0,0,0,0,0,0,0,0,0,0,0,0,0,0,0,0,0,0,0,0,0,0,0,0,0,0,0,0,0,0,0,0,0,0,0,0,0,0,0,0,0,0,0,0,0,0,0,0,0,0,0,0,0,0,0,0,0,0,0,0,0,0,0,0,0,0,0,0,0,0,0,0,0,0,0,0,0,0,0,0,0,0,0,0,0,0,0,0,0,0,0,0,0,0,0,0,0,0,0,0,0,0,0,0,0,0,0,0,0,0,0,0,0,0,0,0
LGA57700,9,0,592,18,97,0,0,96,0,112,0,3,0,0,5,0,5,0,0,0,0,0,0,0,18,98,0,0,103,0,122,0,0,0,0,0,0,0,605,106,0,0,114,0,717,138,0,0,0,0,0,144,5,50,0,0,50,0,56,0,0,0,0,0,0,0,0,0,0,0,0,0,0,5,50,0,0,50,0,56,0,0,0,0,0,0,0,147,52,0,0,52,0,200,64,0,0,0,0,0,65,0,11,0,0,11,0,17,0,0,0,0,0,0,0,0,0,0,0,0,0,0,0,15,0,0,16,0,16,0,0,0,0,0,0,0,66,17,0,0,19,0,83,5258,119,9,0,126,8,5393,200,1053,9,3,1065,0,1263,0,40,14,0,60,0,58,0,0,0,0,0,0,0,202,1095,22,8,1119,0,1324,7,0,0,0,0,4,12,5462,1207,30,8,1248,15,6726
LGA57770,0,0,3,0,0,0,0,0,0,0,0,0,0,0,0,0,0,0,0,0,0,0,0,0,0,0,0,0,0,0,0,0,0,0,0,0,0,0,3,0,0,0,0,0,3,0,0,0,0,0,0,0,0,0,0,0,0,0,0,0,0,0,0,0,0,0,0,0,0,0,0,0,0,0,0,0,0,0,0,0,0,0,0,0,0,0,0,0,0,0,0,0,0,0,0,0,0,0,0,0,0,0,0,0,0,0,0,0,0,0,0,0,0,0,0,0,0,0,0,0,0,0,0,0,0,0,0,0,0,0,0,0,0,0,0,0,0,0,0,0,0,0,0,78,0,0,0,0,0,84,4,9,0,0,9,0,17,0,0,0,0,0,0,0,0,0,0,0,0,0,0,3,9,0,0,9,0,16,0,0,0,0,0,0,0,83,11,0,0,11,0,100
LGA57840,13,0,644,57,108,3,0,113,0,165,0,11,7,3,16,0,16,0,0,0,0,0,0,0,57,118,8,3,130,0,188,0,0,0,0,0,0,0,685,130,8,3,147,0,827,373,3,0,0,3,0,378,31,81,3,0,87,0,114,0,4,4,0,12,0,15,0,0,0,0,0,0,0,30,87,9,0,94,0,127,0,0,0,0,0,0,0,399,92,9,0,99,0,500,172,7,0,0,7,0,177,10,53,3,0,64,0,71,0,0,5,0,8,0,9,0,0,0,0,0,0,0,14,55,11,0,70,0,81,0,0,0,0,0,0,0,183,63,11,0,69,0,260,4289,122,0,0,127,3,4416,424,1298,35,0,1334,0,1762,9,59,55,12,123,0,131,0,0,0,0,0,0,0,430,1357,95,9,1457,0,1894,8,0,0,0,0,3,9,4724,1478,95,9,1581,7,6314
LGA57910,71,0,2848,212,1002,53,0,1058,0,1268,4,119,131,0,250,0,258,0,0,0,0,0,0,0,225,1117,184,0,1307,0,1532,0,0,0,0,0,0,0,2995,1194,184,0,1384,0,4380,1405,47,0,0,47,0,1450,85,584,25,0,614,0,700,5,70,87,0,161,0,161,0,4,0,0,6,0,6,83,656,118,0,775,0,867,0,0,0,0,0,0,0,1494,702,118,0,823,0,2312,758,28,0,0,31,0,787,38,331,20,0,350,0,389,0,54,45,0,98,0,98,0,0,0,0,0,0,0,41,386,60,0,452,0,485,0,0,0,0,0,0,0,801,414,61,0,477,0,1280,21630,948,16,4,968,5,22602,2025,9813,441,0,10260,16,12296,57,1150,915,5,2071,3,2134,6,19,10,8,31,0,34,2085,10982,1372,8,12359,13,14455,13,26,0,6,25,37,76,23720,11958,1388,16,13360,57,37139
LGA57980,9,0,248,23,52,0,0,51,0,72,0,0,0,0,0,0,0,0,0,0,0,0,0,0,23,55,0,0,51,0,70,0,0,0,0,0,0,0,263,60,0,0,59,0,323,166,0,0,0,0,0,170,14,33,0,0,33,0,46,0,4,0,0,3,0,4,0,0,0,0,0,0,0,10,36,0,0,38,0,49,0,0,0,0,0,0,0,182,39,0,0,39,0,226,55,0,0,0,0,0,55,3,6,0,0,12,0,12,0,0,0,0,0,0,0,0,0,0,0,0,0,0,3,6,0,0,15,0,16,0,0,0,0,0,0,0,55,6,0,0,15,0,68,1923,65,0,0,65,0,1988,169,552,17,0,564,0,729,0,41,5,0,43,0,42,0,0,0,0,0,0,0,171,589,19,0,608,0,779,0,4,0,0,4,0,3,2100,657,19,0,678,0,2774
LGA58050,59,0,2122,102,837,32,0,880,0,974,5,95,87,0,177,0,185,0,3,0,0,5,0,5,104,935,122,6,1061,0,1163,0,0,0,0,0,0,0,2165,995,121,6,1118,0,3287,649,16,0,0,17,0,665,34,427,27,0,454,0,491,0,63,51,0,119,0,119,0,0,0,4,0,0,0,34,493,77,3,571,0,611,0,0,0,0,0,0,0,691,508,77,3,587,0,1278,297,14,0,0,14,0,309,15,229,10,0,238,0,255,6,42,37,0,78,0,80,0,0,0,0,0,0,0,20,266,50,0,318,0,341,0,0,0,0,0,0,0,318,282,50,0,332,0,646,16572,618,6,0,622,18,17216,1232,8135,258,15,8408,7,9646,37,914,605,4,1522,0,1552,3,9,0,5,11,0,13,1270,9046,862,25,9935,7,11211,17,39,3,0,43,15,77,17863,9702,876,25,10602,42,28510
LGA58190,0,0,7,0,0,0,0,0,0,0,0,0,0,0,0,0,0,0,0,0,0,0,0,0,0,0,0,0,0,0,0,0,0,0,0,0,0,0,7,0,0,0,0,0,7,0,0,0,0,0,0,0,0,0,0,0,0,0,0,0,0,0,0,0,0,0,0,0,0,0,0,0,0,0,0,0,0,0,0,0,0,0,0,0,0,0,0,0,0,0,0,0,0,0,0,0,0,0,0,0,0,0,0,0,0,0,0,0,0,0,0,0,0,0,0,0,0,0,0,0,0,0,0,0,0,0,0,0,0,0,0,0,0,0,0,0,0,0,0,0,0,0,0,48,0,0,0,0,0,48,0,0,0,0,0,0,0,0,0,0,0,0,0,0,0,0,0,0,0,0,0,0,0,0,0,0,0,0,0,0,0,0,0,0,0,48,0,0,0,0,0,48
LGA58260,0,0,6,0,0,0,0,0,0,0,0,0,0,0,0,0,0,0,0,0,0,0,0,0,0,0,0,0,0,0,0,0,0,0,0,0,0,0,6,0,0,0,0,0,6,0,0,0,0,0,0,0,0,0,0,0,0,0,0,0,0,0,0,0,0,0,0,0,0,0,0,0,0,0,0,0,0,0,0,0,0,0,0,0,0,0,0,0,0,0,0,0,0,0,0,0,0,0,0,0,0,0,0,0,0,0,0,0,0,0,0,0,0,0,0,0,0,0,0,0,0,0,0,0,0,0,0,0,0,0,0,0,0,0,0,0,0,0,0,0,0,0,0,72,0,0,0,0,0,72,0,0,0,0,0,0,0,0,0,0,0,0,0,0,0,0,0,0,0,0,0,0,0,0,0,0,0,0,0,0,0,0,0,0,0,72,0,0,0,0,0,70
LGA58330,0,0,60,0,0,0,0,0,0,0,0,0,0,0,0,0,0,0,0,0,0,0,0,0,0,0,0,0,0,0,0,0,0,0,0,0,0,0,64,0,0,0,0,0,64,8,0,0,0,0,0,8,0,0,0,0,0,0,0,0,0,0,0,0,0,0,0,0,0,0,0,0,0,0,0,0,0,0,0,0,0,0,0,0,0,0,0,8,0,0,0,0,0,8,3,0,0,0,0,0,3,0,0,0,0,0,0,0,0,0,0,0,0,0,0,0,0,0,0,0,0,0,0,0,0,0,0,0,0,0,0,0,0,0,0,0,3,0,0,0,0,0,3,392,3,0,0,3,0,399,19,15,0,0,15,0,32,0,0,0,0,0,0,0,0,0,0,0,0,0,0,16,18,0,0,18,0,35,0,0,0,0,0,0,4,409,22,0,0,22,0,429
LGA58400,0,0,0,0,0,0,0,0,0,0,0,0,0,0,0,0,0,0,0,0,0,0,0,0,0,0,0,0,0,0,0,0,0,0,0,0,0,0,0,0,0,0,0,0,0,0,0,0,0,0,0,0,0,0,0,0,0,0,0,0,0,0,0,0,0,0,0,0,0,0,0,0,0,0,0,0,0,0,0,0,0,0,0,0,0,0,0,0,0,0,0,0,0,0,0,0,0,0,0,0,0,0,0,0,0,0,0,0,0,0,0,0,0,0,0,0,0,0,0,0,0,0,0,0,0,0,0,0,0,0,0,0,0,0,0,0,0,0,0,0,0,0,0,20,0,0,0,0,0,20,0,0,0,0,0,0,0,0,0,0,0,0,0,0,0,0,0,0,0,0,0,0,0,0,0,0,0,0,0,0,0,0,0,0,0,20,0,0,0,0,0,19
LGA58470,0,0,0,0,0,0,0,0,0,0,0,0,0,0,0,0,0,0,0,0,0,0,0,0,0,0,0,0,0,0,0,0,0,0,0,0,0,0,0,0,0,0,0,0,0,0,0,0,0,0,0,0,0,0,0,0,0,0,0,0,0,0,0,0,0,0,0,0,0,0,0,0,0,0,0,0,0,0,0,0,0,0,0,0,0,0,0,0,0,0,0,0,0,0,0,0,0,0,0,0,0,0,0,0,0,0,0,0,0,0,0,0,0,0,0,0,0,0,0,0,0,0,0,0,0,0,0,0,0,0,0,0,0,0,0,0,0,0,0,0,0,0,0,22,0,0,0,0,0,28,0,9,0,0,9,0,9,0,0,0,0,0,0,0,0,0,0,0,0,0,0,0,9,0,0,9,0,9,0,0,0,0,0,0,0,22,9,0,0,9,0,35
LGA58510,15,0,304,34,72,4,0,70,0,108,0,16,0,0,16,0,16,0,0,0,0,0,0,0,34,84,9,0,91,0,126,0,0,0,0,0,0,0,328,95,9,0,103,0,425,138,3,0,0,3,0,139,17,52,0,0,56,0,68,0,13,0,0,14,0,14,0,0,0,0,0,0,0,17,65,6,0,63,0,80,0,0,0,0,0,0,0,153,65,6,0,70,0,217,46,0,0,0,0,0,47,5,27,0,0,28,0,36,0,6,5,0,11,0,11,0,0,0,0,0,0,0,5,29,4,0,37,0,42,0,0,0,0,0,0,0,53,32,4,0,37,0,92,2867,127,6,0,125,4,2996,350,1196,37,0,1229,0,1584,0,115,42,0,157,0,158,0,0,0,0,0,0,0,360,1308,74,0,1383,0,1745,0,0,0,0,0,0,4,3228,1432,80,0,1517,6,4743
LGA58540,0,0,5,0,0,0,0,0,0,0,0,0,0,0,0,0,0,0,0,0,0,0,0,0,0,0,0,0,0,0,0,0,0,0,0,0,0,0,5,0,0,0,0,0,6,3,0,0,0,0,0,3,0,0,0,0,0,0,0,0,0,0,0,0,0,0,0,0,0,0,0,0,0,0,0,0,0,0,0,0,0,0,0,0,0,0,0,3,0,0,0,0,0,3,0,0,0,0,0,0,0,0,0,0,0,0,0,0,0,0,0,0,0,0,0,0,0,0,0,0,0,0,0,0,0,0,0,0,0,0,0,0,0,0,0,0,0,0,0,0,0,0,0,88,3,0,0,3,0,93,0,5,0,0,5,0,12,0,0,0,0,0,0,0,0,0,0,0,0,0,0,0,5,0,0,5,0,12,0,0,0,0,0,0,0,92,12,0,0,12,0,102
LGA58570,10,0,425,25,37,3,0,41,0,65,0,4,0,0,3,0,3,0,0,0,0,0,0,0,25,40,3,0,42,0,68,0,0,0,0,0,0,0,441,48,3,0,56,0,492,193,9,0,0,9,0,200,11,38,7,0,42,0,50,0,3,0,0,8,0,12,0,0,0,0,0,0,0,15,45,11,0,48,0,65,0,0,0,0,0,0,0,210,49,11,0,57,0,264,91,0,0,0,0,0,92,4,21,6,0,25,0,31,0,3,0,0,10,0,10,0,0,0,0,0,0,0,4,26,6,0,32,0,34,0,0,0,0,0,0,0,90,25,6,0,30,0,123,3797,139,0,0,142,3,3939,343,654,26,0,682,0,1023,4,39,32,0,73,0,76,0,0,0,0,0,0,0,349,697,56,0,750,0,1097,4,0,0,0,0,0,4,4146,835,54,0,890,6,5046
LGA58610,0,0,21,0,0,0,0,0,0,0,0,0,0,0,0,0,0,0,0,0,0,0,0,0,0,0,0,0,0,0,0,0,0,0,0,0,0,0,21,0,0,0,0,0,21,3,0,0,0,0,0,3,0,0,0,0,0,0,0,0,0,0,0,0,0,0,0,0,0,0,0,0,0,0,0,0,0,0,0,0,0,0,0,0,0,0,0,4,0,0,0,0,0,4,0,0,0,0,0,0,0,0,0,0,0,0,0,0,0,0,0,0,0,0,0,0,0,0,0,0,0,0,0,0,0,0,0,0,0,0,0,0,0,0,0,0,0,0,0,0,0,0,0,190,7,0,0,7,0,196,3,4,0,0,4,0,6,0,0,0,0,0,0,0,0,0,0,0,0,0,0,6,4,0,0,4,0,12,0,0,0,0,0,0,0,196,11,0,0,11,0,206
LGA58680,0,0,6,0,0,0,0,0,0,0,0,0,0,0,0,0,0,0,0,0,0,0,0,0,0,0,0,0,0,0,0,0,0,0,0,0,0,0,6,0,0,0,0,0,6,0,0,0,0,0,0,0,0,0,0,0,0,0,0,0,0,0,0,0,0,0,0,0,0,0,0,0,0,0,0,0,0,0,0,0,0,0,0,0,0,0,0,0,0,0,0,0,0,0,0,0,0,0,0,0,0,0,0,0,0,0,0,0,0,0,0,0,0,0,0,0,0,0,0,0,0,0,0,0,0,0,0,0,0,0,0,0,0,0,0,0,0,0,0,0,0,0,0,64,0,0,0,0,0,64,3,0,0,0,0,0,3,0,0,0,0,0,0,0,0,0,0,0,0,0,0,3,0,0,0,0,0,3,0,0,0,0,0,0,0,64,0,0,0,0,0,64
LGA58760,69,0,3440,158,1101,61,4,1162,0,1317,3,136,171,0,311,0,318,0,0,0,3,3,0,3,161,1234,228,3,1475,0,1635,9,5,0,0,5,0,10,3540,1314,228,3,1549,0,5084,1046,36,0,0,33,0,1078,68,621,29,0,658,0,715,0,75,97,0,170,0,173,0,0,0,0,0,0,0,66,693,126,4,828,0,887,0,0,0,0,0,0,0,1115,732,130,4,864,0,1975,595,11,0,0,11,0,607,27,347,25,0,374,0,406,4,50,80,0,133,0,138,0,0,0,0,0,0,0,34,403,108,0,509,0,541,0,0,0,0,0,0,0,630,413,108,0,522,0,1146,26601,795,5,0,796,22,27427,1713,9061,433,12,9503,3,11224,54,1026,936,0,1967,0,2018,0,7,0,20,28,0,30,1770,10090,1374,37,11499,3,13272,39,13,9,0,19,38,99,28412,10898,1386,37,12315,67,40792
LGA58820,0,0,80,0,5,0,0,5,0,0,0,0,0,0,0,0,0,0,0,0,0,0,0,0,0,5,0,0,5,0,0,0,0,0,0,0,0,0,75,5,0,0,5,0,85,13,4,0,0,4,0,12,0,0,0,0,0,0,0,0,0,0,0,0,0,0,0,0,0,0,0,0,0,0,0,0,0,0,0,0,0,0,0,0,0,0,0,13,4,0,0,4,0,12,7,0,0,0,0,0,7,0,0,0,0,0,0,0,0,0,0,0,0,0,0,0,0,0,0,0,0,0,0,0,0,0,0,0,0,0,0,0,0,0,0,0,7,0,0,0,0,0,3,494,11,0,0,11,0,502,17,19,0,0,19,0,36,0,0,0,0,0,0,0,0,0,0,0,0,0,0,17,25,0,0,25,0,40,3,0,0,0,0,0,3,516,35,0,0,35,0,543
LGA58890,0,0,11,0,0,0,0,0,0,0,0,0,0,0,0,0,0,0,0,0,0,0,0,0,0,0,0,0,0,0,0,0,0,0,0,0,0,0,11,0,0,0,0,0,11,0,0,0,0,0,0,0,0,0,0,0,0,0,0,0,0,0,0,0,0,0,0,0,0,0,0,0,0,0,0,0,0,0,0,0,0,0,0,0,0,0,0,0,0,0,0,0,0,0,0,0,0,0,0,0,0,0,0,0,0,0,0,0,0,0,0,0,0,0,0,0,0,0,0,0,0,0,0,0,0,0,0,0,0,0,0,0,0,0,0,0,0,0,0,0,0,0,0,91,0,0,0,0,0,91,4,0,0,0,0,0,4,0,0,0,0,0,0,0,0,0,0,0,0,0,0,4,0,0,0,0,0,4,0,0,0,0,0,0,0,97,0,0,0,0,0,97
LGA59030,0,0,0,0,0,0,0,0,0,0,0,0,0,0,0,0,0,0,0,0,0,0,0,0,0,0,0,0,0,0,0,0,0,0,0,0,0,0,0,0,0,0,0,0,0,0,0,0,0,0,0,0,0,0,0,0,0,0,0,0,0,0,0,0,0,0,0,0,0,0,0,0,0,0,0,0,0,0,0,0,0,0,0,0,0,0,0,0,0,0,0,0,0,0,0,0,0,0,0,0,0,0,0,0,0,0,0,0,0,0,0,0,0,0,0,0,0,0,0,0,0,0,0,0,0,0,0,0,0,0,0,0,0,0,0,0,0,0,0,0,0,0,0,32,0,0,0,0,0,32,0,4,0,0,4,0,4,0,0,0,0,0,0,0,0,0,0,0,0,0,0,0,4,0,0,4,0,4,0,0,0,0,0,0,0,32,4,0,0,4,0,36
LGA59100,0,0,5,0,0,0,0,0,0,0,0,0,0,0,0,0,0,0,0,0,0,0,0,0,0,0,0,0,0,0,0,0,0,0,0,0,0,0,5,0,0,0,0,0,5,0,0,0,0,0,0,0,0,0,0,0,0,0,0,0,0,0,0,0,0,0,0,0,0,0,0,0,0,0,0,0,0,0,0,0,0,0,0,0,0,0,0,0,0,0,0,0,0,0,0,0,0,0,0,0,0,0,0,0,0,0,0,0,0,0,0,0,0,0,0,0,0,0,0,0,0,0,0,0,0,0,0,0,0,0,0,0,0,0,0,0,0,0,0,0,0,0,0,85,0,0,0,0,0,85,4,0,0,0,0,0,3,0,0,0,0,0,0,0,0,0,0,0,0,0,0,4,0,0,0,0,0,3,0,0,0,0,0,0,0,93,0,0,0,0,0,95
LGA59170,0,0,4,0,3,0,0,3,0,3,0,0,0,0,0,0,0,0,0,0,0,0,0,0,0,3,0,0,3,0,3,0,0,0,0,0,0,0,4,3,0,0,3,0,14,0,0,0,0,0,0,0,0,0,0,0,0,0,0,0,0,0,0,0,0,0,0,0,0,0,0,0,0,0,0,0,0,0,0,0,0,0,0,0,0,0,0,0,0,0,0,0,0,0,0,0,0,0,0,0,0,0,0,0,0,0,0,0,0,0,0,0,0,0,0,0,0,0,0,0,0,0,0,0,0,0,0,0,0,0,0,0,0,0,0,0,0,0,0,0,0,0,0,172,0,0,0,0,0,179,3,8,0,0,8,0,13,0,0,0,0,0,0,0,0,0,0,0,0,0,0,3,8,0,0,8,0,13,0,0,0,0,0,0,0,178,10,0,0,10,0,187
LGA59250,0,0,0,0,0,0,0,0,0,0,0,0,0,0,0,0,0,0,0,0,0,0,0,0,0,0,0,0,0,0,0,0,0,0,0,0,0,0,0,0,0,0,0,0,0,0,0,0,0,0,0,0,0,0,0,0,0,0,0,0,0,0,0,0,0,0,0,0,0,0,0,0,0,0,0,0,0,0,0,0,0,0,0,0,0,0,0,0,0,0,0,0,0,0,0,0,0,0,0,0,0,0,0,0,0,0,0,0,0,0,0,0,0,0,0,0,0,0,0,0,0,0,0,0,0,0,0,0,0,0,0,0,0,0,0,0,0,0,0,0,0,0,0,3,4,0,0,4,0,9,0,23,0,0,23,0,23,0,0,0,0,0,0,0,0,0,0,0,0,0,0,0,23,0,0,23,0,23,0,0,0,0,0,0,0,3,24,0,0,24,0,27
LGA59310,0,0,5,0,0,0,0,0,0,0,0,0,0,0,0,0,0,0,0,0,0,0,0,0,0,0,0,0,0,0,0,0,0,0,0,0,0,0,5,0,0,0,0,0,6,0,0,0,0,0,0,0,0,0,0,0,0,0,0,0,0,0,0,0,0,0,0,0,0,0,0,0,0,0,0,0,0,0,0,0,0,0,0,0,0,0,0,0,0,0,0,0,0,0,0,0,0,0,0,0,0,0,0,0,0,0,0,0,0,0,0,0,0,0,0,0,0,0,0,0,0,0,0,0,0,0,0,0,0,0,0,0,0,0,0,0,0,0,0,0,0,0,0,157,0,0,0,0,0,157,0,17,0,0,17,0,19,0,0,0,0,0,0,0,0,0,0,0,0,0,0,0,17,0,0,17,0,19,0,0,0,0,0,0,0,161,17,0,0,17,0,176
LGA59320,0,0,8,0,0,0,0,0,0,0,0,0,0,0,0,0,0,0,0,0,0,0,0,0,0,0,0,0,0,0,0,0,0,0,0,0,0,0,8,0,0,0,0,0,8,0,0,0,0,0,0,0,0,0,0,0,0,0,0,0,0,0,0,0,0,0,0,0,0,0,0,0,0,0,0,0,0,0,0,0,0,0,0,0,0,0,0,0,0,0,0,0,0,0,0,0,0,0,0,0,0,0,0,0,0,0,0,0,0,0,0,0,0,0,0,0,0,0,0,0,0,0,0,0,0,0,0,0,0,0,0,0,0,0,0,0,0,0,0,0,0,0,0,76,0,0,0,0,0,76,0,5,0,0,5,0,4,0,0,0,0,0,0,0,0,0,0,0,0,0,0,0,5,0,0,5,0,4,0,0,0,0,0,0,0,83,5,0,0,5,0,86
LGA59330,0,0,0,0,0,0,0,0,0,0,0,0,0,0,0,0,0,0,0,0,0,0,0,0,0,0,0,0,0,0,0,0,0,0,0,0,0,0,0,0,0,0,0,0,0,0,0,0,0,0,0,0,0,0,0,0,0,0,0,0,0,0,0,0,0,0,0,0,0,0,0,0,0,0,0,0,0,0,0,0,0,0,0,0,0,0,0,0,0,0,0,0,0,0,0,0,0,0,0,0,0,0,0,0,0,0,0,0,0,0,0,0,0,0,0,0,0,0,0,0,0,0,0,0,0,0,0,0,0,0,0,0,0,0,0,0,0,0,0,0,0,0,0,29,0,0,0,0,0,29,0,4,0,0,4,0,4,0,0,0,0,0,0,0,0,0,0,0,0,0,0,0,4,0,0,4,0,4,0,0,0,0,0,0,0,29,4,0,0,4,0,36
LGA59340,5,0,51,3,16,0,0,16,0,15,0,0,0,0,0,0,0,0,0,0,0,0,0,0,3,16,0,0,16,0,15,0,0,0,0,0,0,0,57,12,0,0,15,0,69,5,0,0,0,0,0,5,0,0,0,0,0,0,0,0,0,0,0,0,0,0,0,0,0,0,0,0,0,0,0,0,0,0,0,0,0,0,0,0,0,0,0,5,0,0,0,0,0,8,0,0,0,0,0,0,0,0,0,0,0,0,0,0,0,0,0,0,0,0,0,0,0,0,0,0,0,0,0,0,0,0,0,0,0,0,0,0,0,0,0,0,0,0,0,0,0,0,0,736,22,0,0,30,5,764,52,115,0,0,115,0,166,0,8,0,0,7,0,7,0,0,0,6,6,0,6,52,122,0,6,127,0,177,5,0,0,0,0,9,13,785,146,4,6,153,11,952
LGA59350,0,0,0,0,0,0,0,0,0,0,0,0,0,0,0,0,0,0,0,0,0,0,0,0,0,0,0,0,0,0,0,0,0,0,0,0,0,0,0,0,0,0,0,0,0,0,0,0,0,0,0,0,0,0,0,0,0,0,0,0,0,0,0,0,0,0,0,0,0,0,0,0,0,0,0,0,0,0,0,0,0,0,0,0,0,0,0,0,0,0,0,0,0,0,0,0,0,0,0,0,0,0,0,0,0,0,0,0,0,0,0,0,0,0,0,0,0,0,0,0,0,0,0,0,0,0,0,0,0,0,0,0,0,0,0,0,0,0,0,0,0,0,0,7,0,0,0,0,0,7,0,0,0,0,0,0,0,0,0,0,0,0,0,0,0,0,0,0,0,0,0,0,0,0,0,0,0,0,0,0,0,0,0,0,0,7,0,0,0,0,0,7
LGA59360,0,0,3,0,0,0,0,0,0,0,0,0,0,0,0,0,0,0,0,0,0,0,0,0,0,0,0,0,0,0,0,0,0,0,0,0,0,0,3,0,0,0,0,0,3,0,0,0,0,0,0,0,0,0,0,0,0,0,0,0,0,0,0,0,0,0,0,0,0,0,0,0,0,0,0,0,0,0,0,0,0,0,0,0,0,0,0,0,0,0,0,0,0,0,0,0,0,0,0,0,0,0,0,0,0,0,0,0,0,0,0,0,0,0,0,0,0,0,0,0,0,0,0,0,0,0,0,0,0,0,0,0,0,0,0,0,0,0,0,0,0,0,0,74,0,0,0,0,0,74,0,3,0,0,3,0,3,0,0,0,0,0,0,0,0,0,0,0,0,0,0,0,3,0,0,3,0,3,0,0,0,0,0,0,0,74,3,0,0,3,0,74
LGA59370,0,0,37,0,0,0,0,0,0,0,0,0,0,0,0,0,0,0,0,0,0,0,0,0,0,0,0,0,0,0,0,0,0,0,0,0,0,0,33,0,0,0,0,0,36,6,0,0,0,0,0,6,0,0,0,0,0,0,0,0,0,0,0,0,0,0,0,0,0,0,0,0,0,0,0,0,0,0,0,0,0,0,0,0,0,0,0,6,0,0,0,0,0,6,0,0,0,0,0,0,0,0,0,0,0,0,0,0,0,0,0,0,0,0,0,0,0,0,0,0,0,0,0,0,0,0,0,0,0,0,0,0,0,0,0,0,0,0,0,0,0,0,0,340,6,0,0,6,0,344,19,8,0,0,8,0,23,0,0,0,0,0,0,0,0,0,0,0,0,0,0,19,8,0,0,8,0,23,0,0,0,0,0,0,0,362,11,0,0,11,0,373
LGA59499,0,0,0,0,0,0,0,0,0,0,0,0,0,0,0,0,0,0,0,0,0,0,0,0,0,0,0,0,0,0,0,0,0,0,0,0,0,0,0,0,0,0,0,0,0,0,0,0,0,0,0,0,0,0,0,0,0,0,0,0,0,0,0,0,0,0,0,0,0,0,0,0,0,0,0,0,0,0,0,0,0,0,0,0,0,0,0,0,0,0,0,0,0,0,0,0,0,0,0,0,0,0,0,0,0,0,0,0,0,0,0,0,0,0,0,0,0,0,0,0,0,0,0,0,0,0,0,0,0,0,0,0,0,0,0,0,0,0,0,0,0,0,0,0,0,0,0,0,0,0,0,0,0,0,0,0,0,0,0,0,0,0,0,0,0,0,0,0,0,0,0,0,0,0,0,0,0,0,0,0,0,0,0,0,0,0,0,0,0,0,0,0
LGA59799,0,0,0,0,0,0,0,0,0,0,0,0,0,0,0,0,0,0,0,0,0,0,0,0,0,0,0,0,0,0,0,0,0,0,0,0,0,0,0,0,0,0,0,0,0,0,0,0,0,0,0,0,0,0,0,0,0,0,0,0,0,0,0,0,0,0,0,0,0,0,0,0,0,0,0,0,0,0,0,0,0,0,0,0,0,0,0,0,0,0,0,0,0,0,0,0,0,0,0,0,0,0,0,0,0,0,0,0,0,0,0,0,0,0,0,0,0,0,0,0,0,0,0,0,0,0,0,0,0,0,0,0,0,0,0,0,0,0,0,0,0,0,0,0,0,0,0,0,0,0,0,0,0,0,0,0,0,0,0,0,0,0,0,0,0,0,0,0,0,0,0,0,0,0,0,0,0,0,0,0,0,0,0,0,0,0,0,0,0,0,0,0
