LGA_CODE_2021,M_AgriForestFish_0,M_AgriForestFish_1_19,M_AgriForestFish_20_29,M_AgriForestFish_30_34,M_AgriForestFish_35_39,M_AgriForestFish_40_44,M_AgriForestFish_45_49,M_AgriForestFish_50_over,M_AgriForestFish_hours_NS,M_AgriForestFish_Tot,M_Min_0,M_Min_1_19,M_Min_20_29,M_Min_30_34,M_Min_35_39,M_Min_40_44,M_Min_45_49,M_Min_50_over,M_Min_hours_NS,M_Min_Tot,M_Mnfg_0,M_Mnfg_1_19,M_Mnfg_20_29,M_Mnfg_30_34,M_Mnfg_35_39,M_Mnfg_40_44,M_Mnfg_45_49,M_Mnfg_50_over,M_Mnfg_hours_NS,M_Mnfg_Tot,M_EGW_WS_0,M_EGW_WS_1_19,M_EGW_WS_20_29,M_EGW_WS_30_34,M_EGW_WS_35_39,M_EGW_WS_40_44,M_EGW_WS_45_49,M_EGW_WS_50_over,M_EGW_WS_hours_NS,M_EGW_WS_Tot,M_Cnstn_0,M_Cnstn_1_19,M_Cnstn_20_29,M_Cnstn_30_34,M_Cnstn_35_39,M_Cnstn_40_44,M_Cnstn_45_49,M_Cnstn_50_over,M_Cnstn_hours_NS,M_Cnstn_Tot,M_WTrade_0,M_WTrade_1_19,M_WTrade_20_29,M_WTrade_30_34,M_WTrade_35_39,M_WTrade_40_44,M_WTrade_45_49,M_WTrade_50_over,M_WTrade_hours_NS,M_WTrade_Tot,M_RTrade_0,M_RTrade_1_19,M_RTrade_20_29,M_RTrade_30_34,M_RTrade_35_39,M_RTrade_40_44,M_RTrade_45_49,M_RTrade_50_over,M_RTrade_hours_NS,M_RTrade_Tot,M_AccomFoodS_0,M_AccomFoodS_1_19,M_AccomFoodS_20_29,M_AccomFoodS_30_34,M_AccomFoodS_35_39,M_AccomFoodS_40_44,M_AccomFoodS_45_49,M_AccomFoodS_50_over,M_AccomFoodS_hours_NS,M_AccomFoodS_Tot,M_TransPostWhse_0,M_TransPostWhse_1_19,M_TransPostWhse_20_29,M_TransPostWhse_30_34,M_TransPostWhse_35_39,M_TransPostWhse_40_44,M_TransPostWhse_45_49,M_TransPostWhse_50_over,M_TransPostWhse_hours_NS,M_TransPostWhse_Tot,M_InfoMedTelecom_0,M_InfoMedTelecom_1_19,M_InfoMedTelecom_20_29,M_InfoMedTelecom_30_34,M_InfoMedTelecom_35_39,M_InfoMedTelecom_40_44,M_InfoMedTelecom_45_49,M_InfoMedTelecom_50_over,M_InfoMedTelecom_hours_NS,M_InfoMedTelecom_Tot,M_FinInsurS_0,M_FinInsurS_1_19,M_FinInsurS_20_29,M_FinInsurS_30_34,M_FinInsurS_35_39,M_FinInsurS_40_44,M_FinInsurS_45_49,M_FinInsurS_50_over,M_FinInsurS_hours_NS,M_FinInsurS_Tot,M_RentHirREserv_0,M_RentHirREserv_1_19,M_RentHirREserv_20_29,M_RentHirREserv_30_34,M_RentHirREserv_35_39,M_RentHirREserv_40_44,M_RentHirREserv_45_49,M_RentHirREserv_50_over,M_RentHirREserv_hours_NS,M_RentHirREserv_Tot,M_ProScieTechServ_0,M_ProScieTechServ_1_19,M_ProScieTechServ_20_29,M_ProScieTechServ_30_34,M_ProScieTechServ_35_39,M_ProScieTechServ_40_44,M_ProScieTechServ_45_49,M_ProScieTechServ_50_over,M_ProScieTechServ_hours_NS,M_ProScieTechServ_Tot,M_AdminSupServ_0,M_AdminSupServ_1_19,M_AdminSupServ_20_29,M_AdminSupServ_30_34,M_AdminSupServ_35_39,M_AdminSupServ_40_44,M_AdminSupServ_45_49,M_AdminSupServ_50_over,M_AdminSupServ_hours_NS,M_AdminSupServ_Tot,M_PubAdmiSafety_0,M_PubAdmiSafety_1_19,M_PubAdmiSafety_20_29,M_PubAdmiSafety_30_34,M_PubAdmiSafety_35_39,M_PubAdmiSafety_40_44,M_PubAdmiSafety_45_49,M_PubAdmiSafety_50_over,M_PubAdmiSafety_hours_NS,M_PubAdmiSafety_Tot,M_EducTrain_0,M_EducTrain_1_19,M_EducTrain_20_29,M_EducTrain_30_34,M_EducTrain_35_39,M_EducTrain_40_44,M_EducTrain_44_49,M_EducTrain_50_over,M_EducTrain_hours_NS,M_EducTrain_Tot,M_HealthCareSocA_0,M_HealthCareSocA_1_19,M_HealthCareSocA_20_29,M_HealthCareSocA_30_34,M_HealthCareSocA_35_39,M_HealthCareSocA_40_44,M_HealthCareSocA_45_49,M_HealthCareSocA_50_over,M_HealthCareSocA_hours_NS,M_HealthCareSocA_Tot,M_ArtRecServ_0,M_ArtRecServ_1_19,M_ArtRecServ_20_29,M_ArtRecServ_30_34,M_ArtRecServ_35_39,M_ArtRecServ_40_44,M_ArtRecServ_45_49,M_ArtRecServ_50_over,M_ArtRecServ_hours_NS,M_ArtRecServ_Tot,M_OthServ_0,M_OthServ_1_19,M_OthServ_20_29,M_OthServ_30_34,M_OthServ_35_39,M_OthServ_40_44,M_OthServ_45_49,M_OthServ_50_over,M_OthServ_hours_NS,M_OthServ_Tot,M_ID_NS_0,M_ID_NS_1_19,M_ID_NS_20_29,M_ID_NS_30_34,M_ID_NS_35_39,M_ID_NS_40_44,M_ID_NS_45_49,M_ID_NS_50_over,M_ID_NS_hours_NS,M_ID_NS_Tot
LGA50080,46,84,67,58,68,160,73,282,11,841,49,7,11,4,10,16,30,239,3,384,23,35,23,24,107,175,148,135,7,674,9,10,6,6,56,40,17,19,0,156,70,63,67,94,234,402,163,265,25,1383,9,12,11,8,41,105,51,79,4,311,29,164,88,49,171,163,53,94,8,826,13,178,84,46,64,64,29,58,7,549,27,45,40,28,53,103,63,153,7,514,5,4,4,0,8,17,4,18,0,63,4,4,6,3,21,22,7,16,0,96,0,9,6,10,11,31,13,15,3,91,9,30,32,30,48,73,26,44,0,292,18,54,30,23,32,23,14,18,10,221,58,40,29,17,136,229,49,70,0,634,13,61,32,45,109,102,37,45,6,453,33,61,59,75,141,120,26,58,8,589,3,19,11,5,13,11,0,16,0,86,17,30,24,20,71,124,38,67,5,396,27,47,29,17,39,61,22,57,72,375
LGA50210,8,18,18,17,41,50,21,54,0,238,200,60,44,14,166,302,197,1058,29,2068,47,72,74,66,597,674,289,440,13,2259,17,8,13,13,117,126,43,69,0,401,99,153,169,155,503,1081,408,855,49,3466,25,28,32,29,263,355,124,224,6,1082,41,303,211,136,429,342,138,164,16,1778,34,386,144,57,141,137,41,109,11,1071,83,106,158,130,372,566,238,545,27,2233,0,22,13,16,60,72,10,22,3,214,3,6,10,15,90,104,21,38,0,293,4,18,17,10,61,71,25,65,0,275,39,65,48,54,312,497,111,224,0,1346,15,97,91,40,128,143,37,95,9,655,64,64,43,56,402,410,106,165,10,1317,26,95,64,57,201,191,56,100,0,791,35,115,129,140,358,278,63,113,10,1249,3,52,33,33,59,42,14,20,0,253,23,71,50,63,238,257,103,197,15,1011,41,111,78,56,331,391,122,270,206,1598
LGA50250,0,0,0,0,0,3,0,25,0,27,159,51,35,4,38,112,120,920,35,1480,0,0,0,0,0,3,3,9,0,13,0,0,0,0,4,4,0,10,0,13,19,5,3,6,5,15,9,223,4,286,7,0,5,0,3,3,5,24,3,45,0,13,4,4,0,3,3,6,0,38,5,0,0,3,11,11,8,42,5,86,0,10,0,3,6,9,0,31,3,64,0,0,0,0,0,0,0,0,0,5,0,0,0,0,0,0,0,0,0,0,0,3,0,0,0,0,0,16,0,16,0,4,0,0,0,7,0,6,0,20,0,0,0,5,4,10,3,30,0,55,5,0,0,0,0,35,6,21,0,68,0,0,0,5,3,7,4,11,0,25,0,0,0,0,0,4,0,9,0,17,0,0,0,0,0,3,0,0,0,6,0,0,0,0,0,6,6,13,0,32,3,7,0,0,4,7,3,42,14,89
LGA50280,20,24,29,28,41,128,32,125,8,433,84,18,11,10,18,19,33,278,3,478,26,30,34,34,105,132,32,65,3,455,5,0,5,0,10,18,10,11,0,48,44,39,54,62,115,183,64,141,18,724,0,11,9,6,15,18,5,10,0,78,8,65,39,28,36,37,11,23,0,251,25,92,48,40,48,76,19,59,0,407,12,28,22,5,4,15,4,26,0,115,0,0,4,0,7,8,7,0,0,19,0,3,0,0,5,8,0,4,0,23,5,8,4,6,5,8,3,17,0,45,7,19,16,14,25,40,7,34,0,168,13,26,28,18,23,19,9,23,0,160,12,9,4,3,45,39,15,9,0,140,8,27,15,18,30,34,21,38,0,179,14,24,20,18,12,34,11,13,0,141,5,15,9,10,4,8,5,10,0,59,11,15,9,11,28,34,9,15,3,123,11,23,19,9,21,36,8,39,31,194
LGA50350,0,5,0,0,3,5,0,0,0,17,27,6,8,7,26,59,47,171,3,359,4,14,9,8,62,101,20,56,0,281,4,0,0,0,13,11,6,6,0,45,13,28,42,33,83,190,62,148,5,615,4,5,5,6,22,33,21,39,0,142,5,64,43,22,56,38,8,37,4,282,6,63,30,8,24,21,12,25,3,192,14,17,13,16,37,71,23,59,3,243,0,6,4,5,18,10,5,0,0,48,0,4,3,4,21,30,9,23,0,94,0,5,5,5,9,7,8,16,0,51,8,25,20,20,62,123,51,60,0,366,0,19,21,3,20,22,7,6,0,104,11,12,18,12,98,98,30,27,0,302,7,18,21,17,46,49,17,37,0,218,7,22,29,35,67,42,8,33,0,242,4,23,13,14,17,17,5,11,0,106,5,9,13,4,24,35,16,23,0,129,6,22,9,9,33,52,22,45,23,235
LGA50420,4,4,14,5,5,25,6,8,0,73,101,37,30,31,120,324,163,690,24,1517,24,60,54,28,304,345,122,213,10,1168,9,11,6,8,93,72,30,30,5,264,36,132,127,138,335,714,230,611,29,2338,10,34,24,25,157,159,52,113,4,579,40,316,214,107,281,234,94,169,11,1455,33,359,212,101,174,148,79,163,18,1276,59,103,130,74,223,327,123,230,26,1300,9,27,21,12,55,82,25,37,0,264,7,13,14,8,131,157,33,73,0,451,10,24,23,9,46,58,24,46,5,243,39,84,90,100,433,620,208,321,9,1908,21,87,78,33,108,141,24,73,10,583,50,68,68,43,461,351,113,151,7,1310,17,139,82,51,196,190,84,159,3,917,41,113,105,96,332,229,76,111,6,1104,17,114,42,33,75,68,18,39,0,409,16,66,72,34,153,184,60,118,7,700,29,77,74,47,238,272,64,144,143,1088
LGA50490,4,4,11,3,12,6,3,9,0,47,104,32,33,13,80,184,125,634,23,1236,17,43,28,26,192,206,74,160,5,745,8,10,5,0,38,30,18,23,0,125,43,78,81,51,183,437,120,388,24,1410,11,21,12,20,107,136,44,102,3,466,14,156,124,61,175,167,51,80,11,842,18,189,140,64,145,136,55,121,13,882,41,90,117,75,173,280,118,225,16,1124,0,9,10,6,35,45,15,11,0,135,8,13,10,3,48,71,16,36,5,211,0,6,15,4,31,53,16,44,0,170,14,61,60,37,219,334,71,170,14,973,15,67,73,33,82,72,22,56,6,415,29,35,42,27,202,174,51,61,5,620,8,56,36,22,106,106,24,48,0,417,13,49,69,49,188,117,36,52,5,571,15,49,39,21,71,59,17,30,3,299,12,41,37,31,111,111,41,61,8,446,11,53,42,26,125,176,52,105,125,719
LGA50560,5,4,12,8,7,31,9,56,8,149,3,3,0,0,0,3,0,14,4,27,0,0,0,0,5,3,0,0,0,15,0,0,0,0,0,0,0,0,0,3,3,0,0,0,0,10,5,10,0,32,0,0,0,0,0,4,4,3,0,9,0,0,3,0,0,0,0,0,0,7,0,4,5,0,0,0,0,0,0,6,3,3,0,0,0,0,0,11,0,17,0,0,0,0,0,0,0,0,0,0,0,0,0,0,0,0,0,0,0,0,0,0,0,0,0,0,0,0,0,0,0,0,0,0,0,5,0,0,0,9,0,0,0,0,0,0,0,0,0,6,0,0,0,0,8,7,0,5,0,21,0,0,0,0,0,0,0,0,0,7,0,0,0,0,3,0,0,4,0,8,0,0,0,0,0,0,0,0,0,7,0,0,3,0,0,0,0,5,0,9,0,0,6,4,3,3,0,0,6,19
LGA50630,4,5,0,0,4,11,3,17,0,48,19,10,11,0,6,16,21,105,4,189,0,0,0,0,8,11,14,18,0,48,0,3,0,0,0,0,0,0,0,4,0,8,0,0,5,8,0,19,0,35,0,0,0,0,0,0,0,4,0,10,0,0,5,0,0,0,0,5,0,9,0,0,5,0,0,0,0,0,0,4,3,0,3,0,0,0,0,0,0,3,0,0,0,0,0,0,0,0,0,0,0,0,0,0,0,0,0,0,0,0,0,0,0,0,0,0,0,0,0,0,0,0,0,0,0,0,0,0,0,0,0,0,0,3,0,0,0,3,0,8,0,4,0,0,8,7,0,6,0,20,0,3,3,0,3,0,0,5,0,16,0,3,0,0,0,0,0,0,0,7,0,0,0,0,0,0,0,0,0,0,0,0,0,0,0,3,3,3,0,18,0,0,0,0,0,0,0,0,0,10
LGA50770,13,10,17,15,12,43,12,127,8,247,6,0,0,0,0,6,3,23,5,40,0,0,3,0,3,4,0,0,0,16,0,0,0,0,0,0,0,3,0,3,0,0,3,0,0,6,3,7,0,27,0,0,0,0,0,0,0,8,0,11,0,3,0,0,0,0,0,0,0,9,0,0,0,0,0,0,0,4,0,10,0,4,5,0,0,3,0,0,0,13,0,0,0,0,0,0,0,0,0,0,0,0,0,0,0,0,0,0,0,0,0,0,0,0,0,0,0,0,0,0,0,0,0,0,0,0,0,0,0,4,0,0,0,0,0,0,0,0,0,3,0,0,0,0,0,9,0,0,0,15,0,3,0,0,4,0,3,0,0,14,0,0,0,0,0,0,0,0,0,5,0,0,0,0,0,0,0,0,0,0,0,0,0,0,0,5,0,3,0,14,4,4,0,0,0,3,0,9,5,21
LGA50840,6,16,4,12,12,26,9,68,8,164,35,9,7,3,18,51,23,169,10,325,0,0,4,3,33,17,5,10,0,72,0,0,0,9,14,12,6,5,0,40,4,6,11,6,19,29,8,43,4,120,0,3,0,0,8,5,3,8,0,25,4,6,6,3,11,10,5,7,0,55,0,7,12,3,3,5,3,13,0,37,3,0,9,5,0,5,0,5,0,32,0,3,0,0,0,0,0,0,0,3,0,0,0,0,0,0,0,0,0,3,0,0,0,0,0,0,0,0,0,4,3,4,0,0,0,10,4,4,0,28,0,6,9,5,9,4,3,0,0,27,3,0,4,4,17,18,0,10,0,58,3,3,7,0,3,0,3,0,0,24,0,10,3,9,8,11,0,6,3,52,0,0,0,0,0,0,0,0,0,9,0,0,0,3,0,7,3,11,0,34,3,4,3,0,0,5,0,11,15,43
LGA50910,9,4,3,6,5,19,4,59,0,117,0,0,0,0,0,0,0,4,0,10,0,0,0,0,8,0,0,0,0,5,0,0,0,0,0,0,0,0,0,0,0,0,0,0,0,4,0,3,0,9,5,0,0,0,0,0,5,4,0,11,0,0,0,0,0,0,0,4,0,7,0,0,0,0,0,0,0,0,3,4,3,0,0,0,0,0,0,7,0,11,0,0,0,0,0,0,0,0,0,0,0,0,0,0,0,0,0,0,0,0,0,0,0,0,0,0,0,0,0,0,0,0,0,0,0,0,0,0,0,4,0,4,0,0,0,0,0,0,0,4,0,0,0,0,7,3,0,3,0,16,0,0,0,0,0,3,0,0,0,4,0,0,5,0,0,0,0,0,0,3,0,0,0,0,0,0,0,0,0,0,0,0,0,0,0,0,3,4,0,3,0,0,0,0,0,3,0,0,0,9
LGA50980,8,6,7,3,14,23,6,92,4,164,36,8,0,0,10,14,8,122,0,205,0,6,4,0,26,13,9,23,0,82,5,0,6,0,12,26,8,23,0,80,22,26,18,13,53,122,59,161,4,485,9,5,3,3,7,12,4,17,0,57,7,46,22,8,49,69,21,48,0,271,7,38,23,26,80,50,29,65,5,323,12,17,21,21,54,79,16,102,5,338,0,0,4,4,11,8,0,6,0,36,0,0,0,0,0,4,0,7,0,17,0,0,5,0,8,13,3,16,0,44,6,3,11,9,21,23,5,20,0,103,7,24,20,12,19,26,6,25,0,147,31,11,6,9,83,112,30,76,7,363,7,16,12,14,62,65,21,31,4,247,16,16,29,21,107,80,18,47,4,334,0,11,4,3,12,4,8,18,0,61,6,10,8,7,23,33,19,56,0,163,11,16,10,9,27,37,9,49,57,226
LGA51080,3,7,6,9,5,35,28,86,0,179,4,0,0,0,0,0,0,3,0,8,0,0,0,0,0,0,0,0,0,3,0,0,0,0,0,0,0,0,0,0,0,3,8,0,4,3,5,4,0,20,0,0,0,0,0,7,0,0,0,7,0,0,0,0,0,0,0,0,0,3,0,0,0,0,0,0,0,0,0,0,0,0,0,0,0,0,0,0,0,6,0,0,0,0,0,0,0,0,0,0,0,0,0,0,0,0,0,0,0,0,0,0,0,0,0,0,0,0,0,0,0,0,0,0,0,0,0,0,0,0,0,0,0,0,0,0,0,0,0,0,0,0,0,0,4,4,3,0,0,17,0,0,0,0,0,5,0,0,0,5,0,0,4,0,0,0,0,0,0,6,0,0,0,0,0,0,0,0,0,0,0,0,0,0,0,0,0,5,0,3,0,0,0,0,0,3,0,0,0,9
LGA51120,4,6,7,4,5,13,13,65,0,110,0,0,0,0,0,0,0,4,0,9,0,0,0,0,0,0,0,5,0,3,0,0,0,0,0,0,0,0,0,0,0,0,3,3,4,5,0,18,0,30,0,0,0,0,0,3,5,3,0,11,0,0,0,0,5,3,0,3,0,8,0,0,0,0,0,0,0,0,0,0,0,0,3,0,0,0,0,0,0,12,0,0,0,0,0,3,0,0,0,3,0,0,0,0,0,3,0,0,0,3,0,0,0,0,0,0,0,0,0,0,0,0,0,0,0,0,0,0,0,0,0,0,0,0,0,0,0,0,0,4,0,0,0,0,4,9,0,0,0,20,0,0,0,0,0,0,0,0,0,3,0,0,0,0,0,0,0,0,0,5,0,0,0,0,0,0,0,0,0,0,0,0,0,0,0,0,0,0,0,3,0,0,0,0,0,0,0,0,3,5
LGA51190,4,17,13,7,20,36,4,27,0,125,95,22,9,14,40,125,82,353,11,754,40,21,27,20,175,309,162,188,4,948,7,12,5,6,45,54,28,47,0,196,50,59,59,54,150,334,129,489,15,1349,6,5,3,0,40,53,17,54,0,184,24,112,59,50,110,103,41,60,4,562,23,136,55,30,49,53,17,48,7,409,22,37,37,24,60,90,39,156,5,463,0,15,3,3,23,15,9,5,0,68,3,12,0,8,19,22,11,21,0,85,3,12,7,3,15,13,10,24,0,91,4,24,16,16,40,83,25,68,4,282,8,34,29,13,36,33,14,27,4,197,18,23,25,17,92,88,25,37,0,324,15,35,27,24,61,61,25,39,6,284,24,49,61,54,114,83,32,59,7,477,0,12,10,5,8,10,0,10,0,63,10,21,21,11,61,71,36,50,3,281,16,31,9,12,47,69,30,67,61,342
LGA51260,25,45,43,30,68,98,54,171,10,539,188,31,39,8,35,77,80,654,14,1125,36,44,41,36,125,198,93,151,0,732,5,7,4,7,32,32,17,35,0,141,88,94,98,117,261,520,162,474,30,1839,4,13,17,4,18,42,18,40,0,156,32,164,79,72,138,130,59,96,12,767,46,245,108,65,155,140,49,102,16,929,31,56,38,31,28,40,34,104,3,360,4,9,3,0,13,9,0,3,0,46,9,3,4,3,13,48,11,24,0,117,9,15,6,7,8,35,12,34,0,130,19,46,33,32,45,102,28,84,6,389,19,64,49,27,52,64,20,51,0,343,25,23,22,11,88,128,31,47,0,369,19,36,19,20,41,68,29,69,4,306,18,58,61,55,92,82,23,47,3,446,6,27,13,4,22,19,8,7,0,109,9,28,20,12,56,93,32,59,0,317,24,40,20,26,44,71,24,76,61,383
LGA51310,0,7,4,0,4,5,0,8,0,33,39,30,22,16,63,211,119,333,7,836,10,26,19,9,45,68,25,51,0,257,4,0,0,0,15,25,10,16,0,80,9,38,42,34,69,212,62,197,0,669,7,19,9,7,29,49,25,58,0,196,15,152,52,25,48,69,22,59,3,442,3,163,51,18,31,34,16,53,3,380,15,31,12,8,26,62,19,35,0,200,0,13,16,10,14,23,11,21,0,105,3,23,24,18,50,128,45,103,0,394,0,20,15,13,15,46,18,54,0,181,30,86,72,60,143,460,155,371,3,1369,0,30,13,8,20,25,11,34,3,153,5,19,8,16,89,101,25,65,0,339,17,114,31,27,72,74,50,77,0,469,30,77,76,68,128,230,71,201,0,887,8,61,23,9,24,29,7,28,3,189,5,19,15,11,35,27,15,29,3,147,8,44,18,13,42,82,23,84,30,345
LGA51330,6,19,13,7,18,26,14,26,0,127,116,41,43,35,189,417,189,771,25,1806,35,80,84,65,432,517,185,315,12,1728,12,21,5,13,111,108,35,71,4,381,70,169,161,133,399,820,233,587,32,2610,19,65,47,30,253,244,76,190,6,937,47,518,331,150,372,305,107,191,19,2042,32,635,384,150,281,219,93,201,31,2027,59,235,321,131,410,570,168,367,50,2298,4,31,25,15,61,66,13,34,3,254,8,31,30,17,136,165,38,63,0,499,0,35,28,15,58,66,21,61,4,281,44,144,119,96,582,897,181,314,15,2376,18,151,173,72,158,148,34,108,11,876,62,101,114,43,467,402,114,143,17,1465,30,262,109,80,306,257,86,158,8,1293,42,175,181,181,496,353,75,146,12,1672,12,111,51,52,93,71,14,27,4,436,13,104,118,64,176,217,68,141,10,904,28,163,157,84,277,403,101,202,262,1664
LGA51400,12,20,13,13,16,37,14,102,4,219,72,11,20,5,28,90,59,315,15,610,27,20,10,17,70,179,78,124,3,528,8,3,5,3,38,47,10,24,0,142,26,25,34,22,84,232,84,303,3,810,9,8,4,7,13,20,17,32,0,98,7,54,30,16,55,44,24,44,6,278,15,95,17,16,13,9,9,15,4,192,9,20,18,13,30,57,22,108,10,288,0,4,0,0,5,3,4,5,0,21,0,0,4,0,8,8,0,11,0,30,0,0,0,0,6,0,0,14,4,25,9,5,7,7,16,49,11,35,4,142,3,13,9,6,19,17,8,26,0,104,12,10,9,5,64,77,18,32,0,237,3,16,20,11,30,51,18,21,0,171,17,8,33,30,56,62,10,36,0,250,4,8,0,0,18,3,3,9,0,49,3,15,7,3,34,55,25,52,3,203,17,18,10,8,34,41,13,46,37,216
LGA51470,0,6,0,0,3,7,8,32,0,51,0,0,0,0,0,0,0,3,0,7,0,0,0,0,0,0,0,0,0,0,0,0,0,0,0,0,0,0,0,4,5,0,0,0,0,0,0,5,0,12,0,0,0,0,0,8,3,3,0,9,0,0,0,0,0,4,0,3,0,6,0,0,0,0,0,0,0,0,0,0,0,0,0,0,0,0,0,4,0,10,0,0,0,0,0,0,0,0,0,0,0,0,0,0,0,0,0,0,0,0,0,0,0,0,0,0,0,0,0,0,0,0,0,0,0,0,0,0,0,0,0,0,0,0,0,0,0,0,0,0,0,0,0,0,13,3,0,0,0,18,0,0,0,0,0,0,0,0,0,0,0,0,0,0,0,0,0,0,0,0,0,0,0,0,0,0,0,0,0,0,0,0,0,0,0,4,0,3,0,11,0,0,0,0,4,0,0,0,0,6
LGA51540,15,27,16,12,36,61,13,88,6,266,13,9,6,0,0,7,20,43,6,100,0,0,0,0,3,7,0,8,0,30,0,6,0,0,14,9,0,0,0,33,5,4,5,3,14,39,11,44,3,117,0,0,7,0,3,0,0,0,0,16,3,9,10,4,17,11,6,12,0,75,0,3,5,4,13,18,8,14,0,71,5,5,15,4,8,18,4,19,0,81,0,0,0,0,0,0,0,0,0,0,0,0,0,0,0,0,0,0,0,7,0,0,0,0,3,0,0,6,0,10,0,4,0,0,0,0,0,3,0,12,0,3,3,5,10,7,7,8,0,45,7,0,5,0,23,24,10,13,3,88,5,4,0,0,13,10,0,5,0,37,9,5,5,4,14,15,0,6,0,58,0,0,0,0,0,4,0,0,0,0,0,8,3,0,13,11,0,6,0,41,0,7,3,0,6,11,4,8,14,57
LGA51610,5,4,10,3,6,12,10,52,4,98,3,0,0,0,0,3,5,32,0,40,0,0,0,0,5,4,0,7,0,19,0,0,0,0,0,0,0,3,0,5,9,0,0,0,5,11,6,28,0,51,0,0,0,0,0,3,6,6,0,17,0,8,0,0,3,4,0,0,0,17,0,5,0,0,0,0,0,0,0,11,4,7,0,0,6,4,0,9,0,29,0,0,0,0,0,0,0,0,0,4,0,0,0,0,0,0,0,0,0,0,0,3,0,0,0,0,0,0,0,8,0,0,0,0,5,7,0,0,0,13,0,0,0,0,0,0,0,4,0,8,0,0,0,0,8,10,0,3,0,23,0,0,0,0,3,0,4,0,0,11,0,0,7,0,0,0,0,0,0,14,0,0,0,0,0,3,0,0,0,6,0,0,0,0,5,3,0,4,0,19,0,0,0,0,0,5,0,3,0,6
LGA51680,7,8,20,8,16,29,18,56,0,150,37,6,8,0,13,22,29,139,11,256,6,3,9,5,24,31,14,33,3,119,0,0,0,0,5,5,3,5,0,24,15,12,11,25,33,87,34,91,4,309,0,0,3,0,12,14,12,14,3,54,6,20,9,3,10,8,4,20,0,71,0,9,3,6,5,0,0,0,0,26,9,7,5,6,7,20,3,41,3,98,0,4,0,0,0,0,0,0,0,5,0,0,0,0,3,0,0,7,0,8,0,5,0,0,0,4,0,5,0,12,0,6,3,5,9,11,4,18,0,56,0,11,0,0,0,8,3,12,0,38,0,3,4,0,25,34,12,14,0,102,0,0,0,0,12,15,0,3,0,36,5,0,0,9,6,5,0,0,0,23,0,0,0,0,5,4,0,3,0,14,5,0,0,0,14,15,8,17,5,69,8,6,4,0,13,17,4,15,18,87
LGA51710,0,0,0,0,0,0,0,0,0,0,3,3,0,0,17,5,10,29,0,77,0,0,0,0,0,0,0,0,0,0,3,0,0,0,9,5,0,3,0,16,0,4,4,0,14,17,5,12,0,55,0,0,0,0,0,0,0,0,0,7,0,0,0,0,0,4,4,0,0,10,0,4,0,0,4,0,0,0,0,9,0,3,0,0,3,5,0,3,0,25,0,0,0,0,0,0,0,0,0,0,0,0,0,0,0,0,0,0,0,0,0,0,0,0,0,0,0,0,0,3,0,0,0,0,0,3,0,4,0,9,0,0,0,0,10,3,0,0,0,21,4,6,0,0,33,49,4,23,0,124,0,0,0,0,4,0,0,0,0,8,0,0,0,0,0,0,0,0,0,5,0,5,4,0,4,0,0,0,0,13,3,0,0,0,0,5,0,9,0,18,0,0,0,0,7,6,4,0,7,27
LGA51750,4,13,0,3,0,4,0,8,0,38,6,13,14,7,23,70,46,86,0,261,0,7,6,5,12,30,9,23,0,90,0,4,0,0,6,9,4,10,0,34,5,14,12,8,12,61,23,63,3,196,0,0,5,0,3,17,4,9,0,55,3,56,22,13,21,27,9,18,0,169,3,61,26,18,5,19,6,10,0,153,5,14,8,10,9,18,0,12,0,81,0,3,0,0,5,6,5,4,0,33,0,10,10,16,9,40,12,42,0,135,0,8,3,3,8,23,4,27,0,87,12,47,32,24,73,127,49,141,4,509,0,13,7,0,3,13,8,12,0,63,8,3,4,3,27,27,10,21,0,106,5,48,16,3,18,32,22,33,0,186,3,36,20,20,36,68,20,68,5,275,0,26,4,3,7,11,3,13,0,65,0,11,6,5,8,10,3,15,0,51,5,23,6,0,12,21,15,22,13,114
LGA51820,8,24,29,29,26,51,21,63,4,251,247,75,47,27,216,526,322,1408,46,2914,74,88,90,80,733,1005,406,718,28,3209,14,15,9,17,156,135,41,105,10,506,126,163,192,222,674,1538,509,1470,37,4924,37,40,49,27,286,369,143,261,16,1229,56,487,274,134,380,449,135,291,21,2228,46,576,245,109,211,198,77,167,15,1645,148,147,117,107,335,611,249,522,16,2260,5,25,12,11,77,83,17,27,0,256,9,19,15,11,141,202,41,107,9,551,6,36,14,16,53,115,40,79,0,363,51,117,100,96,479,902,224,415,7,2387,23,127,100,64,140,205,50,138,9,858,95,88,80,54,568,633,165,243,13,1939,47,208,130,88,318,334,112,189,7,1432,81,164,170,166,479,346,85,153,15,1663,22,123,48,32,84,88,25,51,5,480,39,95,86,64,229,336,128,231,10,1222,47,153,71,74,371,524,149,370,226,1992
LGA51860,0,0,0,0,0,0,0,0,0,5,0,0,0,0,0,0,0,0,0,0,0,0,0,0,0,0,0,0,0,0,0,0,0,0,3,4,0,0,0,9,0,3,0,0,6,4,4,11,0,20,0,0,0,0,0,0,0,0,0,5,0,0,0,0,0,0,0,4,0,8,0,0,0,0,0,0,0,3,0,8,0,5,0,3,3,3,0,3,0,18,0,0,0,0,0,0,0,0,0,0,0,0,0,0,0,0,0,0,0,0,0,0,0,0,0,0,0,0,0,0,0,0,0,0,0,0,0,0,0,0,0,0,0,0,0,3,0,0,0,5,0,6,0,0,3,5,0,9,0,18,0,0,0,3,0,0,0,0,0,5,0,3,0,0,0,0,0,0,0,3,0,0,0,0,0,0,0,4,0,3,0,0,0,0,0,0,0,0,0,4,0,0,0,0,3,5,0,3,0,14
LGA51890,0,3,6,4,0,5,3,13,4,40,37,6,14,0,18,175,93,153,13,524,13,3,4,3,19,80,18,43,4,186,3,4,4,4,47,58,19,31,0,179,8,16,13,11,34,47,19,77,3,220,0,4,0,0,0,4,4,5,0,15,0,24,8,13,11,12,3,7,3,81,9,35,16,7,9,4,0,6,0,84,4,8,10,0,11,12,0,18,0,63,0,0,0,0,0,0,0,0,0,4,0,0,0,0,0,0,0,0,0,3,0,0,0,0,0,7,0,4,0,6,0,3,0,0,8,9,0,5,0,28,0,8,9,8,0,8,0,12,0,46,10,3,0,8,26,19,10,13,0,84,5,9,4,3,0,4,3,6,0,35,0,3,4,0,7,10,4,4,0,34,0,0,4,0,4,0,0,0,0,8,9,7,3,4,16,22,10,21,0,89,8,6,3,5,8,15,10,14,22,84
LGA51960,0,0,0,0,0,0,0,0,0,3,35,21,19,6,20,26,47,292,15,482,0,0,0,0,0,4,12,14,0,39,0,0,0,0,0,0,0,0,0,0,9,3,4,0,3,5,5,17,0,43,0,0,0,0,0,3,0,3,0,9,0,11,3,5,3,3,0,5,0,24,0,0,0,0,3,0,0,0,0,9,6,4,0,0,4,3,3,16,0,45,0,0,0,0,0,0,0,0,0,0,0,0,0,0,0,0,0,0,0,0,0,0,0,0,0,0,0,3,0,3,0,4,0,0,0,7,0,0,0,14,6,0,0,0,0,0,0,3,0,11,0,0,6,3,3,18,10,10,3,47,0,0,0,4,0,0,0,0,0,17,3,4,0,0,0,0,0,0,0,9,0,0,0,0,0,0,0,0,0,3,0,0,0,0,4,0,0,15,0,21,0,0,0,0,4,6,0,4,11,33
LGA52030,0,4,6,4,4,12,6,63,0,101,6,0,0,0,0,6,0,16,0,27,0,0,0,0,0,0,0,4,0,0,0,0,0,0,0,3,0,0,0,3,4,0,0,3,0,3,0,12,0,25,0,0,0,0,0,5,0,0,0,9,0,0,0,0,0,0,0,4,0,4,4,0,0,3,0,0,0,0,0,10,0,0,5,0,0,3,0,3,0,13,0,0,0,0,0,0,0,0,0,0,0,0,0,0,0,0,0,0,0,0,0,0,0,0,0,0,0,0,0,3,0,0,0,0,0,0,0,0,0,4,0,0,0,0,0,0,0,4,0,3,0,0,0,0,0,7,5,3,0,15,0,0,0,0,0,0,0,0,0,0,0,0,0,0,0,0,0,0,0,0,0,0,0,0,0,0,0,0,0,0,0,0,0,0,0,0,0,3,0,4,0,0,0,0,0,0,0,4,3,17
LGA52100,4,7,0,4,5,38,13,67,0,140,0,0,0,0,3,0,0,4,0,7,0,0,0,0,0,0,0,5,0,5,0,0,0,0,0,0,0,0,0,3,0,0,0,0,0,5,4,5,0,10,0,0,0,0,7,12,5,14,0,28,0,6,0,0,0,0,4,3,0,11,0,0,0,0,0,3,0,0,0,5,0,0,0,0,0,8,0,9,0,22,0,0,0,0,0,0,0,0,0,0,0,0,0,0,0,0,0,0,0,0,0,0,0,0,0,0,0,0,0,0,0,0,0,0,0,0,0,3,0,6,0,0,0,0,0,0,0,0,0,0,0,0,0,0,0,9,0,5,0,19,0,0,0,0,0,0,0,0,0,4,0,0,0,0,0,3,0,0,0,6,0,0,0,0,0,0,0,0,0,0,0,0,0,0,0,6,0,7,0,15,0,0,0,0,0,0,0,3,5,13
LGA52170,3,10,13,4,4,9,0,13,0,55,10,8,9,4,12,47,28,95,0,211,3,7,7,3,8,12,5,23,0,79,0,0,0,4,0,3,0,10,0,21,4,10,3,13,9,41,18,56,0,158,4,4,3,6,4,15,4,15,0,42,4,44,10,7,9,16,5,20,5,113,6,48,17,14,11,8,0,9,0,120,6,14,8,3,14,10,4,15,0,62,0,5,0,0,3,8,0,10,0,20,5,12,17,9,15,44,17,44,3,162,0,12,8,4,11,32,14,25,0,106,10,44,28,19,26,92,26,107,0,355,0,4,3,0,8,9,0,3,0,33,6,5,0,7,14,21,14,18,0,83,3,33,5,9,9,16,11,11,0,101,16,19,25,16,20,65,25,78,0,261,0,17,6,3,0,11,0,7,0,38,0,9,3,0,7,5,0,4,0,30,3,16,3,10,6,28,11,29,14,119
LGA52240,6,10,5,8,6,54,22,85,9,192,3,0,0,0,0,0,0,5,0,8,0,0,0,0,10,9,3,4,0,21,0,0,0,0,0,0,0,0,0,5,6,0,0,0,0,4,0,11,0,12,0,0,0,0,0,0,0,0,0,0,0,0,0,0,0,0,0,0,0,4,0,0,0,3,0,0,0,0,0,4,0,0,0,0,0,0,0,5,0,12,0,0,0,0,0,0,0,0,0,0,0,0,0,0,0,0,0,0,0,0,0,0,0,0,0,0,0,0,0,0,0,0,0,0,0,0,0,0,0,0,0,0,0,0,0,0,0,0,0,0,0,0,0,0,6,0,0,0,0,12,0,0,0,0,0,0,0,0,0,0,0,0,0,0,0,0,0,0,0,4,5,0,0,0,0,0,0,0,0,5,0,0,0,0,0,0,0,3,0,4,0,0,0,0,0,0,0,4,3,7
LGA52310,4,0,9,3,5,17,10,42,0,87,0,0,0,0,0,0,0,11,0,13,0,0,0,0,0,0,0,0,0,7,0,0,0,0,0,0,0,0,0,0,0,0,5,0,0,5,0,9,0,22,0,0,0,0,0,3,0,0,0,10,0,3,0,0,0,5,3,3,0,15,0,0,0,0,0,0,0,0,0,4,0,0,7,0,0,0,0,6,0,18,0,0,0,0,0,0,0,0,0,0,0,0,0,0,0,0,0,0,0,0,0,0,0,0,0,0,0,0,0,0,0,0,0,0,0,0,0,0,0,0,0,0,0,0,0,0,0,0,0,0,0,5,0,0,6,3,3,0,0,15,0,0,0,0,0,0,0,0,0,3,0,0,0,0,0,0,0,0,0,8,0,0,0,0,0,0,0,0,0,0,0,3,0,0,4,0,0,0,0,9,0,0,0,0,0,0,0,0,5,9
LGA52380,0,0,0,0,0,0,0,0,0,0,0,5,0,0,0,0,0,35,0,48,0,0,0,0,0,0,0,0,0,0,0,0,0,0,0,0,0,0,0,0,0,0,0,0,0,0,0,4,0,5,0,0,0,0,0,0,0,0,0,0,0,0,0,0,0,0,0,0,0,0,0,0,0,0,0,0,0,0,0,4,0,0,0,0,0,0,0,3,0,8,0,0,0,0,0,0,0,0,0,0,0,0,0,0,0,0,0,0,0,0,0,0,0,0,0,0,0,0,0,0,0,0,0,0,0,0,0,0,0,0,0,0,0,0,0,0,0,4,0,4,0,0,0,0,0,3,0,0,0,8,0,0,0,0,0,0,0,0,0,0,0,0,0,0,0,0,0,0,0,0,0,0,0,0,0,0,0,0,0,0,0,0,0,0,0,0,0,0,0,0,0,0,0,0,0,0,0,3,0,4
LGA52450,3,3,4,0,5,20,11,72,0,127,7,0,0,0,4,0,0,13,0,20,0,3,0,0,3,6,11,12,0,36,0,0,0,0,0,4,5,5,0,7,0,4,0,0,4,3,4,5,0,24,0,0,0,0,0,6,0,8,0,21,0,0,0,0,0,3,0,9,0,12,0,0,0,0,0,0,0,4,0,4,0,0,3,0,0,3,0,4,0,15,0,0,0,0,0,0,0,0,0,0,0,0,0,0,0,0,0,0,0,0,0,0,0,0,0,0,0,0,0,0,0,0,0,0,0,0,0,0,0,0,0,0,0,0,0,0,0,0,0,4,0,0,0,0,7,4,0,0,0,14,0,0,0,0,3,7,0,6,0,17,0,0,0,0,0,0,0,3,0,4,0,0,0,0,0,0,0,0,0,0,0,0,0,0,0,0,0,0,0,11,3,3,0,0,0,0,8,4,7,16
LGA52520,3,6,0,6,5,24,15,112,0,186,0,0,0,0,0,0,3,7,0,15,0,3,0,0,3,10,6,34,0,61,0,0,0,0,0,0,0,4,0,3,0,0,0,0,0,7,0,8,0,17,0,0,0,0,0,9,4,0,0,14,0,0,0,0,0,0,5,4,0,11,0,0,0,0,0,0,0,0,0,4,0,0,0,0,3,0,0,7,0,15,0,0,0,0,0,0,0,0,0,0,0,0,0,0,0,0,0,0,0,0,0,0,0,0,0,0,0,0,0,0,0,0,0,0,4,3,0,0,0,4,0,3,0,0,0,0,0,0,0,5,0,0,0,0,9,8,0,0,0,17,0,4,0,0,0,0,0,0,0,3,0,0,0,0,0,0,0,0,0,0,0,0,0,0,0,0,0,0,0,0,0,0,0,0,0,9,9,10,0,17,0,3,0,3,0,0,0,9,0,21
LGA52590,11,13,17,9,17,26,16,118,5,220,12,4,3,0,5,6,16,75,4,121,0,0,3,6,8,9,4,8,0,35,0,0,0,0,6,3,6,4,0,18,7,6,6,4,11,14,15,59,3,121,0,0,4,5,0,0,0,0,0,9,0,11,10,3,10,10,0,9,0,51,3,6,9,0,4,12,4,9,0,45,0,6,4,0,0,0,5,11,0,28,0,0,0,0,0,0,0,0,0,0,0,0,0,0,0,0,0,0,0,3,0,0,4,0,0,0,0,4,0,14,0,5,0,0,0,0,0,0,0,14,0,3,0,0,0,4,0,3,0,14,5,4,0,0,21,19,4,0,0,64,0,0,4,5,0,9,0,0,0,13,0,0,4,0,0,0,0,0,0,11,0,0,0,0,0,5,0,0,0,8,0,4,0,0,4,9,0,7,0,27,8,3,3,0,0,7,0,8,11,42
LGA52660,11,19,6,4,10,24,6,69,5,162,62,7,18,10,31,91,49,235,11,504,27,11,19,12,82,215,78,103,0,561,7,9,4,3,31,39,14,26,0,127,30,31,17,23,71,165,64,253,5,658,6,0,0,0,17,24,16,44,0,105,6,38,39,17,43,42,28,18,0,240,5,71,17,12,16,10,9,13,0,159,16,8,16,12,18,46,29,89,4,241,0,0,4,0,5,5,0,0,0,16,0,0,0,0,0,7,3,7,0,27,0,0,0,0,5,9,5,9,0,41,0,5,3,4,23,34,16,38,0,118,3,11,6,7,8,9,4,14,0,63,20,6,10,9,35,46,10,17,0,149,0,11,6,0,24,13,13,16,0,83,10,12,19,24,32,16,6,10,0,126,0,11,0,0,0,4,0,0,0,15,7,11,6,5,24,36,20,42,0,149,9,10,3,7,27,28,16,42,25,172
LGA52730,9,21,18,12,10,29,9,38,4,163,12,3,10,0,3,9,3,62,3,103,4,4,9,8,12,20,3,24,0,78,0,0,0,0,3,0,0,0,0,9,8,20,19,25,31,53,17,49,5,230,0,3,0,0,0,9,0,5,0,19,5,35,5,0,6,15,3,5,0,88,8,21,8,0,6,9,3,21,0,86,4,7,10,0,4,11,0,14,0,51,0,0,0,4,0,0,0,0,0,13,0,0,0,0,0,7,0,3,0,14,0,0,0,0,0,0,0,8,0,8,6,16,10,6,5,10,4,12,0,70,4,13,11,5,0,4,3,5,0,47,12,10,3,3,16,23,4,8,0,82,10,16,5,9,14,21,4,6,0,93,5,7,15,7,5,9,6,8,0,62,0,0,9,0,0,0,0,3,0,17,0,8,4,0,4,4,6,7,0,32,0,8,4,0,10,3,0,13,5,46
LGA52800,0,0,4,4,3,3,9,40,3,71,11,5,0,0,3,6,0,27,0,51,0,0,0,0,0,0,0,0,0,8,0,4,0,0,0,5,0,6,0,20,9,6,6,3,21,14,6,22,0,91,0,3,0,0,0,0,0,0,0,6,0,9,5,0,7,18,5,8,0,50,4,3,4,0,5,18,11,10,0,50,3,11,0,5,5,8,15,20,0,62,0,0,0,0,0,0,0,0,0,4,0,0,0,0,0,0,0,0,0,0,0,0,0,0,0,6,0,0,0,4,0,5,0,0,0,0,0,3,0,13,0,6,4,5,6,3,0,9,0,29,5,9,4,3,23,64,10,23,0,143,3,12,8,9,40,29,7,17,0,142,5,9,10,10,48,19,6,14,0,117,0,0,0,4,5,8,0,7,0,36,3,3,4,6,8,15,4,13,0,51,7,0,7,0,4,5,3,9,15,45
LGA52870,11,9,21,7,24,50,22,88,8,247,25,0,5,3,8,39,31,111,7,240,6,8,6,8,12,16,11,25,0,100,8,6,0,0,6,13,3,0,0,42,9,14,12,11,24,35,26,86,4,216,3,5,3,0,7,7,0,4,0,30,3,15,8,4,10,13,6,16,0,72,0,9,8,0,8,7,4,11,0,51,5,6,6,3,7,15,5,36,0,77,0,0,0,4,0,0,0,0,0,9,0,0,0,0,0,0,0,0,0,3,0,0,0,0,0,4,0,9,0,16,0,3,3,0,5,8,0,14,0,43,5,7,5,3,9,10,7,9,0,50,3,4,3,0,22,17,12,13,0,77,4,5,0,5,3,10,0,3,0,32,3,5,4,5,9,3,0,6,0,43,0,0,0,0,0,0,0,4,0,12,0,4,0,4,10,13,3,9,0,48,9,4,3,3,10,19,3,15,12,77
LGA52940,3,3,9,5,6,13,7,60,0,100,0,0,0,0,0,0,0,3,0,6,0,0,0,0,0,0,0,0,0,0,0,0,0,0,0,0,0,0,0,0,0,0,0,4,3,4,0,0,0,13,0,0,0,0,0,4,0,0,0,4,0,0,0,0,0,0,0,0,0,0,0,0,0,0,0,0,0,0,0,0,0,0,0,0,0,4,0,7,0,16,0,0,0,0,0,0,0,0,0,0,0,0,0,0,0,0,0,0,0,0,0,0,0,0,0,0,0,0,0,0,0,0,0,0,0,0,0,4,0,3,0,0,0,0,0,0,0,0,0,0,0,0,0,0,3,7,0,0,0,17,0,0,0,0,0,3,0,0,0,3,0,0,0,0,0,0,0,0,0,0,0,0,0,0,0,0,0,0,0,0,0,0,0,0,0,0,0,3,0,6,0,0,0,0,0,0,0,3,0,4
LGA53010,0,3,0,7,0,26,13,62,0,118,0,0,0,0,0,0,0,0,0,0,0,0,0,0,0,0,0,0,0,0,0,0,0,0,0,0,0,0,0,0,0,0,0,0,0,3,0,3,0,6,0,0,0,0,0,3,0,0,0,8,0,0,0,0,0,0,0,0,0,0,0,0,0,0,0,0,0,0,0,4,0,0,0,0,0,0,0,0,0,4,0,0,0,0,0,0,0,0,0,0,0,0,0,0,0,0,0,0,0,0,0,0,0,0,0,0,0,0,0,0,0,0,0,0,0,0,0,0,0,5,0,0,0,0,0,0,0,0,0,0,0,0,0,0,5,4,3,0,0,11,0,0,0,0,0,0,0,0,0,0,0,0,0,0,0,0,0,0,0,0,0,0,0,0,0,0,0,0,0,0,0,0,0,0,0,0,0,0,0,9,0,0,3,0,0,0,0,0,0,3
LGA53080,0,0,0,0,4,0,0,3,0,12,5,0,0,0,0,0,0,16,0,25,0,0,0,0,0,0,0,0,0,0,0,0,0,0,0,0,0,0,0,3,0,0,0,0,0,4,0,3,0,13,0,0,0,0,0,0,0,0,0,4,0,0,0,0,7,0,0,0,0,19,0,3,3,0,3,0,0,5,0,21,0,0,0,0,0,4,0,0,0,9,0,0,0,0,0,0,0,0,0,0,0,0,0,0,0,0,0,0,0,0,0,0,0,0,0,0,0,0,0,0,0,0,0,0,0,0,0,0,0,0,0,0,0,0,0,0,0,0,0,0,0,0,0,0,0,7,4,4,0,18,0,0,0,0,0,0,0,4,0,7,0,0,0,0,0,0,0,0,0,5,0,0,0,0,0,0,0,0,0,0,0,0,0,0,0,0,0,0,0,0,0,0,0,0,0,0,0,0,0,9
LGA53150,0,4,3,9,0,4,0,8,0,17,12,3,5,9,12,40,28,82,0,188,4,7,3,9,11,33,4,28,0,99,0,0,0,3,5,7,0,0,0,19,3,10,3,6,20,46,20,94,3,207,0,6,6,7,8,14,4,13,0,54,0,35,19,7,14,20,4,18,0,122,0,42,19,7,11,9,9,15,0,112,0,10,3,3,6,20,5,28,0,80,0,0,0,0,3,3,5,3,0,21,0,5,0,0,6,25,10,17,0,71,0,10,3,0,3,14,0,17,0,51,7,25,16,18,20,88,31,67,0,268,0,8,5,5,3,3,3,4,0,33,6,5,4,0,23,45,11,18,5,119,4,23,15,6,28,24,14,23,0,139,7,22,19,17,30,37,9,45,0,173,0,12,3,3,5,9,0,6,0,37,4,8,5,0,11,17,3,17,0,59,4,9,7,0,17,15,4,19,10,79
LGA53220,4,13,0,5,8,0,0,37,0,63,161,54,32,8,70,94,160,1259,30,1873,0,0,0,0,0,0,3,30,0,33,0,0,0,0,0,4,0,34,0,39,22,8,11,5,8,25,11,281,9,384,5,3,0,0,10,0,14,48,0,83,0,11,6,5,15,9,3,26,0,73,6,14,6,6,11,9,4,51,0,98,4,0,3,0,8,12,4,43,0,73,0,0,0,0,0,0,0,0,0,0,0,0,0,0,0,0,0,0,0,0,0,0,0,0,0,5,5,27,0,39,0,0,0,0,3,4,9,51,0,67,7,3,5,3,8,8,3,40,0,74,6,3,6,6,14,11,14,27,0,88,0,6,7,9,8,14,6,11,0,65,5,0,0,0,6,8,0,12,0,32,0,12,0,0,6,0,0,0,0,25,3,0,5,0,7,12,7,29,0,76,6,3,0,3,6,9,3,25,22,71
LGA53290,40,33,20,28,33,171,89,368,11,794,32,10,5,4,8,12,9,115,5,194,3,10,6,3,16,27,13,48,0,126,4,0,0,0,15,27,4,13,0,66,22,21,16,27,57,96,35,135,8,415,14,6,5,8,20,69,44,40,0,200,9,41,22,12,38,37,9,16,9,195,9,43,16,6,16,18,7,25,3,155,29,17,28,3,50,114,37,153,8,434,0,0,0,0,0,6,0,4,0,11,4,0,0,0,4,3,0,9,0,29,0,0,3,0,0,0,0,14,0,21,0,4,10,9,7,17,6,22,0,68,0,12,4,3,8,10,0,8,0,52,10,8,0,4,34,47,19,25,3,156,9,12,3,8,23,41,7,20,0,125,0,10,4,6,31,21,3,12,0,94,0,0,0,0,0,5,0,3,0,10,3,5,7,9,25,64,27,39,0,183,9,9,6,6,18,32,5,37,32,156
LGA53360,3,0,0,0,0,9,4,6,0,29,9,0,0,0,0,0,3,37,0,55,4,0,0,6,11,7,0,5,0,28,3,0,0,0,0,6,0,0,0,13,7,3,4,3,23,47,11,37,4,137,0,0,0,0,0,0,0,3,0,11,4,19,4,3,3,14,3,3,0,65,0,8,10,8,19,11,4,22,0,80,4,7,9,8,13,17,5,28,0,82,0,0,0,0,0,4,0,0,0,3,0,0,0,0,0,0,0,0,0,0,0,0,0,6,0,3,3,4,0,11,7,4,0,0,18,50,9,17,0,114,0,3,0,5,3,8,0,12,0,34,4,0,4,0,17,29,10,8,0,81,0,4,0,0,3,6,0,5,0,25,0,0,0,0,4,8,0,0,0,10,4,0,3,0,0,0,0,9,5,17,0,4,0,0,3,12,0,8,0,30,8,5,5,6,4,9,0,16,13,66
LGA53430,5,15,14,4,5,19,0,30,7,98,52,16,24,6,37,135,84,292,8,664,10,32,36,19,86,176,60,107,4,522,12,4,3,6,26,29,11,21,0,112,35,46,63,53,104,248,116,292,9,964,6,13,7,15,34,53,23,33,0,178,15,107,67,37,54,63,30,54,0,425,12,179,100,61,57,49,29,49,4,542,46,28,26,18,45,96,48,101,4,406,0,19,10,3,18,22,5,16,0,103,3,7,8,6,33,36,13,44,0,152,4,14,11,12,15,25,6,29,0,115,27,83,61,50,166,316,92,230,11,1031,14,30,25,10,31,32,20,35,0,207,18,25,28,26,132,163,50,77,0,525,24,89,53,48,116,127,49,93,9,610,23,87,82,65,111,163,35,86,4,650,6,58,28,27,31,42,13,25,0,234,0,26,19,13,43,43,12,46,3,221,23,38,38,17,59,97,29,84,47,431
LGA53570,23,29,49,29,41,85,41,120,13,436,47,9,7,4,9,17,15,112,5,218,4,9,4,4,16,16,5,17,0,79,0,0,0,0,5,9,3,4,0,23,20,5,6,10,17,44,10,78,9,212,0,4,0,0,9,11,0,4,0,29,4,9,0,0,9,5,5,8,0,45,0,7,0,0,4,8,0,6,0,37,4,5,4,0,3,9,0,18,0,49,0,0,0,0,0,6,0,0,0,8,0,0,0,0,0,0,0,0,0,4,0,0,0,0,0,0,0,4,0,3,0,4,0,0,3,3,0,0,0,23,0,11,0,0,0,5,0,9,0,27,6,0,3,0,10,12,4,3,0,36,0,4,0,0,3,0,0,5,0,12,0,0,0,0,6,5,0,0,0,16,0,0,0,0,0,0,0,4,0,3,0,0,7,5,3,7,0,11,0,30,6,11,7,3,6,13,4,14,14,71
LGA53640,3,11,11,5,11,40,21,100,0,197,3,0,0,0,0,0,0,4,0,9,0,5,0,0,0,9,0,3,0,14,0,0,0,0,0,0,0,0,0,0,0,4,4,0,4,7,0,10,0,29,0,0,3,0,4,9,7,17,0,41,0,0,0,0,0,0,0,4,0,7,0,0,0,0,0,0,0,0,0,4,0,4,0,0,0,0,0,6,0,11,0,0,0,0,0,0,0,0,0,0,0,0,0,0,0,0,0,0,0,0,0,0,0,0,0,0,0,0,0,0,0,0,0,0,0,0,0,0,0,0,0,0,0,0,0,0,0,0,0,5,0,0,0,0,0,4,0,5,0,14,0,0,0,0,0,3,0,0,0,7,0,0,0,0,0,0,0,0,0,3,0,0,0,0,0,0,0,0,0,0,0,0,0,0,0,3,5,0,0,12,0,0,4,0,0,4,0,5,3,21
LGA53710,5,0,9,4,3,23,9,55,0,103,0,0,0,0,0,0,0,12,0,15,0,0,0,0,0,3,3,0,0,7,0,0,0,0,0,0,0,0,0,0,5,0,7,0,0,0,3,11,0,23,0,0,0,0,0,3,3,5,0,13,0,0,0,0,0,6,0,0,0,5,0,3,0,0,3,0,0,4,0,7,0,0,0,0,0,3,0,3,0,14,0,0,0,0,0,0,0,0,0,0,0,0,0,0,0,0,0,0,0,0,0,0,0,0,0,0,0,0,0,0,0,0,0,0,0,4,0,0,0,4,0,0,0,0,0,0,0,0,0,0,0,0,0,0,4,8,0,0,0,13,0,0,0,0,0,0,0,0,0,3,0,0,0,0,0,0,0,0,0,4,0,0,0,0,0,0,0,0,0,0,0,0,0,0,0,3,4,0,0,15,0,0,0,0,0,0,0,0,6,3
LGA53780,8,22,20,12,48,54,11,45,0,213,206,53,57,18,209,434,227,1153,48,2409,63,125,116,107,890,852,314,574,25,3068,20,21,20,12,138,134,38,86,9,473,114,205,247,226,709,1303,416,1005,63,4297,32,75,42,45,372,378,130,259,14,1334,66,509,343,163,514,477,144,231,23,2475,39,645,300,123,242,224,67,197,24,1855,88,228,319,207,558,863,349,729,60,3397,5,22,27,13,102,77,23,24,0,296,4,15,11,21,132,140,32,59,3,423,8,24,24,18,75,70,34,65,3,322,36,100,84,75,492,663,147,264,9,1872,27,163,144,69,208,188,47,107,14,971,78,91,78,74,531,482,128,181,7,1654,24,164,98,68,276,240,49,110,13,1043,44,164,192,164,496,364,74,127,19,1641,9,97,52,35,84,76,22,20,0,397,30,136,101,78,362,400,133,227,28,1487,39,156,133,108,495,539,149,307,365,2301
LGA53800,38,62,52,38,23,99,51,228,12,598,117,30,35,5,40,106,121,544,22,1015,7,13,10,9,56,87,45,100,5,333,6,4,0,0,40,35,19,37,4,150,66,70,53,62,183,376,148,415,11,1388,13,12,9,7,41,96,65,105,0,346,13,145,85,69,148,137,57,67,0,732,8,167,60,37,54,63,19,47,10,469,58,41,48,44,73,187,94,354,16,916,0,11,4,3,14,15,0,17,0,64,0,6,3,3,15,19,9,13,0,67,0,10,6,0,12,11,6,29,0,69,5,22,21,23,64,85,27,93,5,344,18,33,33,28,37,38,15,34,3,236,41,27,19,12,162,195,56,100,3,626,17,36,29,28,90,131,31,51,4,412,25,46,50,44,121,83,32,58,4,463,6,21,5,4,9,7,3,4,0,56,18,25,21,12,69,131,39,129,6,433,21,26,36,19,51,75,30,97,60,409
LGA53920,0,0,0,0,0,0,0,15,0,16,3,0,0,0,0,3,5,21,0,29,0,0,0,0,0,0,0,0,0,0,0,0,0,0,0,0,0,0,0,4,3,0,0,0,5,3,3,12,0,36,0,0,0,0,0,0,0,0,0,4,0,0,0,3,0,3,4,3,0,15,0,0,0,0,7,3,3,6,0,24,0,0,3,0,0,0,3,3,0,12,0,0,0,0,0,0,0,0,0,3,0,0,0,0,0,0,0,0,0,0,0,0,0,0,6,0,0,0,0,7,0,0,4,0,0,0,0,0,0,4,0,0,0,7,3,4,0,10,0,32,4,3,3,0,9,12,5,16,0,49,0,0,6,13,11,17,3,9,0,67,0,4,6,3,10,13,4,5,0,49,0,0,0,0,0,0,0,3,0,5,0,0,0,0,5,0,0,4,0,10,3,0,0,0,7,0,0,6,17,30
LGA53990,13,52,33,32,49,59,25,166,7,427,113,28,22,3,92,155,100,510,14,1040,54,63,28,35,253,427,178,267,11,1326,8,8,9,5,61,56,27,59,0,233,46,57,34,42,111,261,125,516,13,1211,8,8,8,9,19,47,25,47,0,162,13,76,46,24,66,69,24,62,6,388,12,100,29,13,21,32,3,25,0,241,15,21,15,12,32,63,36,151,6,355,0,4,4,0,0,5,5,12,0,24,0,0,0,7,8,12,6,14,0,45,0,0,5,6,7,10,4,18,0,55,3,22,10,3,24,60,17,53,0,194,4,16,14,14,19,19,0,17,0,101,23,20,15,10,83,116,21,32,0,320,4,24,15,14,39,49,13,36,0,211,8,24,24,22,42,28,5,30,0,182,0,19,9,0,6,8,4,4,0,47,10,13,15,12,34,61,20,68,9,232,10,28,12,14,52,55,32,78,55,327
LGA54060,0,7,8,7,4,21,11,52,0,121,16,9,0,0,15,12,10,72,10,136,0,0,3,3,3,16,4,9,0,45,0,0,0,0,0,5,0,6,0,14,5,0,10,9,14,26,10,40,3,117,0,0,4,0,4,3,3,4,0,21,0,14,3,0,4,6,3,5,3,42,0,11,4,4,0,6,3,8,4,35,9,14,4,0,8,6,4,11,0,56,0,0,0,0,0,0,0,0,0,0,0,0,0,0,0,0,0,0,0,0,0,4,0,0,0,6,0,0,0,7,0,3,0,0,0,4,0,7,0,16,0,4,0,0,0,0,0,0,0,8,3,0,0,0,10,6,6,0,0,26,0,0,0,4,4,0,3,4,0,16,0,0,5,0,0,0,0,0,0,11,0,4,0,0,0,0,0,0,0,6,0,5,0,0,3,4,0,0,0,21,0,0,0,8,5,9,4,18,13,59
LGA54130,9,8,3,11,7,53,28,98,3,212,0,0,0,0,0,0,0,4,0,8,0,0,0,0,0,0,0,0,0,4,0,0,0,0,0,0,0,5,0,8,0,7,0,5,0,14,0,4,0,23,0,0,0,0,0,4,0,0,0,4,0,0,0,0,0,0,0,0,0,3,0,4,0,3,0,0,0,3,0,13,0,3,0,0,0,0,0,5,0,11,0,0,0,0,0,0,0,0,0,0,0,0,0,0,0,0,0,0,0,3,0,0,0,0,0,0,0,0,0,0,0,0,0,0,0,0,0,0,0,0,0,0,0,0,0,0,0,0,0,5,0,3,0,0,0,3,0,0,0,13,0,3,0,0,0,0,0,0,0,7,0,0,0,0,0,0,0,0,0,0,0,0,0,0,0,0,0,0,0,0,0,0,0,0,0,4,0,0,0,6,0,0,0,0,0,0,0,0,0,7
LGA54170,12,19,20,15,26,46,24,47,4,208,352,95,89,54,281,793,424,1887,37,4019,63,136,110,76,515,689,273,501,12,2375,22,18,21,20,185,214,72,165,10,723,256,384,416,424,1052,2506,872,2173,83,8162,40,64,64,43,261,431,148,336,8,1403,76,826,383,195,446,500,176,364,17,2982,54,857,295,110,193,190,74,212,17,2005,101,151,144,110,281,528,172,385,14,1889,15,72,36,29,110,155,30,74,0,520,23,55,53,36,280,436,100,270,0,1256,5,47,45,28,75,128,65,154,5,554,104,279,190,176,706,1453,397,836,11,4148,49,194,137,88,188,263,91,182,9,1200,158,141,115,97,735,1009,299,343,9,2898,68,349,145,117,427,546,192,395,10,2249,78,249,197,182,556,442,149,212,11,2079,24,248,66,46,109,127,49,91,3,756,40,128,102,89,261,439,143,313,12,1535,69,154,102,89,356,559,159,357,193,2032
LGA54200,4,25,17,9,23,39,10,58,0,194,147,56,45,19,121,225,161,951,25,1747,28,62,57,49,267,347,153,285,8,1257,9,5,3,7,59,70,23,51,0,231,70,111,123,103,287,689,243,597,26,2253,21,25,26,22,139,209,89,202,0,740,28,211,118,66,193,209,65,113,12,1018,18,256,89,40,44,53,20,65,3,602,63,84,94,63,234,353,183,446,23,1538,3,19,13,10,36,41,0,16,0,134,4,6,11,8,32,71,11,31,0,175,4,16,3,8,25,42,17,64,3,183,29,64,49,41,176,308,84,201,10,955,22,72,52,23,70,91,19,57,0,421,34,33,28,37,236,244,74,90,5,783,9,84,54,37,115,130,63,93,0,596,25,70,65,69,154,112,32,53,5,581,7,47,28,16,43,31,13,22,0,199,17,56,52,41,148,198,71,159,3,748,22,68,33,47,127,220,65,138,125,855
LGA54280,0,0,0,0,3,10,0,19,0,35,173,94,70,20,111,315,348,2007,52,3197,16,6,6,6,31,73,123,209,5,478,0,5,0,4,27,29,21,44,3,136,22,19,27,20,56,183,78,428,6,851,3,6,10,5,23,54,37,152,0,284,11,81,44,29,50,71,27,54,5,366,6,71,53,13,48,26,19,42,3,284,23,26,20,21,54,124,50,261,12,603,0,6,0,0,6,3,4,9,0,28,0,0,0,0,4,16,0,5,0,29,6,8,3,4,9,19,3,72,0,127,0,7,9,7,42,62,15,116,9,273,6,13,9,10,14,6,6,28,0,96,19,14,0,5,66,150,38,80,3,376,6,12,11,4,56,52,24,28,7,196,3,18,11,17,68,69,22,28,0,231,0,16,7,3,3,3,0,3,0,34,25,13,9,9,32,75,48,217,9,424,16,17,17,11,38,71,32,128,73,402
LGA54310,3,0,0,0,0,0,0,5,0,16,195,63,40,21,121,385,365,990,41,2227,10,11,6,7,21,81,35,75,0,245,11,10,3,5,21,26,28,66,0,164,35,32,25,24,43,140,95,539,17,954,7,3,0,0,11,21,13,61,0,116,6,70,14,18,36,40,13,45,0,235,8,59,22,14,39,41,18,59,3,263,17,18,23,13,51,84,38,186,3,427,6,0,0,0,3,8,0,0,0,21,0,0,0,0,0,4,0,6,0,8,6,3,4,0,11,21,11,38,0,94,4,5,8,4,9,31,15,60,0,123,14,13,9,3,25,31,26,73,0,199,26,12,6,6,46,113,46,74,0,327,4,3,0,8,26,49,24,20,0,145,6,13,4,11,25,23,5,14,0,104,4,7,3,0,9,9,4,6,0,31,5,11,8,7,18,40,25,102,0,207,14,11,8,10,30,85,38,144,40,383
LGA54340,3,19,9,12,16,57,11,69,11,196,4,0,0,0,0,0,0,9,0,15,12,6,13,10,91,37,3,25,11,207,0,4,0,0,6,6,4,3,0,24,0,5,7,0,9,21,13,19,0,72,0,4,0,0,3,25,13,13,0,61,3,8,11,3,16,19,7,7,0,72,0,8,8,0,3,0,3,6,0,28,3,0,3,0,4,11,0,13,3,39,0,0,0,0,0,4,0,0,0,0,0,0,0,0,4,0,0,0,0,8,0,0,0,0,0,4,0,4,0,5,0,0,0,0,6,0,3,5,0,16,0,0,3,3,7,0,7,0,0,26,0,3,0,0,19,17,7,11,0,53,0,4,0,3,3,8,0,4,0,28,0,8,0,4,13,10,3,4,0,40,0,0,0,0,0,0,0,0,0,6,3,8,0,3,6,15,3,15,0,52,4,9,5,7,9,8,0,5,10,59
LGA54410,0,6,8,3,6,20,9,36,0,83,0,0,0,0,0,0,0,7,0,13,0,0,0,0,9,7,4,3,0,17,0,0,0,0,0,0,4,3,0,10,0,0,3,0,0,4,4,11,0,19,0,0,0,0,0,0,0,0,0,6,0,0,0,0,0,0,0,9,0,11,0,0,5,0,0,0,0,0,0,10,0,0,0,0,0,0,0,5,0,14,0,0,0,0,0,0,0,0,0,0,0,0,0,0,0,0,0,0,0,0,0,0,0,0,0,0,0,0,0,0,0,0,0,0,0,3,0,0,0,3,0,0,3,0,0,0,0,0,0,8,0,3,0,4,5,5,0,0,0,25,0,0,0,0,0,0,0,0,0,3,0,0,0,0,0,6,0,0,0,10,0,0,0,0,0,0,0,0,0,0,0,0,0,0,0,0,0,0,0,5,0,0,0,0,0,0,0,0,5,10
LGA54480,3,0,0,4,3,15,13,73,5,120,0,0,0,0,0,0,0,3,0,6,0,0,0,0,0,0,0,0,0,0,0,0,0,0,0,0,0,0,0,0,0,0,0,0,0,0,0,0,0,0,0,0,0,0,0,0,0,0,0,0,0,0,0,0,0,0,0,0,0,0,0,0,0,0,0,0,0,0,0,4,0,0,0,0,0,3,0,0,0,4,0,0,0,0,0,0,0,0,0,0,0,0,0,0,0,0,0,0,0,0,0,0,0,0,0,0,0,0,0,0,0,0,0,0,0,0,0,0,0,0,0,0,0,0,0,0,0,0,0,0,0,0,0,0,3,4,4,4,0,10,0,0,0,0,0,0,0,0,0,0,0,0,0,0,0,0,0,0,0,0,0,0,0,0,0,0,0,0,0,0,0,0,0,0,0,0,0,0,0,0,0,0,0,0,0,0,0,0,4,4
LGA54550,15,19,21,16,14,59,21,131,13,308,0,0,0,0,0,0,0,6,0,5,4,0,5,0,8,10,0,5,0,34,0,0,0,0,0,0,0,0,0,0,0,5,4,0,3,5,0,8,0,31,0,0,0,0,8,8,0,6,0,15,0,3,0,0,3,3,0,4,0,14,0,0,0,0,3,0,0,0,0,8,5,4,3,0,0,4,0,9,6,30,0,0,0,0,0,0,0,0,0,0,0,0,0,0,0,5,0,0,0,5,0,0,0,0,0,0,0,3,0,3,0,0,0,0,0,0,0,4,0,6,0,0,0,0,0,0,0,0,0,3,0,0,0,0,9,10,0,0,0,20,0,0,0,0,0,5,0,0,0,3,0,0,0,0,0,0,0,0,0,8,0,0,0,0,0,0,0,0,0,0,0,0,0,0,3,4,4,0,0,11,3,9,4,0,7,5,4,8,4,40
LGA54620,0,0,8,3,10,19,10,78,4,136,3,0,0,0,0,0,0,13,0,17,0,0,0,0,0,0,3,0,0,5,0,0,0,0,0,4,0,0,0,3,0,4,0,4,3,5,0,7,0,24,0,0,0,0,0,0,0,0,0,5,0,0,0,0,0,0,0,8,0,7,0,0,0,0,0,0,0,0,0,8,0,0,0,0,0,0,0,10,0,10,0,0,0,0,0,0,0,0,0,0,0,0,0,0,0,0,0,0,0,0,0,0,0,0,0,0,0,0,0,5,0,0,0,0,0,0,0,0,0,0,0,0,0,0,5,0,0,0,0,4,0,3,0,0,0,5,3,3,0,19,0,0,0,0,0,0,0,0,0,0,0,0,0,0,0,0,0,0,0,4,0,0,0,0,0,0,0,0,0,0,0,0,0,0,0,4,0,0,0,10,0,0,0,0,0,0,0,3,4,4
LGA54690,0,0,0,0,0,7,11,31,0,58,0,0,0,0,0,0,0,0,0,0,0,0,0,0,0,0,0,0,0,0,0,0,0,0,0,0,0,3,0,3,0,0,0,0,0,0,0,0,0,6,0,0,0,0,0,5,0,0,0,8,0,0,4,0,0,0,0,0,0,4,0,0,0,0,0,0,0,0,0,0,0,0,0,0,0,5,0,0,0,9,0,0,0,0,0,0,0,0,0,0,0,0,0,0,0,0,0,0,0,0,0,0,0,0,0,0,0,0,0,0,0,0,0,0,0,0,0,0,0,0,0,0,0,0,0,0,0,0,0,0,0,0,0,4,6,3,0,0,0,14,0,0,0,0,0,0,0,0,0,0,0,0,0,0,0,0,0,0,0,0,0,0,0,0,0,0,0,0,0,0,0,0,0,0,0,0,0,0,0,0,0,0,0,0,0,0,0,0,0,3
LGA54760,11,5,4,3,4,27,22,85,0,154,0,0,0,0,0,0,0,4,0,3,0,0,0,0,0,0,0,0,0,4,0,0,0,0,0,3,0,0,0,0,0,0,0,0,6,0,0,3,0,15,0,0,0,0,0,3,0,0,0,3,0,0,0,0,0,0,0,3,0,4,0,0,0,0,0,0,0,0,0,4,0,0,0,0,0,0,0,0,0,6,0,0,0,0,0,0,0,0,0,0,0,0,0,0,0,0,0,0,0,0,0,0,0,0,0,0,0,0,0,0,0,0,0,0,0,0,0,0,0,0,0,0,0,3,0,0,0,0,0,3,0,0,0,0,0,0,5,0,0,13,0,0,0,0,0,4,0,0,0,9,0,0,0,0,0,0,0,0,0,0,0,0,0,0,0,0,0,0,0,0,0,0,0,0,4,0,0,0,0,9,0,0,0,0,0,0,0,0,0,5
LGA54830,7,8,4,7,23,25,12,23,0,106,94,32,21,15,85,147,81,619,17,1110,36,40,38,35,285,393,182,285,13,1316,5,10,4,9,48,54,20,46,0,194,54,69,72,75,255,466,168,477,30,1663,8,18,13,18,108,149,50,78,9,450,36,128,102,54,201,155,49,81,11,810,20,214,77,43,76,65,19,49,15,588,39,49,73,55,170,239,82,244,26,960,4,4,12,6,32,17,11,15,0,89,3,0,0,0,53,47,12,17,0,139,4,7,4,6,28,19,12,17,0,106,17,37,20,25,137,213,44,101,6,597,14,53,36,30,50,62,14,46,0,306,27,34,32,33,218,229,59,112,9,750,4,34,32,25,69,70,25,31,0,292,15,51,77,38,150,116,20,45,3,511,0,26,14,13,28,32,10,9,5,139,11,21,24,8,114,136,49,87,4,461,27,44,42,26,135,180,55,131,107,752
LGA54900,6,8,7,11,11,47,16,142,0,253,0,0,0,0,0,0,0,0,0,3,0,0,0,0,0,5,0,0,0,9,0,0,0,0,0,0,0,0,0,0,0,0,0,0,0,9,3,4,0,22,3,0,0,0,4,18,4,4,0,32,0,0,0,0,0,0,0,9,0,16,0,0,0,0,0,5,0,0,0,7,0,0,3,0,0,4,7,11,0,25,0,0,0,0,0,0,0,0,0,0,0,0,0,0,0,0,0,0,0,0,0,0,0,0,0,0,0,0,0,0,0,0,0,0,0,0,0,0,0,0,0,0,0,0,0,0,0,0,0,7,0,6,0,0,0,5,0,3,0,13,0,0,0,0,0,0,0,0,0,4,0,0,0,0,0,0,0,0,0,3,0,0,0,0,0,0,0,0,0,0,0,0,0,0,0,10,0,3,0,12,0,0,0,0,0,3,5,6,0,18
LGA54970,0,0,0,0,0,0,0,0,0,9,25,5,5,5,6,6,15,192,5,259,0,0,0,0,0,0,0,0,0,3,0,0,0,0,0,0,0,0,0,0,0,0,0,0,4,0,0,7,0,12,0,0,0,0,0,0,0,0,0,0,0,0,0,0,0,0,0,0,0,8,5,0,0,0,0,0,4,15,0,17,0,0,0,0,0,0,0,5,0,10,0,0,0,0,0,0,0,0,0,0,0,0,0,0,0,0,0,0,0,0,0,0,0,0,0,0,0,0,0,0,0,0,0,0,0,0,0,3,0,3,0,0,0,0,0,0,0,3,0,10,0,4,0,0,4,9,0,9,0,21,0,0,0,0,0,0,0,0,0,0,0,0,0,0,4,4,0,0,0,3,0,0,0,0,0,0,0,0,0,0,0,0,0,0,0,0,0,0,0,6,0,3,0,0,0,0,0,0,5,9
LGA55040,0,0,0,4,0,0,0,6,5,11,17,11,3,0,3,7,18,152,4,213,5,0,4,0,0,3,0,16,0,31,0,0,0,0,0,0,0,0,0,8,0,5,0,0,0,5,0,13,0,22,0,0,0,0,0,0,0,0,0,0,0,0,0,0,0,0,0,3,0,3,0,0,0,0,0,6,0,0,0,15,0,0,0,0,4,0,6,14,0,19,0,0,0,0,0,0,0,0,0,0,0,0,0,0,0,0,0,0,0,0,0,0,0,0,0,0,0,5,0,3,0,0,0,0,0,0,0,0,0,0,3,0,0,0,0,0,0,20,0,25,0,0,0,0,0,11,0,5,0,21,0,0,0,0,0,0,0,0,0,5,0,0,0,0,0,3,0,3,0,4,0,0,0,0,0,0,0,0,0,0,0,0,0,0,0,5,0,13,0,17,0,0,0,0,0,0,0,6,3,7
LGA55110,11,15,20,15,24,39,12,42,0,176,411,74,74,18,252,238,234,1913,77,3295,142,64,76,44,602,426,265,426,17,2054,18,6,11,12,67,107,59,134,5,410,148,162,162,182,407,795,308,944,36,3150,13,18,15,10,60,107,39,108,0,381,49,345,198,107,268,185,55,133,20,1363,41,423,155,63,123,91,33,140,10,1077,64,75,83,67,126,192,87,220,16,934,4,17,5,0,19,23,4,16,0,93,6,16,16,5,32,42,10,20,0,148,0,32,16,6,31,37,28,50,6,200,25,65,37,30,105,211,50,151,6,674,27,109,79,36,63,78,35,115,5,544,59,55,37,24,240,271,65,109,7,880,24,82,64,35,123,177,39,81,6,630,26,90,102,85,158,105,33,76,9,683,11,53,22,13,33,26,7,19,3,186,24,54,45,24,127,183,55,129,11,647,51,76,66,38,131,175,52,198,172,965
LGA55180,35,42,44,35,76,151,44,237,9,669,15,0,0,0,3,5,11,68,0,105,15,10,4,0,52,30,18,30,4,160,3,3,0,0,3,9,0,4,0,25,12,6,16,9,36,63,27,65,3,239,0,3,0,0,4,21,6,5,0,55,7,27,9,6,20,36,16,20,0,145,3,31,12,8,17,13,3,29,0,120,7,8,18,7,15,14,13,40,0,132,0,0,0,0,3,7,0,0,0,10,0,0,0,0,0,0,0,4,0,5,0,5,0,0,0,3,0,0,0,9,4,3,7,0,0,10,0,14,0,44,0,9,7,3,4,19,7,10,0,56,9,3,3,12,53,55,16,4,0,159,3,7,4,8,7,10,8,11,0,60,0,16,15,6,9,7,4,10,0,63,4,7,0,5,6,9,0,0,0,20,7,8,4,3,11,29,6,17,0,86,0,10,11,3,18,34,10,19,20,133
LGA55250,0,0,4,0,0,3,0,15,0,29,11,9,0,0,4,6,7,96,0,139,0,0,0,0,0,0,0,0,0,0,0,0,0,0,0,0,0,0,0,0,0,0,0,0,0,0,0,11,0,17,0,0,0,0,0,0,0,0,0,0,0,0,0,0,0,4,0,10,0,15,0,0,0,0,0,0,3,21,0,25,0,3,0,0,0,0,0,4,0,6,0,0,0,0,0,0,0,0,0,0,0,0,0,0,0,0,0,0,0,0,0,0,0,0,0,0,0,0,0,0,0,0,0,0,0,0,0,0,0,5,0,0,0,0,0,0,0,0,0,10,3,0,0,0,4,0,0,9,0,16,0,0,0,0,13,7,4,3,0,23,0,0,0,0,3,0,0,0,0,3,0,0,0,0,0,0,0,0,0,0,0,0,0,0,0,3,0,3,0,10,0,4,0,0,0,0,0,0,0,7
LGA55320,3,15,18,22,9,35,13,32,0,155,131,81,62,32,204,555,300,943,23,2328,32,95,74,56,313,507,189,368,10,1641,7,13,9,11,98,98,38,86,0,363,78,175,155,157,376,892,331,941,22,3114,15,50,46,30,158,280,88,215,4,884,63,553,261,118,233,315,119,250,19,1926,44,611,210,95,156,143,60,152,13,1474,79,146,117,71,180,345,128,277,10,1355,4,38,24,13,56,69,14,49,0,263,14,40,33,36,151,270,74,161,5,779,4,49,35,30,60,152,59,136,0,532,62,218,181,141,503,1079,293,635,12,3129,20,121,95,55,96,124,27,79,10,626,65,83,61,54,454,427,151,196,10,1497,53,291,131,83,334,328,137,275,8,1635,65,222,181,131,432,432,126,266,20,1888,12,158,41,35,71,65,18,63,9,478,17,84,69,33,131,182,73,158,5,758,37,155,85,45,192,366,100,238,160,1382
LGA55390,0,0,0,0,0,0,0,0,0,0,10,0,0,0,6,0,13,102,4,140,0,0,0,0,0,0,0,0,0,0,0,0,0,0,0,0,0,0,0,0,0,0,0,0,0,0,3,7,0,14,0,0,0,0,0,0,0,0,0,0,0,0,0,0,0,0,0,0,0,0,0,0,0,0,0,0,0,3,0,5,0,0,0,0,0,0,0,3,0,0,0,0,0,0,0,0,0,0,0,0,0,0,0,0,0,0,0,0,0,0,0,0,0,0,0,0,0,0,0,0,0,0,0,0,0,0,0,0,0,0,0,0,0,0,0,0,6,6,0,11,0,0,0,0,6,0,0,0,0,9,0,0,0,0,0,0,0,0,0,0,0,0,0,0,0,0,0,0,0,0,0,0,0,0,0,0,0,0,0,0,0,0,0,3,0,0,0,3,0,4,0,0,0,0,0,0,0,0,0,3
LGA55460,7,10,0,5,5,30,12,78,0,153,5,5,0,0,0,0,4,23,0,42,0,0,0,0,5,3,0,6,0,22,5,4,0,0,10,7,7,12,0,40,4,5,0,0,7,14,4,25,0,56,0,3,0,0,7,25,11,21,0,68,0,10,8,6,10,10,0,3,0,50,0,7,3,0,0,6,0,3,0,25,0,7,7,8,6,17,3,28,3,79,0,0,0,0,0,3,0,0,0,7,0,0,0,0,0,0,0,0,0,0,0,0,0,0,3,0,0,0,0,0,0,0,0,0,4,0,0,0,0,6,0,4,0,3,0,0,0,4,0,17,5,0,0,0,20,18,3,6,0,48,0,0,5,4,4,5,5,6,0,28,0,3,5,0,5,5,0,4,0,21,0,0,0,0,0,0,0,0,0,6,5,4,5,0,7,8,6,14,0,43,0,0,0,0,5,5,4,4,4,32
LGA55530,0,0,0,4,0,15,4,43,0,66,0,0,0,0,0,0,0,4,0,5,0,0,0,0,0,6,0,0,0,5,0,0,0,0,0,0,0,0,0,0,0,0,0,0,0,0,0,0,0,0,0,0,0,0,0,0,0,3,0,5,0,0,0,0,0,0,0,0,0,0,0,0,0,0,0,0,0,0,0,4,0,0,0,0,0,0,0,9,0,9,0,0,0,0,0,0,0,0,0,0,0,0,0,0,0,0,0,0,0,0,0,0,0,0,0,0,0,0,0,0,0,0,0,0,0,0,0,0,0,0,0,0,0,0,0,0,0,0,0,0,0,0,0,0,4,0,0,7,0,11,0,0,0,0,0,0,0,0,0,0,0,0,0,0,0,0,0,0,0,0,0,0,0,0,0,0,0,0,0,0,0,0,0,0,0,0,0,0,0,0,0,0,0,0,0,0,0,0,0,0
LGA55600,6,10,10,6,7,28,24,127,4,221,4,0,0,0,0,0,5,12,0,19,0,0,0,0,0,0,0,4,0,13,0,0,0,0,6,7,0,0,0,14,3,0,0,0,7,10,0,20,0,53,0,0,4,0,0,17,12,17,0,42,4,7,0,4,4,3,0,15,0,33,0,10,0,0,0,0,0,0,0,9,3,3,0,0,0,4,0,15,0,36,0,0,0,0,0,0,0,0,0,0,0,0,0,0,0,0,0,0,0,3,0,0,0,0,0,0,0,0,0,0,0,0,0,0,0,0,0,4,0,7,0,6,0,0,0,0,3,0,0,10,3,3,0,0,3,14,0,4,0,35,0,0,4,3,4,8,4,0,0,20,0,4,0,0,0,0,0,0,0,8,0,0,0,0,0,0,0,0,0,0,0,5,0,0,6,13,0,8,4,34,4,3,3,0,0,6,0,0,0,19
LGA55670,0,4,0,0,0,10,8,36,0,60,0,0,0,0,0,0,0,8,0,5,0,0,0,0,0,0,0,0,0,0,0,0,0,0,0,0,0,0,0,0,0,0,0,0,0,6,0,3,0,4,0,0,0,0,0,5,0,3,0,7,0,0,0,0,0,0,0,0,0,6,0,0,0,0,0,0,0,0,0,0,0,0,0,0,0,0,0,0,0,5,0,0,0,0,0,0,0,0,0,0,0,0,0,0,0,0,0,0,0,0,0,0,0,0,0,0,0,0,0,0,0,0,0,0,0,0,0,0,0,0,0,0,0,0,0,0,0,4,0,6,0,0,0,0,3,4,0,0,0,14,0,4,0,4,5,4,4,4,0,12,0,0,0,0,0,0,0,0,0,0,0,0,0,0,0,0,0,0,0,0,0,0,0,0,0,0,0,0,0,0,0,0,0,0,0,0,0,0,0,5
LGA55740,0,0,5,6,0,3,0,15,0,35,12,12,5,3,10,55,22,112,0,230,4,7,9,3,13,26,4,29,0,97,0,3,0,3,8,7,0,4,0,27,4,9,8,8,17,56,15,72,0,193,0,5,9,4,3,23,0,23,0,68,0,48,18,10,20,28,6,31,0,163,3,40,32,12,11,7,3,9,0,125,3,11,8,4,12,16,7,19,0,84,0,0,5,0,5,6,0,4,0,28,4,4,7,9,7,19,6,29,0,92,0,9,8,4,11,13,10,28,0,76,3,30,20,22,40,106,28,93,0,348,0,10,14,5,6,8,6,5,0,48,8,8,9,3,25,36,10,15,0,111,4,30,11,5,17,20,3,17,0,118,5,24,13,18,26,62,12,55,0,226,0,15,8,0,3,8,4,4,0,38,0,5,4,6,11,13,0,12,0,55,3,15,11,5,20,31,11,19,7,127
LGA55810,0,0,0,0,0,0,0,3,0,7,3,6,0,0,0,0,0,31,0,41,0,0,0,0,0,0,0,0,0,0,0,0,0,0,0,0,0,0,0,0,0,0,0,4,0,0,0,6,0,9,0,0,0,0,0,0,0,0,0,0,0,0,0,0,0,0,0,0,0,3,0,0,0,0,0,0,0,0,0,4,0,0,0,0,0,0,0,6,0,4,0,0,0,0,0,0,0,0,0,0,0,0,0,0,0,0,0,0,0,0,0,0,0,0,0,0,0,0,0,0,0,0,0,0,0,0,0,0,0,0,0,0,0,0,0,0,0,0,0,3,0,0,0,0,0,0,0,9,0,11,0,0,0,0,0,3,0,0,0,5,0,0,0,0,0,0,0,0,0,5,0,0,0,0,0,0,0,0,0,0,0,0,0,0,0,0,0,0,0,0,0,0,0,0,5,0,0,0,0,3
LGA55880,0,5,0,4,7,16,9,51,0,94,0,0,0,0,0,0,0,0,0,0,0,0,0,0,0,0,0,0,0,0,0,0,0,0,0,0,0,0,0,0,0,0,0,0,3,0,3,7,0,11,0,0,0,0,0,0,0,0,0,6,0,0,0,0,0,0,0,0,0,0,0,0,0,0,0,0,0,0,0,0,0,0,0,0,0,0,0,0,0,6,0,0,0,0,0,0,0,0,0,0,0,0,0,0,0,0,0,0,0,0,0,0,0,0,0,0,0,0,0,0,0,0,0,0,0,0,0,0,0,0,0,0,0,0,0,0,0,0,0,0,0,0,0,0,0,0,0,0,0,4,0,0,0,0,0,0,0,0,0,3,0,0,0,0,0,0,0,0,0,0,0,0,0,0,0,0,0,0,0,0,0,0,0,0,0,0,3,0,0,3,0,0,0,0,0,0,0,0,0,3
LGA55950,0,3,4,0,9,11,7,39,0,78,0,0,0,0,0,0,0,6,3,7,0,0,0,0,0,0,0,0,0,7,0,0,0,0,0,0,0,0,0,7,0,0,0,0,3,4,0,3,0,9,0,0,0,0,0,0,0,3,0,11,0,0,0,0,5,0,0,0,0,3,0,0,0,0,0,0,0,0,0,0,0,0,0,0,0,0,0,3,0,4,0,0,0,0,0,0,0,0,0,0,0,0,0,0,0,0,0,0,0,0,0,0,0,0,0,0,0,0,0,0,0,0,0,0,0,3,0,0,0,6,0,0,0,0,0,0,0,0,0,0,0,0,0,0,0,4,0,0,0,11,0,0,0,0,0,3,0,4,0,5,0,0,0,0,0,0,0,0,0,0,0,0,0,0,0,0,0,0,0,0,0,0,0,0,0,0,0,9,0,11,0,0,0,0,0,0,0,0,0,7
LGA56090,3,15,17,11,13,18,9,27,3,117,155,24,34,14,68,190,132,628,37,1286,19,27,27,21,131,207,88,200,7,727,3,4,0,7,35,41,14,30,0,131,60,93,76,84,187,340,124,418,20,1407,16,10,8,14,49,115,54,151,3,420,11,155,71,41,89,120,41,80,3,606,13,149,48,19,34,31,10,48,0,349,46,63,43,30,93,175,61,204,0,712,4,8,7,6,15,20,3,15,0,84,7,10,3,4,29,36,13,35,0,132,4,11,11,3,14,26,14,41,0,127,17,43,34,31,96,195,65,141,0,621,19,46,28,15,48,48,15,43,8,259,45,25,24,16,196,241,63,77,5,694,13,68,45,40,84,93,43,60,0,444,14,22,28,29,103,70,33,28,0,325,12,44,12,15,24,15,4,11,0,133,14,39,26,20,73,102,44,107,3,431,20,50,32,17,82,126,31,106,81,550
LGA56160,0,0,0,0,0,0,0,4,0,8,0,0,0,0,0,0,0,0,0,0,0,0,0,0,0,0,0,0,0,0,0,0,0,0,0,0,0,0,0,0,0,0,0,0,0,0,0,0,0,0,0,0,0,0,0,0,0,0,0,0,0,0,0,0,0,0,0,0,0,0,0,0,0,0,0,0,0,4,0,4,0,0,0,0,0,0,0,0,0,0,0,0,0,0,0,0,0,0,0,0,0,0,0,0,0,0,0,0,0,0,0,0,0,0,0,0,0,0,0,0,0,0,0,0,0,0,0,0,0,0,0,0,0,0,0,0,0,0,0,0,0,0,0,0,0,0,0,5,0,10,0,0,0,0,0,0,0,0,0,0,0,0,0,0,0,0,0,0,0,0,0,0,0,0,0,0,0,0,0,0,0,0,0,0,0,0,0,0,0,0,0,0,0,0,0,0,0,0,4,4
LGA56230,6,20,22,17,11,36,3,58,0,170,102,18,23,12,82,68,63,411,17,799,22,18,24,18,208,113,76,113,9,602,6,5,0,4,11,14,16,32,5,83,23,34,24,32,70,120,55,240,10,617,3,12,0,3,13,13,6,27,0,73,9,41,30,17,39,34,10,20,7,202,3,63,26,12,11,13,5,10,7,152,8,18,17,10,13,28,17,61,4,163,0,0,5,0,3,4,0,0,0,15,0,3,0,0,3,3,3,0,0,15,0,0,0,3,0,3,4,11,0,34,4,16,4,6,16,21,5,24,0,93,8,16,18,8,18,7,5,26,0,94,10,13,7,8,54,53,15,19,6,184,3,10,9,4,17,19,6,17,0,78,7,11,12,9,26,16,0,11,0,87,0,13,5,4,17,5,10,14,5,61,0,12,4,7,15,38,14,53,3,157,12,20,10,7,23,35,15,40,29,193
LGA56300,4,8,8,4,3,16,0,33,4,82,6,0,0,0,0,0,0,14,0,26,0,5,0,0,16,15,0,9,0,48,0,0,0,0,0,0,0,4,0,3,5,4,5,3,3,3,0,3,0,36,0,0,0,0,0,0,0,3,0,3,0,0,0,0,0,0,0,3,0,5,0,6,3,3,0,0,0,3,0,21,0,0,0,0,0,0,0,0,0,10,0,0,0,0,0,0,0,0,0,0,0,0,0,0,0,0,0,0,0,0,0,0,0,0,0,0,0,0,0,4,0,0,0,5,0,0,0,3,0,7,0,3,0,0,0,0,0,0,3,5,0,4,0,0,17,6,0,0,0,26,0,0,3,0,0,5,0,0,0,11,0,6,4,0,0,0,0,0,0,11,0,0,0,0,0,0,0,0,0,3,0,0,6,0,0,0,0,0,0,7,0,3,0,0,0,0,0,0,4,10
LGA56370,3,9,4,3,9,21,14,76,0,132,0,0,0,0,0,0,0,3,0,8,0,0,0,0,0,0,0,0,0,4,0,0,0,0,0,0,0,0,0,0,0,0,0,0,0,0,0,3,0,11,0,0,0,0,0,5,0,0,0,7,0,0,0,0,0,0,0,0,0,0,0,0,0,0,0,6,0,0,0,6,0,0,0,0,0,6,0,3,0,6,0,0,0,0,0,0,0,0,0,0,0,0,0,0,0,0,0,0,0,0,0,0,0,0,0,0,0,0,0,0,0,0,0,0,0,0,0,0,0,0,0,0,0,0,0,0,0,0,0,3,0,0,0,0,6,9,0,0,0,14,0,0,0,0,0,0,0,0,0,4,0,0,0,0,0,0,0,0,0,0,0,0,0,0,0,0,0,0,0,0,0,0,0,0,0,3,0,0,0,3,0,0,0,0,0,0,0,0,0,3
LGA56460,6,15,8,11,13,41,17,88,5,217,9,0,0,0,0,0,0,31,0,43,0,5,13,6,12,12,7,12,0,72,3,0,0,0,0,8,7,7,0,30,8,5,0,7,16,39,8,36,3,120,0,0,0,0,0,15,0,23,0,46,0,18,5,5,15,24,10,13,0,87,0,0,3,3,6,5,4,0,0,27,3,7,12,4,4,16,3,21,0,66,0,0,0,0,0,0,4,0,0,9,0,0,0,0,3,5,3,7,0,21,0,0,0,0,0,4,0,0,0,9,0,0,0,4,3,5,0,0,0,16,0,5,0,3,4,0,0,3,0,16,0,3,0,4,12,25,11,16,0,79,0,6,3,6,10,12,8,13,0,62,0,3,6,6,11,13,3,11,0,67,0,3,0,0,4,0,0,3,0,12,0,6,0,0,8,21,5,12,0,64,0,4,0,0,0,14,10,7,11,46
LGA56580,4,7,3,0,5,12,5,10,0,45,8,22,21,10,45,187,71,209,0,567,0,21,14,7,14,55,9,49,0,180,0,0,0,3,12,17,8,18,0,61,5,28,21,20,40,92,42,125,3,373,0,13,3,4,15,22,9,26,0,92,3,106,36,23,27,41,11,45,0,304,7,146,48,15,28,21,10,32,0,303,3,25,13,6,9,22,17,21,0,121,0,20,3,7,9,12,9,11,0,67,4,23,18,6,21,88,31,72,0,265,7,22,19,7,13,36,14,69,0,190,19,81,68,41,103,266,96,311,6,988,4,23,17,3,16,17,9,20,0,100,26,26,10,5,50,114,38,75,4,346,5,115,27,9,39,83,35,53,0,370,18,84,81,81,111,193,75,249,3,892,3,58,17,4,10,10,0,11,0,103,0,15,18,3,13,19,4,24,0,95,10,42,26,15,17,59,24,63,28,283
LGA56620,0,0,0,3,0,0,0,0,0,4,0,0,0,0,0,0,0,0,0,3,0,0,0,0,0,0,0,0,0,0,0,0,0,0,0,0,0,0,0,0,0,0,0,0,0,0,0,0,0,0,0,0,0,0,0,0,0,0,0,0,0,0,0,0,5,0,0,4,0,9,0,0,0,0,0,0,0,0,0,0,0,0,0,0,0,0,0,0,0,0,0,0,0,0,0,0,0,0,0,3,0,0,0,0,0,0,0,0,0,0,0,0,0,0,0,0,0,0,0,0,0,0,0,0,4,0,0,0,0,4,0,0,0,0,0,0,0,0,0,0,0,0,9,3,17,6,3,0,0,39,0,0,0,0,0,3,3,3,0,11,0,3,0,0,5,4,0,0,0,14,0,0,4,0,0,0,0,0,0,8,0,0,0,0,0,0,0,0,0,0,0,0,0,0,0,0,0,0,0,0
LGA56730,8,9,10,10,11,43,9,67,7,189,29,10,4,0,7,12,3,125,6,194,8,11,7,0,39,54,25,34,5,182,4,0,5,0,24,22,10,18,0,85,8,13,15,16,34,95,31,109,3,320,5,4,0,0,10,29,14,34,0,95,3,41,24,11,32,28,8,19,4,167,0,33,14,4,14,3,0,11,4,94,6,7,15,12,13,54,28,62,0,197,0,0,4,0,0,0,0,0,0,11,0,0,3,0,0,3,0,3,0,15,0,0,0,0,6,9,0,5,0,19,3,4,4,4,11,12,4,19,0,59,4,17,8,5,10,8,5,4,0,48,21,8,0,3,65,58,18,33,4,203,5,7,8,5,18,25,13,12,0,91,0,10,9,11,32,19,12,10,0,104,0,9,3,0,3,0,0,3,0,19,9,9,4,0,20,50,10,21,0,119,0,6,6,3,24,27,17,27,14,130
LGA56790,11,16,13,17,14,37,13,98,11,218,16,3,6,0,0,10,9,37,0,81,0,0,0,0,0,0,0,0,0,6,0,0,0,0,0,0,0,0,0,0,4,9,9,13,8,21,5,32,0,95,0,0,0,0,0,0,0,3,0,13,8,7,0,0,0,4,0,8,0,24,7,14,4,5,11,13,4,17,0,75,0,4,0,3,0,0,0,13,0,29,0,0,0,0,0,0,0,0,0,0,0,0,0,0,0,0,0,0,0,0,0,0,0,0,0,0,0,0,0,3,0,0,0,0,0,0,0,0,0,8,0,5,3,0,0,0,0,5,0,12,5,0,0,3,9,16,6,9,0,35,0,3,0,3,0,0,0,5,0,15,0,5,5,0,4,0,0,8,0,19,0,0,0,0,0,0,0,0,0,9,0,0,0,4,0,0,0,8,0,14,3,3,3,0,0,3,4,9,5,35
LGA56860,0,4,0,0,0,5,0,9,0,25,0,0,0,0,0,0,0,0,0,7,0,0,0,0,0,0,0,0,0,0,0,0,0,0,0,0,0,0,0,0,0,0,0,0,0,0,0,0,0,0,0,0,0,0,0,0,0,0,0,3,0,0,0,0,4,0,0,0,0,0,0,0,0,0,0,0,0,0,0,0,0,0,0,0,0,0,0,0,0,0,0,0,0,0,0,0,0,0,0,0,0,0,0,0,0,0,0,0,0,0,0,0,0,0,0,0,0,0,0,0,0,0,0,0,0,0,0,0,0,0,0,0,0,0,0,0,0,0,0,0,0,0,0,0,3,4,0,0,0,10,0,0,0,0,0,0,0,0,0,0,0,0,0,0,0,0,0,0,0,0,0,0,0,0,0,0,0,0,0,0,0,0,0,0,0,0,0,0,0,0,0,0,0,0,0,0,0,0,0,6
LGA56930,0,0,0,0,0,0,0,5,0,8,0,5,0,7,0,7,0,4,0,25,0,0,0,5,0,8,0,0,0,16,0,0,0,0,0,0,5,0,0,3,0,3,0,3,0,7,0,6,0,22,0,0,0,0,0,4,0,4,0,11,0,11,3,0,0,3,0,7,0,25,0,12,4,0,0,0,0,3,0,26,0,0,0,0,0,0,0,0,0,4,0,0,0,0,0,0,0,3,0,3,0,0,4,3,0,12,3,11,0,45,0,4,0,0,0,0,0,6,0,21,0,9,3,0,4,8,3,32,0,69,0,0,0,3,3,0,0,0,0,10,0,5,0,0,0,0,0,0,0,11,0,5,0,0,0,5,0,3,0,14,0,5,3,3,6,7,9,27,0,56,0,5,0,0,0,0,0,0,0,3,0,0,0,0,0,3,0,0,0,10,0,10,0,0,0,5,0,5,0,15
LGA57000,3,0,0,3,7,11,9,38,0,75,5,3,4,0,0,0,4,51,0,71,0,0,0,0,0,0,0,0,0,0,0,0,0,0,0,0,0,0,0,0,0,0,0,0,0,3,6,8,0,13,0,0,0,0,0,0,0,0,0,6,0,0,0,0,0,0,0,0,0,0,0,0,0,0,0,0,0,3,0,4,0,0,0,0,0,0,0,3,0,12,0,0,0,0,0,0,0,0,0,0,0,0,0,0,0,0,0,0,0,0,0,0,0,0,0,0,0,0,0,0,0,0,0,0,0,0,0,0,0,0,0,0,0,0,0,0,0,5,0,4,0,0,0,0,5,4,4,0,0,13,0,0,0,0,0,0,0,0,0,4,0,0,0,0,0,0,0,0,0,0,0,0,0,0,0,0,0,0,0,0,0,0,0,0,0,0,0,0,0,0,0,0,0,0,0,0,0,0,0,0
LGA57080,4,5,3,0,9,6,0,15,0,40,61,22,20,14,107,275,135,466,6,1103,5,23,24,17,65,84,29,55,0,298,3,3,0,4,45,30,7,20,0,113,24,32,37,22,66,187,55,205,11,637,7,15,12,9,31,57,17,36,4,191,19,94,73,24,112,94,30,56,5,505,15,238,144,76,177,159,56,121,15,1006,19,46,52,19,45,93,13,70,5,363,0,14,11,4,28,33,12,8,0,116,7,10,11,14,83,106,20,51,3,307,0,16,11,3,26,50,10,39,0,150,35,75,54,48,279,613,104,253,8,1460,7,46,48,11,57,57,16,34,0,281,20,28,21,6,133,131,43,55,3,442,13,158,36,23,104,104,29,61,0,529,23,61,65,55,144,179,37,119,4,684,11,42,24,17,30,28,10,21,3,178,3,33,25,15,45,40,18,26,3,198,23,41,34,15,74,105,25,59,71,444
LGA57140,0,11,5,3,4,22,14,44,3,109,4,0,0,0,0,0,0,5,0,13,0,0,0,0,0,3,0,0,0,8,0,0,0,0,0,0,0,0,0,4,0,0,0,0,0,0,3,4,0,10,0,0,0,0,0,0,3,4,0,6,0,0,0,0,0,0,0,0,0,3,0,0,0,0,0,0,0,0,0,0,0,0,0,0,0,3,0,3,0,13,0,0,0,0,0,0,0,0,0,0,0,0,0,0,0,0,0,0,0,0,0,0,0,0,0,0,0,0,0,0,0,0,0,0,0,0,0,0,0,7,0,0,0,0,0,0,0,0,0,0,0,0,0,0,6,5,0,0,0,16,0,0,0,0,0,0,0,0,0,7,0,0,0,0,0,0,0,0,0,4,0,0,0,0,0,0,0,0,0,0,0,0,0,0,0,7,0,3,0,11,0,0,0,0,0,0,0,3,0,5
LGA57210,16,35,31,21,39,84,39,153,9,420,13,0,0,0,0,4,4,34,3,62,3,8,4,3,18,38,12,18,3,116,0,0,0,0,0,5,0,0,0,9,10,3,5,13,11,26,16,31,0,119,0,3,0,0,3,3,6,8,0,34,0,6,8,5,12,9,3,7,0,58,0,4,0,0,3,5,0,12,0,28,3,3,9,9,4,9,12,33,0,80,0,0,0,0,0,0,0,0,0,0,0,0,0,0,0,0,0,0,0,3,0,0,0,0,0,0,0,0,0,9,5,8,0,0,3,0,0,8,0,26,0,10,0,5,0,5,0,4,0,23,14,6,0,0,18,27,3,8,0,83,0,6,4,7,6,10,3,0,0,40,7,0,6,7,3,6,0,12,3,33,0,0,3,0,0,0,0,0,0,9,3,5,0,0,10,9,0,12,0,51,4,3,4,8,3,8,6,6,11,53
LGA57280,0,0,0,0,6,0,0,3,0,7,112,50,44,9,85,149,189,830,33,1509,12,5,0,6,9,32,26,149,3,242,0,3,0,4,9,26,12,51,0,102,13,15,4,19,31,60,44,217,12,407,3,5,0,4,12,24,24,84,0,156,6,33,18,3,23,28,11,28,5,152,0,27,13,11,8,19,3,38,0,112,46,29,10,12,46,76,46,359,8,632,0,0,3,0,0,6,0,0,0,11,0,0,0,0,4,0,0,0,0,3,4,4,3,0,6,5,14,27,0,62,0,0,3,0,10,24,4,28,4,81,8,5,7,4,19,13,6,27,0,83,12,13,0,7,52,48,22,37,8,199,9,4,6,6,26,43,7,17,0,112,8,8,5,5,26,28,6,14,0,99,0,4,0,0,0,5,0,0,0,9,7,12,3,3,16,19,9,84,0,151,17,16,3,3,14,33,10,77,42,214
LGA57350,5,5,0,0,3,13,6,51,0,91,0,0,0,0,0,0,0,4,0,9,0,0,0,0,0,0,0,0,0,0,0,0,0,0,0,0,0,0,0,4,0,0,0,0,0,0,0,8,0,14,0,0,0,0,0,3,0,0,0,6,0,0,0,0,0,4,0,0,0,7,0,0,0,0,0,0,0,4,0,4,0,3,0,0,0,0,0,0,0,11,0,0,0,0,0,0,0,0,0,0,0,0,0,0,0,0,0,0,0,0,0,0,0,0,0,0,0,0,0,5,0,0,0,0,0,0,0,0,0,0,0,0,0,0,0,0,0,0,0,0,0,0,0,0,8,0,0,3,0,12,0,3,0,0,0,0,0,0,0,5,0,0,0,0,4,5,0,0,0,5,0,0,0,0,0,0,0,0,0,0,0,0,0,0,0,0,0,0,0,7,0,0,0,0,0,0,0,0,0,0
LGA57420,10,3,4,4,8,17,29,72,5,158,21,8,4,7,4,8,8,152,4,218,0,0,0,0,0,0,0,0,0,6,0,0,0,0,0,0,0,0,0,3,0,3,3,3,0,3,0,24,0,37,3,0,0,0,0,0,0,3,0,9,0,3,0,0,0,0,0,4,0,15,0,0,0,0,0,3,0,11,0,22,0,6,0,3,0,0,3,9,0,23,0,0,0,0,0,0,0,0,0,0,0,0,0,0,0,0,0,0,0,0,0,0,0,0,0,0,0,0,0,3,0,4,0,0,0,0,0,0,0,3,0,0,0,0,0,0,0,5,0,13,0,0,0,0,17,0,0,0,0,27,0,0,0,0,0,0,0,0,0,4,0,0,0,0,0,0,0,0,0,3,0,0,0,0,0,0,0,0,0,0,0,3,0,0,0,6,0,7,0,13,3,0,0,0,0,4,0,8,9,29
LGA57490,15,21,11,15,38,50,20,46,4,213,546,83,83,42,280,374,319,2488,75,4295,154,78,89,93,881,1050,489,817,28,3672,31,11,16,8,143,158,72,178,11,623,222,222,225,266,741,1483,543,1839,74,5606,38,41,37,22,217,318,128,236,7,1053,71,453,265,145,410,357,112,220,27,2057,53,624,230,99,129,133,43,178,15,1503,118,98,115,88,282,476,196,568,29,1962,5,21,14,13,60,65,17,28,0,218,3,9,3,4,71,89,23,57,0,266,8,19,14,7,52,63,32,87,0,293,39,81,62,56,254,484,127,305,6,1410,44,112,84,62,157,160,54,160,13,845,154,124,79,81,758,1233,325,657,24,3446,25,125,100,71,238,259,78,123,6,1032,51,118,140,88,287,198,69,96,6,1050,10,101,25,22,61,54,14,43,0,328,23,79,64,47,224,314,109,255,17,1134,90,102,69,75,331,457,140,391,293,1943
LGA57630,0,0,0,0,0,0,0,3,0,8,0,4,0,0,4,0,0,5,0,5,0,0,0,0,0,0,0,0,0,0,0,0,0,0,0,0,0,0,0,0,0,0,0,0,0,0,0,0,0,6,0,0,0,0,0,0,0,0,0,0,0,0,0,0,0,0,0,0,0,0,0,0,0,0,0,0,0,0,0,0,0,0,0,0,0,0,0,0,0,0,0,0,0,0,0,0,0,0,0,0,0,0,0,0,0,0,0,0,0,0,0,0,0,0,0,0,0,0,0,0,0,0,0,0,0,0,0,0,0,0,0,0,0,0,0,0,0,0,0,0,0,3,0,0,0,0,0,4,0,10,0,0,0,0,0,0,0,0,0,0,0,0,0,0,0,0,0,0,0,0,0,0,0,0,0,0,0,0,0,0,0,0,0,0,0,0,0,0,0,0,0,0,0,0,0,0,0,0,0,0
LGA57700,7,12,24,7,19,42,11,64,0,190,110,22,33,3,65,100,82,594,20,1031,26,27,24,23,167,238,137,209,6,866,6,0,3,3,35,37,18,34,0,150,52,59,57,60,211,452,175,467,20,1560,14,14,5,12,74,85,40,107,0,344,25,70,51,41,111,103,27,75,5,513,5,116,41,16,23,35,10,34,4,285,34,44,31,36,100,169,81,249,12,750,3,4,0,3,10,14,3,3,4,38,0,5,0,0,14,17,7,14,0,59,3,5,0,0,12,21,6,27,0,91,7,11,22,17,62,110,38,67,3,331,14,19,20,26,35,46,20,53,0,228,34,21,18,8,107,152,35,60,4,448,5,32,4,16,52,51,18,27,0,207,10,29,25,15,66,51,11,21,4,234,6,24,9,6,10,14,4,20,0,91,12,16,17,13,82,112,55,106,5,435,26,34,21,18,89,135,33,87,84,525
LGA57770,3,0,0,0,0,5,0,8,0,15,6,0,0,0,0,0,0,42,3,53,0,0,0,0,4,0,0,5,0,13,0,0,0,0,0,0,0,0,0,7,0,3,4,0,0,4,4,11,0,28,0,0,0,0,0,0,0,0,0,0,0,0,0,0,5,0,0,3,0,15,0,0,3,4,15,5,0,5,0,37,0,3,0,0,0,0,0,7,0,17,0,0,0,0,0,0,0,0,0,0,0,0,0,0,0,0,0,0,0,0,0,0,0,0,0,0,0,3,0,3,0,0,0,0,0,0,0,0,0,5,0,0,0,0,4,4,0,0,0,13,3,0,0,5,10,11,4,0,0,21,0,0,0,0,0,0,0,0,0,0,0,0,0,0,4,0,0,0,0,0,0,0,0,0,0,3,5,5,0,11,0,0,0,0,0,0,0,4,0,5,0,0,0,0,3,0,0,0,5,11
LGA57840,3,19,7,3,11,16,8,22,0,92,51,34,26,21,106,272,145,489,11,1150,16,35,33,26,86,160,50,121,6,526,0,4,4,6,39,52,15,28,0,152,26,55,66,38,133,335,117,354,13,1132,6,18,20,10,57,83,34,76,4,305,28,234,126,51,107,121,42,99,4,813,21,226,122,46,84,90,36,71,9,697,26,57,56,37,91,127,46,119,8,581,7,18,6,5,28,50,11,14,0,139,6,27,34,22,68,149,44,101,0,446,4,32,23,15,30,58,36,80,0,268,32,117,89,76,286,588,165,364,3,1731,13,64,48,20,56,53,18,40,0,318,32,40,30,20,172,175,52,88,4,616,22,147,81,38,147,177,54,141,3,811,22,105,80,71,171,192,65,138,9,848,12,93,32,14,44,28,15,27,0,265,9,28,37,14,50,92,28,59,0,316,18,52,46,33,79,153,26,90,74,578
LGA57910,12,44,33,30,61,87,29,71,4,363,335,97,105,69,392,1034,591,2197,64,4887,54,164,150,118,784,902,333,582,17,3095,27,31,19,27,253,232,91,133,5,816,223,404,436,386,1089,2522,816,2258,104,8233,45,96,71,60,381,522,138,327,14,1663,105,1118,681,338,827,746,269,586,40,4711,80,994,629,247,545,518,165,478,42,3701,121,319,416,268,565,825,305,582,61,3465,20,68,48,49,203,204,57,127,9,779,42,70,63,75,442,581,188,363,10,1838,23,72,83,48,129,200,99,272,10,929,130,370,337,241,1209,2301,638,1354,29,6617,50,322,368,168,327,420,105,248,23,2025,139,203,168,116,1023,977,292,450,18,3395,71,496,237,185,568,684,243,445,18,2948,113,408,433,398,1016,886,259,477,32,4026,43,307,145,90,228,231,60,122,14,1235,57,220,203,138,436,471,190,367,25,2094,71,303,236,158,575,781,205,485,471,3281
LGA57980,3,3,0,0,6,3,0,7,0,28,12,15,12,6,51,151,61,148,5,472,3,6,7,5,19,33,25,41,0,145,0,0,4,0,13,14,7,8,0,50,4,17,13,13,19,89,24,77,0,266,0,3,5,7,17,25,13,22,0,102,8,67,34,16,29,26,9,29,0,218,8,101,26,20,26,14,12,23,4,233,11,13,4,13,24,27,11,19,0,130,0,9,4,0,13,24,5,15,0,67,0,12,11,11,29,60,18,56,0,197,5,15,10,4,8,22,11,23,0,100,16,69,52,49,148,285,90,237,0,950,0,18,9,8,10,19,11,7,0,81,8,12,13,6,55,63,23,39,0,219,7,72,24,16,46,69,22,63,0,313,20,50,42,51,81,160,45,116,4,566,5,36,10,3,12,26,8,11,0,107,3,7,8,8,13,16,5,19,0,77,0,16,11,13,23,59,20,29,21,194
LGA58050,3,51,44,38,66,117,43,90,5,459,441,128,73,37,272,480,358,2271,81,4143,67,152,137,105,992,1021,383,760,19,3641,19,15,14,16,153,132,60,156,7,580,169,265,282,277,890,1773,580,1526,80,5839,45,61,52,47,396,544,200,413,10,1762,93,640,420,201,695,619,188,363,20,3242,62,650,318,125,268,255,102,239,16,2037,125,211,253,203,672,897,394,927,62,3739,11,22,11,15,110,116,20,47,4,358,12,16,24,14,146,186,49,82,3,527,10,27,24,13,80,93,56,133,6,451,43,77,81,74,443,677,188,357,10,1946,37,164,130,82,197,192,58,166,17,1046,112,127,90,71,684,752,214,287,25,2360,29,186,98,70,273,281,84,144,10,1173,65,179,194,197,547,300,98,206,19,1804,21,121,62,47,116,93,19,50,9,536,33,113,119,83,420,520,206,376,25,1888,50,187,135,129,524,613,145,427,390,2600
LGA58190,0,0,4,0,0,14,7,42,0,67,0,0,0,0,0,0,0,0,0,0,0,0,0,0,0,0,0,0,0,0,0,0,0,0,0,0,0,0,0,0,0,0,0,0,0,0,0,0,0,0,0,0,0,0,0,0,0,0,0,3,0,0,4,0,0,0,0,0,0,6,0,0,0,0,0,0,0,0,0,0,0,0,0,0,0,0,0,0,0,0,0,0,0,0,0,0,0,0,0,0,0,0,0,0,0,0,0,0,0,0,0,0,0,0,0,0,0,0,0,0,0,0,0,0,0,0,0,0,0,0,0,0,0,0,0,0,0,0,0,0,0,0,0,0,5,0,0,0,0,6,0,0,0,0,0,0,0,0,0,0,0,0,0,0,5,0,0,0,0,5,0,0,0,0,0,0,0,0,0,0,0,0,0,0,0,0,0,0,0,0,0,0,0,0,0,0,0,0,0,5
LGA58260,0,9,0,0,8,15,6,47,6,76,0,0,0,0,0,0,5,0,0,7,0,0,0,0,0,0,0,0,0,0,0,0,0,0,4,5,0,3,0,13,0,0,0,0,0,0,0,0,0,3,0,0,0,0,0,0,0,0,0,6,0,0,0,0,0,0,0,4,0,7,0,0,0,0,0,0,0,0,0,0,0,0,0,0,0,0,0,9,0,4,0,0,0,0,0,0,0,0,0,0,0,0,0,0,0,0,0,0,0,0,0,0,0,0,0,0,0,0,0,0,0,0,0,0,0,0,0,0,0,0,0,0,0,0,0,0,0,0,0,0,0,0,0,0,3,3,4,0,0,13,0,0,0,0,0,0,0,0,0,0,0,0,0,0,0,0,0,0,0,0,0,0,0,0,0,0,0,0,0,0,0,0,0,0,0,0,0,0,0,3,0,0,0,0,0,0,0,0,0,8
LGA58330,0,11,8,4,4,10,9,43,0,87,35,10,0,0,8,9,8,97,0,169,0,10,3,3,4,14,4,14,0,58,0,0,0,0,0,0,0,7,0,8,6,18,12,8,25,40,16,57,4,181,0,0,0,0,5,14,3,4,0,34,3,9,3,6,8,17,3,6,0,48,0,4,0,0,0,3,0,5,0,20,0,7,6,0,12,6,8,24,0,62,0,0,0,0,0,0,0,0,0,4,0,0,0,0,4,0,0,0,0,6,5,0,0,0,0,0,0,3,0,7,0,9,6,6,3,7,0,0,0,26,0,3,3,0,4,6,0,7,0,28,7,4,3,3,27,29,4,3,0,81,0,4,4,0,14,6,6,3,0,36,0,3,4,0,5,5,3,3,0,34,0,3,0,0,0,3,0,0,0,6,0,4,0,3,6,19,0,7,0,41,5,7,3,3,4,10,12,3,12,66
LGA58400,0,5,4,0,0,5,0,30,0,45,0,0,0,0,0,0,0,0,0,4,0,0,0,0,0,0,0,0,0,0,0,0,0,0,0,0,0,0,0,0,0,0,0,0,3,0,0,4,0,7,0,0,0,0,0,0,0,0,0,0,0,0,0,0,0,0,0,0,0,0,0,0,0,0,0,0,0,0,0,0,0,0,0,0,0,0,0,3,0,9,0,0,0,0,0,0,0,0,0,0,0,0,0,0,0,0,0,0,0,0,0,0,0,0,3,0,0,0,0,3,0,0,0,0,0,0,0,0,0,0,0,0,0,0,0,0,0,0,0,0,0,0,0,0,3,0,0,0,0,10,0,0,0,0,0,0,0,0,0,0,0,0,0,0,0,0,0,0,0,0,0,0,0,0,0,0,0,0,0,0,0,0,0,0,0,0,0,0,0,4,0,0,0,0,0,0,0,0,0,0
LGA58470,0,0,0,0,0,0,0,9,0,9,0,0,0,0,0,0,0,0,0,5,0,0,0,0,0,0,0,0,0,0,0,0,0,0,0,0,0,0,0,0,0,0,0,0,0,0,0,0,0,0,0,0,0,0,0,0,0,0,0,0,0,0,0,0,0,0,0,0,0,0,0,0,0,0,0,0,0,0,0,0,0,0,0,0,0,0,0,0,0,0,0,0,0,0,0,0,0,0,0,0,0,0,0,0,0,0,0,0,0,0,0,0,0,0,0,0,0,0,0,0,0,0,0,0,0,0,0,0,0,0,0,0,0,0,0,0,0,0,0,0,0,5,0,0,0,0,0,3,0,6,0,0,0,0,0,0,0,0,0,0,0,0,0,0,0,0,0,0,0,0,0,0,0,0,0,0,0,0,0,0,0,0,0,0,0,0,0,0,0,0,0,0,0,0,0,0,0,0,0,0
LGA58510,0,6,8,0,9,7,0,9,0,38,65,20,26,8,90,228,142,471,14,1074,9,21,17,19,100,162,73,84,0,495,3,5,8,9,36,37,20,20,5,137,29,52,65,56,141,377,118,328,11,1172,3,13,14,9,56,104,27,82,3,305,17,143,118,47,136,136,34,69,3,702,21,207,162,48,133,105,33,83,12,792,34,67,72,43,106,143,60,116,9,649,0,6,6,3,28,57,15,17,0,135,7,8,21,5,71,97,23,41,3,266,8,15,12,4,23,34,20,53,0,163,26,82,38,76,284,466,105,232,12,1314,5,60,80,25,50,68,17,40,7,361,28,38,26,28,216,188,48,79,5,660,14,103,49,34,124,142,42,81,0,583,20,68,87,67,179,149,44,66,7,681,10,73,19,18,52,46,19,30,0,268,5,37,31,21,60,71,29,64,4,316,5,44,36,24,88,144,38,77,76,533
LGA58540,4,4,6,9,9,28,9,75,4,141,3,0,0,0,0,0,0,4,0,11,0,0,0,0,0,0,0,0,0,4,0,0,0,0,0,0,0,0,0,0,0,0,0,0,0,0,0,0,0,5,0,0,0,0,0,0,0,13,0,17,0,0,0,0,0,0,0,0,0,5,0,0,0,0,0,0,0,0,0,0,0,3,0,0,0,0,0,4,0,9,0,0,0,0,0,0,0,0,0,0,0,0,0,0,0,0,0,0,0,0,0,0,0,0,0,0,0,0,0,0,0,0,0,0,0,0,0,0,0,0,0,0,0,0,0,0,0,0,0,4,0,0,0,0,0,0,0,0,0,4,0,0,0,0,0,0,0,0,0,3,0,0,0,0,0,0,0,0,0,0,0,0,0,0,0,0,0,0,0,0,0,4,0,0,0,0,0,0,0,11,0,3,4,0,0,0,0,0,4,13
LGA58570,0,8,0,0,4,14,0,10,0,44,65,25,17,25,89,267,124,419,10,1044,17,20,30,13,74,111,47,88,0,390,3,0,3,0,43,47,14,30,0,146,19,54,62,24,122,349,116,314,15,1078,9,10,10,14,56,89,34,41,0,261,18,147,110,38,124,116,35,97,3,694,22,192,134,69,117,132,56,130,12,856,19,37,42,22,69,112,37,64,6,415,3,11,10,17,30,42,18,23,0,162,7,8,16,23,90,143,40,83,0,413,0,13,13,9,25,59,22,55,4,202,28,93,86,79,329,661,192,424,0,1896,11,58,36,16,44,65,16,38,7,294,28,25,27,27,228,215,71,103,3,719,16,108,51,50,120,144,59,112,0,663,24,77,86,78,192,213,66,148,0,877,11,65,38,21,46,66,14,38,4,297,13,26,27,19,61,76,18,54,0,299,9,41,27,22,85,101,39,79,69,478
LGA58610,8,8,11,4,12,19,11,63,0,138,0,0,0,0,0,0,0,15,0,21,3,4,0,0,10,3,7,5,0,26,0,0,0,0,0,0,0,0,0,6,5,0,0,3,4,5,0,14,0,34,0,0,0,0,7,3,5,7,0,19,0,3,0,0,0,4,0,5,0,17,5,0,0,0,0,0,0,0,0,4,0,0,0,0,3,5,0,11,0,24,0,0,0,0,0,0,0,0,0,0,0,0,0,0,0,0,0,0,0,0,0,0,0,0,0,0,0,0,0,6,0,0,0,0,0,0,0,0,0,3,0,0,0,0,0,0,0,0,0,0,0,0,0,0,7,6,0,4,0,24,0,0,0,0,0,0,0,0,0,8,0,0,0,0,0,0,0,0,0,7,0,0,0,0,0,0,0,0,0,5,0,0,0,0,0,7,0,4,0,20,0,0,0,0,0,0,5,0,6,17
LGA58680,0,3,5,0,3,13,4,38,0,66,4,0,0,0,0,0,0,17,0,22,0,0,0,0,0,3,9,4,0,22,0,0,0,0,0,0,0,0,0,0,0,0,0,0,0,4,0,0,0,11,0,0,0,0,0,0,0,0,0,5,0,0,0,0,0,0,0,0,0,5,0,0,0,0,0,0,0,0,0,0,0,0,0,0,0,0,0,0,0,0,0,0,0,0,0,0,0,0,0,0,0,0,0,0,0,0,0,0,0,0,0,0,0,0,0,0,0,0,0,0,0,0,0,0,0,0,0,0,0,0,0,0,0,0,0,0,0,0,0,0,0,0,0,0,3,0,0,0,0,6,0,0,0,0,0,0,0,0,0,3,0,0,0,0,0,0,0,0,0,0,0,0,0,0,0,0,0,0,0,0,0,0,0,0,0,0,0,3,0,4,0,0,0,0,0,0,0,0,0,7
LGA58760,25,50,63,47,114,155,58,151,20,679,611,115,123,56,344,616,446,3066,104,5478,101,166,118,114,1084,1056,450,716,27,3839,19,21,29,27,207,249,85,171,8,822,336,450,517,593,1573,3372,965,2541,170,10517,41,57,70,67,378,568,161,385,6,1723,105,930,542,282,878,798,298,506,39,4371,79,1042,410,176,313,319,102,372,38,2851,167,226,253,189,504,822,331,735,31,3254,14,49,35,31,154,165,32,71,0,543,24,29,34,29,278,351,67,169,7,974,9,27,25,20,88,123,59,118,6,479,55,149,119,91,710,1118,314,577,16,3151,68,239,219,123,320,360,96,235,16,1677,174,138,103,93,883,1053,290,380,24,3138,52,229,137,118,438,491,112,237,9,1825,66,245,259,253,758,463,127,200,27,2403,23,201,77,68,144,130,44,64,7,758,52,150,159,109,526,671,223,429,29,2349,82,234,148,153,660,800,194,478,510,3256
LGA58820,7,11,5,12,3,25,7,17,4,91,28,9,6,0,20,13,15,107,8,200,17,6,9,7,66,21,23,30,3,175,3,0,0,0,0,3,0,9,0,20,9,14,5,6,8,33,17,93,8,196,3,0,0,0,3,4,3,5,0,15,0,12,4,0,6,4,0,9,0,33,0,8,0,4,0,0,0,5,0,18,3,8,0,0,4,9,6,13,0,39,0,0,0,0,0,0,0,0,0,0,0,3,0,0,0,0,0,0,0,0,0,0,0,0,0,0,3,3,0,6,0,0,0,0,0,0,0,4,0,14,0,6,0,3,3,6,0,4,0,23,0,0,0,0,12,7,4,0,0,34,0,4,4,0,0,0,0,3,0,13,0,0,0,0,0,0,0,0,0,6,0,3,0,0,0,0,0,0,0,5,0,0,0,0,7,10,0,7,0,26,5,10,0,3,6,4,5,8,13,50
LGA58890,10,5,9,6,16,18,17,76,0,153,0,0,0,0,0,0,0,8,0,13,0,0,0,0,0,0,0,0,0,8,0,0,0,0,0,0,0,0,0,0,0,0,0,0,3,0,0,0,0,7,0,0,0,0,0,0,0,0,0,6,0,0,0,0,0,0,0,4,0,4,0,0,0,0,0,4,0,0,0,0,0,0,0,0,0,0,0,4,0,3,0,0,0,0,0,0,0,0,0,0,0,0,0,0,0,0,0,0,0,0,0,0,0,0,0,0,0,0,0,0,0,0,0,0,0,0,0,0,0,7,0,0,0,0,0,0,0,0,0,0,0,0,0,0,3,0,0,0,0,8,0,0,0,0,0,0,0,0,0,4,0,0,0,0,0,0,0,0,0,0,0,0,0,0,0,0,0,0,0,0,0,0,0,0,0,4,0,0,0,7,0,0,0,0,0,0,0,3,0,3
LGA59030,0,0,0,0,0,3,5,20,0,29,0,0,0,0,0,0,3,3,0,7,0,0,0,0,0,0,0,0,0,0,0,0,0,0,0,0,0,0,0,0,0,0,0,0,0,0,0,0,0,6,0,0,0,0,0,0,0,0,0,0,0,0,0,0,0,0,0,0,0,4,0,0,0,0,0,0,0,0,0,0,0,0,0,0,0,0,0,0,0,0,0,0,0,0,0,0,0,0,0,0,0,0,0,0,0,0,0,0,0,0,0,0,0,0,0,0,0,0,0,0,0,0,0,0,0,0,0,0,0,0,0,0,0,0,0,0,0,0,0,0,0,0,0,0,0,0,0,0,0,4,0,0,0,0,0,0,0,0,0,0,0,0,0,0,0,0,0,0,0,0,0,0,0,0,0,0,0,0,0,0,0,0,0,0,0,0,0,0,0,0,0,0,0,0,0,0,0,0,0,3
LGA59100,10,4,3,8,4,21,12,52,4,115,0,0,0,0,0,0,0,0,0,7,0,0,0,0,0,0,3,0,0,6,0,0,0,0,0,0,0,0,0,0,0,0,0,0,0,0,0,4,0,0,0,0,0,0,0,5,0,0,0,10,0,0,0,0,0,3,0,0,0,4,0,0,0,0,0,0,0,0,0,0,0,0,0,0,0,0,0,4,0,10,0,0,0,0,0,0,0,0,0,0,0,0,0,0,0,0,0,0,0,0,0,0,0,0,0,0,0,0,0,0,0,0,0,0,0,0,0,0,0,0,0,0,0,0,0,0,0,0,0,6,0,0,0,0,12,0,0,0,0,14,0,0,0,0,0,0,0,0,0,0,0,0,0,0,0,0,0,0,0,0,0,0,0,0,0,0,0,0,0,0,0,0,0,0,0,0,0,0,0,6,0,0,0,0,0,0,0,0,5,0
LGA59170,13,7,9,7,3,38,25,93,0,182,3,4,0,0,0,0,0,8,0,17,0,0,0,0,0,8,3,4,0,11,0,0,0,0,0,0,0,0,0,0,3,0,0,0,0,3,0,5,0,15,0,0,0,0,0,3,4,0,0,6,0,0,0,0,0,0,0,3,0,4,0,3,0,0,0,0,0,3,0,9,0,3,0,0,0,0,0,4,0,14,0,0,0,0,0,0,0,0,0,0,0,0,0,0,0,0,0,0,0,0,0,0,0,0,0,0,0,0,0,0,0,0,0,0,0,0,0,0,0,0,0,0,0,0,0,0,0,0,0,0,0,0,0,0,4,0,0,7,0,10,0,0,0,0,0,0,0,3,0,6,0,0,0,0,0,0,0,0,0,0,0,0,0,0,3,0,0,0,0,3,0,0,0,0,0,0,0,0,0,4,0,0,0,0,0,0,0,0,0,3
LGA59250,0,4,0,0,4,0,0,11,0,15,4,0,0,0,0,0,3,60,0,69,0,0,0,0,0,0,0,0,0,4,0,0,0,0,0,0,0,0,0,0,0,0,0,0,0,0,0,9,0,14,0,0,0,0,0,0,0,0,0,0,0,0,0,0,0,0,0,0,0,5,0,0,0,0,0,0,0,3,0,8,0,0,0,0,0,0,0,0,0,0,0,0,0,0,0,0,0,0,0,0,0,0,0,0,0,0,0,0,0,0,0,0,0,0,0,0,0,0,0,0,0,0,0,0,0,0,0,0,0,0,0,0,0,0,0,0,0,4,0,4,0,0,0,0,5,3,0,0,0,11,0,0,0,0,0,0,0,0,0,3,0,0,0,0,0,0,0,0,0,5,0,0,0,0,0,0,0,0,0,0,0,0,0,0,0,0,0,0,0,0,0,0,0,0,0,0,0,0,4,5
LGA59310,3,4,3,4,5,26,13,66,0,136,5,0,0,0,0,0,0,11,0,16,4,4,0,0,0,4,4,5,0,13,0,0,0,0,0,0,0,4,0,3,0,3,0,0,3,0,3,5,0,12,0,0,0,0,0,23,4,13,0,47,0,5,0,0,0,5,0,6,0,14,0,0,0,0,0,0,0,4,0,7,4,3,0,0,0,0,5,10,0,21,0,0,0,0,0,0,0,0,0,3,0,0,0,0,0,0,0,0,0,8,0,0,0,0,0,0,0,0,0,3,0,0,0,0,0,0,0,0,0,4,0,0,0,0,0,3,0,0,0,6,0,0,5,0,3,4,0,3,0,21,0,0,6,0,0,0,0,0,0,7,0,0,0,0,0,0,0,0,0,10,0,0,0,0,0,0,0,0,0,0,0,0,0,4,0,7,5,0,0,16,0,0,0,0,0,10,6,7,0,21
LGA59320,4,10,0,0,3,12,8,40,0,74,0,0,0,0,0,0,0,3,0,5,0,0,0,0,4,0,0,3,0,9,0,0,0,0,0,0,0,0,0,0,0,0,0,0,0,0,0,0,0,4,0,0,0,0,0,3,0,0,0,7,0,0,0,0,0,3,0,0,0,4,0,0,0,0,0,0,0,0,0,4,0,0,0,0,0,0,0,0,0,4,0,0,0,0,0,0,0,0,0,0,0,0,0,0,0,0,0,0,0,0,0,0,0,0,0,0,0,0,0,0,0,0,0,0,0,0,0,0,0,0,0,0,0,0,0,0,0,0,0,0,0,0,0,0,3,0,0,0,0,3,0,0,0,0,0,0,0,0,0,0,0,0,0,0,0,0,0,0,0,0,0,0,0,0,0,0,0,0,0,0,0,0,0,0,0,0,0,0,4,3,0,0,0,0,0,0,0,0,0,0
LGA59330,0,4,3,4,5,9,0,36,0,61,3,0,0,0,0,0,0,0,0,3,0,0,0,0,0,0,0,0,0,0,0,0,0,0,3,0,3,0,0,4,0,0,0,0,0,0,0,0,0,0,0,0,0,0,0,0,0,0,0,6,0,0,0,0,0,0,0,0,0,5,0,0,0,0,0,0,0,0,0,0,0,0,0,0,0,0,0,0,0,9,0,0,0,0,0,0,0,0,0,0,0,0,0,0,0,0,0,0,0,0,0,0,0,0,0,0,0,0,0,0,0,0,0,0,0,0,0,0,0,0,0,0,0,0,0,0,0,0,0,0,0,0,0,0,0,0,0,0,0,6,0,0,0,0,0,4,0,0,0,3,0,0,0,0,0,0,0,0,0,4,0,0,0,0,0,0,0,0,0,0,0,0,0,0,0,3,0,0,0,3,0,0,0,0,0,0,0,0,3,12
LGA59340,7,5,3,17,29,36,21,93,0,205,12,4,0,0,3,0,6,50,0,83,0,3,0,0,0,0,0,12,0,28,4,0,0,0,17,14,7,11,0,47,5,6,3,8,22,38,18,75,8,189,0,0,5,0,0,6,0,4,0,20,0,14,4,0,3,21,10,24,5,93,7,4,6,3,18,20,11,30,3,104,0,10,10,3,19,27,9,44,4,133,0,0,0,0,4,0,0,6,0,13,0,0,0,0,4,0,0,0,0,8,0,0,0,0,0,0,0,3,0,13,0,0,5,5,7,8,5,7,0,36,0,0,7,3,15,13,3,24,3,67,17,14,8,3,36,55,13,32,0,176,4,8,5,0,28,16,10,10,4,87,3,4,4,8,44,28,5,22,0,127,0,5,0,0,3,9,0,11,0,21,4,4,5,0,8,21,9,25,0,73,5,10,0,0,17,11,4,21,30,100
LGA59350,0,0,0,0,0,0,0,5,0,4,5,0,0,0,4,0,4,40,0,49,0,0,0,0,0,0,0,0,0,0,0,0,0,0,0,0,0,0,0,0,0,0,0,0,0,0,0,0,0,4,0,0,0,0,0,0,0,0,0,0,0,0,0,0,0,0,0,0,0,0,0,0,0,0,0,0,0,4,0,3,0,0,0,0,0,0,0,0,0,0,0,0,0,0,0,0,0,0,0,0,0,0,0,0,0,0,0,0,0,0,0,0,0,0,0,0,0,0,0,0,0,0,0,0,0,0,0,0,0,0,0,0,0,0,0,0,0,0,0,0,0,0,0,0,0,3,0,4,0,13,0,0,0,0,0,0,0,0,0,5,0,0,0,0,0,0,0,0,0,0,0,0,0,0,0,0,0,0,0,0,0,0,0,0,0,0,0,0,0,0,0,0,0,0,0,0,0,3,0,5
LGA59360,0,0,13,0,0,9,12,65,0,100,7,0,6,0,9,0,5,122,6,161,0,0,0,0,0,0,0,6,0,5,0,0,0,0,0,0,0,0,0,3,0,0,0,0,0,3,3,14,0,25,0,0,0,0,0,0,0,0,0,3,0,0,0,0,0,0,0,3,3,8,0,0,4,0,3,0,0,0,0,12,0,0,0,0,0,6,4,5,0,10,0,0,0,0,0,0,0,0,0,0,0,0,0,0,0,0,0,0,0,0,0,0,0,0,0,0,0,0,0,0,0,0,0,0,0,0,0,0,0,0,0,0,0,0,0,0,0,3,0,7,6,3,0,0,4,8,9,0,0,23,0,0,0,0,0,0,0,0,0,0,0,0,0,0,0,0,0,0,0,5,0,0,0,0,0,0,0,0,0,0,5,0,0,0,0,3,3,5,0,8,0,0,0,0,0,0,0,6,4,15
LGA59370,8,11,8,4,10,25,11,68,6,160,17,0,3,0,0,0,6,42,0,74,0,0,0,0,7,11,5,5,0,31,0,4,0,0,6,7,3,4,0,26,3,5,5,3,9,22,4,19,0,77,0,7,0,5,4,9,3,20,0,40,0,9,5,3,5,0,3,3,0,31,0,9,0,4,0,0,0,7,0,18,3,0,3,3,0,12,5,16,0,47,0,0,0,0,0,0,0,0,0,0,0,0,0,0,0,0,0,0,0,4,0,0,0,0,0,0,0,3,0,8,0,0,0,0,4,0,5,9,0,24,0,0,3,3,0,0,0,3,0,10,0,8,0,4,11,15,3,5,0,46,3,6,0,5,0,8,0,3,0,27,0,0,0,4,5,6,0,0,0,25,0,0,0,0,3,0,0,0,0,5,3,0,0,3,4,8,5,0,0,29,0,3,0,0,3,5,0,5,7,35
LGA59499,0,0,4,5,13,17,5,15,0,62,20,7,5,3,7,6,5,102,0,155,0,3,3,5,6,9,5,7,0,40,5,0,0,0,0,0,0,3,0,12,21,6,8,10,6,29,4,53,0,139,0,0,0,0,4,3,0,5,0,15,6,8,8,6,7,8,0,0,0,45,0,13,10,5,12,13,7,24,4,90,7,7,0,4,5,8,3,22,4,56,0,3,0,0,0,3,0,0,0,7,0,4,0,0,0,4,0,4,0,9,0,0,0,0,0,0,0,0,0,4,3,14,10,0,7,8,6,6,0,49,7,5,4,4,3,6,0,7,0,34,11,0,4,0,3,6,0,3,0,35,4,0,0,3,0,4,0,3,0,18,0,3,15,0,6,9,0,5,0,37,0,4,0,0,0,0,0,0,0,8,3,6,0,0,3,3,0,10,0,36,5,9,0,3,0,9,0,19,9,50
LGA59799,0,0,0,0,0,0,0,28,5,32,4,0,0,0,5,0,4,59,0,77,0,0,0,0,0,0,0,3,0,4,0,0,0,0,0,0,0,9,0,9,0,0,0,0,0,0,0,30,0,40,0,0,0,0,0,0,0,0,0,3,0,0,0,0,0,0,0,0,0,0,0,0,0,0,0,0,0,5,0,5,0,0,0,0,0,0,0,25,0,28,0,0,0,0,0,0,0,0,0,0,0,0,0,0,0,0,0,0,0,3,0,0,0,0,0,0,0,0,0,0,0,0,0,0,0,0,0,0,0,3,0,0,0,0,0,0,0,4,0,8,0,0,0,0,0,0,0,0,0,0,0,0,0,0,0,0,0,0,0,0,0,0,0,0,0,0,0,0,0,0,0,0,0,0,0,0,0,0,0,0,0,0,0,0,0,0,0,0,0,4,0,3,0,0,0,0,0,31,0,36
