LGA_CODE_2021,M_Tot_0,M_Tot_1_19,M_Tot_20_29,M_Tot_30_34,M_Tot_35_39,M_Tot_40_44,M_Tot_45_49,M_Tot_50_over,M_Tot_hours_NS,M_Tot_Tot,F_AgriForestFish_0,F_AgriForestFish_1_19,F_AgriForestFish_20_29,F_AgriForestFish_30_34,F_AgriForestFish_35_39,F_AgriForestFish_40_44,F_AgriForestFish_45_49,F_AgriForestFish_50_over,F_AgriForestFish_hours_NS,F_AgriForestFish_Tot,F_Min_0,F_Min_1_19,F_Min_20_29,F_Min_30_34,F_Min_35_39,F_Min_40_44,F_Min_45_49,F_Min_50_over,F_Min_hours_NS,F_Min_Tot,F_Mnfg_0,F_Mnfg_1_19,F_Mnfg_20_29,F_Mnfg_30_34,F_Mnfg_35_39,F_Mnfg_40_44,F_Mnfg_45_49,F_Mnfg_50_over,F_Mnfg_hours_NS,F_Mnfg_Tot,F_EGW_WS_0,F_EGW_WS_1_19,F_EGW_WS_20_29,F_EGW_WS_30_34,F_EGW_WS_35_39,F_EGW_WS_40_44,F_EGW_WS_45_49,F_EGW_WS_50_over,F_EGW_WS_hours_NS,F_EGW_WS_Tot,F_Cnstn_0,F_Cnstn_1_19,F_Cnstn_20_29,F_Cnstn_30_34,F_Cnstn_35_39,F_Cnstn_40_44,F_Cnstn_45_49,F_Cnstn_50_over,F_Cnstn_hours_NS,F_Cnstn_Tot,F_WTrade_0,F_WTrade_1_19,F_WTrade_20_29,F_WTrade_30_34,F_WTrade_35_39,F_WTrade_40_44,F_WTrade_45_49,F_WTrade_50_over,F_WTrade_hours_NS,F_WTrade_Tot,F_RTrade_0,F_RTrade_1_19,F_RTrade_20_29,F_RTrade_30_34,F_RTrade_35_39,F_RTrade_40_44,F_RTrade_45_49,F_RTrade_50_over,F_RTrade_hours_NS,F_RTrade_Tot,F_AccomFoodS_0,F_AccomFoodS_1_19,F_AccomFoodS_20_29,F_AccomFoodS_30_34,F_AccomFoodS_35_39,F_AccomFoodS_40_44,F_AccomFoodS_45_49,F_AccomFoodS_50_over,F_AccomFoodS_hours_NS,F_AccomFoodS_Tot,F_TransPostWhse_0,F_TransPostWhse_1_19,F_TransPostWhse_20_29,F_TransPostWhse_30_34,F_TransPostWhse_35_39,F_TransPostWhse_40_44,F_TransPostWhse_45_49,F_TransPostWhse_50_over,F_TransPostWhse_hours_NS,F_TransPostWhse_Tot,F_InfoMedTelecom_0,F_InfoMedTelecom_1_19,F_InfoMedTelecom_20_29,F_InfoMedTelecom_30_34,F_InfoMedTelecom_35_39,F_InfoMedTelecom_40_44,F_InfoMedTelecom_45_49,F_InfoMedTelecom_50_over,F_InfoMedTelecom_hours_NS,F_InfoMedTelecom_Tot,F_FinInsurS_0,F_FinInsurS_1_19,F_FinInsurS_20_29,F_FinInsurS_30_34,F_FinInsurS_35_39,F_FinInsurS_40_44,F_FinInsurS_45_49,F_FinInsurS_50_over,F_FinInsurS_hours_NS,F_FinInsurS_Tot,F_RentHirREserv_0,F_RentHirREserv_1_19,F_RentHirREserv_20_29,F_RentHirREserv_30_34,F_RentHirREserv_35_39,F_RentHirREserv_40_44,F_RentHirREserv_45_49,F_RentHirREserv_50_over,F_RentHirREserv_hours_NS,F_RentHirREserv_Tot,F_ProScieTechServ_0,F_ProScieTechServ_1_19,F_ProScieTechServ_20_29,F_ProScieTechServ_30_34,F_ProScieTechServ_35_39,F_ProScieTechServ_40_44,F_ProScieTechServ_45_49,F_ProScieTechServ_50_over,F_ProScieTechServ_hours_NS,F_ProScieTechServ_Tot,F_AdminSupServ_0,F_AdminSupServ_1_19,F_AdminSupServ_20_29,F_AdminSupServ_30_34,F_AdminSupServ_35_39,F_AdminSupServ_40_44,F_AdminSupServ_45_49,F_AdminSupServ_50_over,F_AdminSupServ_hours_NS,F_AdminSupServ_Tot,F_PubAdmiSafety_0,F_PubAdmiSafety_1_19,F_PubAdmiSafety_20_29,F_PubAdmiSafety_30_34,F_PubAdmiSafety_35_39,F_PubAdmiSafety_40_44,F_PubAdmiSafety_45_49,F_PubAdmiSafety_50_over,F_PubAdmiSafety_hours_NS,F_PubAdmiSafety_Tot,F_EducTrain_0,F_EducTrain_1_19,F_EducTrain_20_29,F_EducTrain_30_34,F_EducTrain_35_39,F_EducTrain_40_44,F_EducTrain_45_49,F_EducTrain_50_over,F_EducTrain_hours_NS,F_EducTrain_Tot,F_HealthCareSocA_0,F_HealthCareSocA_1_19,F_HealthCareSocA_20_29,F_HealthCareSocA_30_34,F_HealthCareSocA_35_39,F_HealthCareSocA_40_44,F_HealthCareSocA_45_49,F_HealthCareSocA_50_over,F_HealthCareSocA_hours_NS,F_HealthCareSocA_Tot,F_ArtRecServ_0,F_ArtRecServ_1_19,F_ArtRecServ_20_29,F_ArtRecServ_30_34,F_ArtRecServ_35_39,F_ArtRecServ_40_44,F_ArtRecServ_45_49,F_ArtRecServ_50_over,F_ArtRecServ_hours_NS,F_ArtRecServ_Tot,F_OthServ_0,F_OthServ_1_19,F_OthServ_20_29,F_OthServ_30_34,F_OthServ_35_39,F_OthServ_40_44,F_OthServ_45_49,F_OthServ_50_over,F_OthServ_hours_NS,F_OthServ_Tot
LGA50080,457,958,669,566,1448,2025,859,1756,178,8925,30,88,55,36,27,37,14,44,9,335,4,3,4,0,0,0,3,20,0,37,11,45,31,13,46,39,34,14,3,235,8,6,0,0,10,7,7,0,0,45,7,57,29,22,42,29,5,16,9,225,7,14,10,9,14,32,9,5,0,95,56,363,235,126,195,98,30,40,7,1156,35,323,159,74,80,69,16,42,9,810,10,30,24,9,17,26,5,13,0,136,0,15,8,3,17,8,5,0,0,53,4,12,20,9,44,24,8,12,0,138,13,18,18,8,42,19,12,7,0,138,18,81,64,49,68,61,10,30,6,381,10,97,36,11,38,23,7,15,8,243,37,63,56,46,128,83,24,19,0,451,53,226,235,157,165,172,54,109,10,1185,140,367,461,377,493,249,67,139,19,2310,7,30,27,10,15,10,4,6,0,118,21,78,59,43,80,36,3,16,0,340
LGA50210,817,1851,1422,1152,4867,6075,2170,4820,421,23594,3,39,27,16,25,22,8,8,0,151,41,16,41,31,75,111,48,146,7,515,25,118,105,56,190,162,42,53,3,752,0,4,12,5,41,36,7,4,0,121,18,102,87,52,111,159,27,61,4,626,14,52,48,39,132,117,24,24,4,447,130,731,520,243,467,245,54,73,22,2480,58,527,269,121,161,96,42,82,20,1363,50,86,96,73,168,133,38,37,3,680,0,25,12,10,25,19,6,5,0,104,35,41,70,48,158,99,24,27,0,498,11,24,48,26,84,49,10,24,0,272,49,145,154,99,254,225,53,62,4,1042,41,184,148,71,161,87,22,39,7,759,71,99,127,99,404,218,73,69,10,1168,142,451,464,371,565,371,117,200,18,2708,337,787,1038,804,1201,625,131,263,41,5237,14,121,51,27,48,33,3,9,0,307,30,193,164,92,147,103,16,34,6,784
LGA50250,201,97,54,30,84,244,180,1433,66,2387,0,0,0,0,0,5,0,17,0,31,48,19,13,3,14,28,29,208,0,373,0,3,0,0,0,5,0,0,0,9,0,0,0,0,0,4,0,5,0,12,0,0,3,0,0,3,3,16,0,40,0,3,0,0,4,0,0,3,0,12,10,17,14,7,8,10,7,3,0,80,10,18,9,12,8,22,5,32,0,116,3,0,3,8,13,4,5,7,0,45,0,0,0,0,0,0,0,0,0,0,0,0,5,0,4,0,0,0,0,3,0,4,0,6,3,0,0,5,0,23,0,9,4,0,0,0,0,3,0,16,6,14,10,8,7,10,5,30,5,99,11,9,3,10,8,43,7,19,0,104,19,37,35,13,30,40,19,37,4,232,19,17,24,12,19,24,5,14,3,143,0,0,0,0,0,0,0,0,0,3,0,15,3,4,3,4,0,0,0,37
LGA50280,296,467,383,311,593,885,286,934,82,4245,11,42,25,18,22,19,12,23,0,181,8,3,7,4,0,6,0,25,0,54,25,42,57,36,64,45,7,20,0,305,0,3,0,5,0,0,0,0,0,7,8,25,18,7,9,18,5,6,0,99,0,12,16,3,7,8,3,6,0,51,28,171,118,66,58,36,22,14,5,527,40,170,119,72,52,68,12,41,3,575,7,12,18,3,4,4,0,4,0,48,0,4,7,4,0,0,0,0,0,11,0,5,13,4,12,11,3,8,0,51,0,13,5,4,20,15,4,9,0,72,7,54,30,33,22,23,5,14,0,186,14,66,44,16,21,11,6,6,7,195,18,24,24,23,33,19,8,3,0,147,46,99,109,55,63,75,40,54,8,540,66,161,158,86,78,49,17,22,0,636,4,32,10,6,7,4,3,3,0,66,6,39,24,17,11,14,7,6,0,138
LGA50350,127,371,322,233,755,1035,372,825,47,4083,0,5,3,0,3,0,0,0,0,12,8,9,10,3,22,30,18,31,0,130,8,18,13,11,37,21,12,3,0,132,0,4,9,3,6,12,3,4,0,36,3,16,19,3,18,23,4,13,0,100,0,5,16,10,23,15,3,4,0,72,21,125,70,41,56,38,7,11,0,367,6,98,52,27,24,30,4,13,0,249,3,16,8,11,13,25,4,3,0,94,8,10,10,0,12,3,4,0,0,41,3,10,16,10,31,33,5,11,0,114,0,11,4,0,7,17,5,6,0,55,13,42,47,32,59,70,17,27,3,308,5,36,28,4,13,23,8,5,0,124,21,22,29,28,123,72,14,9,0,326,20,97,116,71,91,77,45,65,3,590,74,109,185,128,222,105,21,41,5,879,5,32,13,12,18,14,4,4,0,95,8,41,30,14,36,21,0,16,0,164
LGA50420,550,1858,1485,991,3921,4688,1623,3484,315,18919,3,9,15,4,7,7,6,4,0,52,34,32,38,23,67,173,53,160,11,598,17,81,56,42,128,98,20,37,3,481,9,9,15,16,37,34,10,3,0,138,14,72,60,32,88,134,21,48,5,478,4,35,50,28,81,54,18,17,0,281,46,538,340,162,315,135,40,50,28,1657,40,433,281,140,158,136,50,90,17,1352,19,48,55,34,90,112,21,33,4,409,4,30,23,7,35,29,4,6,0,139,20,29,72,47,164,147,38,48,4,561,8,36,35,24,63,56,18,21,0,256,67,163,170,136,336,317,79,129,9,1410,28,158,127,51,107,82,18,41,4,607,81,92,157,113,441,267,80,83,5,1316,114,429,367,227,395,302,167,223,12,2229,235,572,736,525,948,509,122,203,31,3873,15,126,78,43,64,54,14,18,4,415,24,160,156,98,137,117,30,43,10,768
LGA50490,383,1057,969,581,2303,2905,971,2415,268,11855,0,6,6,7,0,5,0,0,0,31,40,15,19,11,61,94,48,186,6,486,7,35,43,22,81,68,12,23,0,284,6,0,4,6,22,14,9,0,0,60,8,30,35,22,58,95,24,48,8,327,9,12,20,21,61,47,11,12,0,189,33,297,203,88,178,105,30,24,4,965,27,281,189,88,117,95,34,46,9,886,19,37,50,36,64,72,8,26,5,326,5,12,13,13,7,17,3,4,0,66,18,15,29,24,87,88,18,26,0,303,6,19,17,14,48,51,16,22,0,188,20,86,70,42,190,191,48,70,4,730,25,111,102,34,93,57,10,33,0,461,45,52,50,54,203,129,52,42,5,629,51,156,146,99,196,166,52,88,9,957,120,307,372,290,546,319,79,127,15,2173,21,67,51,33,62,42,7,14,7,303,12,77,76,51,76,69,15,27,0,400
LGA50560,22,22,27,23,32,68,19,110,12,344,5,8,11,3,3,5,0,13,0,53,0,0,0,0,0,0,0,5,0,6,0,0,0,0,0,4,0,0,0,7,0,0,0,0,0,0,0,0,0,0,0,3,0,0,0,0,0,0,0,7,4,0,0,0,0,3,0,0,0,8,0,7,7,3,3,7,0,0,0,25,0,3,0,3,0,0,0,4,0,14,0,6,0,0,0,0,0,0,0,13,0,0,0,0,0,0,0,0,0,3,0,3,0,0,3,0,0,0,0,12,0,0,0,0,0,0,0,0,0,6,0,0,0,0,0,4,0,0,0,9,0,0,0,0,4,0,0,0,0,7,3,4,0,0,3,5,5,0,0,17,3,16,7,6,5,5,0,4,0,45,7,11,9,7,3,10,0,7,0,49,0,3,0,0,0,0,0,0,0,5,0,3,0,0,0,0,0,0,0,6
LGA50630,34,29,21,9,31,56,48,180,11,428,0,4,5,0,0,5,0,3,0,22,14,3,4,0,4,8,7,23,3,68,0,0,7,0,5,3,4,8,0,27,0,0,0,0,0,0,0,0,0,0,3,0,0,0,0,5,0,0,0,14,0,0,0,0,0,0,0,0,0,0,0,4,9,3,0,0,0,3,0,22,0,3,9,0,3,4,0,12,0,31,0,4,5,0,0,0,0,0,0,10,0,0,0,0,0,0,0,0,0,0,0,0,0,0,0,0,0,0,0,0,0,0,0,0,0,0,0,0,0,3,0,0,0,0,0,0,0,0,0,10,0,3,0,0,0,0,0,0,3,7,0,0,0,6,6,3,0,0,0,21,3,8,8,6,3,5,8,3,0,38,0,10,10,3,7,3,0,3,0,38,0,0,0,0,0,0,0,0,0,0,0,3,4,3,0,0,0,0,0,9
LGA50770,33,28,27,20,26,85,29,183,21,439,6,18,15,7,7,17,9,24,0,108,0,0,0,0,0,0,3,6,0,11,0,5,0,0,0,0,0,0,0,7,0,0,0,0,0,0,0,0,0,0,0,0,5,0,0,0,0,4,0,12,0,0,0,0,0,0,0,0,0,4,0,6,5,6,6,4,0,0,0,33,0,9,0,3,0,0,0,7,0,19,0,0,4,0,0,0,0,0,0,13,0,0,0,0,0,0,0,0,0,0,0,0,4,0,0,0,0,0,0,6,0,0,0,0,0,0,0,0,0,6,0,0,0,0,0,0,0,0,0,8,0,0,0,0,0,0,0,0,0,8,0,3,4,0,0,10,0,0,0,24,0,15,8,4,3,4,3,4,0,43,6,6,9,10,3,14,0,4,0,52,0,0,0,0,0,0,0,0,0,0,0,0,0,0,0,0,0,0,0,10
LGA50840,73,96,84,58,143,216,75,381,36,1157,7,8,8,13,0,21,4,17,5,71,12,7,7,0,8,16,3,29,0,76,0,8,0,4,3,3,0,3,0,20,0,0,0,0,0,0,0,0,0,0,0,12,7,0,0,5,0,3,0,26,0,3,4,0,4,3,0,0,0,9,8,37,27,13,15,6,4,16,0,123,0,40,17,13,5,7,5,8,3,101,0,0,8,0,0,8,0,0,0,19,0,0,0,0,0,0,0,0,0,3,0,3,0,0,0,4,0,0,0,10,0,3,3,0,7,0,0,0,0,22,10,4,3,3,14,3,0,4,0,38,0,18,7,3,4,5,0,0,0,36,6,6,9,6,12,6,0,3,0,51,8,42,36,23,16,13,6,19,4,167,20,49,54,36,26,23,3,13,0,232,0,6,4,3,0,0,0,0,0,13,3,13,9,6,0,5,0,5,0,42
LGA50910,14,14,16,7,17,39,15,91,6,212,4,5,3,0,4,5,0,11,0,40,0,0,0,0,0,0,0,0,0,5,0,0,0,0,0,0,0,0,0,0,0,0,0,0,0,0,0,0,0,0,0,4,0,0,0,0,0,0,0,4,0,0,0,0,0,0,0,0,0,5,0,5,7,5,5,5,0,0,0,20,0,6,0,0,0,0,0,0,0,9,0,0,0,0,0,0,0,0,0,4,0,0,0,0,0,0,0,0,0,0,0,0,0,0,0,0,0,0,0,0,0,0,0,0,0,0,0,0,0,0,0,0,0,0,5,0,0,0,0,3,0,7,0,0,0,0,0,0,0,7,0,0,0,5,0,0,0,0,0,8,4,7,8,3,5,4,0,3,0,33,6,4,7,4,5,0,0,0,0,26,0,0,0,0,0,0,0,0,0,0,0,4,0,0,0,0,0,0,0,3
LGA50980,191,273,189,177,682,822,300,1007,104,3739,0,5,10,0,11,6,3,32,6,74,0,4,0,0,0,3,4,14,0,29,5,0,8,0,3,6,0,5,0,33,0,0,0,0,11,3,4,5,0,18,4,15,11,9,16,31,10,14,0,97,0,0,0,0,6,3,0,4,0,20,14,95,48,31,76,57,23,30,3,374,7,63,46,42,100,52,27,63,5,406,8,12,15,22,29,43,8,26,4,164,0,0,4,0,8,14,0,0,0,34,4,4,3,3,13,9,3,3,0,47,5,4,3,4,17,14,3,10,0,68,4,15,15,10,35,17,6,20,0,120,0,32,20,15,21,22,3,17,4,141,23,10,22,24,115,67,12,32,0,307,43,78,86,85,153,121,54,96,9,724,84,91,110,153,343,200,38,86,15,1118,9,13,19,3,17,6,0,10,0,81,4,23,18,13,25,25,3,10,5,130
LGA51080,14,13,13,8,18,61,33,103,5,269,4,13,12,3,3,10,3,11,0,63,0,0,0,0,0,0,0,0,0,0,0,0,0,0,0,0,0,0,0,3,0,0,0,0,0,0,0,0,0,0,0,0,0,0,0,0,0,0,0,3,0,0,0,0,0,0,0,0,0,3,0,5,7,0,5,0,0,0,0,12,0,0,3,0,0,0,0,0,0,10,0,0,0,0,0,0,0,3,0,5,0,0,0,0,0,0,0,0,0,0,0,0,0,0,0,0,0,0,0,0,0,0,0,0,0,0,0,0,0,0,0,4,0,0,0,0,0,0,0,10,0,0,0,0,0,0,0,0,0,0,0,4,3,0,0,0,3,0,0,12,3,7,12,0,6,6,3,11,0,38,0,8,8,6,6,0,0,6,0,29,0,0,0,0,0,0,0,0,0,0,0,0,0,0,0,0,0,0,0,3
LGA51120,7,10,11,9,22,47,18,111,3,233,3,10,0,8,0,6,0,14,0,43,0,0,0,0,0,0,0,0,0,3,0,0,6,0,0,0,0,0,0,7,0,0,0,0,0,0,0,0,0,0,0,0,0,0,0,0,4,0,0,0,0,0,0,0,0,3,0,0,0,5,0,3,0,0,0,0,0,0,0,4,0,6,5,0,0,0,0,6,0,11,0,0,3,0,0,0,0,0,0,3,0,0,0,0,0,0,0,0,0,0,0,0,0,0,0,0,0,0,0,0,0,0,0,0,0,0,0,0,0,0,0,3,0,0,0,0,0,0,0,5,0,0,0,0,0,0,0,0,0,0,0,4,3,0,0,0,0,0,0,12,0,5,3,3,5,4,7,5,0,34,3,3,3,0,7,4,3,5,0,26,0,0,0,0,0,0,0,0,0,0,0,0,6,0,0,0,0,3,0,10
LGA51190,374,673,484,376,1207,1692,728,1821,126,7482,0,11,9,3,12,18,4,5,0,65,29,9,11,3,9,26,7,51,3,150,12,33,26,25,71,69,30,22,0,286,6,4,5,5,20,14,6,8,0,57,10,47,27,30,38,32,6,22,0,214,4,16,9,8,14,11,4,3,0,77,57,249,190,120,180,96,24,32,6,951,40,259,143,57,98,52,12,43,11,712,3,18,23,6,27,20,3,16,0,120,0,15,4,3,16,12,0,5,0,55,4,7,28,9,36,24,3,8,0,115,0,15,17,3,43,10,4,17,0,111,9,41,43,26,51,32,8,22,0,243,8,75,51,16,32,30,8,10,4,239,34,48,48,33,121,66,18,34,4,397,40,184,167,137,156,127,48,84,6,952,118,291,374,274,424,194,54,83,10,1823,5,27,9,18,15,9,0,3,0,89,4,70,50,25,77,32,9,22,0,294
LGA51260,611,1048,733,573,1334,1985,774,2321,164,9546,17,60,48,19,17,35,18,23,7,241,28,8,7,3,10,8,12,68,0,149,24,71,79,46,62,48,14,26,0,374,0,5,5,0,7,12,3,0,0,38,12,75,62,34,49,43,5,21,7,313,3,19,26,13,15,17,5,6,0,105,72,358,272,128,197,102,34,47,3,1221,65,452,252,129,164,117,35,57,17,1290,4,24,35,22,21,20,8,7,0,138,0,11,0,9,14,9,0,0,0,49,4,26,27,24,27,28,6,10,0,152,11,38,24,21,54,22,4,22,0,196,23,94,79,68,69,48,16,21,4,428,26,159,101,40,45,48,8,26,9,468,25,46,42,26,84,71,15,5,0,316,83,226,227,155,169,173,62,106,4,1209,136,341,408,319,336,213,54,85,13,1906,9,53,23,11,19,13,3,6,0,133,21,109,70,45,61,45,18,15,5,397
LGA51310,218,968,536,364,965,1955,719,1877,70,7677,0,0,6,6,0,7,0,0,0,19,23,17,29,26,42,79,31,70,0,310,6,44,25,5,13,17,15,15,0,143,6,6,7,9,20,8,3,3,0,59,6,35,29,23,28,50,4,21,0,201,3,14,23,12,17,21,9,6,0,104,17,235,99,54,42,37,13,22,4,524,11,193,76,38,33,23,10,25,5,412,10,19,13,8,23,11,6,0,0,92,3,11,9,9,8,18,4,12,0,77,12,34,32,16,49,55,17,27,0,243,5,26,25,11,22,20,9,16,0,138,41,139,170,89,127,170,54,142,6,925,3,38,36,17,26,29,12,15,0,177,26,33,63,32,104,69,17,39,0,381,45,239,183,119,153,123,50,119,5,1035,94,401,396,246,271,243,63,134,6,1849,5,65,21,14,18,12,8,8,0,163,3,65,49,22,31,30,7,19,9,228
LGA51330,661,3077,2501,1417,5278,6264,1834,4112,532,25681,0,22,11,18,27,9,10,7,0,103,28,24,31,30,79,139,41,110,4,492,18,116,94,66,166,150,41,33,4,684,3,7,11,13,57,33,6,4,0,137,13,78,97,43,105,143,24,42,6,561,10,58,71,40,103,91,13,21,0,407,93,762,533,209,375,186,42,70,22,2283,40,798,504,161,245,141,45,80,22,2047,22,73,83,38,103,116,24,39,5,509,11,47,32,7,37,26,7,7,0,162,32,44,61,40,137,137,41,27,8,533,10,41,45,31,70,54,12,26,0,295,52,214,220,142,371,388,74,95,9,1560,29,236,232,77,144,72,10,37,9,845,75,133,148,106,441,254,49,47,9,1267,119,632,526,350,568,391,132,244,13,2971,256,863,1103,750,1240,720,125,231,37,5320,30,139,72,30,63,37,14,15,0,397,38,214,168,103,141,103,14,32,11,831
LGA51400,256,353,241,186,631,1084,430,1343,82,4605,7,27,20,11,19,16,4,15,0,126,13,3,4,4,6,21,9,39,3,108,4,18,22,9,31,35,9,12,0,139,0,3,5,4,10,3,0,0,0,27,4,22,25,17,18,28,0,25,3,144,4,9,11,4,8,9,6,3,0,44,31,162,106,61,94,55,8,18,8,548,11,141,57,25,28,29,9,7,6,320,4,13,12,4,7,15,3,8,0,66,0,6,0,5,8,3,3,0,0,17,7,9,11,10,14,8,0,6,0,69,0,8,12,5,11,14,0,4,0,57,5,26,30,21,31,28,3,13,0,158,10,52,32,10,24,12,0,12,5,149,5,27,33,26,70,42,19,14,0,229,29,114,126,83,109,88,36,65,6,658,85,190,236,192,228,142,28,84,12,1202,0,28,11,10,17,3,0,3,0,85,8,48,36,27,37,17,12,11,0,194
LGA51470,9,9,4,7,16,23,13,57,0,144,0,4,3,0,6,0,0,0,0,18,0,0,0,0,0,0,0,0,0,9,0,0,0,0,0,0,0,0,0,0,0,0,0,0,0,0,0,0,0,0,0,0,0,0,0,0,0,3,0,3,0,0,0,0,0,5,0,0,0,4,0,0,3,0,0,0,0,3,0,12,0,0,0,0,0,4,0,3,0,7,0,0,0,0,0,0,0,0,0,5,0,0,0,0,0,0,0,0,0,0,0,0,0,0,0,0,0,0,0,0,0,0,0,0,0,0,0,0,0,0,0,0,0,0,0,0,0,0,0,6,0,3,0,0,0,0,0,0,0,5,0,0,0,0,6,0,0,0,0,8,0,4,4,3,3,0,0,6,0,22,0,3,0,3,0,3,0,0,0,15,0,0,0,0,0,0,0,0,0,0,0,0,0,0,0,0,0,0,0,4
LGA51540,64,93,76,41,181,266,89,299,43,1148,8,23,9,7,19,24,11,41,6,142,0,0,0,0,0,8,0,9,0,13,0,0,0,0,0,0,6,4,0,14,4,0,0,3,3,0,0,0,0,9,0,3,0,7,5,7,4,0,0,30,0,4,0,0,0,6,0,0,0,3,4,25,24,18,25,14,3,13,0,137,6,12,13,16,19,22,10,14,0,108,0,11,9,4,6,6,0,0,0,32,0,0,0,0,0,0,0,0,0,0,3,0,0,0,4,5,0,0,0,15,0,0,0,0,4,0,0,0,4,6,0,5,3,0,12,6,0,0,0,32,0,8,7,11,8,12,4,7,3,60,6,11,11,7,33,19,5,10,0,99,10,13,10,23,41,25,12,10,0,144,8,14,16,14,71,30,3,21,4,195,4,0,7,0,3,5,0,0,0,17,0,7,5,3,0,5,4,3,0,34
LGA51610,25,27,24,13,42,65,36,161,4,394,0,11,6,0,0,0,0,8,0,42,0,0,0,0,0,0,0,3,0,12,0,5,0,0,0,0,0,0,0,6,0,0,0,0,0,0,0,0,0,3,0,0,4,4,4,0,0,3,0,17,0,0,0,0,0,0,0,0,0,3,0,8,6,0,9,4,0,9,0,32,0,3,5,0,0,0,0,0,0,14,4,5,4,3,0,5,0,0,0,18,0,0,0,0,0,0,0,0,0,0,0,0,0,0,0,0,0,0,0,4,0,0,0,0,0,0,0,0,0,7,0,4,0,0,7,0,0,0,0,15,0,3,0,0,0,0,0,0,0,9,0,3,0,0,8,4,0,0,0,15,5,13,12,7,15,13,0,4,0,65,3,9,5,9,13,5,6,11,0,64,0,0,0,0,0,0,0,0,0,0,0,3,0,0,6,0,0,0,0,19
LGA51680,87,93,84,61,209,329,138,492,48,1546,6,24,20,7,9,18,5,18,0,100,6,5,0,0,6,8,8,17,0,62,0,11,10,9,7,9,6,4,0,49,0,4,0,0,0,5,0,0,0,11,0,11,5,8,6,21,3,9,3,63,0,0,10,6,9,15,5,6,0,39,6,50,21,13,25,12,5,5,0,131,4,24,17,6,0,3,0,0,0,65,0,4,9,5,10,7,0,3,0,37,0,0,0,0,0,0,0,3,0,3,5,7,4,0,6,8,0,0,0,32,0,0,4,0,10,8,0,0,0,24,3,8,19,10,15,7,5,3,0,69,4,10,14,0,10,4,0,0,0,34,4,6,6,9,30,20,0,0,0,84,7,32,31,20,34,25,4,22,0,174,12,52,45,33,45,18,4,4,6,223,0,5,4,0,6,6,0,0,0,31,0,16,12,6,5,3,3,0,0,56
LGA51710,11,30,15,4,114,109,33,92,19,427,0,0,0,0,0,0,0,0,0,0,0,0,0,0,8,0,0,0,0,14,0,0,0,0,0,0,0,0,0,4,0,0,0,0,3,0,0,0,4,9,0,0,5,0,3,0,0,0,0,14,0,0,0,0,0,0,0,0,0,4,0,3,0,5,3,4,0,0,0,15,0,4,0,0,0,0,0,0,7,25,0,5,0,0,0,6,0,0,0,8,0,0,0,0,0,0,0,0,0,0,0,0,3,0,0,0,0,0,0,3,0,4,0,0,0,0,0,0,0,4,0,0,5,0,0,0,0,0,0,9,4,8,5,0,13,4,0,0,0,34,0,5,4,0,36,26,3,18,0,102,4,5,3,8,11,4,5,8,0,44,0,3,4,0,10,3,0,0,0,22,0,12,0,0,4,0,0,0,0,21,0,0,0,0,0,0,0,0,0,4
LGA51750,81,418,211,148,315,630,251,637,25,2706,0,0,0,3,3,0,0,5,0,14,4,4,9,8,15,36,12,30,0,118,5,5,8,5,10,3,0,3,0,38,0,0,4,0,4,4,0,0,0,11,4,13,9,6,9,7,5,8,0,63,4,13,5,5,0,6,0,4,0,40,12,88,50,22,30,16,8,13,0,241,8,73,42,5,9,13,0,9,3,161,4,0,4,4,5,10,0,0,0,19,0,0,0,0,4,5,3,4,0,19,6,12,15,10,14,12,6,12,0,74,0,9,10,4,12,14,3,4,0,63,19,54,49,23,43,75,17,57,3,337,0,19,13,4,10,5,0,4,0,53,13,9,21,13,34,17,13,8,0,129,20,92,53,40,46,79,25,40,0,393,38,118,108,81,111,110,28,53,7,655,0,26,15,7,6,9,0,11,0,62,5,33,17,8,10,10,3,7,0,81
LGA51820,1176,2770,1888,1431,5962,8650,2925,7006,492,32304,6,39,19,18,33,30,5,6,0,155,73,37,44,40,102,193,78,259,3,826,51,143,152,92,256,291,64,77,0,1133,10,14,13,23,71,57,10,13,4,209,15,130,143,73,165,270,47,86,13,936,19,62,80,46,157,118,31,27,0,546,125,1042,730,351,542,286,80,94,25,3270,65,781,379,178,215,168,41,116,29,1972,29,101,127,66,164,149,38,51,3,726,5,31,32,8,28,19,3,13,3,136,66,67,114,72,193,219,36,49,3,833,18,63,47,41,111,102,23,34,0,441,91,265,271,199,415,431,90,140,10,1910,38,243,172,70,190,122,33,55,8,929,110,202,230,144,543,338,77,90,4,1747,223,823,747,527,814,600,251,380,20,4383,451,1188,1440,1093,1727,927,195,361,50,7425,21,173,101,36,82,54,8,23,3,507,48,367,268,182,256,152,32,51,20,1379
LGA51860,5,21,9,7,20,27,8,41,0,129,0,0,0,0,0,0,0,0,0,0,0,0,0,0,0,0,0,0,0,0,0,0,0,0,0,0,0,0,0,0,0,0,0,0,0,0,0,0,0,5,0,0,0,0,0,0,0,0,0,0,0,0,0,0,0,0,0,0,0,0,0,4,0,4,0,0,0,0,0,13,0,3,0,0,0,3,0,0,0,13,0,9,0,0,0,0,0,0,0,14,0,0,0,0,0,0,0,0,0,6,0,0,0,0,0,0,0,0,0,0,0,0,0,0,0,0,0,0,0,0,0,0,0,0,0,0,0,0,0,0,0,7,0,0,3,0,0,0,0,10,0,4,0,0,5,3,0,5,0,15,0,0,6,3,8,5,0,6,0,22,0,0,0,0,0,0,0,0,0,4,0,0,0,0,0,0,0,0,0,0,0,0,0,0,0,0,0,0,0,0
LGA51890,118,147,102,68,219,479,198,438,51,1811,0,6,0,0,0,0,0,0,0,17,4,0,0,3,0,45,8,17,0,87,4,5,5,4,10,19,6,8,0,57,0,6,4,0,15,10,0,8,5,45,3,10,0,0,9,4,0,8,0,37,0,0,5,0,3,0,0,0,0,10,10,76,50,17,43,16,6,9,0,230,9,79,43,19,10,13,0,17,0,184,0,9,11,0,5,3,0,11,3,35,0,0,5,0,3,0,0,0,0,3,4,8,4,4,5,4,0,0,0,27,0,0,0,0,5,0,0,0,0,6,0,3,5,3,3,3,5,0,0,29,0,25,10,9,3,0,0,0,0,54,6,6,11,6,22,12,3,5,0,78,23,48,58,31,37,26,3,22,4,251,15,66,95,42,43,25,0,18,6,320,0,8,4,0,0,0,0,0,5,10,4,28,14,4,11,0,4,4,0,76
LGA51960,47,51,31,18,56,86,80,393,36,797,0,0,0,0,0,0,0,0,0,0,12,3,9,4,8,13,13,60,3,116,0,3,0,0,0,3,4,4,0,25,0,0,0,0,0,0,0,0,0,3,0,5,4,0,3,4,0,0,0,13,0,0,0,0,0,0,0,5,0,5,0,25,10,7,21,6,3,6,0,66,5,3,14,3,7,3,0,6,0,48,0,6,6,0,0,0,0,0,0,10,0,0,0,0,0,0,0,0,0,0,0,0,0,0,0,0,0,0,0,3,0,3,0,0,7,3,0,7,0,20,0,3,0,0,0,0,0,4,0,7,0,6,0,0,3,0,0,3,0,17,5,3,4,5,13,5,3,0,0,41,5,11,12,9,21,17,3,11,5,86,0,16,13,8,12,3,4,9,0,59,0,0,0,0,0,0,0,0,0,5,0,0,0,0,0,0,0,0,0,4
LGA52030,15,4,14,9,9,39,13,116,3,242,0,10,11,4,4,0,0,11,0,46,0,0,0,0,3,3,0,0,0,5,0,0,0,0,0,0,0,0,0,5,0,0,0,0,0,0,0,0,0,0,3,0,0,0,3,0,0,0,0,11,0,5,0,0,0,0,0,0,0,6,0,7,3,0,0,0,0,0,0,16,0,8,3,0,0,0,0,0,0,19,0,0,0,0,0,0,0,0,0,7,0,0,0,0,0,0,0,0,0,0,0,0,0,0,0,0,0,0,0,8,0,0,0,0,0,0,0,0,0,4,0,0,0,0,0,0,0,0,0,5,0,6,0,0,0,0,0,0,0,4,4,0,0,0,3,3,0,0,0,19,0,3,3,4,3,0,0,6,0,25,0,0,3,0,0,0,0,0,0,8,0,0,0,0,0,0,0,0,0,0,0,0,0,0,0,0,0,0,0,6
LGA52100,10,18,11,8,18,77,22,120,5,293,3,7,7,4,6,13,6,13,0,54,0,0,0,0,0,0,0,0,0,0,0,0,0,0,0,0,0,0,0,0,0,0,0,0,0,0,0,0,0,0,0,0,4,0,0,0,0,0,0,5,0,0,0,0,0,4,3,0,0,9,0,8,3,4,3,0,0,5,0,26,0,5,4,0,6,3,0,0,0,18,0,0,4,0,0,3,0,0,0,7,0,0,0,0,0,0,0,0,0,0,0,0,0,0,0,4,0,0,0,10,0,0,0,0,0,0,0,0,0,0,0,0,0,0,0,0,0,0,0,5,0,4,4,0,0,0,0,0,0,4,0,0,0,3,0,3,0,5,0,13,0,9,3,4,7,3,0,3,0,31,4,9,8,4,4,0,0,6,0,31,0,0,0,0,0,0,0,0,0,0,0,0,6,0,0,0,0,3,0,8
LGA52170,76,314,169,133,194,487,181,593,28,2169,0,12,0,3,0,3,0,7,0,20,4,7,5,3,6,15,6,25,0,74,4,15,8,0,3,7,0,4,0,48,0,5,5,0,3,3,0,0,0,10,4,4,12,5,3,11,0,7,0,44,0,3,3,3,0,5,0,0,0,13,0,64,33,10,16,9,6,18,0,163,4,55,15,0,7,10,7,4,7,109,11,6,4,0,0,6,3,0,0,27,0,3,8,0,4,7,0,0,0,27,3,18,16,5,5,6,0,6,0,67,0,23,5,11,3,18,9,15,0,78,13,38,45,31,31,54,10,33,3,255,0,8,0,4,3,11,5,6,0,35,7,6,6,4,19,11,0,15,0,67,16,74,40,23,20,39,15,25,4,260,28,97,93,51,76,85,17,40,5,485,3,14,10,0,6,0,0,3,0,41,0,28,0,9,14,6,0,0,0,61
LGA52240,16,11,5,13,19,74,29,105,10,292,7,15,15,4,6,15,3,22,0,92,0,0,0,0,0,0,0,0,0,3,0,0,0,0,0,7,0,0,0,14,0,0,0,0,0,0,0,0,0,0,0,0,0,0,0,4,0,0,0,4,0,0,0,0,0,0,0,0,0,3,0,4,6,0,0,0,0,0,0,8,0,0,4,0,0,0,0,0,0,9,0,4,3,0,0,0,0,0,0,10,0,0,0,0,0,0,0,0,0,0,0,0,0,0,0,0,0,0,0,3,0,0,0,0,0,0,0,0,0,0,0,7,0,0,0,0,0,0,0,7,0,0,0,0,0,0,0,0,0,4,5,3,3,0,0,0,0,0,0,11,4,6,5,4,4,5,6,0,0,32,0,5,0,3,4,0,0,4,0,20,0,0,0,0,0,0,0,0,0,0,0,10,0,0,0,0,0,0,0,9
LGA52310,11,11,23,6,17,45,22,84,4,226,0,0,7,0,0,13,0,4,0,29,0,0,0,0,0,0,0,0,0,0,0,0,0,0,0,0,0,0,0,0,0,0,0,0,0,0,0,0,0,0,0,0,0,0,0,0,0,0,0,4,0,0,0,0,0,0,0,0,0,3,0,0,9,6,5,0,0,0,0,24,0,4,0,0,0,0,3,4,0,18,0,0,0,0,0,0,0,0,0,5,0,0,0,0,0,0,0,0,0,0,0,0,0,0,0,0,0,0,0,3,0,0,0,0,0,0,0,0,0,0,0,0,0,0,0,0,0,0,0,7,0,0,0,0,0,0,0,0,0,3,0,0,0,0,0,5,0,0,0,10,0,6,3,13,5,5,4,5,0,32,0,4,9,8,8,4,0,8,3,42,0,0,0,0,0,0,0,0,0,0,0,0,0,0,0,0,0,0,0,8
LGA52380,4,6,0,0,0,10,3,53,4,85,0,0,0,0,0,0,0,0,0,0,0,0,0,0,0,0,0,4,0,5,0,0,0,0,0,0,0,0,0,0,0,0,0,0,0,0,0,0,0,0,0,0,0,0,0,0,0,0,0,0,0,0,0,0,0,0,0,0,0,0,0,0,0,0,3,0,0,0,0,3,0,0,0,0,0,3,0,0,0,10,0,0,0,0,0,0,0,0,0,0,0,0,0,0,0,0,0,0,0,0,0,0,0,0,0,0,0,0,0,0,0,0,0,0,0,0,0,0,0,0,0,0,0,0,0,0,0,0,0,0,0,4,0,0,0,0,0,0,0,4,0,0,0,0,0,0,0,0,0,4,0,0,0,0,0,0,0,3,0,5,0,0,0,0,0,0,0,0,0,0,0,0,0,0,0,0,0,0,0,0,0,0,0,0,0,0,0,0,0,0
LGA52450,17,28,8,3,34,58,42,140,4,340,6,12,7,5,0,3,3,10,0,37,0,0,0,0,0,0,0,6,0,6,0,4,4,3,0,0,0,0,0,14,0,0,0,0,0,0,0,0,0,0,0,6,0,0,0,0,0,0,0,7,0,3,4,0,0,6,0,0,0,7,0,6,6,5,3,0,0,0,0,19,0,7,0,0,3,0,0,0,0,11,0,3,0,0,0,0,0,0,0,5,0,0,0,0,0,0,0,0,0,3,0,0,0,0,0,0,0,0,0,0,0,0,0,0,0,0,0,0,0,0,0,0,0,0,0,0,0,0,0,5,0,0,3,0,0,0,0,0,0,10,0,3,0,0,4,0,0,0,0,18,3,8,12,5,7,11,0,7,0,58,5,9,10,0,6,3,0,0,0,29,0,0,0,0,0,0,0,0,0,0,0,0,0,0,0,5,0,0,0,5
LGA52520,10,26,7,9,26,64,41,200,4,390,0,11,8,3,0,8,4,12,0,56,0,0,0,0,0,0,0,0,0,3,0,4,4,3,0,6,3,10,0,22,0,0,0,0,0,0,0,0,0,0,0,0,0,0,0,0,0,0,0,0,0,0,0,0,0,3,0,0,0,8,0,3,5,0,5,3,0,6,0,19,0,6,3,5,0,0,3,0,0,19,0,0,3,0,0,0,0,0,0,16,0,0,0,0,0,0,0,0,0,0,0,0,0,0,0,0,0,0,0,9,0,0,0,0,0,0,0,0,0,0,0,0,0,6,0,0,0,0,0,9,0,4,0,0,0,0,0,0,0,6,0,0,0,0,3,4,4,0,0,15,3,11,8,9,3,6,8,0,0,46,3,14,3,6,0,11,0,0,0,34,0,0,0,0,0,0,0,4,0,4,0,0,0,0,0,0,0,0,0,4
LGA52590,54,76,70,26,87,121,68,315,23,847,3,24,11,0,7,15,7,25,0,98,3,5,3,0,0,5,0,13,0,27,4,9,0,3,3,0,0,0,0,19,0,0,0,0,0,0,0,0,0,4,6,0,0,0,0,6,0,10,0,27,0,0,4,0,0,3,4,0,0,14,4,18,15,4,6,10,6,4,0,75,6,32,11,7,16,15,0,9,0,96,5,10,8,0,3,0,0,0,0,28,0,0,0,0,0,0,0,0,0,4,0,4,3,0,3,0,0,0,0,14,0,0,0,4,3,0,0,3,0,10,0,8,3,4,0,3,0,4,0,22,0,8,13,4,0,0,0,3,0,25,0,5,5,0,9,15,0,0,0,37,8,25,17,5,3,12,4,16,0,97,0,18,19,11,11,13,0,0,3,83,0,0,3,0,5,3,0,0,0,14,0,4,3,3,4,0,0,0,0,20
LGA52660,219,271,201,143,505,868,380,1065,62,3716,3,17,8,4,8,13,0,8,0,74,9,0,10,4,9,13,0,33,0,81,8,24,18,12,36,35,19,12,5,172,0,4,8,0,9,7,5,0,0,30,4,24,28,4,16,18,4,13,0,118,7,5,3,3,7,5,3,0,0,33,27,149,107,46,82,36,11,25,3,484,16,106,48,20,36,17,5,14,0,253,3,7,22,10,10,15,5,8,0,83,4,10,0,0,6,0,5,0,0,21,3,12,12,4,10,12,3,0,0,62,0,8,8,0,17,11,0,4,0,58,5,23,17,12,18,17,3,7,0,109,3,29,27,11,12,0,9,7,0,94,13,20,31,15,45,29,7,12,3,176,20,84,89,61,58,60,12,27,4,418,58,129,160,138,138,80,17,33,3,758,3,15,11,8,9,4,0,0,0,43,6,56,28,13,20,14,5,9,0,149
LGA52730,84,195,150,100,148,234,82,292,20,1306,10,25,13,8,0,4,0,16,3,84,3,4,0,0,0,4,0,9,0,26,3,25,8,9,11,8,0,3,0,73,0,0,0,0,0,0,0,0,0,0,0,3,8,0,8,0,0,3,0,25,0,0,0,0,6,0,0,0,0,6,5,42,31,11,15,9,11,5,0,125,8,53,21,17,15,9,0,20,0,145,0,6,0,0,0,3,0,0,4,19,0,0,0,0,0,0,0,0,0,6,3,3,0,0,0,0,0,0,0,15,0,5,4,0,3,3,0,0,0,15,0,12,5,13,7,8,0,5,0,61,0,16,10,4,5,5,0,0,0,44,6,8,15,7,5,12,4,3,0,69,15,41,38,13,27,21,13,24,0,201,12,60,61,48,26,20,6,7,0,249,0,4,7,3,0,0,0,3,0,22,9,12,9,9,3,10,0,5,0,47
LGA52800,51,83,62,37,193,225,77,230,30,992,6,3,0,4,5,6,0,18,0,39,0,0,0,0,0,0,0,4,0,7,0,0,0,0,0,0,0,0,0,8,0,0,0,0,0,0,0,0,0,4,0,0,0,0,7,0,0,3,0,18,0,0,0,0,0,4,0,0,0,5,0,8,12,0,10,18,9,9,4,70,0,3,3,5,9,5,0,14,0,44,0,0,0,0,0,7,3,4,0,17,0,5,4,0,0,0,0,0,0,6,0,0,3,0,0,0,0,0,0,3,0,0,0,0,4,0,0,0,0,7,3,0,4,0,0,4,0,0,0,12,0,3,6,0,7,7,0,3,0,23,10,5,9,6,35,28,8,14,7,114,14,23,22,30,58,59,21,38,7,276,16,10,16,18,84,58,8,41,0,263,0,4,5,4,5,3,3,4,0,36,0,5,6,3,9,0,5,0,0,29
LGA52870,96,125,82,74,184,277,139,458,33,1470,10,43,11,15,16,22,0,20,5,136,7,5,0,0,0,17,5,15,0,48,0,5,4,4,5,6,3,6,0,39,0,0,5,4,0,0,0,0,0,5,0,6,3,0,0,10,3,10,0,34,0,5,5,3,3,4,0,0,0,22,0,49,33,20,13,13,3,6,3,145,8,42,11,3,14,3,6,10,0,95,0,8,8,0,5,7,0,3,0,36,0,3,0,0,0,0,0,0,0,3,0,0,5,0,0,3,0,3,0,13,0,0,0,4,0,3,0,4,0,14,3,8,8,6,0,3,0,4,0,37,0,12,8,8,17,3,0,0,0,55,7,9,15,11,10,18,5,4,0,74,15,30,32,23,18,21,7,23,0,168,24,54,47,50,42,32,11,6,3,270,4,0,0,0,0,0,0,0,0,10,3,7,7,9,5,0,4,4,3,46
LGA52940,3,10,6,12,14,34,9,81,7,180,3,11,4,0,0,3,4,6,0,36,0,0,0,0,0,0,0,0,0,0,0,0,3,0,0,0,0,0,0,4,0,0,0,0,0,0,0,0,0,0,0,0,0,0,0,0,0,0,0,3,0,0,0,0,0,0,3,0,0,6,0,0,0,0,0,0,0,0,0,4,0,0,4,0,0,0,0,5,0,9,0,3,4,0,0,0,0,0,0,4,0,0,0,0,0,0,0,0,0,0,0,0,0,0,0,0,0,0,0,0,0,0,0,0,0,0,0,0,0,0,0,0,0,0,0,3,0,0,0,3,0,0,0,0,0,0,0,0,0,0,0,4,0,0,7,0,0,0,0,12,0,6,0,7,0,0,3,0,0,24,5,10,0,6,0,0,0,6,0,25,0,0,0,0,0,0,0,0,0,0,0,0,0,0,0,0,0,0,0,0
LGA53010,4,13,7,7,11,40,15,75,3,175,0,8,5,8,3,10,0,8,0,43,0,0,0,0,0,0,0,0,0,0,0,0,0,0,0,0,0,0,0,0,0,0,0,0,0,0,0,0,0,0,0,0,0,0,0,0,0,0,0,0,0,0,0,0,0,0,0,0,0,4,0,4,0,0,0,0,0,0,0,13,0,0,0,0,0,0,0,0,0,0,0,0,0,0,0,0,0,0,0,3,0,0,0,0,0,0,0,0,0,0,0,0,0,0,0,0,0,0,0,3,0,0,0,0,0,0,0,0,0,0,0,0,0,0,0,0,0,0,0,0,0,0,0,0,0,0,0,0,0,0,0,0,3,4,0,5,0,0,0,16,0,3,0,3,3,0,0,4,0,20,3,8,8,0,0,4,0,0,0,23,0,0,0,0,0,0,0,0,0,0,0,0,5,0,0,0,0,0,0,5
LGA53080,8,11,15,11,16,24,10,48,3,135,0,0,0,0,0,0,0,4,0,7,0,0,0,0,0,0,0,4,0,11,0,0,0,0,0,0,0,0,0,0,0,0,0,0,0,0,0,0,0,0,0,0,0,0,0,0,0,0,0,0,0,0,0,0,0,0,0,0,0,0,0,0,0,0,3,0,0,3,0,19,0,7,3,3,4,0,4,12,0,36,0,0,0,0,0,0,0,0,0,3,0,0,0,0,0,0,0,0,0,0,0,0,0,0,0,0,0,0,0,0,0,0,0,0,0,0,0,0,0,0,0,0,0,0,0,0,0,0,0,0,0,0,0,0,0,0,0,0,0,3,5,0,0,0,3,5,0,3,0,17,0,0,0,5,0,7,0,0,0,11,3,3,0,0,0,0,4,0,0,15,0,0,0,0,0,0,0,0,0,0,0,0,0,0,0,0,0,0,0,0
LGA53150,60,231,147,109,244,471,181,500,17,1961,0,3,0,0,0,0,0,0,0,7,7,6,6,0,6,18,3,15,3,65,0,16,8,5,8,13,0,5,0,53,0,0,4,5,0,0,4,0,0,13,0,8,3,0,5,20,3,6,0,51,5,4,3,5,0,14,0,4,0,27,8,63,25,19,17,13,0,5,0,154,7,76,26,8,14,7,0,8,0,153,4,7,5,6,7,0,0,0,0,22,0,9,5,0,8,0,4,3,0,29,0,5,9,4,7,8,3,11,0,48,0,10,6,6,12,8,0,0,0,48,8,36,34,25,25,34,10,20,0,192,0,11,11,0,8,3,0,0,0,44,10,14,15,13,28,20,11,14,0,119,10,86,62,38,42,42,27,46,0,349,37,91,101,68,82,71,20,28,3,500,3,17,7,8,11,6,0,10,0,55,8,24,11,6,0,3,3,4,0,61
LGA53220,229,131,76,46,193,233,255,2022,63,3262,4,4,0,0,0,4,0,19,0,29,51,11,24,6,41,32,55,282,15,510,0,0,0,0,0,4,0,7,0,11,0,0,0,0,4,0,0,5,0,14,0,0,0,0,3,6,6,32,3,51,0,0,0,0,0,0,0,3,0,8,4,29,23,13,19,4,5,18,0,108,7,17,11,9,17,9,5,56,3,124,0,5,3,0,9,12,0,6,0,40,0,0,0,0,3,0,0,0,0,3,0,0,0,0,0,4,0,0,0,3,3,0,3,3,8,6,9,10,0,37,3,6,3,0,4,7,6,5,0,36,11,14,12,8,12,7,3,44,0,109,4,7,7,3,14,20,0,9,0,82,5,15,16,22,36,34,13,30,6,180,15,25,19,12,35,30,3,22,0,158,3,12,8,0,3,0,3,0,0,28,0,11,8,3,3,7,5,5,0,38
LGA53290,199,240,158,139,406,804,339,1114,91,3481,20,93,49,30,19,56,15,61,10,365,5,3,0,6,0,4,0,21,0,31,0,14,8,0,9,3,3,9,0,49,0,0,3,0,3,0,0,0,0,13,4,21,15,5,5,7,0,10,4,68,4,4,4,5,10,16,0,9,0,59,20,109,73,36,68,41,6,22,0,370,24,84,48,23,24,20,9,28,8,267,9,30,13,6,22,18,3,11,0,118,0,7,0,0,4,0,0,0,0,16,0,6,5,4,11,12,0,4,0,48,0,8,7,8,8,7,3,4,0,44,4,15,19,10,20,19,3,11,0,98,6,37,16,4,13,14,0,5,0,98,12,22,17,20,30,25,3,9,0,137,25,64,65,54,84,82,25,48,0,450,40,66,115,74,100,72,17,24,4,513,3,12,8,6,0,0,0,0,0,33,8,24,25,12,28,25,4,3,0,128
LGA53360,60,67,52,45,123,245,68,219,30,899,0,5,0,0,0,0,0,3,0,7,0,0,0,0,0,0,0,0,0,13,0,3,0,0,0,0,0,0,0,9,0,0,0,0,0,0,0,0,0,3,0,3,3,0,4,0,0,3,0,18,0,6,0,0,0,0,0,0,0,7,0,19,16,8,10,17,4,8,0,88,8,22,22,26,32,18,12,19,5,156,3,10,7,5,5,16,5,15,0,74,0,0,0,0,0,0,0,0,0,0,0,5,3,0,0,0,0,0,0,6,0,4,0,0,13,0,0,7,0,27,0,3,7,0,5,17,0,3,0,32,0,10,11,7,6,10,3,5,0,52,4,8,7,8,18,24,0,4,0,66,5,16,18,7,9,18,6,8,0,84,15,13,18,16,25,3,3,0,0,97,0,4,0,0,0,0,0,4,0,13,4,4,3,4,7,7,0,9,0,28
LGA53430,345,903,712,493,1218,1942,722,1756,119,8205,0,15,10,4,17,9,0,0,0,53,20,9,22,10,29,48,24,83,0,253,5,38,32,20,35,35,10,22,0,204,4,0,4,5,21,20,0,8,0,54,11,24,21,18,19,40,8,20,0,162,3,15,15,12,20,24,12,9,0,111,27,209,124,62,71,67,13,28,5,604,32,246,149,66,68,67,14,37,4,683,9,13,7,15,25,32,8,20,0,129,9,14,7,10,10,16,0,7,0,79,8,3,16,13,27,33,11,16,0,130,3,17,11,13,20,19,5,21,0,111,45,150,133,89,118,159,57,84,7,842,7,58,35,12,23,29,8,17,0,183,34,44,72,53,130,103,34,38,0,501,73,300,236,143,210,202,96,178,4,1452,140,351,400,277,350,248,58,107,9,1942,3,77,52,27,16,30,8,26,0,244,9,73,60,45,52,43,15,22,4,313
LGA53570,118,115,103,65,150,247,96,411,45,1352,10,24,58,18,57,50,22,34,8,286,9,0,0,3,0,0,5,18,0,44,0,7,0,5,6,6,5,5,0,40,0,0,0,0,0,0,7,0,0,7,0,5,4,0,3,8,0,12,0,38,0,3,6,5,5,0,0,0,0,18,6,24,22,4,7,17,5,4,0,93,4,26,18,5,8,7,4,7,0,81,4,12,6,6,0,5,0,5,0,35,0,0,0,0,0,0,0,0,0,4,0,0,0,4,3,0,0,0,0,10,0,3,9,0,3,0,0,4,0,14,0,8,3,10,0,0,0,11,0,42,3,10,13,5,4,6,0,0,0,42,7,9,9,5,8,9,0,3,0,59,0,17,22,12,12,13,5,12,0,101,14,23,27,13,26,11,0,3,0,113,0,10,0,0,0,0,0,0,0,10,3,11,10,0,3,0,0,0,0,34
LGA53640,12,24,19,7,24,76,37,153,3,357,5,17,6,3,12,20,3,12,5,82,0,0,0,0,0,0,0,0,0,0,0,3,0,0,0,0,0,0,0,4,0,0,0,0,0,0,0,0,0,0,0,0,0,0,0,0,0,0,0,7,0,6,0,0,0,0,0,3,0,11,0,13,0,0,0,0,0,3,0,17,0,0,0,0,0,0,0,5,0,7,0,6,0,0,0,0,0,0,0,8,0,0,0,0,0,0,0,0,0,0,0,0,0,0,0,0,0,0,0,0,0,0,0,0,3,0,0,0,0,3,0,0,0,0,0,0,0,0,0,6,0,3,0,0,0,0,0,0,0,7,3,7,0,0,5,0,0,0,0,15,5,12,9,4,4,6,0,4,0,44,0,5,8,3,10,0,0,3,0,22,0,0,0,0,0,0,0,0,0,0,0,0,0,0,0,0,0,0,0,6
LGA53710,4,11,21,3,15,53,23,98,9,242,0,12,6,3,4,4,4,3,0,31,0,0,0,0,0,0,0,0,0,0,0,0,0,0,0,0,0,0,0,0,0,0,0,0,0,0,0,0,0,0,0,0,0,0,0,0,0,0,0,7,0,0,0,0,0,5,0,0,0,5,0,3,5,0,0,0,0,0,0,16,0,6,0,0,0,0,0,0,0,9,0,0,0,0,0,0,0,0,0,5,0,0,0,0,0,0,0,0,0,0,0,0,4,0,0,0,0,0,0,7,0,0,0,0,0,0,0,0,0,0,0,0,4,5,0,0,0,0,0,5,0,0,0,0,0,0,0,0,0,5,0,0,3,0,3,3,0,0,0,11,0,4,5,0,0,5,0,3,0,28,4,7,8,8,7,4,0,3,0,37,0,0,0,0,0,0,0,0,0,0,0,0,3,0,0,0,0,0,0,8
LGA53780,959,3017,2400,1627,6935,7961,2525,5767,727,31927,8,19,24,29,30,22,0,7,4,143,30,24,29,28,106,150,47,143,12,566,23,130,141,88,285,231,55,66,7,1016,8,10,16,9,50,36,7,13,0,143,23,101,85,60,142,188,33,55,10,699,18,87,64,54,180,140,37,33,5,605,128,986,701,329,588,308,80,89,35,3248,76,864,413,168,256,150,50,126,22,2119,38,112,124,66,196,187,44,54,12,831,7,40,29,15,34,22,0,3,0,138,49,67,91,62,190,167,32,40,7,693,10,43,42,24,103,80,13,33,3,355,56,192,197,104,345,289,53,78,5,1331,27,291,221,91,173,124,31,47,17,1019,91,137,175,113,521,244,66,51,5,1412,104,600,519,422,697,389,128,228,16,3112,321,993,1227,976,1514,750,161,323,80,6335,18,137,74,52,78,59,9,13,0,440,34,258,204,104,247,136,33,47,16,1075
LGA53800,476,802,577,461,1292,1983,863,2526,168,9139,3,50,24,16,11,27,4,29,4,174,16,4,9,5,9,25,22,61,4,161,4,29,20,5,32,21,3,6,0,123,0,6,0,3,6,4,5,6,0,27,11,48,40,27,31,53,7,27,0,246,6,11,18,3,24,24,11,5,3,107,37,344,248,128,215,101,28,48,10,1165,26,303,153,85,82,57,24,45,11,792,14,39,31,32,36,51,12,21,0,231,5,10,3,3,12,12,0,0,0,48,12,16,13,17,39,31,4,10,0,141,4,15,11,3,39,18,6,10,0,104,13,56,41,44,79,29,18,31,3,320,10,67,54,22,36,32,7,20,0,246,43,53,41,39,185,83,23,26,7,494,62,233,236,195,253,216,89,164,6,1459,160,316,406,331,511,325,75,157,26,2305,3,39,16,14,8,6,0,3,0,85,12,70,62,45,67,53,10,26,3,350
LGA53920,18,19,32,27,71,70,22,111,27,394,0,0,0,0,0,5,0,12,0,17,0,0,0,0,0,0,0,0,0,4,0,0,0,0,0,0,0,0,0,0,0,0,0,0,0,0,0,0,0,0,0,0,0,0,0,0,0,0,0,0,0,0,0,0,0,0,0,3,0,4,0,6,3,7,0,3,0,6,0,21,0,0,0,0,13,3,0,4,0,24,0,0,0,0,0,0,0,0,0,0,0,0,0,0,0,0,0,0,0,3,0,0,0,0,0,0,0,0,0,0,0,0,0,0,0,0,0,0,0,0,0,0,0,0,0,0,0,0,0,0,0,5,3,0,3,3,0,0,0,16,4,0,3,0,11,9,3,14,0,39,0,10,12,19,24,22,9,27,0,127,7,4,13,8,21,16,0,15,0,87,3,0,11,0,0,0,0,0,0,16,0,0,0,0,3,0,0,0,0,5
LGA53990,357,569,339,270,1019,1589,674,2163,126,7115,9,49,35,12,54,23,6,37,0,233,24,4,15,6,19,39,14,59,4,187,25,61,46,25,117,107,47,30,5,455,7,3,3,3,13,8,6,0,3,51,10,48,18,11,33,52,18,28,0,217,0,19,7,4,16,14,8,10,0,79,48,245,165,100,111,75,30,31,4,800,14,209,105,31,32,36,14,18,11,462,9,25,21,11,29,27,3,18,7,141,0,5,0,6,0,4,0,0,0,19,3,16,17,8,18,23,5,11,0,98,3,11,12,9,28,18,0,3,0,86,16,50,33,22,40,24,4,19,3,207,10,60,34,20,30,22,3,7,5,182,27,34,42,33,87,60,11,18,3,304,48,178,196,114,151,116,58,74,10,953,98,244,295,224,274,157,31,52,15,1382,4,28,18,8,8,3,0,7,0,76,14,87,39,29,26,27,3,17,0,251
LGA54060,50,72,50,33,82,133,57,238,33,748,3,18,0,0,3,11,0,5,4,57,0,0,3,0,0,0,3,16,0,33,0,4,3,0,0,3,0,5,0,23,0,0,0,0,0,0,0,0,0,0,0,5,0,4,4,9,0,4,0,23,0,3,4,0,0,3,0,0,0,5,6,32,20,10,15,9,3,6,5,99,0,33,20,6,5,3,0,0,4,82,0,10,4,0,6,6,0,3,0,24,0,0,0,0,0,0,0,0,0,0,0,0,0,4,0,0,0,0,0,5,0,0,3,0,0,0,0,0,0,11,3,7,7,0,8,4,4,0,0,31,0,6,4,0,3,0,0,0,0,21,0,7,7,3,11,10,3,0,0,31,4,20,18,9,19,17,9,6,3,101,6,20,22,25,19,13,0,0,0,110,0,0,0,0,0,4,0,0,0,5,5,5,4,0,0,0,0,0,0,16
LGA54130,13,27,8,20,18,83,28,128,3,328,4,10,13,14,7,17,0,14,0,82,0,0,0,0,0,0,0,0,0,0,0,6,0,0,0,0,0,0,0,3,0,0,0,0,0,0,0,0,0,0,0,0,0,0,0,0,0,0,0,3,0,0,0,0,0,0,0,0,0,4,0,3,4,0,0,5,0,3,0,12,0,4,6,0,5,5,0,7,0,28,0,3,3,0,0,0,0,3,0,18,0,0,0,0,0,0,0,0,0,4,0,0,0,0,0,0,0,0,0,0,0,5,0,0,0,0,0,0,0,0,0,0,0,0,0,0,0,0,0,7,0,4,0,0,0,0,0,0,0,4,0,3,0,0,3,3,0,0,0,12,0,12,6,3,3,7,4,6,0,48,4,7,6,0,3,3,0,0,0,24,0,0,0,0,0,0,0,0,0,5,0,0,0,0,0,0,0,0,0,0
LGA54170,1604,4465,2749,2020,7045,11457,3921,9273,465,42996,5,25,22,19,25,29,4,12,0,149,78,49,97,81,122,244,94,238,3,1008,34,205,185,91,196,160,40,51,4,968,16,14,39,32,91,62,6,11,0,284,44,281,303,144,239,311,51,109,10,1499,32,72,88,50,142,119,26,39,0,563,152,1556,988,362,537,290,79,113,29,4112,79,1237,487,208,200,142,42,113,18,2522,37,90,87,53,102,118,37,34,7,558,23,76,62,29,37,40,15,24,5,301,85,150,235,177,352,290,75,101,12,1472,28,112,127,61,138,152,29,52,3,707,135,443,506,329,574,587,140,194,10,2915,48,361,224,105,178,168,41,65,12,1201,179,239,340,258,768,457,115,110,9,2478,335,1259,1296,750,1140,1017,417,702,38,6960,614,1731,2082,1381,1855,969,244,382,44,9313,30,287,147,58,81,72,26,30,8,746,65,470,342,193,287,211,55,75,11,1713
LGA54200,567,1377,954,715,2539,3689,1409,3683,274,15207,4,28,20,13,13,14,5,8,6,101,37,19,31,23,52,100,42,153,13,462,21,74,81,35,92,86,23,33,5,465,0,6,8,10,31,22,0,9,0,84,10,104,83,41,77,93,17,48,8,475,10,45,45,34,80,84,13,24,0,337,66,466,330,145,252,139,43,47,18,1495,33,419,183,62,80,69,13,41,3,903,30,78,96,49,142,123,42,56,6,632,4,14,13,9,16,17,6,6,0,87,18,20,48,36,88,67,12,20,5,314,13,34,32,11,53,48,17,26,0,236,32,135,125,71,159,144,42,62,5,778,25,104,70,36,65,53,4,22,7,383,59,67,107,66,282,147,50,48,4,829,104,393,336,249,354,248,108,194,11,1994,185,494,537,425,629,350,79,119,20,2849,14,100,51,23,40,31,6,13,6,274,26,162,112,70,115,69,24,24,7,606
LGA54280,339,438,311,191,746,1413,906,3911,182,8438,0,4,0,3,4,0,0,6,0,20,66,63,56,34,56,144,112,379,8,917,13,18,13,10,21,42,40,22,0,178,0,3,4,0,10,9,3,7,0,33,6,27,31,19,22,44,18,36,0,193,8,11,13,10,40,35,8,23,0,140,31,198,150,78,134,84,29,35,8,748,20,140,111,66,96,53,21,57,3,568,4,21,41,14,36,55,18,42,7,231,0,5,7,5,3,4,5,0,0,25,4,7,13,6,20,8,0,0,0,67,10,7,18,5,38,34,8,26,0,152,10,32,23,15,69,54,18,56,0,278,5,46,42,29,38,37,10,20,0,237,36,25,19,24,106,117,19,37,3,388,41,105,122,80,187,159,66,108,5,884,54,107,120,122,324,259,60,119,12,1175,3,32,17,10,8,12,4,10,0,95,15,42,39,20,60,48,11,37,3,278
LGA54310,371,346,176,148,541,1234,793,2560,122,6286,0,3,0,0,0,0,0,5,0,11,78,24,31,22,44,136,80,162,5,587,5,12,8,4,9,16,6,8,0,73,9,5,3,11,18,16,4,17,0,70,8,14,24,13,18,44,13,36,0,172,3,9,8,0,16,11,4,4,0,55,24,117,86,54,80,38,20,29,0,449,12,89,31,36,50,51,23,67,10,360,8,19,20,8,37,49,12,47,0,198,3,5,3,0,4,0,0,0,0,25,0,3,3,3,6,14,0,0,0,33,4,12,13,0,26,34,10,12,0,115,6,13,11,7,22,28,11,21,0,115,10,61,46,27,51,40,25,43,0,297,36,33,30,23,109,91,27,25,8,372,42,99,99,91,135,109,53,115,4,747,62,85,98,96,180,130,38,49,5,736,0,17,19,9,7,7,5,0,0,67,10,45,23,18,37,18,15,21,3,184
LGA54340,36,86,59,46,208,249,77,200,34,1003,3,17,8,4,5,13,7,7,0,68,0,0,0,0,0,0,0,0,0,0,5,4,4,6,29,11,8,3,0,65,0,0,0,0,0,0,0,0,0,0,0,0,0,0,0,6,0,0,0,11,0,0,0,0,0,13,0,3,0,25,0,19,19,14,21,12,0,0,0,94,3,19,13,3,7,9,0,5,0,66,0,6,10,0,3,4,0,0,0,20,0,0,0,0,0,0,0,0,0,0,0,0,0,3,3,0,0,0,0,17,0,0,0,0,6,0,0,0,0,5,0,3,0,4,7,0,0,0,0,18,0,11,0,0,4,0,0,0,0,21,6,11,8,0,12,10,3,3,0,50,7,21,21,23,21,29,4,10,0,132,16,38,20,28,33,22,6,9,0,158,0,0,3,0,0,0,0,0,0,3,0,9,0,4,7,8,0,3,0,28
LGA54410,6,17,18,12,33,57,22,84,11,247,0,6,0,0,0,7,0,0,0,19,0,0,0,0,0,0,0,0,0,0,0,0,0,0,0,0,0,0,0,4,0,0,0,0,0,0,0,0,0,0,0,0,0,0,0,0,0,0,0,0,0,0,0,4,0,0,0,0,0,6,0,8,5,5,0,0,0,6,0,29,0,12,0,0,0,0,4,0,0,26,0,0,0,0,0,0,0,0,0,0,0,0,0,0,0,0,0,0,0,0,0,0,0,0,0,0,0,0,0,4,0,0,0,0,0,0,0,0,0,0,0,0,0,0,0,0,0,0,0,0,0,0,0,0,0,0,0,0,0,5,3,5,0,0,0,5,0,0,0,12,7,8,4,3,3,7,6,8,0,40,7,8,3,8,9,9,3,11,0,51,0,0,0,0,0,0,0,0,0,4,0,4,0,0,0,0,0,0,0,4
LGA54480,0,7,4,9,10,23,13,85,5,159,3,7,10,4,3,9,4,14,0,48,0,0,0,0,0,0,0,0,0,0,0,0,0,0,0,0,0,0,0,0,0,0,0,0,0,0,0,0,0,0,0,0,0,0,0,0,0,0,0,0,0,0,0,0,0,7,0,0,0,8,0,0,0,0,0,0,0,0,0,0,0,0,0,0,0,0,0,0,0,3,0,0,7,0,0,0,0,0,0,4,0,0,0,0,0,0,0,0,0,0,0,0,0,0,0,0,0,0,0,0,0,0,0,0,0,0,0,0,0,0,0,0,0,0,0,0,0,0,0,0,0,0,0,0,0,0,0,0,0,0,0,0,0,0,5,0,0,0,0,10,0,9,3,0,0,4,0,0,0,22,4,0,3,0,0,0,0,0,0,12,0,0,0,0,0,0,0,0,0,0,0,0,0,0,0,0,0,0,0,0
LGA54550,23,41,37,28,52,107,35,185,22,534,8,28,19,14,7,27,9,32,0,139,0,0,0,0,0,0,0,0,0,0,0,0,0,4,0,4,0,0,0,7,0,0,0,0,0,0,0,0,0,3,0,4,0,0,3,0,0,0,0,9,4,0,0,0,0,4,3,0,0,7,4,7,12,0,5,6,0,0,0,35,0,3,0,3,4,0,0,0,0,19,0,7,6,0,0,0,0,0,0,13,0,0,0,0,0,0,0,0,0,0,0,0,4,5,0,0,0,0,0,8,0,0,0,0,0,0,0,0,0,0,3,0,6,0,4,3,0,3,0,20,0,0,0,0,0,0,0,0,0,7,0,3,0,0,8,7,0,0,0,17,4,6,15,9,0,10,3,8,0,55,5,15,10,5,13,4,0,3,4,59,0,0,0,0,0,0,0,0,0,0,0,3,6,0,0,0,0,0,0,9
LGA54620,9,8,13,9,21,36,27,118,11,261,0,14,7,4,5,6,9,10,0,58,0,0,0,0,0,0,0,0,0,4,0,0,0,0,0,0,0,0,0,3,0,0,0,0,0,0,0,0,0,0,0,0,0,0,0,0,0,0,0,5,0,0,0,0,0,0,0,0,0,7,0,4,4,0,0,0,4,0,0,10,0,0,7,4,5,0,0,4,0,19,0,0,0,0,0,0,0,0,0,5,0,0,0,0,0,0,0,0,0,0,0,0,0,0,0,0,0,0,0,0,0,0,0,0,0,0,0,0,0,0,0,0,0,0,0,0,0,4,0,4,0,6,0,0,0,0,0,0,0,13,0,5,0,0,0,6,0,0,0,11,0,3,6,0,4,0,0,4,0,21,0,10,0,4,5,4,3,5,0,24,0,0,0,0,0,0,0,0,0,0,0,0,0,0,0,0,0,0,0,3
LGA54690,6,5,4,3,9,27,15,46,3,109,0,3,3,4,0,3,3,5,3,23,0,0,0,0,0,0,0,0,0,0,0,0,0,0,0,0,0,0,0,0,0,0,0,0,0,0,0,0,0,0,0,0,0,0,0,0,0,0,0,0,0,0,0,0,0,0,0,0,0,0,0,0,4,0,0,0,0,0,0,4,0,0,0,0,0,0,0,0,0,5,0,0,0,0,0,6,0,0,0,5,0,0,0,0,0,0,0,0,0,0,0,0,0,0,0,0,0,0,0,0,0,0,0,0,0,0,0,0,0,0,0,0,0,0,0,0,0,0,0,0,0,0,0,0,3,0,0,0,0,3,0,9,0,0,4,0,0,0,0,11,0,3,5,0,5,0,0,0,0,11,0,3,0,0,0,0,0,0,0,8,0,0,0,0,0,0,0,0,0,0,0,0,0,0,0,0,0,0,0,0
LGA54760,11,15,6,8,10,44,25,97,3,224,0,8,12,5,0,6,6,17,0,64,0,0,0,0,0,0,0,0,0,0,0,0,0,0,0,0,0,0,0,0,0,0,0,0,0,0,0,0,0,0,0,0,0,0,0,0,0,0,0,5,4,0,0,0,0,3,0,0,0,6,0,0,0,0,3,0,0,0,0,6,0,0,5,0,0,0,0,0,0,6,3,0,0,0,0,0,0,0,0,8,0,0,0,0,0,0,0,0,0,0,0,0,4,0,0,0,0,0,0,4,0,0,0,0,0,0,0,0,0,0,0,0,4,0,0,0,0,0,0,3,0,4,0,0,0,0,0,0,0,5,0,0,3,7,0,4,0,0,0,14,0,11,5,0,0,7,4,0,0,30,0,5,8,0,3,0,0,0,0,15,0,0,0,0,0,0,0,0,0,0,0,0,0,0,0,0,0,0,0,5
LGA54830,419,870,694,512,2265,2816,978,2510,260,11332,8,14,15,26,13,15,5,11,0,98,18,10,18,8,35,45,18,91,7,256,9,51,59,34,121,94,35,29,4,439,0,4,6,4,31,17,7,3,0,80,16,35,35,26,65,93,22,43,0,325,6,16,16,7,55,36,8,12,0,166,63,355,258,107,246,112,32,26,8,1201,25,316,134,66,83,58,19,46,8,752,21,37,34,19,54,65,14,25,0,273,4,14,7,0,11,13,0,3,0,52,35,17,47,28,78,49,4,14,3,269,3,12,13,6,36,29,9,19,3,125,25,62,60,36,115,101,21,25,0,439,22,130,84,40,79,58,12,27,5,456,36,47,51,48,186,122,26,39,6,561,61,189,178,144,221,143,49,85,6,1079,162,412,512,382,606,282,49,134,19,2565,3,59,16,11,26,15,0,7,4,132,11,90,85,37,84,47,11,11,3,386
LGA54900,12,20,12,11,27,114,34,197,8,433,7,13,16,6,14,17,3,39,0,106,0,0,0,0,0,0,0,0,0,0,0,0,0,0,0,0,0,0,0,0,0,0,0,0,0,0,0,0,0,0,0,0,0,0,0,0,0,0,0,0,0,0,4,4,4,0,0,3,0,13,0,4,5,6,4,7,0,6,0,31,0,4,7,0,0,0,0,4,0,14,4,8,7,0,0,0,0,0,0,20,0,0,0,0,0,0,0,0,0,0,0,0,5,0,5,0,0,0,0,9,0,0,0,0,0,0,0,0,0,3,0,0,0,0,0,0,0,0,0,0,0,0,0,0,0,0,0,0,0,5,0,5,0,0,0,10,0,0,0,14,6,12,10,6,3,6,0,4,0,41,4,6,7,7,3,3,0,3,0,36,0,0,0,0,0,4,0,0,0,5,0,0,5,0,0,0,0,0,0,3
LGA54970,34,20,9,5,19,21,23,225,7,368,0,0,0,0,0,0,0,0,0,3,4,0,0,0,4,3,3,39,0,52,0,0,0,0,0,0,0,3,0,8,0,0,0,0,0,0,0,0,0,0,0,0,0,0,0,0,0,0,0,0,0,0,0,0,0,0,0,0,0,0,0,0,0,0,0,0,0,0,0,4,0,0,6,0,0,0,0,5,0,7,0,0,0,0,0,0,0,3,0,3,0,0,0,0,0,0,0,0,0,0,0,0,0,0,0,0,0,0,0,0,0,0,0,0,0,0,0,0,0,0,0,0,0,0,0,0,0,0,0,0,0,0,0,0,0,0,0,0,0,0,3,0,0,0,0,6,0,0,0,18,0,0,0,4,7,7,0,5,0,21,3,0,3,7,0,4,0,0,4,18,0,0,0,0,0,3,0,0,0,3,0,0,0,0,0,0,0,0,0,0
LGA55040,29,19,12,6,14,39,35,260,11,423,0,0,0,0,0,0,0,0,3,9,0,3,0,0,0,4,7,26,0,39,5,0,0,0,0,4,3,17,0,28,0,0,0,0,0,0,0,0,0,0,0,0,0,0,0,3,0,4,0,4,0,0,0,0,0,0,0,0,0,0,0,0,5,0,4,0,0,0,0,11,0,3,0,0,0,8,0,3,0,20,0,0,0,0,4,0,0,3,0,5,0,0,0,0,0,0,0,0,0,0,0,0,0,0,0,0,0,0,0,4,0,0,0,0,0,0,0,5,0,4,0,0,0,0,0,0,0,0,0,0,6,5,0,0,0,4,0,6,0,15,5,0,3,0,8,3,0,3,0,26,0,3,5,8,5,9,0,3,0,34,0,4,3,4,0,4,4,3,0,28,0,0,0,0,0,0,0,0,0,5,0,0,0,0,0,0,0,4,0,4
LGA55110,1157,1821,1282,826,2993,3508,1469,5025,417,18486,7,19,17,11,4,13,0,7,7,86,79,21,40,17,59,72,46,289,14,632,36,100,81,54,132,124,35,50,6,627,3,15,11,3,29,14,5,13,0,95,18,100,76,46,65,92,11,57,11,479,4,30,24,14,33,30,10,11,0,153,119,846,537,249,399,194,53,76,27,2500,59,660,321,133,140,103,31,105,18,1566,38,49,66,29,58,47,11,25,11,328,8,20,14,0,17,10,0,7,3,74,26,34,32,36,73,59,10,22,3,285,10,57,58,32,95,49,13,36,3,347,31,117,114,72,151,100,14,57,6,658,28,252,116,59,91,60,11,60,8,687,61,102,109,73,263,147,31,47,7,837,127,450,425,299,449,372,144,220,13,2501,262,752,944,649,853,404,94,199,37,4199,13,121,53,23,26,16,3,14,3,278,22,218,161,80,121,87,19,30,6,738
LGA55180,126,199,155,110,348,530,184,589,48,2290,16,57,41,40,49,44,15,39,8,309,0,0,0,0,0,0,0,12,0,19,0,8,10,7,12,3,4,4,0,55,0,0,9,0,0,0,0,0,0,9,0,0,7,4,3,6,3,3,0,35,0,9,6,3,3,3,0,5,0,35,16,75,48,27,33,21,5,15,6,243,11,80,40,25,22,26,0,20,3,222,3,8,10,3,11,4,4,4,0,48,0,0,0,0,0,0,0,0,0,3,0,3,3,0,10,6,0,3,0,27,0,4,0,0,4,4,0,0,0,27,0,7,13,9,9,5,3,0,0,58,0,22,15,7,10,12,0,7,0,70,6,13,26,15,22,25,3,3,0,122,17,36,47,46,32,33,16,34,0,259,32,66,58,55,40,58,12,20,10,352,0,10,0,0,8,0,5,0,0,30,0,8,8,14,15,12,0,3,0,64
LGA55250,23,23,6,0,26,29,14,176,4,313,0,0,0,0,0,0,0,6,0,16,0,0,0,0,0,0,0,6,0,9,0,0,0,0,0,0,0,0,0,0,0,0,0,0,0,0,0,0,0,0,0,0,0,0,0,0,0,0,0,0,0,0,0,0,0,0,0,0,0,0,0,0,0,0,0,3,0,0,0,18,0,0,0,0,4,0,3,15,0,25,0,0,0,0,0,0,0,0,0,9,0,0,0,0,0,0,0,0,0,0,0,0,0,0,0,0,0,0,0,0,0,0,0,0,0,0,0,0,0,4,0,0,0,0,0,0,0,0,0,0,0,0,0,3,0,0,0,3,0,5,3,0,0,0,0,0,0,0,0,9,0,8,0,0,12,5,0,11,0,38,5,0,0,4,3,9,0,0,0,26,0,0,0,0,0,0,0,0,0,0,0,0,0,0,0,0,0,0,0,0
LGA55320,816,3208,1893,1240,4212,6666,2316,5523,335,26217,0,25,9,10,17,20,7,7,0,99,61,33,81,61,93,233,68,139,0,777,29,158,99,66,145,138,34,55,5,733,11,14,17,18,61,53,15,8,0,191,14,121,110,67,93,159,29,70,9,673,13,83,74,44,82,65,16,28,0,399,91,1004,479,195,302,196,58,79,21,2418,51,808,307,116,140,112,28,57,16,1648,30,78,87,44,92,87,24,27,0,484,8,47,23,15,30,29,0,9,0,164,33,82,115,68,165,159,27,66,0,719,15,102,73,55,104,96,28,42,3,520,92,391,337,208,410,479,124,191,0,2232,18,137,114,50,85,52,20,31,3,523,94,165,216,135,407,262,82,70,7,1446,165,905,750,452,646,597,298,468,25,4294,346,1136,1268,793,1115,812,189,290,28,5965,12,199,73,39,60,66,16,24,3,488,35,239,201,96,140,120,30,42,4,907
LGA55390,10,5,0,3,12,11,14,135,4,192,0,0,0,0,0,0,0,0,0,0,0,0,0,0,0,0,0,15,0,18,0,0,0,0,0,0,0,0,0,0,0,0,0,0,0,0,0,0,0,0,0,0,0,0,0,0,0,0,0,0,0,0,0,0,0,0,0,0,0,0,0,0,0,0,0,0,0,0,0,0,0,0,0,0,0,0,0,4,0,4,0,0,0,0,0,0,0,0,0,0,0,0,0,0,0,0,0,0,0,0,0,0,0,0,0,0,0,0,0,0,0,0,0,0,0,0,0,0,0,0,0,0,0,0,0,0,0,0,0,0,0,0,0,0,0,3,0,0,0,3,0,0,0,0,5,5,0,0,0,6,0,0,0,0,0,0,0,6,0,11,0,3,0,0,0,0,0,0,0,4,0,0,0,0,0,0,0,0,0,0,0,0,0,0,0,0,0,0,0,0
LGA55460,32,73,35,29,106,159,68,244,15,764,4,13,13,4,3,11,0,6,0,53,0,0,0,0,0,0,0,4,0,3,0,3,4,0,4,4,0,0,0,15,0,0,0,0,0,0,0,0,0,3,0,4,0,0,0,3,0,0,0,10,0,0,5,3,0,9,3,5,0,32,3,18,15,3,13,11,9,7,5,80,0,27,10,3,6,4,0,6,6,60,0,3,3,0,5,7,0,4,0,18,0,3,0,0,0,0,0,0,0,5,0,0,0,0,5,7,0,0,0,11,0,0,0,0,0,0,0,0,0,0,0,3,3,0,11,3,0,0,0,24,0,9,3,5,4,0,0,0,0,11,8,5,0,0,7,8,0,3,0,36,12,27,15,9,16,14,8,10,0,106,18,31,15,12,19,11,0,10,4,124,0,0,0,0,0,4,0,0,0,9,0,7,4,0,10,4,0,0,0,25
LGA55530,5,0,3,0,8,24,7,55,0,105,0,9,4,0,0,5,6,8,0,27,0,0,0,0,0,0,0,0,0,0,0,0,0,0,0,0,0,3,0,3,0,0,0,0,0,0,0,0,0,0,0,0,0,0,0,0,0,0,0,0,0,0,0,0,0,0,0,0,0,0,0,0,0,0,0,0,0,0,0,3,0,0,0,0,0,0,0,6,0,3,0,4,0,0,0,0,0,0,0,3,0,0,0,0,0,0,0,0,0,0,0,0,0,0,0,0,0,0,0,0,0,0,0,0,0,0,0,0,0,0,0,0,0,0,0,0,0,0,0,4,0,0,0,0,0,0,0,0,0,0,0,0,0,0,0,0,0,0,0,7,0,5,0,0,4,0,0,0,0,10,3,0,0,0,0,0,0,0,0,12,0,0,0,0,0,0,0,0,0,0,0,0,0,0,0,0,0,0,0,0
LGA55600,24,48,28,21,47,117,55,232,6,581,0,14,10,9,9,15,0,20,0,82,0,0,0,0,0,0,0,4,0,5,0,0,0,0,0,0,0,0,0,6,0,0,0,0,3,0,0,0,0,4,0,0,8,0,0,0,0,0,0,7,0,3,0,0,0,3,0,0,0,10,0,18,9,4,9,3,0,9,0,44,0,12,0,4,5,4,0,8,0,31,0,5,0,3,3,3,0,6,0,20,0,0,0,0,0,0,0,0,0,0,3,3,0,4,6,6,0,0,0,20,0,0,0,0,0,0,0,0,0,0,0,0,4,0,6,0,0,0,0,10,0,0,4,6,0,3,0,0,0,9,0,0,4,5,6,13,0,6,0,23,0,12,26,16,10,16,12,5,3,105,6,19,14,15,11,16,5,3,0,79,0,0,0,0,0,0,0,0,0,0,0,4,0,3,0,3,0,0,0,15
LGA55670,5,6,0,5,17,29,13,58,4,131,0,4,0,0,5,0,0,3,0,23,0,0,0,0,0,0,0,0,0,0,0,0,0,0,0,0,0,0,0,0,0,0,0,0,0,0,0,0,0,0,0,0,0,0,0,0,0,0,0,0,0,0,0,0,0,0,0,0,0,5,0,4,0,0,0,0,0,4,0,10,0,0,0,0,0,0,0,0,0,0,0,0,0,0,0,0,0,0,0,7,0,0,0,0,0,0,0,0,0,0,0,0,0,0,0,0,0,0,0,0,0,0,0,0,0,0,0,0,0,0,0,0,0,0,0,0,0,0,0,0,0,0,0,0,0,0,0,0,0,3,0,0,0,0,0,0,0,0,0,5,0,5,9,3,3,8,4,7,0,38,0,4,3,7,5,5,0,0,0,24,0,0,0,0,0,0,0,0,0,0,0,0,0,0,0,0,0,0,0,0
LGA55740,71,292,197,146,274,538,165,586,18,2284,0,7,3,0,6,0,0,0,0,14,9,7,3,3,3,17,13,20,0,78,0,10,19,0,5,5,0,0,0,51,0,0,0,0,3,5,0,0,0,15,0,10,3,3,5,12,5,5,0,42,0,4,4,6,7,8,0,0,0,30,9,71,35,19,13,17,3,14,0,179,6,76,29,11,19,10,5,10,0,173,0,3,8,3,3,0,0,0,0,18,0,0,5,4,0,0,0,5,0,19,3,8,3,4,9,12,3,4,0,52,3,10,9,0,7,12,3,4,0,51,15,45,33,33,24,39,17,31,0,238,4,15,16,5,10,5,6,8,0,60,3,16,10,5,34,22,0,11,0,104,21,97,78,25,31,37,8,44,0,348,23,106,113,75,67,81,18,43,3,530,0,12,4,6,3,6,0,0,0,37,0,30,17,9,10,6,4,11,0,93
LGA55810,6,8,3,4,10,10,0,56,0,100,0,0,0,0,0,0,0,3,0,3,3,0,0,0,0,0,0,5,0,7,0,0,0,0,0,0,0,0,0,0,0,0,0,0,0,0,0,0,0,0,0,0,0,0,0,0,0,0,0,0,0,0,0,0,0,0,0,0,0,0,0,0,0,0,0,0,0,0,0,10,0,0,0,0,0,0,0,5,0,3,0,0,0,0,0,0,0,0,0,7,0,0,0,0,0,0,0,0,0,0,0,0,0,0,0,0,0,0,0,0,0,0,0,0,0,0,0,0,0,0,0,0,0,0,0,0,0,0,0,0,0,0,0,0,0,0,0,3,0,5,0,0,0,0,5,7,0,0,0,17,0,0,0,0,0,5,0,6,0,12,0,0,0,4,0,0,0,0,0,12,0,0,0,0,0,0,0,0,0,0,0,0,0,0,0,0,0,0,0,0
LGA55880,4,11,0,7,12,26,15,66,0,133,3,6,3,4,3,9,0,13,0,36,0,0,0,0,0,0,0,0,0,0,0,0,0,0,0,0,0,0,0,0,0,0,0,0,0,0,0,0,0,0,0,0,0,0,0,0,0,0,0,0,0,0,0,4,0,0,0,0,0,4,0,0,0,0,0,0,0,0,0,3,0,0,0,0,0,0,0,0,0,4,0,0,0,0,0,0,0,0,0,8,0,0,0,0,0,0,0,0,0,0,0,0,0,0,0,0,0,0,0,0,0,0,0,0,0,0,0,0,0,0,0,0,0,0,0,0,0,0,0,0,0,0,0,0,0,0,0,0,0,0,0,0,0,0,3,4,0,0,0,6,0,0,0,0,0,0,0,3,0,18,0,8,4,0,3,0,4,0,0,12,0,0,0,0,0,0,0,0,0,0,0,0,0,4,0,0,0,0,0,3
LGA55950,4,11,4,5,17,35,15,74,10,166,6,0,8,3,0,10,0,4,0,38,0,3,0,0,0,0,0,0,0,3,0,0,0,0,0,0,0,0,0,0,0,0,0,0,0,0,0,0,0,0,0,0,0,0,0,0,0,0,0,3,0,0,0,0,0,0,0,0,0,0,0,0,0,0,4,0,0,0,0,4,0,0,0,0,0,0,0,0,0,0,0,0,3,0,0,3,0,0,0,7,0,0,0,0,0,0,0,0,0,5,3,0,0,0,0,0,0,0,0,3,0,0,0,0,0,0,0,0,0,0,0,0,0,0,0,0,0,0,0,0,0,0,0,0,0,0,0,0,0,0,0,0,0,0,0,0,0,0,0,4,3,0,11,3,6,7,0,0,0,29,0,0,0,3,0,0,0,0,0,6,0,0,0,0,0,0,0,0,0,0,0,0,0,0,0,0,0,0,0,0
LGA56090,487,912,568,437,1450,2219,865,2445,175,9550,3,27,17,8,4,12,3,3,0,75,28,23,23,10,37,71,41,78,5,320,14,56,46,42,47,53,20,21,3,296,0,4,5,5,17,14,0,6,0,53,9,56,47,29,35,60,14,20,0,271,8,28,20,19,45,55,15,20,0,205,45,304,217,108,144,87,20,32,17,973,14,243,108,58,55,24,14,36,3,549,18,36,40,22,51,49,13,24,5,261,0,10,11,9,9,10,3,10,0,57,7,20,26,11,49,29,5,7,0,145,3,20,27,12,38,29,4,13,3,149,22,98,82,47,83,102,25,50,5,514,14,72,43,19,41,30,5,19,3,240,45,65,98,58,216,133,35,35,3,682,69,295,239,170,199,208,79,137,11,1398,131,325,372,255,369,204,43,96,15,1805,14,64,29,19,19,13,5,12,3,174,22,127,78,39,73,41,8,20,4,412
LGA56160,0,0,0,0,0,0,0,20,4,29,0,0,0,0,0,0,0,3,0,6,0,0,0,0,0,0,0,0,0,0,0,0,0,0,0,0,0,0,0,0,0,0,0,0,0,0,0,0,0,0,0,0,0,0,0,0,0,0,0,0,0,0,0,0,0,0,0,0,0,0,0,0,0,0,0,0,0,0,0,0,0,0,0,0,0,0,0,3,0,3,0,0,0,0,0,0,0,0,0,0,0,0,0,0,0,0,0,0,0,0,0,0,0,0,0,0,0,0,0,0,0,0,0,0,0,0,0,0,0,0,0,0,0,0,0,0,0,0,0,0,0,0,0,0,0,0,0,0,0,0,0,0,0,0,0,0,0,0,0,6,0,0,0,0,0,0,0,0,0,7,0,0,0,0,0,0,0,0,0,0,0,0,0,0,0,0,0,0,0,0,0,0,0,0,0,0,0,0,0,0
LGA56230,232,334,243,161,645,646,326,1176,98,3874,4,16,16,12,12,12,9,14,0,88,26,6,12,3,21,21,7,68,7,172,10,35,25,17,54,25,12,12,0,189,0,0,0,0,5,9,0,0,0,21,3,20,16,21,12,19,7,17,0,116,5,17,6,3,6,4,4,0,0,47,28,151,102,47,79,29,7,9,3,461,13,126,73,26,20,28,0,23,8,320,6,7,16,14,6,6,3,8,0,62,0,0,0,0,0,5,0,0,0,5,8,11,10,6,6,10,4,0,0,47,4,16,0,7,24,15,4,3,0,73,7,25,14,19,22,26,4,13,0,140,7,41,13,6,14,10,3,14,0,118,13,14,27,15,56,23,6,10,0,165,17,87,68,48,76,59,31,40,0,431,53,134,134,89,123,62,14,48,13,667,0,34,16,4,10,6,0,3,0,86,12,46,40,22,20,16,3,9,5,163
LGA56300,13,44,30,27,50,54,5,87,10,328,4,6,8,4,5,5,9,14,0,47,0,0,0,0,0,3,0,0,0,0,0,4,0,3,0,6,0,3,0,14,0,0,0,0,0,0,0,0,0,3,0,0,0,0,0,0,0,0,0,4,0,0,0,0,0,0,0,0,0,0,0,3,12,3,0,0,0,4,0,25,3,14,5,4,0,4,0,8,0,42,0,4,0,0,0,0,0,0,0,8,0,0,0,0,0,0,0,0,0,0,0,0,0,0,0,0,0,0,0,0,0,3,0,0,0,0,0,0,0,9,0,4,0,5,0,0,0,0,0,10,0,4,5,0,0,0,0,0,0,9,0,3,0,0,0,7,0,0,0,11,0,8,13,6,7,4,0,0,0,39,7,10,6,9,10,10,4,0,0,56,0,0,0,0,0,0,0,0,0,0,0,0,0,0,0,0,0,0,0,4
LGA56370,3,11,10,8,16,44,18,97,0,200,0,3,12,5,0,10,0,17,0,49,0,0,0,0,0,0,0,0,0,3,0,0,0,0,0,0,0,0,0,3,0,0,0,0,0,0,0,0,0,0,0,0,0,0,0,0,0,0,0,4,0,0,0,0,0,0,0,0,0,4,0,0,0,0,0,5,0,0,0,9,0,0,0,4,0,0,0,0,0,7,0,0,0,0,0,0,0,0,0,0,0,0,0,0,0,0,0,0,0,0,0,0,0,0,0,0,0,0,0,0,0,0,0,0,0,0,0,0,0,0,0,0,0,0,0,0,0,0,0,3,0,0,0,0,0,0,0,0,0,0,0,0,3,0,3,4,0,0,0,10,0,6,0,0,7,3,0,0,0,28,7,5,3,7,4,3,0,0,0,22,0,0,0,0,0,0,0,0,0,0,0,0,0,0,0,0,0,0,0,4
LGA56460,40,84,68,68,131,269,103,301,19,1090,3,13,3,9,10,10,0,8,0,61,0,0,0,0,0,0,0,4,0,9,0,8,0,3,0,0,0,0,0,25,0,6,0,0,0,0,0,0,0,6,0,4,4,0,5,4,0,0,0,18,0,3,5,0,0,6,0,4,0,18,3,23,28,18,23,10,5,7,9,119,4,21,11,3,5,3,0,3,3,58,0,3,0,0,0,3,3,6,0,26,0,0,0,0,0,0,0,0,0,0,0,3,5,3,3,10,0,5,0,36,0,0,0,0,0,0,0,0,0,13,0,4,0,3,8,9,0,4,0,29,0,9,5,0,4,0,0,0,0,20,6,13,10,4,10,15,0,6,0,61,10,19,26,28,27,28,13,34,0,181,12,37,43,49,58,51,5,21,7,281,0,4,3,0,0,0,0,0,0,13,0,8,11,3,10,5,0,0,0,41
LGA56580,143,871,443,275,593,1341,521,1499,49,5737,4,5,0,5,9,5,0,0,0,20,15,20,24,13,16,51,17,53,0,205,7,29,22,7,6,8,0,10,0,89,0,7,11,3,9,8,0,3,0,47,6,20,12,7,12,15,11,6,0,95,5,13,10,8,9,13,0,13,0,68,8,191,77,20,20,23,7,22,0,373,9,159,48,34,10,15,4,20,3,297,6,10,8,0,3,8,0,7,0,39,4,8,8,5,13,0,0,5,0,33,3,27,22,14,18,26,7,20,0,145,3,38,13,8,17,32,4,19,0,125,27,130,99,60,87,125,45,89,8,661,0,21,19,7,8,17,3,7,0,71,19,18,34,21,45,41,17,35,3,236,24,193,143,74,83,108,42,89,0,757,55,352,298,181,179,201,61,106,3,1425,0,41,15,7,9,13,0,8,0,101,10,45,35,16,23,7,0,4,4,144
LGA56620,0,4,11,8,30,18,4,10,12,99,0,0,0,0,0,0,0,0,0,6,0,0,0,0,0,0,0,0,0,0,0,0,0,0,0,0,0,0,0,0,0,0,0,0,0,0,0,0,0,0,0,0,0,0,0,0,0,0,0,0,0,0,0,0,0,0,0,0,0,0,0,0,0,0,5,0,0,0,0,3,0,0,0,0,0,0,0,0,0,5,0,0,0,0,0,0,0,0,0,0,0,0,0,0,0,0,0,0,0,0,0,0,0,0,0,0,0,0,0,0,0,0,0,0,0,0,0,0,0,0,0,0,0,0,0,0,0,0,0,0,0,0,0,0,0,0,0,0,0,0,0,0,0,0,10,0,0,0,0,15,0,6,6,8,6,11,0,10,0,42,0,0,7,0,5,7,0,0,0,22,0,8,20,0,0,0,0,0,3,26,0,0,5,0,6,0,0,0,0,5
LGA56730,106,203,138,99,358,541,211,620,54,2326,3,12,0,10,5,8,4,14,0,55,6,0,0,0,0,7,3,24,0,47,0,9,9,5,18,17,3,5,0,75,0,3,0,0,3,4,0,3,0,19,7,9,8,0,15,17,10,6,0,68,0,0,3,4,3,10,0,4,0,34,9,102,58,32,54,26,11,9,7,312,5,66,42,18,16,18,5,14,0,182,0,11,15,0,7,10,3,9,0,59,0,0,0,0,0,0,0,0,0,4,0,5,8,3,9,11,0,0,0,35,0,3,7,3,9,3,3,0,0,28,0,16,12,12,14,8,0,7,0,83,8,21,14,11,12,3,0,5,0,74,14,18,20,19,66,50,13,18,0,224,13,44,42,43,56,50,20,20,0,301,30,54,90,78,109,66,10,43,5,482,0,9,6,5,0,0,0,0,0,16,9,26,16,4,14,10,4,5,4,82
LGA56790,52,75,51,53,52,118,44,238,30,711,3,19,15,7,0,9,0,12,4,80,0,0,0,0,0,6,0,4,0,13,0,0,0,0,0,0,0,3,0,7,0,0,0,0,0,0,0,0,0,0,0,3,0,0,0,5,0,0,0,7,0,0,0,0,0,0,0,0,0,4,3,15,11,4,14,12,5,4,0,68,6,23,24,11,9,8,4,15,5,106,0,6,0,0,0,0,0,0,0,12,0,0,0,0,0,0,0,0,0,0,0,0,0,0,0,0,0,0,0,0,3,3,0,3,0,0,0,0,0,11,0,4,0,0,0,0,0,0,0,6,4,10,4,8,3,3,0,0,3,34,3,10,3,3,9,10,0,4,0,35,8,19,17,20,11,7,0,9,0,90,7,10,13,13,7,19,3,6,0,83,5,0,0,0,0,0,0,0,0,8,0,5,3,4,0,4,0,0,0,15
LGA56860,3,3,0,0,5,13,8,19,0,55,0,0,0,0,0,0,0,3,0,9,0,0,0,0,0,0,0,0,0,0,0,0,0,0,0,0,0,0,0,0,0,0,0,0,0,0,0,0,0,0,0,0,0,0,0,0,0,0,0,0,0,0,0,0,0,0,0,0,0,0,0,0,0,0,0,0,0,0,0,0,0,0,0,0,0,0,0,0,0,6,0,0,0,0,0,0,0,0,0,3,0,0,0,0,0,0,0,0,0,0,0,0,0,0,0,0,0,0,0,0,0,0,0,0,0,0,0,0,0,0,0,0,0,0,0,0,0,0,0,0,0,0,0,0,0,0,0,0,0,0,0,0,0,0,3,5,0,0,0,5,4,0,0,0,4,0,0,0,0,6,0,0,0,0,0,0,0,0,0,10,0,0,0,0,0,0,0,0,0,0,0,0,0,0,0,0,0,0,0,0
LGA56930,5,65,37,33,30,74,21,135,4,404,3,0,0,0,0,0,0,0,0,6,0,0,0,3,0,4,0,0,0,5,0,0,7,0,0,3,0,0,0,12,0,0,0,0,4,0,0,0,0,4,0,4,0,0,0,0,0,0,0,6,0,0,0,0,0,0,0,0,0,5,5,14,4,3,0,8,0,0,0,25,5,8,3,0,0,0,0,8,0,28,0,0,0,0,0,0,0,0,0,3,0,0,0,0,0,0,0,0,0,0,0,3,3,0,0,3,0,0,0,19,0,11,4,0,0,0,0,4,0,23,0,6,7,5,8,6,0,6,3,47,0,0,0,0,0,4,0,0,0,5,0,0,0,0,0,0,0,0,0,7,0,19,7,5,0,10,0,3,4,43,0,22,10,8,8,14,5,8,0,69,0,3,0,0,0,0,0,0,0,9,0,7,0,0,0,0,0,0,0,11
LGA57000,5,5,7,7,9,22,24,111,3,197,0,6,8,3,0,3,4,7,0,26,5,0,0,0,0,0,6,7,0,6,0,0,0,0,0,0,0,0,0,0,0,0,0,0,0,0,0,0,0,0,0,0,0,0,0,0,0,0,0,0,0,0,0,0,0,0,0,0,0,0,0,0,0,0,0,0,0,0,0,3,0,0,0,0,0,0,0,11,0,17,0,0,0,0,0,3,0,0,0,7,0,0,0,0,0,0,0,0,0,0,0,0,0,0,0,0,0,0,0,0,0,0,0,0,0,0,0,0,0,0,0,0,0,0,0,0,0,0,0,0,0,0,0,0,0,0,0,0,0,0,0,3,4,0,6,0,0,0,0,12,0,0,6,6,0,0,0,0,0,15,0,4,0,3,0,0,0,0,0,9,0,0,0,0,4,0,0,0,0,4,0,0,0,0,0,0,0,0,0,5
LGA57080,287,993,710,388,1647,2436,658,1777,144,9046,0,6,0,4,4,4,0,0,0,24,20,11,10,16,69,131,42,124,0,423,6,38,19,6,33,27,12,15,5,162,6,0,0,4,20,16,5,0,0,57,10,14,19,8,25,59,14,26,5,169,0,9,18,6,24,14,3,7,0,78,22,165,117,57,97,65,16,22,3,574,29,328,279,123,172,107,40,64,12,1160,3,18,10,3,19,28,3,5,0,103,3,8,10,7,17,18,4,7,0,73,14,15,13,5,105,77,10,15,0,264,4,18,7,4,13,29,6,14,0,97,30,85,81,33,245,279,73,111,7,957,11,62,63,24,58,48,5,29,5,313,25,20,27,23,143,78,24,32,3,379,28,200,83,54,140,114,29,77,3,733,78,185,183,143,330,303,72,95,6,1400,9,58,29,15,31,22,4,3,5,171,6,57,38,19,48,25,12,16,4,219
LGA57140,12,18,10,12,18,49,25,77,3,210,7,9,6,7,0,7,0,6,0,38,0,0,0,0,0,0,0,0,0,6,0,0,0,0,0,0,0,0,0,5,0,0,0,0,0,0,0,0,0,0,0,0,0,0,0,0,0,0,0,0,0,0,0,0,0,4,0,0,0,4,0,3,3,0,4,0,0,0,0,13,0,10,0,3,0,0,0,0,0,15,0,4,3,4,0,0,0,0,0,8,0,0,0,0,0,0,0,0,0,0,0,0,0,0,0,0,0,0,0,4,0,0,0,0,0,0,0,0,0,0,0,0,0,0,0,0,0,0,0,0,0,0,3,0,0,0,0,0,0,7,0,0,0,0,0,5,0,0,0,11,0,5,3,0,4,0,4,0,0,20,3,10,9,5,3,4,0,4,0,35,0,0,0,0,0,0,0,0,0,5,0,0,0,0,0,0,0,0,0,0
LGA57210,80,116,86,69,148,247,114,351,36,1247,4,38,25,21,14,31,11,32,0,173,0,0,0,0,0,0,0,5,0,9,3,8,3,3,9,11,8,0,0,54,0,0,0,0,0,0,0,0,0,3,0,7,6,4,0,4,0,0,0,18,0,0,0,0,4,3,0,0,5,22,10,20,31,18,26,6,0,0,0,109,7,32,12,4,8,3,0,7,0,77,5,4,8,3,4,0,0,3,0,31,0,0,0,0,0,0,0,0,0,0,0,5,3,0,5,0,0,0,0,15,0,0,0,0,4,0,4,0,0,5,0,6,4,3,6,0,4,0,0,37,0,8,7,0,0,0,0,0,0,21,3,8,10,9,17,8,0,0,4,63,11,29,29,17,17,20,12,10,0,142,20,35,45,22,41,18,8,7,0,196,5,3,0,6,0,0,0,0,0,10,3,4,4,3,10,5,0,3,0,27
LGA57280,249,232,128,80,412,633,427,2072,122,4354,0,0,0,0,0,0,0,0,0,6,59,22,22,13,45,75,68,202,9,525,5,9,6,0,9,8,6,23,0,61,0,5,3,0,8,6,0,11,0,34,4,9,6,9,13,22,11,24,0,97,4,4,9,6,14,4,12,8,0,61,18,77,60,31,48,37,16,23,3,313,13,40,32,19,18,29,5,44,5,209,14,20,16,7,35,47,14,41,3,189,0,4,0,0,0,5,0,0,0,11,3,0,4,0,7,6,0,3,0,27,0,3,15,6,22,22,3,14,0,81,6,10,13,9,14,16,3,9,3,82,3,22,17,6,17,22,8,19,0,125,19,21,20,12,70,49,11,24,0,230,26,47,44,45,97,101,41,50,5,460,50,58,44,66,151,161,24,50,3,615,3,7,5,0,7,3,0,4,3,36,6,25,14,6,29,18,10,12,5,121
LGA57350,6,11,10,4,14,33,14,80,0,166,0,9,6,0,0,3,0,0,0,34,0,0,0,0,0,0,0,0,0,0,0,0,0,0,0,0,0,0,0,0,0,0,0,0,0,0,0,0,0,0,0,0,0,0,0,0,0,0,0,0,0,0,0,0,0,0,0,0,0,3,0,3,0,0,3,0,0,0,0,9,0,4,0,0,0,0,0,0,0,6,0,3,3,0,0,0,0,0,0,4,0,0,0,0,0,0,0,0,0,0,0,0,0,0,0,0,0,0,0,3,0,0,0,0,0,0,0,0,0,0,0,0,0,0,0,0,0,0,0,3,0,0,0,0,0,0,0,0,0,0,0,0,3,0,0,0,0,0,0,8,4,3,3,3,4,0,0,0,0,31,0,3,6,3,3,8,0,0,0,25,0,0,0,0,0,0,0,0,0,0,0,5,0,0,0,0,0,0,0,0
LGA57420,38,40,15,26,39,55,48,312,20,583,6,13,8,4,4,17,7,18,0,65,3,0,4,5,0,3,5,32,0,54,0,0,0,0,0,0,0,0,0,3,0,0,0,0,0,0,0,0,0,3,0,0,0,0,0,0,0,5,0,12,0,0,0,0,0,0,0,0,0,3,0,11,4,4,0,0,0,4,0,31,0,9,8,4,3,0,0,10,0,36,0,4,0,0,0,0,3,0,0,15,0,0,0,0,0,0,0,0,0,0,0,0,0,0,0,0,0,0,0,0,0,0,0,0,0,4,0,0,0,11,7,11,0,0,0,0,0,3,0,15,0,0,0,0,0,0,0,0,0,8,0,7,4,3,10,6,0,3,0,26,3,10,5,7,5,4,7,10,0,57,4,8,13,0,16,4,3,0,0,52,0,0,0,0,0,0,0,0,0,5,5,5,3,0,0,0,0,4,0,12
LGA57490,1720,2522,1720,1307,5627,7759,2919,8756,627,32954,6,27,23,20,37,27,9,20,0,176,104,30,60,26,81,167,60,338,8,871,45,143,131,83,266,241,75,86,3,1082,13,15,19,19,61,43,8,11,0,194,35,140,135,80,156,193,41,90,9,877,19,36,39,38,117,93,25,31,0,404,215,1289,870,417,674,314,95,101,35,4005,88,998,429,194,196,158,40,129,22,2248,38,87,101,43,115,120,38,52,4,606,3,39,24,12,16,30,3,5,0,138,46,39,101,59,163,149,39,41,6,648,23,49,50,29,138,98,23,54,0,471,69,178,190,116,230,238,53,101,3,1182,46,348,207,98,229,128,22,83,14,1177,160,172,212,136,614,539,106,184,25,2131,201,717,754,536,850,606,192,396,36,4286,437,1132,1456,1090,1489,776,167,302,65,6912,19,190,87,49,43,45,6,21,4,459,48,332,240,145,204,133,33,53,19,1204
LGA57630,0,6,3,0,3,0,0,6,0,25,0,0,0,0,0,0,0,0,0,5,0,0,0,0,0,0,0,0,0,0,0,0,0,0,0,0,0,0,0,0,0,0,0,0,0,0,0,0,0,0,0,0,0,0,0,0,0,0,0,0,0,0,0,0,0,0,0,0,0,0,0,0,0,0,0,0,0,0,0,0,0,0,0,0,0,0,0,0,0,0,0,0,0,0,0,0,0,0,0,0,0,0,0,0,0,0,0,0,0,0,0,0,0,0,0,0,0,0,0,0,0,0,0,0,0,0,0,0,0,0,0,0,0,0,0,0,0,0,0,0,0,0,0,0,0,0,0,0,0,0,0,0,5,0,0,0,0,0,0,10,0,0,0,0,0,0,0,0,0,0,0,0,0,0,0,0,0,0,0,0,0,0,0,0,0,0,0,0,0,0,0,0,0,0,0,0,0,0,0,0
LGA57700,402,564,412,342,1338,1978,818,2338,175,8377,4,31,31,11,18,28,9,21,0,158,28,17,21,13,17,30,13,78,7,225,14,41,47,27,70,60,17,28,0,311,6,5,4,0,15,10,4,9,0,57,9,60,47,34,46,67,17,23,0,301,6,20,21,14,56,42,11,9,0,185,58,279,197,98,145,112,29,26,3,953,23,213,93,43,51,27,13,27,12,485,17,38,45,20,43,58,12,20,0,260,0,9,4,4,12,5,0,4,0,31,10,11,17,9,48,41,4,15,0,157,9,16,13,15,24,30,4,13,0,130,21,48,74,47,72,72,18,33,4,386,14,70,37,21,49,28,9,15,0,243,37,35,52,38,136,110,14,18,0,438,45,140,163,130,191,137,49,72,9,929,112,245,334,245,377,190,36,68,19,1626,3,66,24,18,22,9,4,11,4,155,9,114,70,43,70,29,8,20,4,365
LGA57770,14,12,20,7,33,42,19,91,16,248,0,0,0,0,0,0,0,0,0,5,0,4,0,0,0,0,0,6,0,13,0,0,0,0,0,0,0,0,0,0,0,0,0,0,0,0,0,0,0,0,0,0,0,0,0,0,0,0,0,3,0,0,0,0,0,0,0,0,0,0,3,3,5,3,6,0,0,6,0,26,0,9,8,6,11,12,4,8,0,59,0,0,3,0,0,0,0,0,0,8,0,0,0,0,0,0,0,0,0,0,0,0,0,0,0,0,0,0,0,0,0,0,0,0,0,0,0,0,0,4,0,0,3,0,0,0,0,0,0,5,0,9,5,0,4,0,0,3,0,18,0,0,3,0,8,8,0,0,0,21,0,4,3,0,4,0,3,3,0,22,3,0,4,0,0,4,0,0,0,9,3,0,0,0,0,0,0,3,0,12,0,0,0,0,3,0,0,0,0,6
LGA57840,348,1396,962,579,1846,2980,1000,2522,147,11776,3,20,3,5,8,10,0,5,0,50,33,28,33,25,64,116,69,101,0,464,12,34,32,9,43,59,13,24,0,228,7,0,8,4,28,25,0,3,0,77,10,44,34,29,32,92,13,34,0,284,3,22,22,13,25,29,0,9,0,132,42,329,198,78,123,92,20,43,3,925,20,327,167,67,83,58,15,46,6,796,18,25,16,22,29,49,3,21,0,184,0,15,12,6,20,36,0,8,0,101,20,41,66,30,96,85,21,43,4,405,3,32,32,22,40,54,10,26,0,227,44,186,164,96,219,293,88,137,0,1229,10,82,56,20,38,55,11,21,5,294,46,61,63,45,220,133,38,51,6,654,57,371,278,159,300,247,112,190,10,1730,127,439,468,335,558,375,96,129,6,2540,16,86,42,31,36,28,4,16,0,260,9,103,54,36,78,54,16,29,3,386
LGA57910,1749,6089,4876,3223,11040,15122,5060,11936,998,60091,5,43,37,20,37,41,4,17,5,210,142,87,144,105,259,480,196,540,22,1966,45,225,211,133,328,284,54,96,12,1392,27,23,41,31,151,104,25,24,0,422,56,239,260,128,287,480,112,161,16,1739,28,121,116,74,205,205,36,56,9,853,205,1932,1224,510,827,469,136,200,46,5547,137,1455,862,380,514,376,111,242,48,4131,54,156,145,80,172,231,40,52,10,937,24,66,54,43,106,123,33,43,6,498,87,157,236,165,497,447,104,141,11,1844,32,128,115,90,237,225,56,99,9,991,225,666,679,509,994,1178,301,447,21,5016,73,621,495,195,388,305,64,129,18,2285,237,296,375,281,1168,682,189,205,15,3447,345,1466,1277,768,1250,1170,476,774,32,7572,752,2255,2624,1868,3124,1875,416,732,102,13752,53,358,178,110,180,142,39,57,9,1115,76,580,467,250,457,348,106,128,20,2419
LGA57980,110,541,313,250,655,1180,417,988,40,4496,0,7,4,0,0,0,0,0,0,15,9,10,13,11,23,78,24,56,0,227,3,21,17,6,19,22,0,10,0,98,5,0,0,8,16,3,4,9,0,39,0,17,9,11,12,26,3,12,0,89,3,11,4,0,8,16,6,3,0,53,10,135,63,25,30,34,6,12,5,323,6,113,48,25,21,17,6,16,0,254,4,10,11,3,0,13,0,4,0,43,0,11,10,0,7,3,3,12,0,49,3,9,16,11,30,29,7,14,0,126,3,12,10,0,8,17,4,7,0,67,24,98,88,60,95,153,53,100,6,677,3,11,24,6,14,15,9,13,3,96,16,24,19,19,71,58,12,19,0,239,14,163,94,55,92,107,57,74,0,656,62,223,193,153,195,229,51,107,3,1229,4,42,12,9,15,11,3,4,0,105,8,35,18,14,26,13,6,11,0,128
LGA58050,1450,3392,2561,1847,7954,9661,3437,9021,820,40146,6,79,59,33,42,50,3,24,11,310,110,48,53,36,123,197,90,341,13,1014,42,202,192,104,352,239,55,100,12,1293,14,16,27,15,80,35,18,23,0,230,43,174,139,84,241,307,58,97,11,1153,17,80,121,78,209,201,37,73,5,817,203,1388,984,431,846,447,113,139,35,4587,98,1052,531,230,292,194,67,163,28,2659,67,155,171,82,237,282,52,101,10,1155,6,30,37,24,58,35,8,12,0,208,55,71,124,84,276,220,31,53,0,913,27,60,71,36,154,121,37,58,4,567,64,239,235,178,415,369,91,127,10,1726,59,334,268,104,245,169,52,88,23,1346,166,165,244,184,747,460,108,131,13,2211,177,739,693,516,883,565,219,362,30,4175,451,1253,1634,1209,2078,975,195,475,81,8361,24,166,97,48,109,79,15,33,4,585,59,387,320,163,326,228,50,99,19,1658
LGA58190,5,0,6,9,5,18,6,48,0,99,0,8,0,5,0,6,0,6,0,20,0,0,0,0,0,0,0,0,0,0,0,0,0,0,0,0,0,0,0,3,0,0,0,0,0,0,0,0,0,0,0,0,0,0,0,0,0,0,0,0,0,0,0,0,0,0,0,0,0,0,0,0,0,0,0,0,0,0,0,3,0,0,0,0,0,0,0,0,0,0,0,0,0,0,0,0,0,0,0,3,0,0,0,0,0,0,0,0,0,0,0,0,0,0,0,0,0,0,0,0,0,0,0,0,0,0,0,0,0,0,0,0,0,0,0,0,0,0,0,0,0,0,0,0,0,0,0,0,0,0,0,0,0,0,0,0,0,0,0,5,0,6,0,0,0,0,0,0,0,18,0,4,6,0,0,3,0,0,0,7,0,0,0,0,0,0,0,0,0,0,0,0,0,0,0,0,0,0,0,0
LGA58260,8,7,0,5,12,23,14,69,3,136,0,3,8,5,4,8,0,8,0,29,0,0,0,0,0,0,0,0,0,4,0,0,0,0,0,0,0,0,0,0,0,0,0,0,0,0,0,0,0,0,0,0,0,0,0,0,0,0,0,0,0,0,0,4,0,0,0,0,0,6,0,0,0,0,0,0,0,0,0,4,0,0,3,0,0,0,0,0,0,6,0,0,0,0,0,0,0,0,0,3,0,0,0,0,0,0,0,0,0,0,0,0,0,0,0,0,0,0,0,0,0,0,0,0,0,0,0,0,0,0,0,0,0,0,0,0,0,0,0,0,0,0,0,0,0,0,0,0,0,0,0,5,0,0,3,4,0,0,0,10,0,4,6,0,4,5,0,3,0,18,0,3,7,4,0,0,0,0,0,15,0,0,0,0,0,0,0,0,0,0,0,0,0,0,0,0,0,0,0,0
LGA58330,73,101,62,37,140,192,83,299,22,1007,5,10,8,10,0,7,0,9,0,43,0,0,4,0,0,6,3,17,0,33,5,13,3,0,8,9,0,0,0,32,0,0,0,0,0,0,0,0,0,5,3,12,4,0,3,4,0,7,0,31,0,7,0,0,5,5,4,3,0,23,5,24,11,15,12,10,0,7,0,86,5,24,8,6,5,8,0,8,0,58,0,9,0,4,0,3,0,10,0,25,0,3,0,0,0,0,0,0,0,4,0,3,0,0,3,3,0,7,0,18,0,0,4,0,4,5,4,0,0,18,0,14,9,5,0,4,0,3,0,36,0,8,3,4,6,6,0,0,0,20,6,6,8,5,38,9,0,4,0,77,5,22,20,14,18,17,5,9,3,108,18,31,37,23,42,27,0,12,4,190,0,0,10,0,0,0,0,3,0,13,0,8,8,4,6,0,0,0,0,29
LGA58400,0,4,7,3,16,6,0,36,0,75,0,3,3,0,0,0,0,0,0,10,0,0,0,0,0,0,0,0,0,0,0,0,0,0,0,0,0,0,0,0,0,0,0,0,0,0,0,0,0,0,0,0,0,0,0,0,0,0,0,0,0,0,0,0,0,0,0,0,0,3,0,0,0,0,0,0,0,0,0,3,0,0,0,0,0,0,0,0,0,6,0,0,0,0,0,0,0,0,0,3,0,0,0,0,0,0,0,0,0,0,0,0,0,0,0,0,0,0,0,0,0,0,0,0,0,0,0,0,0,0,0,0,0,0,0,0,0,0,0,0,0,0,0,0,0,0,0,0,0,0,0,0,0,0,0,0,0,0,0,3,0,0,0,0,0,0,0,0,0,4,6,0,0,0,0,0,0,0,0,16,0,0,0,0,0,0,0,0,0,0,0,0,0,0,0,0,0,0,0,4
LGA58470,0,3,3,0,0,3,0,11,6,27,0,0,0,0,0,3,0,6,0,7,0,0,0,0,0,0,0,0,0,0,0,0,0,0,0,0,0,0,0,0,0,0,0,0,0,0,0,0,0,0,0,0,0,0,0,0,0,0,0,0,0,0,0,0,0,0,0,0,0,0,0,0,0,0,0,0,0,0,0,0,0,0,0,0,0,0,0,0,0,0,0,0,0,0,0,0,0,0,0,0,0,0,0,0,0,0,0,0,0,0,0,0,0,0,0,0,0,0,0,0,0,0,0,0,0,0,0,0,0,0,0,0,0,0,0,0,0,0,0,0,0,0,0,0,0,0,0,0,0,0,0,0,0,0,0,0,0,3,0,0,0,3,0,0,0,0,3,0,0,12,0,0,0,0,0,0,0,0,0,0,0,0,0,0,0,0,0,0,0,0,0,0,0,0,0,0,0,0,0,0
LGA58510,306,1079,890,531,1987,2759,893,2041,154,10642,0,3,4,0,3,5,0,0,0,26,29,5,32,25,53,120,65,117,0,448,7,27,26,6,47,49,11,23,0,209,4,8,6,9,28,17,12,6,0,86,8,35,31,17,44,83,18,25,0,256,0,17,20,9,35,39,5,15,0,142,50,221,154,74,127,70,15,25,7,757,27,273,192,87,109,81,32,43,17,853,11,18,37,25,45,58,10,13,0,215,8,15,7,3,25,10,4,0,0,77,13,32,33,30,70,73,11,21,3,277,13,20,22,12,42,46,10,16,4,183,48,104,115,80,204,242,55,98,7,953,10,109,103,38,67,49,18,26,0,416,37,53,81,52,222,134,43,33,4,661,44,249,164,119,224,169,88,132,8,1200,123,355,394,284,468,307,71,111,7,2129,16,56,52,29,38,31,12,14,0,230,12,94,62,38,58,52,15,24,0,370
LGA58540,6,15,15,9,13,44,12,104,7,233,0,11,9,5,3,12,0,20,0,55,0,0,0,0,0,0,0,0,0,3,0,0,0,0,0,0,0,0,0,0,0,0,0,0,0,0,0,0,0,0,0,0,0,0,0,0,0,0,0,0,0,0,0,0,0,0,0,5,0,17,0,4,5,0,6,0,0,0,0,11,0,3,5,4,3,0,0,4,0,13,3,5,0,0,0,0,0,0,0,10,0,0,0,0,0,0,0,0,0,0,0,0,0,0,0,0,0,0,0,0,0,0,0,0,0,0,0,0,0,0,0,0,0,3,0,0,0,0,0,7,0,0,0,0,0,0,0,0,0,0,0,0,0,0,4,3,0,0,0,11,0,3,4,4,0,4,3,0,0,25,0,3,5,4,0,0,0,0,0,13,0,3,0,0,0,0,0,0,0,3,0,0,0,3,0,0,0,0,0,7
LGA58570,323,1011,830,572,1941,3025,1042,2350,130,11223,0,6,0,6,12,5,0,0,0,35,34,20,40,37,66,159,47,134,5,532,7,43,33,13,30,50,9,19,3,205,8,5,13,7,42,38,8,6,3,124,6,18,43,12,36,79,18,40,0,254,4,14,14,12,28,32,11,14,0,127,23,252,159,75,135,81,21,52,11,804,21,251,203,78,134,112,36,66,7,903,11,18,18,11,27,35,3,8,0,131,12,16,17,11,38,23,5,13,0,139,15,20,48,33,87,95,26,48,0,370,7,27,27,14,42,40,11,18,3,189,60,154,165,114,248,321,84,182,9,1327,12,52,53,35,63,47,16,33,7,327,54,53,77,60,249,188,46,58,0,791,56,241,211,136,201,186,101,157,8,1285,124,320,406,270,496,327,107,168,11,2229,21,85,49,28,35,58,22,29,0,317,13,71,72,39,84,69,15,26,3,387
LGA58610,31,24,23,15,42,69,29,131,13,377,7,9,16,0,5,5,4,5,0,52,0,0,0,0,0,0,0,0,0,3,0,0,0,0,0,0,0,0,0,12,0,0,0,0,0,0,0,0,0,0,3,0,0,0,0,0,0,0,0,4,0,0,0,0,0,3,3,3,0,10,0,15,8,9,4,3,3,0,0,36,0,11,4,0,0,0,0,0,0,19,4,4,5,0,0,0,0,0,0,14,0,0,0,0,0,0,0,0,0,6,0,0,0,4,0,0,0,0,0,7,0,4,0,0,0,0,0,0,0,4,0,4,4,0,3,3,0,0,0,15,0,0,0,0,0,0,0,0,0,0,0,8,6,4,10,0,0,4,0,21,8,12,6,0,5,9,0,5,0,40,10,16,21,8,12,6,0,4,0,83,0,0,0,0,0,0,0,0,0,0,3,5,0,0,3,0,5,0,0,12
LGA58680,12,12,8,4,9,31,15,66,4,148,0,0,10,0,3,4,0,11,0,30,0,0,0,0,0,5,0,0,0,9,0,0,0,0,0,0,0,0,0,6,0,0,0,0,0,0,0,0,0,0,0,0,0,0,0,0,0,0,0,0,0,0,0,0,0,0,0,0,0,0,0,0,0,0,0,0,0,0,0,3,0,3,0,0,0,0,0,0,0,6,0,0,0,0,0,0,0,0,0,0,0,0,0,0,0,0,0,0,0,0,0,0,0,0,0,0,0,0,0,0,0,0,0,0,0,0,0,0,0,0,0,0,0,0,0,0,0,0,0,0,0,0,0,0,0,0,0,0,0,0,0,0,0,0,3,0,0,0,0,8,0,6,0,0,5,0,0,0,0,10,0,3,3,3,0,0,0,0,0,7,0,0,0,0,0,0,0,0,0,0,0,0,0,0,0,0,0,0,0,4
LGA58760,2088,4752,3434,2633,10337,13683,4447,11598,1108,54083,15,83,62,57,84,98,20,53,9,477,121,57,81,47,117,224,97,362,15,1121,36,226,208,137,384,257,55,76,17,1400,17,20,31,33,131,75,18,17,7,354,50,295,264,153,334,405,80,127,26,1735,32,93,116,85,231,190,43,42,7,831,245,2119,1390,628,1095,581,201,146,55,6453,127,1492,750,317,395,288,70,218,46,3707,50,146,153,85,177,191,34,49,16,889,8,47,31,20,89,49,10,12,3,271,103,136,210,145,453,355,71,100,9,1581,15,71,112,67,198,155,42,71,4,742,125,347,415,259,597,536,109,178,14,2586,84,555,352,190,352,224,62,110,16,1931,214,228,280,229,897,540,121,139,23,2668,305,1069,1123,762,1333,959,298,506,46,6392,698,1914,2564,1899,2930,1288,277,535,106,12217,46,308,140,73,96,73,21,39,4,802,102,646,484,284,493,300,72,112,20,2506
LGA58820,78,82,42,38,151,147,75,310,40,967,0,7,14,3,3,3,0,5,0,39,10,6,4,0,3,4,0,18,0,51,4,9,3,4,16,3,6,10,0,52,0,0,0,0,0,0,0,0,0,5,0,6,3,4,4,6,3,6,0,36,0,0,0,0,0,0,0,0,0,3,0,33,24,15,8,6,3,4,0,94,3,17,7,9,0,0,0,3,0,45,5,7,9,0,0,3,0,4,0,24,0,0,0,0,0,0,0,0,0,0,0,3,0,8,0,0,0,4,0,13,0,0,0,0,3,0,0,0,0,11,0,0,3,6,5,0,0,3,0,23,0,12,4,0,0,0,0,5,0,26,4,15,6,8,12,3,4,3,0,54,4,18,21,11,16,15,5,10,0,93,11,34,24,29,21,11,0,0,3,148,0,5,3,3,0,0,0,3,0,16,0,9,9,4,4,0,4,0,0,26
LGA58890,11,10,19,10,26,31,19,93,0,220,0,11,20,8,7,13,0,13,0,79,0,0,0,0,0,0,0,0,0,0,0,0,0,0,0,0,0,0,0,6,0,0,0,0,0,0,0,0,0,0,0,0,0,0,0,0,0,0,0,0,0,0,0,0,0,0,0,0,0,4,0,4,0,0,0,0,0,0,0,7,0,0,0,0,0,3,0,0,0,4,0,0,0,0,0,0,0,0,0,6,0,0,0,0,0,0,0,0,0,0,0,0,0,0,0,0,0,0,0,0,0,0,0,0,0,0,0,0,0,0,0,0,0,0,0,0,0,0,0,9,0,0,0,0,0,0,0,0,0,0,0,3,3,0,3,0,0,0,0,14,0,3,7,0,4,3,0,0,0,24,0,0,4,3,8,0,0,0,0,16,0,0,0,0,0,0,0,0,0,0,0,0,0,0,0,0,0,0,0,6
LGA59030,3,3,3,0,8,11,10,29,0,64,0,4,3,0,0,0,0,4,0,18,0,0,0,0,0,0,0,0,0,0,0,0,0,0,0,0,0,0,0,0,0,0,0,0,0,0,0,0,0,0,0,0,0,0,0,0,0,0,0,0,0,0,0,0,0,3,0,0,0,5,0,0,0,0,0,0,0,0,0,4,0,0,0,0,0,0,0,0,0,0,0,0,0,0,0,0,0,0,0,4,0,0,0,0,0,0,0,0,0,0,0,0,0,0,0,0,0,0,0,0,0,0,0,0,0,0,0,0,0,0,0,0,0,0,0,0,0,0,0,0,0,0,0,0,0,0,0,0,0,0,0,3,0,0,0,0,0,0,0,5,0,0,0,0,0,0,0,0,0,4,0,0,0,0,0,0,0,0,0,8,0,0,0,0,0,0,0,0,0,0,0,0,0,0,0,0,0,0,0,0
LGA59100,8,14,5,9,21,33,14,63,4,180,4,4,4,3,5,4,4,7,0,43,0,0,0,0,0,0,0,0,0,0,0,0,0,0,0,0,0,0,0,0,0,0,0,0,0,0,0,0,0,0,0,0,0,0,0,0,0,0,0,0,0,0,3,0,0,0,0,0,0,5,0,4,4,0,0,0,0,0,0,7,0,0,0,0,0,0,0,3,0,5,0,4,0,5,0,0,0,0,0,4,0,0,0,0,0,0,0,0,0,0,0,0,0,0,0,0,0,0,0,0,0,0,0,0,0,0,0,0,0,0,0,0,0,0,0,0,0,0,0,4,0,0,3,0,0,0,0,0,0,6,0,5,0,0,4,0,0,0,0,8,0,4,5,4,3,0,3,0,0,18,0,4,3,0,3,0,0,0,0,17,0,0,0,0,0,0,0,0,0,0,0,4,3,0,0,0,0,0,0,3
LGA59170,26,16,15,14,9,59,29,134,4,298,7,15,6,9,5,4,8,19,0,70,4,3,0,0,0,0,0,6,0,13,0,0,0,0,0,0,0,0,0,3,0,0,0,0,0,0,0,0,0,0,0,0,0,0,0,0,0,0,0,0,0,0,0,0,0,0,0,0,0,6,0,0,0,6,4,0,3,0,0,14,0,5,3,0,0,0,0,4,0,13,0,0,3,0,0,0,0,0,0,10,0,0,0,0,0,0,0,0,0,0,0,0,5,0,0,0,0,0,0,0,0,0,0,0,0,0,0,0,0,0,0,0,0,0,0,0,0,0,0,0,0,5,0,0,0,0,0,0,0,5,0,0,0,5,4,5,0,0,0,10,4,5,8,5,0,8,5,3,0,32,4,17,3,3,9,5,0,0,0,39,0,0,0,0,0,0,0,0,0,0,0,0,0,0,0,0,0,0,0,3
LGA59250,3,4,0,3,7,6,4,101,9,143,0,0,0,0,3,0,0,3,0,5,0,0,0,0,0,0,0,4,4,8,0,0,0,0,0,0,0,0,0,0,0,0,0,0,0,0,0,0,0,0,0,0,0,0,0,0,0,0,0,0,0,0,0,0,0,0,0,0,0,0,0,0,0,0,0,0,0,4,0,0,0,3,0,0,0,0,0,3,0,5,0,0,0,0,0,0,0,0,0,0,0,0,0,0,0,0,0,0,0,0,0,0,0,0,0,0,0,0,0,0,0,0,0,0,0,0,0,0,0,0,0,0,0,0,0,0,0,0,0,0,0,0,0,0,0,0,0,0,0,0,0,0,0,0,0,5,0,0,0,10,0,0,4,6,0,0,0,0,0,13,0,0,0,0,3,0,0,0,0,5,0,0,0,0,0,0,0,0,0,0,0,0,0,0,0,0,0,0,0,0
LGA59310,17,28,22,9,31,91,40,140,9,372,5,5,5,10,3,11,0,10,0,49,0,0,0,0,0,0,0,6,0,6,0,0,0,0,0,0,0,0,0,4,0,0,0,0,0,0,0,0,0,0,0,0,0,0,0,0,0,0,0,0,0,6,4,0,0,3,4,3,0,20,0,11,4,4,6,0,0,0,0,24,0,12,0,0,0,5,0,3,0,23,0,5,0,0,0,0,0,3,0,11,0,0,0,0,0,0,0,0,0,0,0,0,3,0,0,0,0,0,0,8,0,0,0,0,0,0,0,0,0,0,0,0,0,0,0,4,0,0,0,10,0,4,0,0,0,0,0,0,0,5,3,5,3,0,0,6,0,0,0,16,5,16,5,5,6,4,7,4,0,45,5,7,4,6,6,7,0,5,0,30,0,0,0,0,0,0,0,0,0,0,0,0,0,0,0,0,3,0,0,10
LGA59320,5,10,0,10,13,16,9,53,4,122,0,3,4,3,0,12,4,9,0,33,0,0,0,0,0,0,0,0,0,0,0,0,0,0,0,0,0,0,0,0,0,0,0,0,0,0,0,0,0,0,0,0,0,0,0,0,0,0,0,0,0,0,0,0,0,0,0,0,0,4,0,0,0,0,0,0,0,0,0,5,0,0,0,0,0,0,0,4,0,3,0,0,0,0,0,0,0,0,0,4,0,0,0,0,0,0,0,0,0,0,0,0,0,0,0,0,0,0,0,0,0,0,0,0,0,0,0,0,0,0,0,0,0,0,0,0,0,0,0,3,0,0,0,0,0,0,0,0,0,0,0,4,0,0,0,0,0,0,0,8,0,4,0,6,0,0,4,3,0,17,3,3,0,3,0,0,0,0,0,12,0,0,0,0,0,0,0,0,0,0,0,0,0,0,0,0,0,0,0,0
LGA59330,4,7,3,6,11,20,11,44,3,116,0,6,0,7,0,4,0,0,0,26,0,0,0,0,0,0,0,0,0,0,0,0,0,0,0,0,0,0,0,0,0,0,0,0,0,0,0,0,0,0,0,0,0,0,0,0,0,0,0,0,0,0,0,0,0,0,0,0,0,3,0,0,0,0,0,0,0,0,0,5,0,0,0,0,0,0,0,0,0,0,0,0,4,0,0,0,0,0,0,3,0,0,0,0,0,0,0,0,0,0,0,0,0,0,0,0,0,0,0,0,0,0,0,0,0,0,0,0,0,0,0,0,0,0,0,0,0,0,0,0,0,0,0,0,0,0,0,0,0,0,0,0,0,0,5,3,0,0,0,9,3,3,3,0,0,0,0,3,0,23,0,0,0,4,0,3,0,0,0,16,0,0,0,0,0,0,0,0,0,0,0,0,0,0,0,0,0,0,0,0
LGA59340,75,101,64,61,282,334,127,511,57,1615,0,8,0,5,16,17,10,37,0,101,0,0,0,0,0,0,0,4,0,10,0,0,3,0,0,0,0,5,0,14,0,0,0,0,4,4,0,0,0,8,0,0,3,3,4,12,3,12,0,34,0,0,0,0,4,0,0,8,0,8,7,26,7,15,22,27,11,16,3,126,3,16,9,9,31,20,24,36,5,145,0,6,4,0,8,18,6,12,0,54,0,0,4,0,0,0,0,0,0,7,4,0,0,3,0,0,0,0,0,14,0,0,0,0,3,0,0,3,0,7,3,5,3,3,18,5,4,9,0,53,0,9,4,6,15,19,3,15,0,71,12,11,6,6,32,35,9,17,0,132,11,36,22,37,61,32,17,51,0,269,25,33,32,45,129,80,13,35,9,394,0,0,0,0,6,3,0,4,0,22,3,6,4,4,11,8,0,9,0,48
LGA59350,5,3,4,0,3,6,3,60,4,88,0,0,0,0,0,0,0,4,0,4,0,0,0,0,0,0,0,4,0,0,0,0,0,0,0,0,0,0,0,0,0,0,0,0,0,0,0,0,0,0,0,0,0,0,0,0,0,3,0,3,0,0,0,0,0,0,0,0,0,0,0,0,0,0,0,0,0,0,0,0,0,0,0,0,0,0,0,4,0,4,0,0,0,0,0,0,0,0,0,0,0,0,0,0,0,0,0,0,0,0,0,0,0,0,0,0,0,0,0,0,0,0,0,0,0,0,0,0,0,0,0,0,0,0,0,0,0,0,0,0,0,0,0,0,0,0,0,0,0,0,0,0,0,0,6,0,0,3,0,3,0,0,5,0,0,4,0,0,0,6,0,0,0,0,0,0,0,0,0,0,0,0,0,0,0,0,0,0,0,0,0,0,0,0,0,0,0,0,0,0
LGA59360,24,14,20,5,24,38,32,231,10,401,0,6,3,0,0,8,0,12,0,27,0,0,0,0,0,3,0,22,0,29,0,0,0,0,0,0,0,0,0,3,0,0,0,0,0,0,0,0,0,0,0,0,0,0,0,0,0,0,0,5,0,0,0,0,0,0,0,0,0,3,0,3,0,0,3,0,8,0,0,18,0,3,4,0,3,0,0,4,0,19,0,3,4,0,0,3,0,0,0,15,0,0,0,0,0,0,0,0,0,0,0,0,0,0,0,0,0,0,0,0,0,0,0,0,0,0,0,0,0,0,0,0,0,0,0,0,0,0,0,0,0,0,0,0,0,0,0,0,0,5,0,0,0,0,0,6,0,3,0,16,0,4,6,3,0,0,4,7,0,25,7,0,3,0,3,7,4,0,0,29,0,0,0,0,0,0,0,0,0,0,0,0,0,0,0,0,0,0,0,3
LGA59370,47,64,58,41,78,127,55,225,17,726,6,20,8,6,6,11,3,12,0,65,0,0,0,0,0,0,0,5,0,10,0,4,0,0,0,0,0,4,0,15,0,0,0,0,0,3,0,0,0,6,0,0,3,0,3,3,0,0,0,18,0,4,3,3,0,0,0,0,0,13,0,16,14,13,11,5,4,5,0,67,4,21,13,4,4,0,3,8,0,61,0,4,3,0,0,0,0,3,0,16,0,0,0,0,0,0,0,0,0,0,0,0,0,0,0,0,0,0,0,4,0,0,3,0,3,0,0,0,0,6,5,10,3,3,3,5,3,7,0,33,0,4,0,0,0,0,0,0,0,18,0,5,11,4,16,11,0,8,0,47,6,11,19,8,14,12,7,14,0,93,11,31,29,23,29,14,3,8,0,146,0,0,0,4,0,0,0,0,0,11,0,8,0,0,5,0,0,0,0,13
LGA59499,95,88,71,48,92,146,51,283,18,899,0,5,5,6,10,5,0,5,0,38,3,0,0,3,4,0,3,26,0,38,0,4,6,7,3,3,4,0,0,21,0,0,0,0,0,6,0,0,0,5,10,4,0,0,3,6,3,3,0,25,0,0,0,0,3,0,0,0,0,5,10,4,3,0,10,9,0,6,0,47,4,30,18,14,21,24,10,16,0,142,7,4,4,0,3,5,0,4,0,29,0,3,0,0,0,0,0,0,0,7,3,3,0,4,0,0,0,0,0,13,0,4,0,0,0,0,0,0,0,3,9,15,8,7,0,7,0,0,0,44,5,6,0,5,4,3,0,3,0,29,3,0,0,0,9,5,0,5,0,32,10,15,13,3,3,3,6,0,0,50,19,21,21,10,18,14,0,9,0,124,0,6,0,0,0,3,0,5,0,17,3,6,5,6,6,3,0,0,0,24
LGA59799,9,11,5,0,4,4,9,198,5,246,0,0,0,0,0,0,0,4,0,5,0,0,0,0,0,0,0,4,0,4,0,0,0,0,0,0,0,0,0,0,0,0,0,0,0,0,0,0,0,0,0,0,0,0,0,0,0,0,0,0,0,0,0,0,0,0,0,0,0,0,0,0,0,0,0,0,0,0,0,0,0,0,0,0,0,0,0,0,0,4,0,0,0,0,0,0,0,3,0,4,0,0,0,0,0,0,0,0,0,0,0,0,0,0,0,0,0,0,0,0,0,0,0,0,0,0,0,0,0,0,0,0,0,0,0,0,0,0,0,0,0,0,0,0,0,0,0,0,0,0,0,0,0,0,0,0,0,0,0,0,0,0,0,0,0,0,0,0,0,0,0,0,0,0,0,0,0,0,0,0,0,0,0,0,0,0,0,0,0,0,0,0,0,0,0,0,0,0,0,0
