LGA_CODE_2021,P_Germany_0_4,P_Germany_5_14,P_Germany_15_24,P_Germany_25_44,P_Germany_45_54,P_Germany_55_64,P_Germany_65_74,P_Germany_75_84,P_Germany_85ov,P_Germany_Tot,P_Greece_0_4,P_Greece_5_14,P_Greece_15_24,P_Greece_25_44,P_Greece_45_54,P_Greece_55_64,P_Greece_65_74,P_Greece_75_84,P_Greece_85ov,P_Greece_Tot,P_Hong_Kong_SAR_Ch_0_4,P_Hong_Kong_SAR_Ch_5_14,P_Hong_Kong_SAR_Ch_15_24,P_Hong_Kong_SAR_Ch_25_44,P_Hong_Kong_SAR_Ch_45_54,P_Hong_Kong_SAR_Ch_55_64,P_Hong_Kong_SAR_Ch_65_74,P_Hong_Kong_SAR_Ch_75_84,P_Hong_Kong_SAR_Ch_85ov,P_Hong_Kong_SAR_Ch_Tot,P_India_0_4,P_India_5_14,P_India_15_24,P_India_25_44,P_India_45_54,P_India_55_64,P_India_65_74,P_India_75_84,P_India_85ov,P_India_Tot,P_Indonesia_0_4,P_Indonesia_5_14,P_Indonesia_15_24,P_Indonesia_25_44,P_Indonesia_45_54,P_Indonesia_55_64,P_Indonesia_65_74,P_Indonesia_75_84,P_Indonesia_85ov,P_Indonesia_Tot,P_Iran_0_4,P_Iran_5_14,P_Iran_15_24,P_Iran_25_44,P_Iran_45_54,P_Iran_55_64,P_Iran_65_74,P_Iran_75_84,P_Iran_85ov,P_Iran_Tot,P_Iraq_0_4,P_Iraq_5_14,P_Iraq_15_24,P_Iraq_25_44,P_Iraq_45_54,P_Iraq_55_64,P_Iraq_65_74,P_Iraq_75_84,P_Iraq_85ov,P_Iraq_Tot,P_Ireland_0_4,P_Ireland_5_14,P_Ireland_15_24,P_Ireland_25_44,P_Ireland_45_54,P_Ireland_55_64,P_Ireland_65_74,P_Ireland_75_84,P_Ireland_85ov,P_Ireland_Tot,P_Italy_0_4,P_Italy_5_14,P_Italy_15_24,P_Italy_25_44,P_Italy_45_54,P_Italy_55_64,P_Italy_65_74,P_Italy_75_84,P_Italy_85ov,P_Italy_Tot,P_Japan_0_4,P_Japan_5_14,P_Japan_15_24,P_Japan_25_44,P_Japan_45_54,P_Japan_55_64,P_Japan_65_74,P_Japan_75_84,P_Japan_85ov,P_Japan_Tot,P_Korea_South_0_4,P_Korea_South_5_14,P_Korea_South_15_24,P_Korea_South_25_44,P_Korea_South_45_54,P_Korea_South_55_64,P_Korea_South_65_74,P_Korea_South_75_84,P_Korea_South_85ov,P_Korea_South_Tot,P_Lebanon_0_4,P_Lebanon_5_14,P_Lebanon_15_24,P_Lebanon_25_44,P_Lebanon_45_54,P_Lebanon_55_64,P_Lebanon_65_74,P_Lebanon_75_84,P_Lebanon_85ov,P_Lebanon_Tot,P_Malaysia_0_4,P_Malaysia_5_14,P_Malaysia_15_24,P_Malaysia_25_44,P_Malaysia_45_54,P_Malaysia_55_64,P_Malaysia_65_74,P_Malaysia_75_84,P_Malaysia_85ov,P_Malaysia_Tot,P_Malta_0_4,P_Malta_5_14,P_Malta_15_24,P_Malta_25_44,P_Malta_45_54,P_Malta_55_64,P_Malta_65_74,P_Malta_75_84,P_Malta_85ov,P_Malta_Tot,P_Mauritius_0_4,P_Mauritius_5_14,P_Mauritius_15_24,P_Mauritius_25_44,P_Mauritius_45_54,P_Mauritius_55_64,P_Mauritius_65_74,P_Mauritius_75_84,P_Mauritius_85ov,P_Mauritius_Tot,P_Myanmar_0_4,P_Myanmar_5_14,P_Myanmar_15_24,P_Myanmar_25_44,P_Myanmar_45_54,P_Myanmar_55_64,P_Myanmar_65_74,P_Myanmar_75_84,P_Myanmar_85ov,P_Myanmar_Tot,P_Nepal_0_4,P_Nepal_5_14,P_Nepal_15_24,P_Nepal_25_44,P_Nepal_45_54,P_Nepal_55_64,P_Nepal_65_74,P_Nepal_75_84,P_Nepal_85ov,P_Nepal_Tot,P_Netherlands_0_4,P_Netherlands_5_14,P_Netherlands_15_24,P_Netherlands_25_44,P_Netherlands_45_54,P_Netherlands_55_64,P_Netherlands_65_74,P_Netherlands_75_84,P_Netherlands_85ov,P_Netherlands_Tot,P_New_Zealand_0_4,P_New_Zealand_5_14,P_New_Zealand_15_24,P_New_Zealand_25_44,P_New_Zealand_45_54,P_New_Zealand_55_64,P_New_Zealand_65_74,P_New_Zealand_75_84,P_New_Zealand_85ov,P_New_Zealand_Tot,P_North_Macedonia_0_4,P_North_Macedonia_5_14,P_North_Macedonia_15_24,P_North_Macedonia_25_44,P_North_Macedonia_45_54,P_North_Macedonia_55_64,P_North_Macedonia_65_74,P_North_Macedonia_75_84,P_North_Macedonia_85ov,P_North_Macedonia_Tot
LGA50080,0,0,5,39,28,23,75,40,11,220,0,0,0,0,0,3,0,3,0,5,0,0,0,11,6,5,0,0,0,25,0,3,3,67,17,9,18,14,4,136,0,7,9,30,11,8,10,0,0,73,0,0,0,4,0,6,6,0,0,12,0,0,0,0,0,0,0,0,0,5,0,0,0,21,4,14,13,9,0,67,0,0,0,20,9,17,33,43,24,147,0,0,0,10,9,6,0,0,0,28,0,0,5,7,3,0,0,0,0,19,0,0,0,0,0,0,0,0,0,0,0,0,3,32,9,13,10,4,0,75,0,0,0,0,0,3,0,3,0,6,0,0,0,8,0,5,0,0,0,11,0,0,11,47,20,11,13,8,0,106,0,0,0,8,0,0,0,0,0,6,0,4,5,22,21,24,88,75,14,254,0,20,40,171,139,162,94,41,7,676,0,0,0,0,3,0,0,0,0,4
LGA50210,0,0,8,64,39,47,76,72,17,321,0,0,0,0,0,0,5,3,0,10,0,12,11,83,23,7,9,0,0,142,35,482,374,3638,519,246,206,66,18,5582,4,29,61,314,100,52,29,5,0,590,0,11,8,64,24,17,0,3,0,124,0,0,14,59,13,9,6,3,0,103,0,48,17,119,29,44,46,43,9,362,0,0,3,30,16,43,93,66,22,278,6,6,4,45,23,6,8,3,4,100,8,24,8,166,30,10,12,0,0,255,0,6,3,17,14,7,5,3,0,55,4,67,132,647,177,139,126,39,3,1324,0,0,3,0,3,6,11,7,0,29,0,13,34,129,28,13,16,5,0,233,0,6,32,238,76,100,58,16,10,530,0,0,8,81,9,4,0,0,0,103,0,7,12,50,70,58,164,131,49,545,29,265,307,1027,506,490,259,54,16,2953,0,0,0,4,0,0,0,0,0,11
LGA50250,0,0,0,5,0,3,0,0,0,7,0,0,0,0,0,0,0,0,0,0,0,0,0,4,0,0,0,0,0,0,0,0,0,26,5,0,0,0,0,37,3,9,0,21,5,0,0,0,0,46,0,0,0,6,0,0,0,0,0,6,0,0,0,0,0,0,0,0,0,0,0,0,7,47,3,5,0,0,0,56,0,0,3,7,3,3,0,0,0,15,0,0,0,3,0,0,0,0,0,5,0,0,0,0,0,0,0,0,0,6,0,0,0,0,0,0,0,0,0,7,0,0,0,5,0,0,0,0,0,14,0,0,0,0,0,0,0,0,0,0,0,0,0,0,0,0,0,0,0,0,0,0,0,0,0,0,6,0,0,6,0,0,0,0,0,0,0,0,0,0,0,0,3,4,0,5,0,0,0,13,3,17,38,164,87,80,16,5,0,409,0,0,0,0,0,0,0,0,0,3
LGA50280,0,0,0,64,20,16,22,19,5,148,0,0,0,4,0,0,0,0,0,3,0,0,0,7,0,0,0,0,0,12,0,0,0,20,0,3,6,3,0,35,0,3,4,18,7,0,0,0,0,39,0,0,0,0,0,0,0,0,0,0,0,0,0,0,0,0,0,0,0,0,0,0,6,30,14,9,13,8,3,81,0,0,0,79,0,8,0,9,6,104,0,0,3,17,7,3,0,0,0,30,0,0,0,22,0,0,0,0,0,26,0,0,0,0,0,0,0,0,0,0,0,0,0,10,4,4,0,0,0,26,0,0,0,0,0,5,3,0,0,7,0,0,0,3,0,0,0,0,0,6,0,0,3,0,0,0,0,0,0,3,0,0,0,0,0,0,0,0,0,0,0,0,4,18,3,11,21,0,4,69,4,20,14,181,89,101,56,12,5,481,0,0,0,0,0,4,0,0,0,4
LGA50350,0,0,0,25,3,13,20,12,3,72,0,0,0,0,0,0,10,0,0,9,0,0,0,15,0,6,0,4,0,25,0,19,9,118,23,32,37,28,8,280,0,5,0,26,11,3,0,0,0,47,0,0,0,4,0,0,0,0,0,9,0,3,0,3,0,0,0,0,0,14,0,0,5,90,26,14,13,5,0,147,0,4,5,17,8,15,44,34,28,148,0,0,0,20,4,0,0,0,0,33,0,0,3,20,3,0,0,0,0,30,0,0,0,0,0,0,0,0,0,0,0,0,4,36,14,20,18,8,0,105,0,0,0,0,0,7,5,12,5,27,0,0,0,21,0,0,10,7,0,42,0,0,0,5,3,17,16,8,0,54,0,0,0,26,3,0,0,0,0,31,0,0,0,7,8,5,9,14,7,51,0,10,27,157,73,104,47,18,7,432,0,0,0,4,0,3,8,5,0,15
LGA50420,0,0,16,91,47,41,88,54,17,346,0,7,15,11,9,16,51,54,39,199,0,3,12,171,32,46,39,4,0,321,9,144,169,1085,201,238,236,164,49,2294,0,13,30,172,53,38,24,8,0,344,0,14,31,134,33,28,19,9,0,266,0,9,14,67,22,21,7,0,0,148,4,7,22,399,53,52,52,40,14,637,4,11,15,156,60,118,381,354,184,1282,8,9,11,92,53,17,5,3,0,196,0,7,8,180,25,13,3,0,0,234,0,0,0,24,5,10,3,0,0,47,0,21,52,422,154,146,187,106,22,1112,0,0,0,4,8,5,22,15,3,57,0,0,19,120,33,51,37,30,9,299,0,5,14,58,58,92,110,41,27,398,0,10,55,221,7,5,0,0,0,302,0,5,8,39,16,21,52,50,28,214,5,46,96,581,237,270,192,56,9,1491,0,0,3,26,31,30,28,31,7,162
LGA50490,0,0,10,39,8,24,46,25,5,160,0,0,0,0,5,0,3,7,7,23,0,0,22,137,25,18,17,7,0,222,18,68,163,834,129,93,76,59,30,1459,7,9,30,179,79,22,29,6,3,363,0,0,10,97,13,7,4,0,0,136,0,6,16,46,21,8,5,0,0,97,0,4,15,211,23,33,22,21,10,346,0,4,8,69,13,26,73,95,47,328,5,4,8,56,27,8,0,0,0,107,0,4,12,225,35,7,4,0,0,297,0,0,4,20,11,8,10,10,0,62,4,27,70,404,120,91,66,30,6,824,0,0,0,0,0,0,10,3,3,26,0,5,26,101,14,20,11,13,7,194,0,0,5,66,40,64,47,28,22,276,4,3,43,216,17,5,0,0,0,292,0,0,4,10,6,9,17,28,10,84,14,77,118,513,243,265,137,26,9,1396,0,0,0,10,0,4,3,0,0,24
LGA50560,0,0,0,5,0,0,4,3,0,11,0,0,0,0,0,0,0,0,0,0,0,0,0,0,0,0,0,0,0,0,0,0,0,5,0,0,0,0,4,7,0,0,0,0,0,0,0,0,0,0,0,0,0,0,0,0,0,0,0,0,0,0,0,0,0,0,0,0,0,0,0,0,0,4,0,0,0,3,0,6,0,0,0,0,0,0,0,0,0,3,0,0,0,0,0,0,0,0,0,0,0,0,0,0,0,0,0,0,0,0,0,0,0,0,0,0,0,0,0,0,0,0,0,0,0,0,5,3,0,8,0,0,0,0,0,0,0,0,0,0,0,0,0,0,0,0,0,0,0,0,0,0,0,0,0,0,0,0,0,0,0,0,0,0,0,0,0,0,0,0,0,0,0,0,0,0,0,5,4,14,0,0,0,5,12,12,13,3,0,43,0,0,0,0,0,0,0,0,0,0
LGA50630,0,0,0,0,0,0,5,0,0,3,0,0,0,0,0,0,0,0,0,0,0,0,0,0,0,0,0,0,0,0,0,0,0,6,0,0,0,0,0,7,0,0,0,4,0,0,0,0,0,6,0,0,0,0,0,0,0,0,0,0,0,0,0,0,0,0,0,0,0,0,0,0,0,5,0,0,0,0,0,3,0,0,0,0,0,0,0,0,0,0,0,0,0,0,5,0,0,0,0,4,0,0,0,0,0,0,0,0,0,0,0,0,0,0,0,0,0,0,0,0,0,0,0,0,0,3,0,0,0,3,0,0,0,0,0,0,0,0,0,0,0,0,0,0,0,0,0,0,0,0,0,0,0,0,0,0,0,0,0,0,0,0,0,0,0,0,0,0,0,0,0,0,0,0,0,4,5,0,0,9,0,4,3,29,7,11,5,0,0,61,0,0,0,0,0,0,0,0,0,0
LGA50770,0,0,0,6,0,0,5,0,0,11,0,0,0,0,0,0,0,0,0,0,0,0,0,0,0,0,0,0,0,0,0,0,0,0,0,3,0,0,0,5,0,0,0,0,0,0,0,0,0,0,0,0,0,0,0,0,0,0,0,0,0,0,0,0,0,0,0,0,0,0,0,0,0,0,0,0,0,0,0,4,0,0,0,0,0,0,0,0,0,0,0,0,0,0,0,0,0,0,0,0,0,0,0,0,0,0,0,0,0,0,0,0,0,0,0,0,0,0,0,0,0,0,0,0,0,0,0,0,0,0,0,0,0,0,0,0,0,0,0,0,0,0,0,0,0,0,0,0,0,3,0,0,0,0,0,0,0,0,0,0,0,0,0,0,0,0,0,0,0,0,0,0,0,0,0,0,0,0,0,6,0,0,0,16,7,14,10,0,0,49,0,0,0,0,0,0,0,0,0,0
LGA50840,0,4,0,5,0,6,10,5,0,28,0,0,0,0,0,0,0,0,0,0,0,0,0,0,0,0,3,0,0,3,0,0,0,0,0,0,0,0,0,5,0,0,0,0,0,0,0,0,0,3,0,0,0,0,0,0,0,0,0,0,0,0,0,0,0,0,0,0,0,0,0,4,0,4,3,4,3,0,0,20,0,0,0,0,0,0,10,5,0,11,0,0,0,0,0,5,0,0,0,4,0,0,0,0,0,0,0,0,0,0,0,0,0,0,0,0,0,0,0,0,0,0,0,0,0,0,4,0,0,8,0,0,0,0,0,0,0,0,0,0,0,0,0,0,0,0,0,0,0,0,0,0,0,0,0,0,0,0,0,4,0,0,0,0,0,0,0,0,0,0,0,0,0,0,0,0,18,9,3,32,0,4,3,30,22,48,37,5,3,150,0,0,0,0,0,0,0,0,0,0
LGA50910,0,0,0,0,0,0,0,0,0,0,0,0,0,0,0,0,0,0,0,0,0,0,0,0,0,0,0,0,0,0,0,0,0,0,0,0,0,0,0,3,0,0,0,0,0,0,0,0,0,0,0,0,0,0,0,0,0,0,0,0,0,0,0,0,0,0,0,0,0,0,0,0,0,0,0,0,0,0,0,0,0,0,0,0,0,0,0,0,0,0,0,0,0,0,0,0,0,0,0,0,0,0,0,0,0,0,0,0,0,0,0,0,0,0,0,0,0,0,0,0,0,0,0,0,0,0,0,0,0,3,0,0,0,0,0,0,0,0,0,0,0,0,0,0,0,0,0,0,0,0,0,0,0,0,0,0,0,0,0,0,0,0,0,0,0,0,0,0,0,0,0,0,0,0,0,0,0,0,0,3,0,0,0,3,4,4,5,0,0,12,0,0,0,0,0,0,0,0,0,0
LGA50980,0,0,11,42,19,11,9,5,6,95,0,0,0,0,0,0,0,0,0,0,0,0,0,8,0,0,7,0,0,18,3,3,0,51,5,3,9,0,0,71,0,0,0,17,0,5,0,0,0,26,0,0,0,0,0,0,0,0,0,3,0,0,0,0,0,0,0,0,0,0,0,0,0,27,4,5,11,4,0,51,0,0,3,32,6,0,5,0,0,50,0,0,0,14,7,0,0,0,0,24,0,0,0,5,3,0,0,0,0,12,0,0,0,0,0,0,0,0,0,0,0,0,3,14,0,4,5,0,0,25,0,0,0,0,0,0,0,0,0,0,0,0,0,5,0,0,0,0,0,8,0,0,0,0,0,0,0,0,0,4,0,0,0,6,0,0,0,0,0,6,0,0,9,11,9,9,14,0,0,45,0,6,20,104,77,61,32,8,0,305,0,0,0,0,0,0,0,0,0,0
LGA51080,0,0,0,0,0,0,0,0,0,5,0,0,0,0,0,0,0,0,0,0,0,0,0,0,0,0,0,0,0,0,0,0,0,0,0,0,0,0,0,0,0,0,0,0,0,0,0,0,0,0,0,0,0,0,0,0,0,0,0,0,0,0,0,0,0,0,0,0,0,0,0,0,0,0,0,0,0,0,0,0,0,0,0,0,0,0,0,0,0,0,0,0,0,0,0,0,0,0,0,0,0,0,0,0,0,0,0,0,0,0,0,0,0,0,0,0,0,0,0,0,0,0,0,0,0,0,0,0,0,0,0,0,0,0,0,0,0,0,0,0,0,0,0,0,0,0,0,0,0,0,0,0,0,0,0,0,0,0,0,0,0,0,0,0,0,0,0,0,0,0,0,0,0,0,0,0,0,0,0,0,0,0,4,0,3,5,9,0,0,20,0,0,0,0,0,0,0,0,0,0
LGA51120,0,0,0,0,0,0,4,0,0,7,0,0,0,0,0,0,0,0,0,0,0,0,0,0,0,0,0,0,0,0,0,0,0,0,0,0,0,0,0,0,0,0,0,0,0,0,0,0,0,0,0,0,0,0,0,0,0,0,0,0,0,0,0,0,0,0,0,0,0,0,0,0,0,0,0,0,0,0,0,0,0,0,0,0,0,0,0,0,0,0,0,0,0,0,0,0,0,0,0,0,0,0,0,0,0,0,0,0,0,0,0,0,0,0,0,0,0,0,0,0,0,0,0,0,0,0,0,0,0,0,0,0,0,0,0,0,0,0,0,0,0,0,0,0,0,0,0,0,0,0,0,0,0,0,0,0,0,0,0,0,0,0,0,0,0,0,0,0,0,0,0,0,0,0,0,0,0,0,0,3,0,0,0,0,5,0,0,0,0,13,0,0,0,0,0,0,0,0,0,0
LGA51190,0,0,6,19,3,12,41,28,9,120,0,0,0,0,4,3,0,6,3,20,0,5,0,24,4,0,0,0,0,33,6,21,12,159,27,11,8,7,4,255,0,6,9,36,14,6,4,0,0,81,0,5,0,14,0,0,0,0,0,23,0,0,0,12,3,0,0,0,0,16,6,8,11,41,28,16,31,8,4,158,0,0,0,16,9,20,70,57,64,232,0,5,0,16,13,4,0,0,0,38,0,3,6,41,4,0,0,0,0,53,0,0,0,7,3,6,6,3,0,27,0,0,5,45,19,12,11,9,0,102,0,0,0,0,0,4,0,3,0,8,0,0,3,13,0,5,9,3,0,30,0,0,0,10,9,0,0,0,0,20,0,4,8,37,0,0,0,0,0,43,0,6,0,8,16,25,32,22,14,122,5,36,73,249,161,174,123,27,13,862,0,0,0,0,0,0,0,0,0,0
LGA51260,3,4,11,84,25,22,49,27,10,222,0,0,0,0,0,0,0,0,0,4,0,0,0,11,3,3,0,0,0,19,0,0,10,91,8,18,11,15,13,164,0,14,3,30,19,7,0,0,0,75,0,0,0,0,0,0,0,0,0,5,0,0,0,0,0,0,0,0,0,0,0,8,5,52,26,21,38,20,4,170,0,0,0,41,4,4,15,12,9,95,0,0,4,31,4,0,3,0,0,43,0,5,0,45,0,0,0,0,0,48,0,0,0,0,0,0,0,0,0,0,0,4,4,16,7,15,11,4,0,53,0,0,0,0,0,4,0,3,0,9,0,0,0,3,3,0,0,0,0,11,0,0,0,5,0,0,3,0,0,19,0,0,4,15,0,0,0,0,0,19,3,5,3,18,11,20,57,29,8,155,0,46,37,262,177,205,158,53,8,956,0,0,0,0,0,0,0,0,0,0
LGA51310,0,9,13,33,40,22,26,25,8,164,0,0,5,0,4,7,12,9,13,53,0,19,11,28,16,10,13,7,0,104,3,29,23,172,68,38,39,26,8,406,3,7,0,40,11,12,6,6,3,88,0,4,6,46,15,9,7,3,4,93,0,0,0,0,0,0,0,0,0,3,0,16,9,140,40,57,41,36,46,384,0,14,3,38,23,14,45,52,42,235,5,17,8,39,29,11,3,5,6,126,0,15,3,28,19,0,0,0,0,63,0,0,0,0,6,0,0,0,0,11,6,18,32,149,88,67,72,33,16,472,0,0,0,0,0,3,0,0,0,3,0,0,3,14,9,4,0,0,0,33,0,0,3,3,3,5,0,7,0,26,0,0,12,35,0,0,0,0,0,53,6,4,15,17,30,19,21,13,13,136,0,17,20,99,99,102,69,22,3,435,0,0,0,3,0,0,4,0,0,12
LGA51330,0,3,7,48,38,38,57,53,10,273,0,3,0,7,5,4,10,3,0,39,6,36,163,374,87,91,74,23,7,855,63,517,1034,3943,1033,480,281,152,68,7570,13,82,257,781,300,145,145,36,12,1774,0,31,40,182,73,34,27,17,4,409,0,28,43,79,60,17,11,4,0,245,0,44,29,128,43,36,56,41,9,397,0,6,3,56,19,49,181,147,81,547,3,13,19,83,61,24,15,11,0,234,8,86,105,561,213,103,30,6,0,1107,0,10,7,20,26,20,16,9,0,109,14,269,939,1972,856,759,733,300,58,5901,0,0,0,0,0,0,16,4,0,25,0,13,46,185,41,35,17,3,3,349,0,10,31,144,98,109,121,44,24,581,9,14,149,504,43,16,0,0,0,730,3,0,6,30,16,19,71,79,32,249,9,181,232,468,290,327,185,63,23,1775,0,0,0,3,3,0,4,0,0,11
LGA51400,0,0,4,11,7,13,22,10,0,67,0,0,0,0,0,0,0,0,0,0,0,0,0,0,0,0,3,0,0,5,0,13,3,69,13,6,7,4,0,127,0,0,0,9,6,0,0,0,0,19,0,0,0,4,0,0,0,0,0,5,0,0,0,0,0,0,0,0,0,0,0,12,7,25,9,7,9,3,0,59,0,0,0,4,0,0,10,4,0,19,0,0,0,5,0,4,0,0,0,6,0,0,0,9,0,0,0,0,0,11,0,0,0,6,0,0,6,0,0,14,0,0,0,8,6,4,4,3,0,30,0,0,0,0,0,5,0,0,0,3,0,0,0,0,5,6,0,0,0,10,0,0,0,0,0,0,6,0,0,3,0,0,0,5,0,0,0,0,0,5,0,0,3,3,15,9,10,9,6,53,5,34,49,152,97,95,45,11,0,485,0,0,0,0,0,0,0,0,0,0
LGA51470,0,0,0,0,0,0,0,0,0,4,0,0,0,0,0,0,0,0,0,0,0,0,0,0,0,0,0,0,0,0,0,0,0,3,0,0,0,0,0,3,0,0,0,0,0,0,0,0,0,0,0,0,0,0,0,0,0,0,0,0,0,0,0,0,0,0,0,0,0,0,0,0,0,0,0,0,0,0,0,3,0,0,0,0,0,0,0,0,0,0,0,0,0,0,0,0,0,0,0,0,0,0,0,0,0,0,0,0,0,0,0,0,0,0,0,0,0,0,0,0,0,0,0,0,0,0,0,0,0,0,0,0,0,0,0,0,0,0,0,0,0,0,0,0,0,0,0,0,0,0,0,0,0,0,0,0,0,0,0,0,0,0,0,0,0,0,0,0,0,0,0,0,0,0,0,0,0,0,0,0,0,0,0,4,4,6,5,0,0,14,0,0,0,0,0,0,0,0,0,0
LGA51540,0,0,5,6,0,0,6,4,0,21,0,0,0,0,0,0,0,0,0,0,0,0,5,5,0,0,0,0,0,3,0,0,3,15,4,0,0,0,0,24,0,0,0,5,0,0,0,0,0,4,0,0,0,4,0,0,0,0,0,4,0,0,0,0,0,0,0,0,0,0,0,0,0,11,0,0,0,0,0,14,0,0,0,8,0,3,3,8,0,22,0,0,0,16,0,0,0,0,0,15,0,0,0,8,0,0,0,0,0,12,0,0,0,0,0,0,0,0,0,0,0,0,5,32,10,6,0,0,0,53,0,0,0,0,0,0,0,0,0,0,0,0,0,0,0,0,0,0,0,0,0,0,0,0,0,0,0,0,0,0,0,0,0,0,0,0,0,0,0,0,0,0,0,0,4,0,0,0,0,11,0,0,9,15,20,15,19,5,3,88,0,0,0,0,0,0,0,0,0,0
LGA51610,0,0,0,0,4,0,0,3,0,15,0,0,0,0,0,0,0,0,0,0,0,0,0,0,0,0,0,0,0,0,0,0,0,0,0,0,0,0,0,0,0,0,0,0,0,0,0,0,0,0,0,0,0,0,0,0,0,0,0,0,0,0,0,0,0,0,0,0,0,0,0,0,0,0,0,0,0,0,0,5,0,0,0,0,0,0,0,0,0,0,0,0,0,0,0,0,0,0,0,0,0,0,0,0,0,0,0,0,0,0,0,0,0,0,0,0,0,0,0,0,0,0,0,0,0,0,0,0,0,0,0,0,0,0,0,0,0,0,0,0,0,0,0,0,3,0,0,0,0,5,0,0,0,0,0,0,0,0,0,0,0,0,0,0,0,0,0,0,0,0,0,0,0,0,0,0,0,0,0,0,0,4,0,4,5,3,6,5,0,26,0,0,0,0,0,0,0,0,0,0
LGA51680,0,0,0,0,5,5,10,0,0,23,0,0,0,0,0,0,0,0,0,0,0,0,0,0,0,0,0,0,0,3,0,0,0,7,3,5,0,0,0,22,0,0,0,0,0,0,0,0,0,0,0,0,0,0,0,0,0,0,0,0,0,0,0,0,0,0,0,0,0,0,0,0,0,0,4,0,0,7,0,16,0,0,0,0,0,0,7,0,0,9,0,0,0,0,0,0,0,0,0,0,0,0,0,0,0,0,0,0,0,0,0,0,0,0,0,0,0,0,0,0,0,0,0,0,3,0,0,3,0,8,0,0,0,0,0,0,0,0,0,0,0,0,0,3,0,0,0,0,0,3,0,0,0,0,0,0,0,0,0,0,0,0,0,0,0,0,0,0,0,0,0,0,0,0,9,9,7,10,3,33,0,7,8,41,52,49,26,6,0,181,0,0,0,0,0,0,0,0,0,0
LGA51710,0,0,0,0,0,0,0,0,0,3,0,0,0,0,0,0,0,0,0,0,0,0,0,0,0,0,0,0,0,0,0,0,0,22,0,0,0,0,0,22,3,3,0,8,0,0,0,0,0,17,0,0,3,12,0,0,0,0,0,11,0,0,0,13,4,0,0,0,0,12,0,0,0,0,0,0,0,0,0,5,0,0,0,0,0,0,0,0,0,0,0,0,0,0,0,0,0,0,0,0,0,0,0,5,0,0,0,0,0,0,0,0,0,3,0,0,0,0,0,8,0,14,8,70,65,53,90,22,4,314,0,0,0,0,0,0,0,0,0,0,0,0,0,0,0,0,0,0,0,0,0,0,0,3,5,0,0,0,0,9,0,0,0,0,0,0,0,0,0,0,0,0,0,0,0,0,0,0,0,0,0,0,4,11,7,9,0,0,0,32,0,0,0,0,0,0,0,0,0,0
LGA51750,0,6,3,12,14,11,3,13,0,59,0,0,0,0,0,0,0,0,6,6,0,18,10,5,8,5,3,0,0,61,0,9,7,33,20,11,12,8,5,104,0,0,5,9,6,4,6,0,4,29,0,0,0,17,4,6,0,0,4,39,0,0,0,0,0,0,0,0,0,3,0,3,0,48,9,15,13,6,4,89,0,0,0,10,4,3,12,6,4,42,7,19,6,30,9,5,5,0,0,88,0,0,3,3,0,0,0,0,0,14,0,0,0,0,0,0,0,0,0,0,0,8,6,26,17,22,13,8,6,110,0,0,0,0,0,0,5,0,0,6,0,0,0,5,0,0,0,0,0,5,0,0,0,0,0,3,0,0,0,7,0,0,0,0,0,0,0,0,0,0,0,7,4,3,7,12,11,7,0,47,0,4,4,34,42,34,34,11,3,176,0,0,0,0,0,0,0,0,0,6
LGA51820,3,24,28,211,88,68,80,47,11,558,0,0,0,0,8,6,9,7,3,30,11,9,43,151,26,42,32,7,5,318,20,137,152,1296,281,169,147,63,30,2293,4,24,64,376,148,61,53,24,7,759,0,23,32,219,55,32,12,10,0,381,0,8,0,24,10,3,3,0,0,50,4,44,32,399,106,66,45,28,14,749,0,18,14,243,86,202,440,379,227,1608,3,14,18,99,56,11,11,4,0,218,5,15,28,261,56,36,10,0,0,413,0,4,4,19,12,16,10,0,0,63,0,65,152,646,237,220,188,71,18,1595,0,0,0,5,0,6,11,5,4,28,0,6,16,100,14,27,27,7,0,201,0,0,0,37,20,22,23,12,10,130,0,8,22,114,7,0,0,0,0,162,0,9,15,54,39,50,64,55,39,319,27,182,317,1295,610,462,252,57,12,3205,0,0,0,6,0,7,7,4,0,24
LGA51860,0,0,0,0,0,0,0,0,0,0,0,0,0,0,0,0,0,0,0,0,0,0,0,0,0,0,0,0,0,0,0,0,0,0,0,0,0,0,0,0,0,0,0,0,0,0,0,0,0,0,0,0,0,0,0,0,0,0,0,0,0,0,0,0,0,0,0,0,0,0,0,0,0,0,0,0,0,0,0,0,0,0,0,0,0,0,0,0,0,0,0,0,0,0,0,0,0,0,0,0,0,0,0,0,0,0,0,0,0,0,0,0,0,0,0,0,0,0,0,0,0,0,0,11,10,6,0,0,0,24,0,0,0,0,0,0,0,0,0,0,0,0,0,0,0,0,0,0,0,0,0,0,0,0,0,0,0,0,0,0,0,0,0,0,0,0,0,0,0,0,0,0,0,0,0,0,0,0,0,0,0,0,0,0,0,0,0,0,0,7,0,0,0,0,0,0,0,0,0,0
LGA51890,0,0,0,0,3,0,27,12,0,46,0,0,0,0,0,0,0,0,0,0,0,0,0,0,0,0,0,0,0,0,0,0,0,0,0,5,0,5,0,14,0,0,0,6,0,0,0,3,0,15,0,4,0,0,0,0,0,0,0,6,0,0,0,0,0,0,0,0,0,0,0,0,0,3,0,0,3,6,0,14,0,0,0,0,0,5,8,14,8,35,0,0,0,5,0,0,0,0,0,7,0,0,0,5,0,0,0,0,0,5,0,0,0,0,0,0,0,0,0,0,0,0,0,3,5,0,0,0,0,9,0,0,0,0,0,0,0,0,0,3,0,0,0,0,0,0,0,0,0,5,0,0,0,0,0,0,0,0,0,0,0,0,0,0,0,0,0,0,0,0,0,0,0,0,0,3,8,4,0,17,0,9,14,46,34,55,32,4,0,203,0,0,0,0,0,0,0,0,0,0
LGA51960,0,0,0,7,0,0,0,3,0,11,0,0,0,0,0,0,0,0,0,0,0,0,0,0,0,0,0,0,0,0,0,0,0,9,0,0,0,0,0,10,0,0,0,0,0,0,0,0,0,8,0,0,0,0,0,0,0,0,0,0,0,0,0,0,0,0,0,0,0,0,0,0,0,6,0,0,5,0,0,6,0,0,0,0,0,0,0,0,0,0,0,0,0,0,0,0,0,0,0,0,0,0,0,0,0,0,0,0,0,0,0,0,0,0,0,0,0,0,0,0,0,0,0,0,0,0,0,0,0,5,0,0,0,0,0,0,0,0,0,0,0,0,0,0,0,0,0,0,0,0,0,0,0,0,0,0,0,0,0,0,0,0,0,3,0,0,0,0,0,7,0,0,0,0,0,0,0,0,0,0,4,20,26,82,55,45,32,4,0,266,0,0,0,0,0,0,0,0,0,5
LGA52030,0,0,0,0,0,0,0,0,0,0,0,0,0,0,0,0,0,0,0,0,0,0,0,0,0,0,0,0,0,0,0,0,0,0,0,0,0,0,0,0,0,0,0,0,0,0,0,0,0,0,0,0,0,0,0,0,0,0,0,0,0,0,0,0,0,0,0,0,0,0,0,0,0,0,0,0,0,0,0,4,0,0,0,0,0,0,0,0,0,0,0,0,0,0,0,0,0,0,0,0,0,0,0,0,0,0,0,0,0,0,0,0,0,0,0,0,0,0,0,0,0,0,0,0,0,0,0,0,0,0,0,0,0,0,0,0,0,0,0,0,0,0,0,0,0,0,0,0,0,0,0,0,0,0,0,0,0,0,0,0,0,0,0,0,0,0,0,0,0,0,0,0,0,0,0,0,3,0,0,5,0,0,0,8,6,6,9,3,0,28,0,0,0,0,0,0,0,0,0,0
LGA52100,0,0,0,0,0,0,0,0,0,3,0,0,0,0,0,0,0,0,0,0,0,0,0,0,0,0,0,0,0,0,0,0,0,4,0,0,0,0,0,4,0,0,0,0,0,0,0,0,0,5,0,0,0,0,0,0,0,0,0,0,0,0,0,0,0,0,0,0,0,0,0,0,0,0,0,0,0,0,0,0,0,0,0,0,0,0,0,3,0,3,0,0,0,0,0,0,0,0,0,0,0,0,0,0,0,0,0,0,0,0,0,0,0,0,0,0,0,0,0,0,0,0,0,0,0,0,0,0,0,0,0,0,0,0,0,0,0,0,0,0,0,0,0,0,0,0,0,0,0,0,0,0,0,0,0,0,0,0,0,0,0,0,0,0,0,0,0,0,0,0,0,0,0,0,0,0,0,0,0,0,0,5,0,11,3,6,3,0,0,33,0,0,0,0,0,0,0,0,0,0
LGA52170,0,0,0,10,7,0,6,9,0,33,0,0,0,0,0,0,0,0,0,0,0,0,9,9,4,4,0,0,0,21,0,0,0,7,3,3,0,3,0,27,0,0,6,5,3,0,3,0,0,17,0,0,0,0,0,0,5,0,0,3,0,0,0,0,0,0,0,0,0,0,3,5,4,46,14,13,4,0,0,90,0,5,0,21,12,0,3,12,0,53,0,0,0,0,0,0,0,0,0,6,0,0,0,0,0,0,0,0,0,4,0,0,0,3,0,0,0,0,0,4,0,0,0,11,10,7,10,0,0,32,0,0,0,0,0,0,0,0,0,0,0,0,0,0,0,0,4,0,0,3,0,0,0,0,0,0,0,0,0,6,0,0,0,0,0,0,0,0,0,0,0,3,0,4,0,0,7,0,0,25,4,0,10,50,21,32,15,10,0,132,0,0,0,0,0,0,0,0,0,0
LGA52240,0,0,0,0,0,0,4,0,0,4,0,0,0,0,0,0,0,0,0,0,0,0,0,0,0,0,0,0,0,0,0,0,0,0,0,0,0,0,0,4,0,0,0,0,0,0,0,0,0,0,0,0,0,0,0,0,0,0,0,0,0,0,0,0,0,0,0,0,0,0,0,0,0,0,0,0,0,0,0,0,0,0,0,0,0,0,0,0,0,0,0,0,0,0,0,0,0,0,0,0,0,0,0,0,0,0,0,0,0,0,0,0,0,0,0,0,0,0,0,0,0,0,0,0,0,0,0,0,0,0,0,0,0,0,0,0,0,0,0,0,0,0,0,0,0,0,0,0,0,0,0,0,0,0,0,0,0,0,0,0,0,0,0,0,0,0,0,0,0,0,0,0,0,0,0,0,0,0,0,0,0,0,0,8,9,8,3,0,0,32,0,0,0,0,0,0,0,0,0,0
LGA52310,0,0,0,0,0,4,0,0,0,4,0,0,0,0,0,0,0,0,0,0,0,0,0,0,0,0,0,0,0,0,0,0,0,0,0,0,0,0,0,0,0,0,0,0,0,0,0,0,0,0,0,0,0,0,0,0,0,0,0,0,0,0,0,0,0,0,0,0,0,0,0,0,0,0,0,0,0,0,0,0,0,0,0,0,0,0,0,0,0,0,0,0,0,0,0,0,0,0,0,0,0,0,0,0,0,0,0,0,0,0,0,0,0,0,0,0,0,0,0,0,0,0,0,0,0,0,0,0,0,0,0,0,0,0,0,0,0,0,0,0,0,0,0,0,0,0,0,0,0,0,0,0,0,0,0,0,0,0,0,0,0,0,0,0,0,0,0,0,0,0,0,0,0,0,0,0,0,5,0,3,0,0,0,0,3,6,8,0,0,20,0,0,0,0,0,0,0,0,0,0
LGA52380,0,0,0,0,0,0,0,0,0,0,0,0,0,0,0,0,0,0,0,0,0,0,0,0,0,0,0,0,0,0,0,0,0,0,0,0,0,0,0,0,0,0,0,0,0,0,0,0,0,0,0,0,0,0,0,0,0,0,0,0,0,0,0,0,0,0,0,0,0,0,0,0,0,0,0,0,0,0,0,0,0,0,0,0,0,0,0,0,0,0,0,0,0,0,0,0,0,0,0,0,0,0,0,0,0,0,0,0,0,0,0,0,0,0,0,0,0,0,0,0,0,0,0,0,0,0,0,0,0,0,0,0,0,0,0,0,0,0,0,0,0,0,0,0,0,0,0,0,0,0,0,0,0,0,0,0,0,0,0,0,0,0,0,0,0,0,0,0,0,0,0,0,0,0,0,0,3,0,0,3,0,0,4,3,0,4,3,0,0,9,0,0,0,0,0,0,0,0,0,0
LGA52450,0,0,0,0,0,0,0,0,0,3,0,0,0,0,0,0,0,0,0,0,0,0,0,0,0,0,0,0,0,0,0,0,0,3,0,3,0,0,0,7,0,0,0,0,0,0,0,0,0,0,0,0,0,0,0,0,0,0,0,0,0,0,0,0,0,0,0,0,0,0,0,0,0,0,0,0,0,0,0,0,0,0,0,0,0,0,0,0,0,0,0,0,0,0,0,0,0,0,0,0,0,0,0,0,0,0,0,0,0,0,0,0,0,0,0,0,0,0,0,0,0,0,0,0,0,0,0,0,0,0,0,0,0,0,0,0,0,0,0,0,0,0,0,0,0,0,0,0,0,0,0,0,0,0,0,0,0,0,0,0,0,0,0,0,0,0,0,0,0,0,0,0,0,0,0,0,3,0,0,7,0,0,0,8,4,9,3,0,0,26,0,0,0,0,0,0,0,0,0,0
LGA52520,0,0,4,4,0,0,0,0,0,6,0,0,0,0,0,0,0,0,0,0,0,0,0,0,0,0,0,0,0,0,0,0,0,0,0,3,0,0,0,3,0,0,0,0,0,0,0,0,0,0,0,0,0,0,0,0,0,0,0,0,0,0,0,0,0,0,0,0,0,0,0,0,0,5,0,0,0,0,0,5,0,0,0,0,0,0,0,0,0,0,0,0,0,0,0,0,0,0,0,0,0,0,0,0,0,0,0,0,0,0,0,0,0,0,0,0,0,0,0,0,0,0,0,0,0,0,0,0,0,0,0,0,0,0,0,0,0,0,0,0,0,0,0,0,0,0,0,0,0,0,0,0,0,0,0,0,0,0,0,0,0,0,0,0,0,0,0,0,0,0,0,0,0,0,0,0,0,0,0,3,0,0,0,14,3,14,4,0,0,34,0,0,0,0,0,0,0,0,0,0
LGA52590,0,0,0,3,0,0,3,4,0,13,0,0,0,0,0,0,0,0,0,0,0,0,0,0,0,0,0,0,0,0,0,0,4,8,0,0,0,0,0,10,0,0,3,3,4,0,0,0,0,13,0,0,0,0,0,0,0,0,0,0,0,0,0,0,0,0,0,0,0,0,0,0,0,0,0,0,3,0,0,4,0,0,0,3,0,0,5,0,0,5,0,0,0,0,0,0,0,0,0,6,0,0,0,3,0,0,0,0,0,3,0,0,0,0,0,0,0,0,0,0,0,0,0,0,0,0,0,0,0,0,0,0,0,0,0,0,0,0,0,3,0,0,0,0,0,0,0,0,0,0,0,0,0,0,0,0,0,0,0,0,0,0,0,5,0,0,0,0,0,5,0,0,0,0,0,0,0,4,0,6,0,0,0,18,14,30,19,8,0,88,0,0,0,0,0,0,0,0,0,0
LGA52660,0,0,0,11,10,5,9,10,0,38,0,0,0,0,0,0,0,0,0,4,0,0,4,3,0,4,0,0,0,7,0,5,5,55,8,3,0,0,0,84,0,3,4,9,0,0,0,0,0,13,0,0,0,10,0,0,0,0,0,10,0,0,0,7,0,0,0,0,0,11,0,0,0,26,10,3,7,0,0,54,0,0,0,5,0,6,7,13,8,33,0,0,0,5,3,0,0,0,0,8,0,0,0,16,0,0,0,0,0,19,0,0,0,0,0,0,0,0,0,0,0,0,3,17,0,0,3,0,0,21,0,0,0,0,0,0,5,0,0,4,0,0,0,3,0,3,0,0,0,13,0,0,0,7,0,0,0,0,0,11,0,0,6,5,0,0,0,0,0,6,0,0,3,3,10,9,25,23,4,74,3,28,32,131,73,88,46,12,0,409,0,0,0,0,0,0,0,0,0,0
LGA52730,0,0,0,12,8,5,17,6,0,61,0,0,0,0,0,0,0,0,0,0,0,0,0,0,0,0,0,0,0,0,0,0,0,0,0,0,0,3,0,13,0,0,0,9,0,0,3,0,0,18,0,0,0,0,0,0,0,0,0,0,0,0,0,0,0,0,0,0,0,0,0,0,0,4,0,5,8,8,0,24,0,0,0,0,0,6,0,0,0,10,0,0,0,0,0,0,0,0,0,4,0,0,0,0,0,0,0,0,0,0,0,0,0,0,0,0,0,0,0,0,0,0,0,0,0,6,4,0,0,13,0,0,0,0,0,0,0,0,0,0,0,0,3,0,0,0,0,0,0,3,0,0,0,0,0,3,0,0,0,3,0,0,0,0,0,0,0,0,0,0,0,0,0,5,3,5,16,19,0,48,0,3,4,11,28,43,25,3,0,118,0,0,0,0,0,0,0,0,0,0
LGA52800,0,0,0,0,0,0,3,0,0,8,0,0,0,0,0,0,0,0,0,0,0,0,0,0,0,4,0,0,0,0,0,0,0,25,3,0,0,0,0,35,0,0,0,0,0,0,0,0,0,6,0,0,0,0,0,0,0,0,0,0,0,0,0,0,0,0,0,0,0,0,0,0,0,3,4,5,0,0,0,8,0,0,0,4,0,0,0,0,0,5,0,0,0,0,0,0,0,0,0,0,0,0,0,5,0,0,0,0,0,3,0,0,0,0,0,0,0,0,0,0,0,0,0,9,0,0,0,0,0,8,0,0,0,0,0,0,0,0,0,0,0,0,0,3,0,0,0,0,0,7,0,0,0,0,0,0,0,0,0,0,0,0,0,0,0,0,0,0,0,0,0,0,0,0,0,0,0,0,0,0,0,4,14,38,19,36,14,5,0,127,0,0,0,0,0,0,0,0,0,0
LGA52870,0,0,0,8,8,6,11,0,0,32,0,0,0,0,0,0,0,0,0,3,0,0,0,5,0,0,0,0,0,0,0,0,0,4,0,0,0,0,0,12,0,0,0,4,0,0,0,0,0,7,0,0,0,0,0,0,0,0,0,0,0,0,0,0,0,0,0,0,0,0,0,0,0,4,0,0,4,6,0,15,0,0,0,0,0,3,18,13,13,47,0,0,0,3,0,0,0,0,0,3,0,0,0,8,0,0,0,0,0,5,0,0,0,0,0,0,0,0,0,0,0,0,0,4,0,8,4,0,0,16,0,0,0,0,0,0,0,0,0,0,0,0,0,0,0,0,0,0,0,0,0,0,0,0,0,0,0,0,0,0,0,0,0,0,0,0,0,0,0,0,0,0,0,7,0,6,7,3,0,30,3,4,9,26,24,37,30,14,6,143,0,0,0,0,0,0,0,0,0,0
LGA52940,0,0,0,0,0,0,0,0,0,0,0,0,0,0,0,0,0,0,0,0,0,0,0,0,0,0,0,0,0,0,0,0,0,0,0,0,0,0,0,0,0,0,0,0,0,0,0,0,0,0,0,0,0,0,0,0,0,0,0,0,0,0,0,0,0,0,0,0,0,0,0,0,0,0,0,0,0,0,0,0,0,0,0,0,0,0,0,0,0,0,0,0,0,0,0,0,0,0,0,0,0,0,0,0,0,0,0,0,0,0,0,0,0,0,0,0,0,0,0,0,0,0,0,0,0,0,0,0,0,0,0,0,0,0,0,0,0,0,0,0,0,0,0,0,0,0,0,0,0,0,0,0,0,0,0,0,0,0,0,0,0,0,0,0,0,0,0,0,0,0,0,0,0,0,0,0,0,4,0,5,0,0,0,6,3,0,0,0,0,8,0,0,0,0,0,0,0,0,0,0
LGA53010,0,0,0,0,0,0,3,0,0,3,0,0,0,0,0,0,0,0,0,0,0,0,0,0,0,0,0,0,0,0,0,0,0,0,0,0,0,0,0,0,0,0,0,0,0,0,0,0,0,0,0,0,0,0,0,0,0,0,0,0,0,0,0,0,0,0,0,0,0,0,0,0,0,0,0,0,0,0,0,0,0,0,0,0,0,0,0,0,0,0,0,0,0,0,0,0,0,0,0,0,0,0,0,0,0,0,0,0,0,0,0,0,0,0,0,0,0,0,0,0,0,0,0,0,0,0,0,0,0,0,0,0,0,0,0,0,0,0,0,0,0,0,0,0,0,0,0,0,0,0,0,0,0,0,0,0,0,0,0,0,0,0,0,0,0,0,0,0,0,0,0,0,0,0,0,0,0,0,0,0,0,0,0,8,0,6,4,0,0,13,0,0,0,0,0,0,0,0,0,0
LGA53080,0,0,0,0,0,0,0,3,0,6,0,0,0,0,0,0,0,0,0,0,0,0,0,0,0,0,0,0,0,0,0,0,0,0,0,0,0,0,0,0,0,0,0,0,0,0,0,0,0,0,0,0,0,0,0,0,0,0,0,0,0,0,0,0,0,0,0,0,0,0,0,0,0,0,0,0,0,0,0,0,0,0,0,0,0,0,0,0,0,0,0,0,0,0,0,0,0,0,0,0,0,0,0,0,0,0,0,0,0,0,0,0,0,0,0,0,0,0,0,0,0,0,0,0,0,0,0,0,0,0,0,0,0,0,0,0,0,0,0,0,0,0,0,0,0,0,0,0,0,0,0,0,0,0,0,0,0,0,0,0,0,0,0,0,0,0,0,0,0,0,0,0,0,3,0,0,0,4,0,7,0,0,0,12,6,9,8,0,0,39,0,0,0,0,0,0,0,0,0,0
LGA53150,0,0,0,17,12,4,5,7,0,50,0,0,0,0,0,0,0,0,0,0,0,3,0,3,4,0,0,0,0,7,0,0,3,0,5,4,3,4,0,23,0,0,3,5,0,0,0,3,0,11,0,0,0,5,0,4,3,0,0,11,0,0,0,0,0,0,0,0,0,0,0,5,6,26,15,12,5,0,3,80,0,0,6,9,4,8,13,37,18,106,0,0,0,0,0,3,0,0,0,10,0,0,0,4,0,0,0,0,0,10,0,0,0,0,0,0,0,0,0,0,0,0,0,3,5,6,6,4,0,28,0,0,0,0,0,0,0,0,0,0,0,0,0,0,0,0,0,0,0,5,0,0,0,0,0,4,0,0,0,5,0,0,0,0,0,0,0,0,0,0,0,0,0,4,0,0,9,14,0,32,0,3,7,29,34,38,26,5,0,142,0,0,0,0,0,0,0,0,0,0
LGA53220,0,0,0,4,3,0,6,0,0,8,0,0,0,0,0,0,0,0,0,0,0,0,0,5,0,0,0,0,0,5,0,5,4,48,7,3,0,0,0,70,0,0,3,19,10,7,0,0,0,33,0,0,0,7,0,0,0,0,0,7,0,0,0,4,0,0,0,0,0,4,0,0,0,40,3,6,0,0,0,54,0,0,0,5,0,0,0,0,0,14,0,0,0,0,0,0,0,0,0,0,0,0,3,0,0,0,0,0,0,3,0,0,0,0,0,4,0,0,0,3,0,0,5,15,3,4,0,0,0,25,0,0,0,0,0,0,0,0,0,0,0,3,3,9,3,3,0,0,0,16,0,0,0,0,6,0,0,0,0,6,0,0,0,7,0,0,0,0,0,7,0,0,0,9,0,0,0,0,0,10,7,24,50,261,131,114,18,0,0,604,0,0,0,0,0,3,0,0,0,8
LGA53290,0,0,0,16,5,13,17,19,0,69,0,0,0,0,3,0,0,0,0,3,4,0,0,5,0,3,0,0,0,18,0,5,0,11,0,0,0,3,0,25,0,0,0,4,6,0,3,0,0,18,0,0,0,0,0,0,0,0,0,4,0,0,0,0,0,0,0,0,0,0,0,0,0,19,4,0,0,3,0,28,0,0,0,0,3,0,9,4,3,16,0,0,0,0,0,0,0,0,0,0,0,0,0,4,0,0,0,0,0,4,0,0,0,0,0,0,0,0,0,0,0,0,0,0,3,3,0,0,0,11,0,0,0,0,0,0,0,0,0,0,0,0,0,0,0,0,0,0,0,4,0,0,0,0,0,0,0,0,0,0,0,0,0,0,0,0,0,0,0,0,0,0,4,5,3,7,16,4,0,37,7,9,13,110,58,98,57,18,0,368,0,0,0,0,0,0,0,0,0,0
LGA53360,0,0,3,17,10,0,0,0,0,29,0,0,0,0,0,0,0,0,0,0,0,0,0,0,0,0,0,0,0,0,0,0,0,4,0,0,0,0,0,3,0,0,0,5,0,0,0,0,0,5,0,0,0,0,0,0,0,0,0,0,0,0,0,0,0,0,0,0,0,0,0,0,0,0,0,0,0,0,0,5,0,0,4,13,0,0,0,0,0,14,0,0,0,0,0,0,0,0,0,7,0,0,0,0,0,0,0,0,0,0,0,0,0,0,0,0,0,0,0,0,0,0,0,4,0,0,3,0,0,4,0,0,0,0,0,0,0,0,0,0,0,0,0,0,0,0,0,0,0,0,0,0,0,0,0,0,0,0,0,0,0,0,0,4,0,0,0,0,0,4,0,0,0,3,0,0,4,0,0,16,0,0,0,37,11,17,13,0,0,76,0,0,0,0,0,0,0,0,0,0
LGA53430,0,7,12,133,49,32,35,27,3,298,0,0,0,0,0,0,3,3,3,14,0,5,7,21,7,5,3,0,0,54,0,7,3,50,17,25,30,10,9,155,3,7,10,31,15,11,5,0,0,87,0,0,3,14,7,4,7,0,0,32,0,0,0,4,3,6,0,0,0,10,7,9,17,160,47,44,21,22,8,322,4,3,18,83,42,58,145,192,195,744,0,4,8,35,22,10,10,0,0,93,0,0,0,12,3,4,0,0,0,20,0,0,0,0,0,7,0,0,0,8,0,12,14,25,33,20,18,10,0,129,0,0,0,0,0,0,3,3,0,7,0,0,0,6,5,4,3,4,0,22,0,0,0,0,0,6,0,3,7,11,0,0,6,3,0,0,0,0,0,8,0,0,3,45,16,16,25,15,13,136,4,20,23,227,130,158,94,27,0,681,0,0,0,0,0,3,5,0,0,10
LGA53570,0,0,3,12,0,5,14,4,0,40,0,0,0,0,0,0,0,0,0,5,0,0,0,9,0,0,0,0,0,13,0,0,0,5,0,0,0,5,0,12,0,0,0,3,6,0,0,0,0,6,0,0,0,0,0,0,0,0,0,0,0,0,0,0,0,0,0,0,0,5,0,0,7,13,4,0,3,0,0,37,0,0,0,5,0,3,10,7,0,37,0,0,0,4,0,0,0,0,0,8,0,0,0,0,0,0,0,0,0,3,0,0,0,0,0,0,0,0,0,0,0,0,4,11,3,0,0,0,0,20,0,0,0,0,0,0,4,3,0,5,0,0,0,0,0,6,0,0,0,3,0,0,0,0,0,0,0,0,0,3,0,0,0,4,0,0,0,0,0,4,0,0,0,0,3,5,6,8,0,22,0,3,3,32,30,50,29,12,0,156,0,0,0,0,0,4,0,0,0,5
LGA53640,0,0,0,3,0,0,0,0,0,4,0,0,0,0,0,0,0,0,0,0,0,0,0,0,0,0,0,0,0,0,0,0,0,0,0,0,0,0,0,5,0,0,0,0,0,0,0,0,0,4,0,0,0,0,0,0,0,0,0,0,0,0,0,0,0,0,0,0,0,0,0,0,0,0,0,0,0,0,0,0,0,0,0,0,0,0,0,0,0,5,0,0,0,0,0,0,0,0,0,0,0,0,0,0,0,0,0,0,0,0,0,0,0,0,0,0,0,0,0,0,0,0,0,0,0,0,0,0,0,0,0,0,0,0,0,0,0,0,0,0,0,0,0,0,0,0,0,0,0,0,0,0,0,0,0,0,0,0,0,0,0,0,0,0,0,0,0,0,0,0,0,0,0,0,0,0,4,0,0,7,0,0,5,15,0,8,3,0,0,32,0,0,0,0,0,0,0,0,0,0
LGA53710,0,0,0,0,0,0,0,0,0,0,0,0,0,0,0,0,0,0,0,0,0,0,0,0,0,0,0,0,0,0,0,0,0,0,0,0,0,0,0,7,0,0,0,0,0,0,0,0,0,0,0,0,0,0,0,0,0,0,0,0,0,0,0,0,0,0,0,0,0,0,0,0,0,7,0,0,0,0,0,7,0,0,0,0,0,0,0,0,0,0,0,0,0,0,0,0,0,0,0,0,0,0,0,0,0,0,0,0,0,0,0,0,0,0,0,0,0,0,0,0,0,0,0,0,0,0,0,0,0,0,0,0,0,0,0,0,0,0,0,0,0,0,0,0,0,0,0,0,0,0,0,0,0,0,0,0,0,0,0,0,0,0,0,0,0,0,0,0,0,0,0,0,0,0,0,0,3,0,0,13,0,0,0,0,0,7,0,3,0,17,0,0,0,0,0,0,0,0,0,0
LGA53780,0,3,8,60,29,60,98,70,18,344,0,0,0,0,8,6,4,5,3,21,3,10,27,195,30,46,30,4,0,342,65,451,817,4237,907,511,398,215,57,7659,14,120,185,805,361,151,125,43,3,1805,0,24,71,194,37,33,20,4,0,383,0,22,42,202,108,72,19,3,6,477,0,32,12,136,48,54,75,59,12,428,0,0,10,48,25,64,169,109,85,510,3,10,6,60,39,9,4,0,0,130,3,32,30,317,71,33,16,4,0,511,4,7,12,44,54,32,26,3,0,179,26,185,405,1383,560,605,515,147,38,3863,0,0,0,3,0,15,15,10,0,46,0,29,58,263,69,46,36,13,0,511,0,31,144,664,302,240,216,89,39,1725,0,7,23,211,17,8,6,0,0,279,0,0,6,12,26,33,129,110,55,379,27,281,400,1065,628,590,281,90,15,3376,0,0,0,4,0,0,5,0,0,11
LGA53800,0,3,9,34,16,26,31,15,5,147,0,0,0,0,0,3,0,3,3,12,0,0,0,7,0,0,0,0,0,11,4,25,9,128,24,17,8,11,0,223,0,16,3,40,20,0,3,7,3,84,0,0,0,4,0,0,0,0,0,5,0,3,0,0,0,0,0,0,0,9,0,4,5,34,17,7,15,12,3,84,0,0,0,9,4,11,33,42,21,119,0,0,3,3,4,0,0,0,0,10,0,0,0,9,0,0,0,0,0,9,0,0,0,0,0,0,0,0,0,0,0,0,5,34,15,15,4,0,0,78,0,0,0,0,0,0,0,7,0,11,0,0,4,4,0,4,0,0,0,10,0,0,0,5,3,4,3,0,0,16,0,3,0,19,4,0,0,0,0,25,0,0,0,14,10,7,29,20,10,93,4,30,37,182,113,171,120,37,8,689,0,0,0,0,0,0,3,3,0,8
LGA53920,0,0,0,3,0,0,0,0,0,5,0,0,0,0,0,0,0,0,0,0,0,0,0,0,0,0,0,0,0,0,0,0,0,6,0,0,0,0,0,5,0,0,0,0,0,0,0,0,0,3,0,0,0,0,0,0,0,0,0,0,0,0,0,0,0,0,0,0,0,0,0,5,0,3,0,0,0,0,0,8,0,0,0,0,0,0,0,0,0,0,0,0,0,0,0,0,0,0,0,0,0,0,0,0,0,0,0,0,0,0,0,0,0,0,0,0,0,0,0,0,0,0,0,0,0,0,0,0,0,0,0,0,0,0,0,0,0,0,0,0,0,0,0,0,0,0,0,0,0,0,0,0,0,0,0,0,0,0,0,0,0,0,0,0,0,0,0,0,0,0,0,0,0,0,0,0,0,0,0,0,0,0,0,12,11,10,7,0,0,37,0,0,0,0,0,0,0,0,0,0
LGA53990,0,0,3,10,7,21,28,18,0,93,0,0,0,0,0,0,0,0,0,6,0,0,0,10,0,0,0,0,0,9,0,12,12,82,12,17,12,5,3,159,0,5,0,25,3,0,3,0,0,36,0,0,0,0,4,0,0,0,0,4,0,0,3,0,0,0,0,0,0,15,0,3,9,29,21,22,3,8,0,98,0,0,3,3,8,11,54,47,24,161,0,0,0,4,3,0,5,0,0,12,0,0,0,36,5,0,0,0,0,44,0,0,0,0,0,0,0,0,0,0,0,6,5,28,6,10,5,4,0,64,0,0,0,0,0,0,0,0,0,7,0,0,0,5,0,0,0,0,0,10,0,0,3,6,4,5,8,0,0,20,0,0,0,0,0,0,0,0,0,0,0,0,0,9,11,20,46,22,8,109,8,63,97,258,192,175,123,28,4,941,0,0,0,0,0,0,0,0,0,3
LGA54060,0,0,0,4,0,0,7,6,0,15,0,0,0,0,0,0,0,0,0,0,0,0,0,0,0,0,0,0,0,0,0,0,0,0,4,0,0,0,0,7,0,0,0,0,0,0,0,0,0,6,0,0,0,0,0,0,0,0,0,0,0,0,0,0,0,0,0,0,0,0,0,0,0,0,4,0,5,0,0,10,0,0,0,0,0,0,5,0,0,5,0,0,0,0,0,0,0,0,0,0,0,0,0,0,0,0,0,0,0,0,0,0,0,0,0,0,0,0,0,0,0,0,0,0,0,0,0,0,0,0,0,0,0,0,0,0,0,0,0,0,0,0,0,0,0,0,0,0,0,0,0,0,0,0,0,0,0,0,0,0,0,0,0,0,0,0,0,0,0,0,0,0,0,0,0,0,6,7,0,16,0,0,4,22,24,21,16,13,0,97,0,0,0,0,0,0,0,0,0,0
LGA54130,0,0,0,6,3,0,0,0,0,7,0,0,0,0,0,0,0,0,0,0,0,0,0,0,0,0,0,0,0,0,0,0,0,0,0,0,0,0,0,0,0,0,0,0,0,0,0,0,0,0,0,0,0,0,0,0,0,0,0,0,0,0,0,0,0,0,0,0,0,0,0,0,0,0,0,0,0,0,0,3,0,0,0,5,0,0,0,0,0,5,0,0,0,0,0,0,0,0,0,0,0,0,0,0,0,0,0,0,0,0,0,0,0,0,0,0,0,0,0,0,0,0,0,0,0,0,0,0,0,0,0,0,0,0,0,0,0,0,0,0,0,0,0,0,0,0,0,0,0,0,0,0,0,0,0,0,0,0,0,0,0,0,0,0,0,0,0,0,0,0,0,0,0,0,0,0,3,0,0,8,0,0,0,12,9,6,3,0,0,37,0,0,0,0,0,0,0,0,0,0
LGA54170,4,19,36,204,163,122,194,132,34,910,0,0,8,9,3,33,45,33,8,146,5,14,16,71,46,61,53,12,5,281,4,49,83,426,171,228,186,149,49,1339,4,29,36,151,71,38,50,18,0,396,0,28,28,236,77,36,44,8,0,465,0,5,8,12,19,7,5,3,0,54,11,168,177,1100,362,338,297,123,39,2611,6,22,28,146,77,109,246,150,69,847,0,26,20,90,76,36,17,10,3,285,6,10,21,81,17,12,6,5,0,154,0,0,0,8,14,8,13,0,0,47,5,31,61,233,140,189,249,83,25,1013,0,0,3,10,3,17,17,6,4,56,0,3,15,48,18,47,46,19,16,203,0,0,0,20,28,70,77,34,11,247,0,0,9,34,0,0,0,0,0,49,5,13,22,85,67,67,189,140,46,630,24,163,268,1272,831,796,538,140,24,4051,0,3,0,27,19,40,41,10,5,152
LGA54200,0,7,12,45,46,42,91,63,13,307,0,0,0,5,0,0,3,3,0,14,0,0,3,45,3,8,4,0,4,78,8,86,72,626,135,84,89,74,22,1208,3,10,16,79,41,24,16,3,8,201,0,0,5,17,5,0,0,0,0,31,0,0,0,0,5,3,0,0,0,8,0,11,28,144,65,60,51,53,13,429,0,5,0,17,15,54,130,106,69,398,0,0,0,29,10,6,3,4,0,53,0,0,0,25,6,3,0,0,0,42,0,0,0,11,0,4,6,7,0,36,0,8,16,169,51,55,67,16,8,402,0,0,0,0,0,9,14,3,0,25,0,3,14,36,15,18,11,6,3,102,0,0,0,21,27,34,37,11,9,139,0,0,0,21,0,0,0,0,0,30,0,0,7,25,30,40,69,69,26,265,3,123,161,586,379,409,216,55,15,1940,0,0,0,0,0,0,0,0,0,0
LGA54280,0,0,0,26,13,8,15,7,3,71,0,0,0,0,0,0,0,0,0,7,0,0,3,3,0,0,0,0,0,7,3,27,28,236,50,14,14,11,0,382,0,5,10,38,15,4,5,0,0,73,0,3,3,30,8,0,0,0,0,41,0,5,0,5,0,0,0,0,0,5,0,3,3,67,7,9,0,4,0,95,0,0,0,14,0,10,4,3,6,36,0,0,0,0,4,0,0,0,0,4,0,6,0,27,4,0,0,0,0,30,0,0,0,0,0,0,0,0,0,0,0,0,4,26,4,10,3,0,0,42,0,0,0,0,0,0,0,0,0,5,0,0,0,5,0,0,0,0,0,3,0,0,0,8,0,0,0,0,0,12,0,0,0,14,0,0,0,0,0,20,0,0,0,5,0,7,13,0,0,30,18,144,240,731,367,386,143,26,5,2056,0,0,0,0,0,0,0,0,0,0
LGA54310,0,0,8,19,3,10,3,3,0,41,0,0,0,4,0,0,0,0,0,9,0,0,0,5,6,6,0,0,0,14,6,23,8,172,32,16,0,0,0,261,4,8,9,32,15,0,0,0,0,70,0,0,0,3,4,0,0,0,0,4,0,0,0,0,0,0,0,0,0,4,0,6,0,79,10,8,0,0,0,104,0,0,0,10,0,4,3,0,0,14,0,0,0,8,3,0,0,0,0,17,0,0,0,11,0,0,0,0,0,9,0,0,0,0,0,0,0,0,0,0,0,0,3,22,15,5,0,0,0,45,0,0,0,0,0,0,3,0,0,3,0,3,0,11,0,0,0,0,0,11,0,7,0,13,5,0,0,0,0,27,0,4,5,26,4,0,0,0,0,39,0,0,0,9,3,6,0,3,0,31,10,37,62,387,194,154,53,3,0,899,0,0,0,5,0,4,4,0,0,17
LGA54340,0,0,0,0,0,0,4,0,0,11,0,0,0,0,0,0,0,0,0,0,0,0,0,0,0,0,0,0,0,0,0,3,0,0,0,0,0,3,0,8,0,0,0,0,8,3,0,0,0,15,0,0,5,0,0,0,0,0,0,5,0,0,0,5,0,0,0,0,0,5,0,0,0,0,0,0,0,0,0,4,0,0,0,0,0,0,3,7,4,18,0,0,0,0,0,0,0,0,0,0,0,0,0,0,0,0,0,0,0,0,0,0,0,0,0,0,0,0,0,0,0,0,0,10,4,9,0,0,0,30,0,0,0,0,0,0,0,0,0,0,0,0,0,0,0,0,0,0,0,0,0,0,10,62,41,14,9,0,3,134,0,0,0,0,0,0,0,0,0,0,0,0,0,3,0,0,9,3,0,10,6,4,17,48,23,18,14,3,0,132,0,0,0,0,0,0,0,0,0,0
LGA54410,0,0,0,0,0,0,0,3,0,0,0,0,0,0,0,0,0,0,0,0,0,0,0,0,0,0,0,0,0,0,0,0,0,6,0,0,0,0,0,6,0,0,0,0,0,0,0,0,0,0,0,0,0,0,0,0,0,0,0,0,0,0,0,0,0,0,0,0,0,0,0,0,0,0,0,0,0,0,0,0,0,0,0,0,0,0,0,0,0,3,0,0,0,0,0,0,0,0,0,0,0,0,0,0,0,0,0,0,0,0,0,0,0,0,0,0,0,0,0,0,0,0,0,3,0,0,0,0,0,3,0,0,0,0,0,0,0,0,0,0,0,0,0,0,0,0,0,0,0,0,0,0,0,0,0,0,0,0,0,0,0,0,0,4,0,0,0,0,0,3,0,0,0,0,0,0,0,0,0,7,0,0,0,3,7,10,6,4,0,26,0,0,0,0,0,0,0,0,0,0
LGA54480,0,0,3,4,0,0,0,0,0,9,0,0,0,0,0,0,0,0,0,0,0,0,0,0,0,0,0,0,0,0,0,0,0,4,0,0,0,0,0,4,0,0,0,0,0,0,0,0,0,0,0,0,0,0,0,0,0,0,0,0,0,0,0,0,0,0,0,0,0,0,0,0,0,0,0,0,0,0,0,0,0,0,0,0,0,0,0,0,0,0,0,0,0,0,0,0,0,0,0,0,0,0,0,0,0,0,0,0,0,0,0,0,0,0,0,0,0,0,0,0,0,0,0,0,0,0,0,0,0,0,0,0,0,0,0,0,0,0,0,0,0,0,0,0,0,0,0,0,0,0,0,0,0,0,0,0,0,0,0,0,0,0,0,0,0,0,0,0,0,0,0,0,0,0,0,0,0,0,0,0,0,0,0,5,0,0,5,0,0,7,0,0,0,0,0,0,0,0,0,0
LGA54550,0,0,0,0,0,0,0,0,0,0,0,0,0,0,0,0,0,0,0,0,0,0,0,0,0,0,0,0,0,0,0,0,0,0,0,0,0,0,0,5,0,0,0,0,0,0,0,0,0,0,0,0,0,0,0,0,0,0,0,0,0,0,0,0,0,0,0,0,0,0,0,0,0,6,0,0,0,0,0,6,0,0,0,0,0,0,3,7,5,13,0,0,0,0,0,0,0,0,0,0,0,0,0,0,0,0,0,0,0,0,0,0,0,0,0,0,0,0,0,0,0,0,0,0,0,0,0,0,0,0,0,0,0,0,0,0,0,0,0,0,0,0,0,0,0,0,0,0,0,0,0,0,0,0,0,0,0,0,0,0,0,0,0,0,0,0,0,0,0,0,0,0,0,0,0,0,0,0,0,0,0,3,8,20,16,19,5,4,0,70,0,0,0,0,0,0,0,0,0,0
LGA54620,0,0,0,5,0,0,0,0,0,5,0,0,0,0,0,0,0,0,0,0,0,0,0,0,0,0,0,0,0,0,0,0,0,0,0,0,0,0,0,0,0,0,0,0,0,0,0,0,0,0,0,0,0,0,0,0,0,0,0,0,0,0,0,0,0,0,0,0,0,0,0,0,0,0,0,0,0,0,0,5,0,0,0,0,0,0,3,0,0,3,0,0,0,0,0,0,0,0,0,0,0,0,0,0,0,0,0,0,0,0,0,0,0,0,0,0,0,0,0,0,0,0,0,0,0,0,0,0,0,0,0,0,0,0,0,0,0,0,0,0,0,0,0,0,0,0,0,0,0,0,0,0,0,0,0,0,0,0,0,0,0,0,0,0,0,0,0,0,0,0,0,0,0,0,0,0,0,0,0,0,0,0,3,9,5,6,0,0,0,27,0,0,0,0,0,0,0,0,0,0
LGA54690,0,0,0,0,0,0,0,0,0,0,0,0,0,0,0,0,0,0,0,0,0,0,0,0,0,0,0,0,0,0,0,0,0,0,0,0,0,0,0,3,0,0,0,0,0,0,0,0,0,0,0,0,0,0,0,0,0,0,0,0,0,0,0,0,0,0,0,0,0,0,0,0,0,0,0,0,0,0,0,0,0,0,0,0,0,0,0,0,0,0,0,0,0,0,0,0,0,0,0,0,0,0,0,0,0,0,0,0,0,0,0,0,0,0,0,0,0,0,0,0,0,0,0,0,0,0,0,0,0,4,0,0,0,0,0,0,0,0,0,0,0,0,0,0,0,0,0,0,0,0,0,0,0,0,0,0,0,0,0,0,0,0,0,0,0,0,0,0,0,0,0,0,0,0,0,0,0,0,0,0,0,0,0,0,7,0,4,0,0,15,0,0,0,0,0,0,0,0,0,0
LGA54760,0,0,0,0,0,0,0,0,0,0,0,0,0,0,0,0,0,0,0,0,0,0,0,0,0,0,0,0,0,0,0,0,0,0,0,0,0,0,0,0,0,0,0,0,0,0,0,0,0,0,0,0,0,0,0,0,0,0,0,0,0,0,0,0,0,0,0,0,0,0,0,0,0,0,0,0,0,0,0,4,0,0,0,0,0,0,0,0,0,7,0,0,0,0,0,0,0,0,0,0,0,0,0,0,0,0,0,0,0,0,0,0,0,0,0,0,0,0,0,0,0,0,0,0,0,0,0,0,0,0,0,0,0,0,0,0,0,0,0,0,0,0,0,0,0,0,0,0,0,0,0,0,0,0,0,0,0,0,0,0,0,0,0,0,0,0,0,0,0,0,0,0,0,0,0,0,0,0,0,0,0,0,0,4,4,3,3,0,0,14,0,0,0,0,0,0,0,0,0,0
LGA54830,0,0,5,34,15,16,29,26,12,145,0,0,0,0,0,0,0,0,0,8,0,0,3,28,6,8,0,0,0,57,17,98,141,1246,109,83,57,21,8,1782,0,3,17,90,37,18,11,0,0,179,0,0,4,38,3,4,0,0,0,59,0,0,4,18,5,6,3,0,0,31,0,9,9,89,17,15,16,9,6,170,0,5,0,21,5,26,33,17,9,112,0,0,0,32,17,0,5,0,0,62,0,3,6,95,17,17,3,5,0,149,0,0,0,0,6,5,0,0,0,15,0,12,41,133,56,38,20,9,0,316,0,0,0,3,0,4,6,8,0,18,0,0,15,35,12,0,0,0,0,78,0,0,0,6,11,9,14,8,0,45,0,6,5,49,7,0,0,0,0,65,0,0,6,6,14,17,31,26,11,102,21,161,237,838,347,268,132,35,0,2047,0,0,0,8,0,3,0,0,0,13
LGA54900,0,0,0,3,0,0,0,0,0,3,0,0,0,0,0,0,0,0,0,0,0,0,0,3,0,0,0,0,0,3,0,0,0,0,0,0,0,0,0,3,0,0,0,0,0,0,0,0,0,0,0,0,0,0,0,0,0,0,0,0,0,0,0,0,0,0,0,0,0,0,0,0,0,7,0,0,0,0,0,11,0,0,0,0,0,0,0,0,0,0,0,0,0,0,0,0,0,0,0,0,0,0,0,3,0,0,0,0,0,3,0,0,0,0,0,0,0,4,0,4,0,0,0,0,0,0,0,0,0,0,0,0,0,0,0,0,0,0,0,0,0,0,0,0,0,0,0,0,0,0,0,0,0,0,0,0,0,0,0,0,0,0,0,0,0,0,0,0,0,0,0,0,0,0,0,0,0,0,5,4,0,4,0,9,14,7,5,0,0,30,0,0,0,0,0,0,0,0,0,0
LGA54970,0,0,0,0,0,0,0,0,0,3,0,0,0,0,0,0,0,0,0,0,0,0,0,0,0,0,0,0,0,0,0,0,0,4,0,0,0,0,0,4,0,0,0,0,0,0,0,0,0,0,0,0,0,0,0,0,0,0,0,0,0,0,0,0,0,0,0,0,0,0,0,0,0,3,0,0,0,0,0,3,0,0,0,0,0,0,0,0,0,3,0,0,0,0,0,0,0,0,0,0,0,0,0,0,0,0,0,0,0,0,0,0,0,0,0,0,0,0,0,0,0,0,0,0,0,0,0,0,0,5,0,0,0,0,0,0,0,0,0,0,0,0,0,0,0,0,0,0,0,5,0,0,0,0,0,0,0,0,0,0,0,0,0,0,0,0,0,0,0,0,0,0,0,0,0,0,0,0,0,0,0,9,5,25,27,17,5,0,0,86,0,0,0,0,0,0,0,0,0,0
LGA55040,0,0,0,0,0,0,0,0,0,9,0,0,0,0,0,0,0,0,0,0,0,0,0,0,0,0,0,0,0,0,0,0,0,9,0,0,0,0,0,9,0,0,0,3,0,0,0,0,0,8,0,0,0,0,0,0,0,0,0,0,0,0,0,0,0,0,0,0,0,0,0,0,0,3,0,3,0,0,0,6,0,0,0,0,0,0,0,0,0,0,0,0,0,0,0,0,0,0,0,0,0,0,0,0,0,0,0,0,0,0,0,0,0,0,0,0,0,0,0,0,0,0,0,3,0,0,0,0,0,0,0,0,0,0,0,0,0,0,0,0,0,0,0,0,0,0,0,0,0,0,0,0,0,0,0,0,0,0,0,0,0,0,0,0,0,0,0,0,0,0,0,0,0,4,0,0,0,0,0,8,3,9,9,39,21,17,10,0,0,98,0,0,0,0,0,0,0,0,0,0
LGA55110,0,9,9,41,38,58,118,89,16,377,0,0,0,0,0,9,8,10,0,28,0,0,8,13,12,11,10,4,0,55,3,47,41,324,57,61,55,42,10,656,6,28,25,105,58,31,29,3,0,278,0,12,4,23,10,10,4,0,0,68,0,0,3,0,0,4,0,0,0,10,0,34,48,146,52,48,75,34,12,454,0,0,3,20,19,19,82,58,17,218,0,3,3,17,22,0,6,3,0,60,0,3,0,45,4,5,0,0,0,68,0,0,0,3,0,3,0,0,0,3,0,10,19,50,48,41,35,13,6,218,0,0,0,0,0,8,17,6,0,31,0,3,5,25,10,9,12,9,0,82,0,0,0,4,3,14,16,9,6,46,0,4,6,38,0,0,0,0,0,50,0,10,7,34,21,35,162,121,38,426,19,200,301,888,578,629,501,168,29,3313,0,0,0,0,0,0,0,5,0,5
LGA55180,0,0,0,3,10,4,12,6,3,42,0,0,0,0,0,0,4,7,7,20,0,0,0,3,6,0,0,0,0,8,0,0,0,8,6,8,4,5,0,35,0,0,0,6,0,0,0,0,0,5,0,0,0,0,0,0,0,0,0,3,0,0,0,0,0,0,0,0,0,0,0,0,0,10,0,0,0,0,0,17,0,0,0,13,4,0,26,13,8,60,0,0,0,4,0,0,0,0,0,6,0,0,0,3,0,0,0,0,0,4,0,0,0,0,0,0,0,0,0,0,0,0,0,3,0,0,3,0,0,14,0,0,0,0,0,0,0,0,0,3,0,0,0,0,0,0,0,0,0,0,0,0,0,3,0,0,0,0,0,11,0,0,0,0,0,0,0,0,0,0,0,0,0,4,3,3,8,7,3,30,0,8,4,28,34,43,29,9,0,146,0,0,0,0,0,0,5,5,7,23
LGA55250,0,0,0,4,0,0,0,0,0,7,0,0,0,0,0,0,0,0,0,0,0,0,0,0,0,0,0,0,0,3,0,0,0,9,0,0,0,0,0,9,0,0,0,3,0,0,0,0,0,0,0,0,0,0,0,0,0,0,0,0,0,0,0,0,0,0,0,0,0,0,0,0,0,0,0,0,0,0,0,3,0,0,0,3,0,0,0,0,0,3,0,0,0,0,0,0,0,0,0,0,0,0,0,3,0,0,0,0,0,3,0,0,0,0,0,0,0,0,0,0,0,0,0,0,0,0,0,0,0,0,0,0,0,0,0,0,0,0,0,0,0,0,0,0,0,0,0,0,0,0,0,0,0,0,0,0,0,0,0,0,0,0,0,0,0,0,0,0,0,0,0,0,0,0,0,0,0,0,0,0,0,0,6,19,0,4,3,0,0,34,0,0,0,0,0,0,0,0,0,0
LGA55320,0,12,21,108,62,57,91,59,22,422,0,3,0,6,7,7,22,19,15,77,6,43,57,181,93,100,125,36,11,671,14,91,167,651,300,271,227,139,54,1920,4,52,117,626,269,235,276,120,28,1720,0,20,41,237,114,67,62,22,10,582,0,14,11,37,21,6,3,3,0,101,0,35,30,168,77,108,90,61,23,586,0,17,14,118,62,108,269,175,117,886,0,13,23,67,60,33,18,10,0,236,10,45,46,266,107,51,33,8,0,564,0,0,0,5,16,10,15,7,0,60,10,128,272,1024,555,452,687,305,81,3500,0,0,0,0,6,6,18,6,0,37,0,0,8,51,18,21,17,10,4,132,0,4,5,24,19,29,34,22,6,137,0,0,18,57,5,0,0,0,0,90,4,4,14,34,33,34,89,71,41,316,9,67,143,430,322,411,231,103,25,1743,0,0,0,4,0,0,8,5,3,18
LGA55390,0,0,0,4,0,0,0,0,0,0,0,0,0,0,0,0,0,0,0,0,0,0,0,0,0,0,0,0,0,0,0,0,0,0,0,0,0,0,0,0,0,0,0,0,0,0,0,0,0,0,0,0,0,0,0,0,0,0,0,0,0,0,0,0,0,0,0,0,0,0,0,0,0,0,0,0,0,0,0,0,0,0,0,0,0,0,0,0,0,0,0,0,0,0,0,0,0,0,0,0,0,0,0,0,0,0,0,0,0,0,0,0,0,0,0,0,0,0,0,0,0,0,0,0,0,0,0,0,0,0,0,0,0,0,0,0,0,0,0,0,0,0,0,0,0,0,0,0,0,0,0,0,0,0,0,0,0,0,0,0,0,0,0,0,0,0,0,0,0,0,0,0,0,0,0,0,0,0,0,0,0,0,4,16,6,3,3,0,0,30,0,0,0,0,0,0,0,0,0,0
LGA55460,0,0,0,0,0,0,0,0,0,3,0,0,0,0,0,0,0,0,0,0,0,0,0,0,0,0,0,0,0,0,0,0,0,11,0,0,0,0,0,12,0,0,0,0,0,0,0,0,0,0,0,0,0,0,0,0,0,0,0,0,0,0,0,0,0,0,0,0,0,0,0,0,0,0,0,0,0,0,0,7,0,0,0,0,0,0,6,0,0,11,0,0,0,0,0,0,0,0,0,0,0,0,0,0,0,0,0,0,0,0,0,0,0,0,0,0,0,0,0,0,0,0,0,0,0,0,0,0,0,0,0,0,0,0,0,0,0,0,0,0,0,0,0,0,0,0,0,0,0,0,0,0,0,0,0,0,0,0,0,0,0,0,0,0,0,0,0,0,0,0,0,0,0,3,0,0,3,3,0,10,0,0,0,25,8,11,22,0,0,66,0,0,0,0,0,0,0,0,0,0
LGA55530,0,0,0,0,0,0,0,0,0,0,0,0,0,0,0,0,0,0,0,0,0,0,0,0,0,0,0,0,0,0,0,0,0,0,0,0,0,0,0,0,0,0,0,0,0,0,0,0,0,0,0,0,0,0,0,0,0,0,0,0,0,0,0,0,0,0,0,0,0,0,0,0,0,0,0,0,0,0,0,0,0,0,0,0,0,0,0,0,0,0,0,0,0,0,0,0,0,0,0,0,0,0,0,0,0,0,0,0,0,0,0,0,0,0,0,0,0,0,0,0,0,0,0,0,0,0,0,0,0,0,0,0,0,0,0,0,0,0,0,0,0,0,0,0,0,0,0,0,0,0,0,0,0,0,0,0,0,0,0,0,0,0,0,0,0,0,0,0,0,0,0,0,0,0,0,0,0,0,0,0,0,0,0,0,0,0,0,0,0,3,0,0,0,0,0,0,0,0,0,0
LGA55600,0,0,0,0,0,0,0,0,0,3,0,0,0,0,0,0,0,0,0,0,0,0,0,0,0,0,0,0,0,0,0,0,0,0,0,0,0,0,0,4,0,0,0,0,0,0,0,0,0,4,0,0,0,0,0,0,0,0,0,0,0,0,0,0,0,0,0,0,0,0,0,0,0,7,0,0,0,0,0,8,0,0,0,0,0,5,0,0,0,9,0,0,0,0,0,0,0,0,0,0,0,0,0,0,0,0,0,0,0,0,0,0,0,0,0,0,0,0,0,0,0,0,0,0,0,0,0,0,0,0,0,0,0,0,0,0,0,0,0,0,0,0,0,0,0,0,0,0,0,0,0,0,0,0,0,0,0,0,0,0,0,0,0,0,0,0,0,0,0,0,0,0,0,4,0,0,4,7,0,14,0,0,0,16,9,7,3,4,0,46,0,0,0,0,0,0,0,0,0,0
LGA55670,0,0,0,0,0,0,0,0,0,0,0,0,0,0,0,0,0,0,0,0,0,0,0,0,0,0,0,0,0,0,0,0,0,4,0,0,0,0,0,3,0,0,0,0,0,0,0,0,0,0,0,0,0,0,0,0,0,0,0,0,0,0,0,0,0,0,0,0,0,0,0,0,0,0,0,0,0,0,0,0,0,0,0,0,0,0,0,0,0,0,0,0,0,0,0,0,0,0,0,0,0,0,0,0,0,0,0,0,0,0,0,0,0,0,0,0,0,0,0,0,0,0,0,0,0,0,0,0,0,0,0,0,0,0,0,0,0,0,0,0,0,0,0,0,0,0,0,0,0,0,0,0,0,0,0,0,0,0,0,0,0,0,0,0,0,0,0,0,0,0,0,0,0,0,0,0,0,0,0,0,0,0,0,3,0,4,3,0,0,10,0,0,0,0,0,0,0,0,0,0
LGA55740,0,0,7,15,7,12,11,10,0,53,0,0,0,0,0,0,0,0,0,9,6,12,20,13,8,5,5,0,0,68,0,4,8,19,16,4,6,3,0,66,0,4,0,11,15,3,4,5,0,40,0,0,0,0,8,6,0,0,3,25,0,0,0,3,3,0,0,0,0,13,0,3,5,54,13,13,10,8,3,105,0,0,4,17,10,5,14,9,3,51,0,0,5,13,9,0,0,0,0,31,0,3,0,8,0,0,0,0,0,15,0,0,0,3,0,0,0,0,0,3,0,4,7,24,19,11,11,4,0,88,0,0,0,0,0,0,0,0,0,0,0,0,0,3,3,3,6,0,0,15,0,0,0,0,0,0,0,0,0,0,0,0,0,0,0,0,0,0,0,3,0,0,4,6,6,0,4,7,0,30,0,7,9,44,20,39,29,8,0,157,0,0,0,0,0,0,0,0,0,0
LGA55810,0,0,0,0,0,0,0,0,0,6,0,0,0,0,0,0,0,0,0,0,0,0,0,0,0,0,0,0,0,0,0,0,0,0,0,0,0,0,0,0,0,0,0,0,0,0,0,0,0,0,0,0,0,0,0,0,0,0,0,0,0,0,0,0,0,0,0,0,0,0,0,0,0,0,0,0,0,0,0,0,0,0,0,0,0,0,0,0,0,3,0,0,0,0,0,0,0,0,0,0,0,0,0,0,0,0,0,0,0,0,0,0,0,0,0,0,0,0,0,0,0,0,0,0,0,0,0,0,0,0,0,0,0,0,0,0,0,0,0,0,0,0,0,0,0,0,0,0,0,0,0,0,0,0,0,0,0,0,0,0,0,0,0,0,0,0,0,0,0,0,0,0,0,0,0,0,0,0,0,0,0,0,0,3,5,5,3,0,0,19,0,0,0,0,0,0,0,0,0,0
LGA55880,0,0,0,0,0,0,5,0,0,4,0,0,0,0,0,0,0,0,0,0,0,0,0,0,0,0,0,0,0,0,0,0,0,0,0,0,0,0,0,0,0,0,0,0,0,0,0,0,0,0,0,0,0,0,0,0,0,0,0,0,0,0,0,0,0,0,0,0,0,0,0,0,0,0,0,0,0,0,0,0,0,0,0,0,0,0,0,0,0,0,0,0,0,0,0,0,0,0,0,0,0,0,0,0,0,0,0,0,0,0,0,0,0,0,0,0,0,0,0,0,0,0,0,0,0,0,0,0,0,0,0,0,0,0,0,0,0,0,0,0,0,0,0,0,0,0,0,0,0,0,0,0,0,0,0,0,0,0,0,0,0,0,0,0,0,0,0,0,0,0,0,0,0,0,0,0,0,0,0,0,0,0,0,4,0,3,0,0,0,8,0,0,0,0,0,0,0,0,0,0
LGA55950,0,0,0,0,0,0,0,0,0,0,0,0,0,0,0,0,0,0,0,0,0,0,0,0,0,0,0,0,0,0,0,0,0,0,0,0,0,0,0,0,0,0,0,0,0,0,0,0,0,0,0,0,0,0,0,0,0,0,0,0,0,0,0,0,0,0,0,0,0,0,0,0,0,0,0,0,0,0,0,0,0,0,0,0,0,0,3,0,0,6,0,0,0,0,0,0,0,0,0,0,0,0,0,0,0,0,0,0,0,0,0,0,0,0,0,0,0,0,0,0,0,0,0,0,0,0,0,0,0,0,0,0,0,0,0,0,0,0,0,0,0,0,0,0,0,0,0,0,0,0,0,0,0,0,0,0,0,0,0,0,0,0,0,0,0,0,0,0,0,0,0,0,0,0,0,0,0,0,0,0,0,0,4,0,3,3,0,0,0,14,0,0,0,0,0,0,0,0,0,0
LGA56090,0,10,5,44,33,32,86,53,10,275,0,0,0,0,0,3,4,6,0,16,0,3,0,15,8,4,3,0,0,37,0,4,12,77,25,46,36,35,11,254,0,0,7,18,4,0,8,0,0,41,0,0,0,7,4,3,3,0,0,19,0,0,0,0,0,0,0,0,0,0,0,9,5,54,44,34,30,23,3,205,0,0,3,7,8,31,86,56,29,220,0,0,0,14,15,4,0,0,0,38,0,0,0,7,0,0,0,0,0,8,0,0,0,0,4,0,0,0,0,5,0,0,5,27,18,39,11,8,3,112,0,0,0,4,4,0,3,0,0,15,0,0,0,5,3,3,6,0,0,23,0,0,0,3,4,3,5,10,3,27,0,0,0,5,0,3,0,0,0,4,0,4,3,16,28,32,72,59,18,234,3,23,60,259,239,254,162,51,14,1054,0,0,0,0,6,4,4,0,0,10
LGA56160,0,0,0,0,0,0,0,0,0,0,0,0,0,0,0,0,0,0,0,0,0,0,0,0,0,0,0,0,0,0,0,0,0,0,0,0,0,0,0,0,0,3,0,0,0,0,0,0,0,0,0,0,0,0,0,0,0,0,0,0,0,0,0,0,0,0,0,0,0,0,0,0,0,0,0,0,0,0,0,0,0,0,0,0,0,0,0,0,0,0,0,0,0,0,0,0,0,0,0,0,0,0,0,0,0,0,0,0,0,0,0,0,0,0,0,0,0,0,0,0,0,0,0,0,0,0,0,0,0,0,0,0,0,0,0,0,0,0,0,0,0,0,0,0,0,0,0,0,0,0,0,0,0,0,0,0,0,0,0,0,0,0,0,0,0,0,0,0,0,0,0,0,0,0,0,0,0,0,0,0,0,0,0,0,0,0,0,0,0,0,0,0,0,0,0,0,0,0,0,0
LGA56230,0,0,4,3,0,10,23,6,5,52,0,0,0,0,0,0,0,0,0,6,0,0,0,0,0,0,4,0,0,4,0,0,0,8,0,9,4,9,0,36,0,0,0,8,0,0,0,0,0,18,0,0,0,0,0,0,0,0,0,0,0,0,0,0,0,0,0,0,0,0,0,0,0,20,3,5,6,11,4,46,0,0,0,4,0,0,14,11,4,37,0,0,0,0,0,0,0,0,0,5,0,0,4,0,0,0,0,0,0,4,0,0,0,0,0,0,0,0,0,0,0,0,0,8,3,7,15,4,0,40,0,0,0,0,0,0,0,0,0,5,0,0,0,3,0,0,0,0,0,8,0,0,0,0,0,3,4,3,0,7,0,0,0,0,0,0,0,0,0,0,0,0,0,0,3,11,35,25,9,81,0,15,21,118,112,99,95,35,6,500,0,0,0,0,0,0,0,0,0,0
LGA56300,0,0,0,8,0,5,0,0,0,11,0,0,0,0,0,0,0,0,0,0,0,0,0,0,0,0,0,0,0,0,0,0,0,0,0,0,0,3,0,4,0,0,0,0,0,0,0,0,0,0,0,0,0,0,0,0,0,0,0,0,0,0,0,0,0,0,0,0,0,0,0,0,0,0,0,0,0,3,0,7,0,0,0,0,0,0,4,4,0,9,0,0,0,0,0,0,0,0,0,0,0,0,0,0,0,0,0,0,0,0,0,0,0,0,0,0,0,0,0,0,0,0,0,0,0,0,0,0,0,6,0,0,0,0,0,0,0,0,0,0,0,0,0,0,0,0,0,0,0,0,0,0,0,0,0,0,0,0,0,0,0,0,0,0,0,0,0,0,0,0,0,0,0,0,0,0,0,3,0,9,0,0,0,14,12,18,17,0,0,61,0,0,0,0,0,0,0,0,0,0
LGA56370,0,0,0,5,0,0,0,0,0,5,0,0,0,0,0,0,0,0,0,0,0,0,0,0,0,0,0,0,0,0,0,0,0,3,0,0,0,0,0,3,0,0,0,0,0,0,0,0,0,0,0,0,0,0,0,0,0,0,0,0,0,0,0,0,0,0,0,0,0,0,0,0,0,6,0,0,0,0,0,6,0,0,0,0,0,0,3,0,0,3,0,0,0,0,0,0,0,0,0,0,0,0,0,0,0,0,0,0,0,0,0,0,0,0,0,0,0,0,0,0,0,0,0,0,0,0,0,0,0,0,0,0,0,0,0,0,0,0,0,0,0,0,0,0,0,0,0,0,0,0,0,0,0,0,0,0,0,0,0,0,0,0,0,0,0,0,0,0,0,0,0,0,0,0,0,0,0,0,0,0,0,0,4,3,4,3,0,0,0,14,0,0,0,0,0,0,0,0,0,0
LGA56460,0,0,0,3,0,0,15,7,0,26,0,0,0,0,0,0,0,0,0,0,0,0,0,0,0,0,0,0,0,0,0,3,3,23,6,5,0,0,0,40,0,0,0,3,0,0,0,0,0,3,0,0,0,0,0,0,0,0,0,0,0,0,0,0,0,0,0,0,0,0,0,0,0,0,0,0,0,9,0,10,0,0,0,0,0,0,3,4,0,15,0,0,0,0,0,0,0,0,0,4,0,0,0,4,0,0,0,0,0,4,0,0,0,0,0,0,0,0,0,0,0,0,4,3,0,4,0,0,0,13,0,0,0,0,0,0,0,0,0,0,0,0,0,0,0,0,0,0,0,0,0,0,0,0,0,0,0,0,0,4,0,0,0,6,0,0,0,0,0,6,0,0,0,0,0,0,4,4,3,13,0,8,9,23,14,19,24,6,0,103,0,0,0,0,0,0,0,0,0,0
LGA56580,0,6,5,28,24,20,26,16,9,130,0,0,0,0,5,0,11,3,3,22,3,25,20,34,27,20,18,8,6,164,0,15,22,86,84,45,36,22,15,309,0,5,19,42,33,13,27,12,0,150,0,3,4,26,15,11,9,4,0,83,0,0,0,0,0,4,0,0,0,8,0,10,3,58,16,25,26,6,3,151,0,5,3,15,11,10,20,20,7,87,0,3,12,16,12,16,7,4,0,68,0,3,0,13,3,4,0,0,0,33,0,0,0,0,0,0,0,0,0,4,0,30,29,136,129,100,128,75,35,657,0,0,0,0,0,0,0,0,0,4,0,0,3,5,0,9,3,3,3,23,0,0,0,0,7,10,5,3,0,35,0,0,0,8,0,0,0,0,0,11,0,12,3,15,14,13,20,13,3,96,0,14,23,55,53,60,53,21,5,284,0,0,0,0,0,0,0,0,0,5
LGA56620,0,0,0,0,0,0,0,0,0,0,0,0,0,0,0,0,0,0,0,0,0,0,0,0,0,0,0,0,0,0,0,0,0,0,0,0,0,0,0,0,0,0,0,0,0,0,0,0,0,0,0,0,0,0,0,0,0,0,0,0,0,0,0,0,0,0,0,0,0,0,0,0,0,0,0,0,0,0,0,0,0,0,0,0,0,0,0,0,0,0,0,0,0,0,0,0,0,0,0,0,0,0,0,0,0,0,0,0,0,0,0,0,0,0,0,0,0,0,0,0,0,0,0,0,0,0,0,0,0,0,0,0,0,0,0,0,0,0,0,0,0,0,0,0,0,0,0,0,0,0,0,0,0,0,0,0,0,0,0,0,0,0,0,0,0,0,0,0,0,0,0,0,0,0,0,0,0,0,0,0,0,0,0,5,3,6,0,0,0,12,0,0,0,0,0,0,0,0,0,0
LGA56730,0,0,0,7,4,11,39,15,9,74,0,0,0,0,0,0,0,0,0,3,0,0,0,0,0,0,0,0,0,4,0,3,0,39,7,7,9,8,0,77,0,4,0,12,10,0,0,0,0,20,0,0,4,27,0,0,0,0,0,30,0,0,0,9,0,0,0,0,0,16,0,0,0,11,0,4,6,5,0,28,0,0,0,0,0,4,3,4,6,17,0,0,0,0,0,0,0,0,0,0,0,0,0,0,0,0,0,0,0,0,0,0,0,0,0,0,0,0,0,8,0,0,8,5,4,9,5,0,0,23,0,0,0,0,0,0,0,4,0,8,0,0,0,0,0,0,5,0,0,5,0,0,0,3,0,0,0,0,0,8,0,0,4,5,0,0,0,0,0,9,0,0,0,4,0,6,20,15,4,53,5,12,26,68,54,81,45,15,3,305,0,0,0,0,0,0,0,0,0,4
LGA56790,0,0,0,0,0,4,0,5,0,14,0,0,0,0,0,0,0,0,0,0,0,0,0,0,0,0,0,0,0,0,0,0,0,6,0,0,0,0,0,5,0,0,0,0,0,0,0,0,0,4,0,0,0,0,0,0,0,0,0,0,0,0,0,0,0,0,0,0,0,0,0,0,0,0,0,0,7,5,0,9,0,0,0,0,0,0,0,0,0,6,0,0,0,0,0,0,0,0,0,0,0,0,0,0,0,0,0,0,0,0,0,0,0,0,0,0,0,0,0,0,0,0,0,0,0,0,0,0,0,3,0,0,0,0,0,0,0,0,0,0,0,0,0,0,0,0,0,0,0,0,0,0,0,0,0,0,0,0,0,3,0,0,0,0,0,0,0,0,0,0,0,0,0,3,5,0,3,0,0,16,0,0,6,3,13,20,18,7,0,70,0,0,0,0,0,0,0,0,0,0
LGA56860,0,0,0,0,0,0,0,0,0,0,0,0,0,0,0,0,0,0,0,0,0,0,0,0,0,0,0,0,0,0,0,0,0,0,0,0,0,0,0,0,0,0,0,0,0,0,0,0,0,0,0,0,0,0,0,0,0,0,0,0,0,0,0,0,0,0,0,0,0,0,0,0,0,0,0,0,0,0,0,0,0,0,0,0,0,0,0,0,0,0,0,0,0,0,0,0,0,0,0,0,0,0,0,0,0,0,0,0,0,0,0,0,0,0,0,0,0,0,0,0,0,0,0,0,0,0,0,0,0,0,0,0,0,0,0,0,0,0,0,0,0,0,0,0,0,0,0,0,0,0,0,0,0,0,0,0,0,0,0,0,0,0,0,0,0,0,0,0,0,0,0,0,0,0,0,0,0,0,0,0,0,0,0,0,0,0,0,0,0,0,0,0,0,0,0,0,0,0,0,0
LGA56930,0,0,0,4,0,0,0,0,0,8,0,0,0,0,0,0,0,0,0,0,0,3,0,0,0,0,0,0,0,9,0,0,0,0,0,0,0,0,0,6,0,0,0,0,0,0,0,0,0,4,0,0,0,0,3,0,0,0,0,3,0,0,0,0,0,0,0,0,0,0,0,0,0,8,0,0,0,0,0,12,0,0,0,3,0,0,3,0,0,7,0,6,4,0,0,0,0,0,0,12,0,0,0,0,0,0,0,0,0,0,0,0,0,0,0,0,0,0,0,0,0,5,0,3,6,0,0,0,0,16,0,0,0,0,0,0,0,0,0,0,0,0,0,0,0,0,0,0,0,0,0,0,0,0,0,0,0,0,0,0,0,0,0,0,0,0,0,0,0,0,0,0,0,0,0,0,0,0,0,0,0,0,0,6,4,3,0,4,0,16,0,0,0,0,0,0,0,0,0,0
LGA57000,0,0,0,0,0,0,0,0,0,0,0,0,0,0,0,0,0,0,0,0,0,0,0,0,0,0,0,0,0,0,0,0,0,0,0,0,0,0,0,0,0,0,0,0,0,0,0,0,0,0,0,0,0,0,0,0,0,0,0,0,0,0,0,0,0,0,0,0,0,0,0,0,0,0,0,0,0,0,0,0,0,0,0,0,0,0,0,0,0,0,0,0,0,0,0,0,0,0,0,0,0,0,0,0,0,0,0,0,0,0,0,0,0,0,0,0,0,0,0,0,0,0,0,0,0,0,0,0,0,0,0,0,0,0,0,0,0,0,0,0,0,0,0,0,0,0,0,0,0,0,0,0,0,0,0,0,0,0,0,0,0,0,0,0,0,0,0,0,0,0,0,0,0,0,0,0,0,0,0,0,0,0,0,7,3,3,0,0,0,18,0,0,0,0,0,0,0,0,0,0
LGA57080,0,0,17,69,14,13,14,12,5,139,0,0,0,10,0,4,8,3,3,33,5,6,100,127,27,19,14,4,0,303,49,72,105,873,65,36,38,11,5,1259,17,36,104,238,53,14,38,13,5,516,8,8,14,210,25,14,9,3,0,284,0,0,4,15,0,9,0,0,0,30,0,5,25,191,19,17,25,7,4,294,0,3,31,136,13,10,31,14,8,254,29,22,30,246,46,18,13,7,0,408,3,12,35,294,32,0,7,5,0,384,0,0,0,15,0,0,4,0,0,29,0,12,159,417,75,59,74,34,9,832,0,0,0,0,0,0,0,0,0,3,0,0,22,48,3,8,7,0,6,94,0,0,9,28,11,15,14,3,6,78,0,0,42,138,3,0,0,0,0,182,0,0,3,23,8,11,13,6,4,72,3,5,52,248,94,130,39,12,6,587,0,0,5,4,4,4,0,0,0,15
LGA57140,0,0,6,0,0,0,0,0,0,0,0,0,0,0,0,0,0,0,0,0,0,0,0,0,0,0,0,0,0,0,0,0,0,3,4,0,0,0,0,5,0,0,0,0,0,0,4,0,0,4,0,0,0,0,0,0,0,0,0,0,0,0,0,0,0,0,0,0,0,0,0,0,0,0,0,0,0,0,0,0,0,0,0,0,0,0,0,0,6,6,0,0,0,0,0,0,0,0,0,3,0,0,0,0,0,0,0,0,0,0,0,0,0,0,0,0,0,0,0,0,0,0,0,0,0,0,0,0,0,0,0,0,0,0,0,0,0,0,0,0,0,0,0,0,0,0,0,0,0,0,0,0,0,0,0,0,0,0,0,0,0,0,0,0,0,0,0,0,0,0,0,0,0,0,0,0,3,0,0,3,0,0,0,9,6,16,5,3,0,43,0,0,0,0,0,0,0,0,0,0
LGA57210,0,0,0,9,8,9,6,10,0,36,0,0,0,0,0,0,0,0,0,0,0,0,0,0,0,0,0,0,0,0,0,0,0,4,0,0,0,0,0,6,0,0,0,0,0,0,0,0,0,0,0,0,0,0,0,0,0,0,0,3,0,0,0,0,0,0,0,0,0,0,0,0,0,3,0,0,0,0,0,9,0,0,0,0,0,0,0,0,0,5,0,0,0,0,0,0,5,0,0,7,0,0,0,0,0,0,0,0,0,0,0,0,0,0,0,0,0,0,0,0,0,0,0,0,0,3,0,0,0,9,0,0,0,0,0,0,0,0,0,0,0,0,0,0,0,0,0,0,0,0,0,0,0,0,0,0,0,0,0,0,0,0,0,0,0,0,0,0,0,0,0,0,0,3,3,0,9,7,0,26,0,6,6,21,31,31,23,3,0,123,0,0,0,0,0,0,0,0,0,0
LGA57280,0,0,0,18,4,0,5,4,0,39,0,0,0,0,3,0,0,0,0,10,0,3,0,4,0,0,0,0,0,8,0,19,7,141,33,7,0,0,0,206,0,13,13,44,14,7,0,0,0,99,0,0,0,8,0,0,0,0,0,7,0,0,0,0,0,0,0,0,0,0,0,3,0,40,3,4,0,0,0,46,0,0,0,3,0,3,3,0,0,8,0,0,0,0,0,0,0,0,0,3,0,0,0,12,0,0,0,0,0,14,0,0,0,3,0,0,0,0,0,4,0,4,3,26,8,0,0,0,0,45,0,0,0,0,0,0,0,0,0,0,0,0,0,12,0,0,0,0,0,13,0,0,0,4,5,3,0,0,0,13,0,0,0,5,0,0,0,0,0,5,0,0,0,5,0,3,0,0,0,7,3,61,72,309,151,183,32,0,0,815,0,0,0,6,5,3,6,0,0,11
LGA57350,0,0,0,0,0,0,0,0,0,0,0,0,0,0,0,0,0,0,0,0,0,0,0,0,0,0,0,0,0,0,0,0,0,0,0,4,0,0,0,4,0,0,0,0,0,0,0,0,0,0,0,0,0,0,0,0,0,0,0,0,0,0,0,0,0,0,0,0,0,0,0,0,0,0,0,0,0,0,0,0,0,0,0,0,0,0,0,0,0,0,0,0,0,0,0,0,0,0,0,0,0,0,0,0,0,0,0,0,0,0,0,0,0,0,0,0,0,0,0,0,0,0,0,0,0,0,0,0,0,6,0,0,0,0,0,0,0,0,0,0,0,0,0,0,0,0,0,0,0,0,0,0,0,0,0,0,0,0,0,0,0,0,0,0,0,0,0,0,0,0,0,0,0,0,0,0,4,0,0,4,0,0,0,6,7,0,7,0,0,18,0,0,0,0,0,0,0,0,0,0
LGA57420,0,0,0,0,0,0,3,0,0,10,0,0,0,0,0,0,0,0,0,0,0,0,0,0,0,0,0,0,0,0,0,3,0,6,0,0,0,0,0,13,0,0,0,0,4,0,0,0,0,4,0,0,0,0,0,0,0,0,0,5,0,0,0,0,0,0,0,0,0,0,0,0,0,7,0,0,0,0,0,7,0,0,0,0,0,3,0,0,0,3,0,0,0,0,0,0,0,0,0,0,0,0,0,0,0,0,0,0,0,0,0,0,0,0,0,0,0,0,0,0,0,0,0,0,0,0,0,0,0,5,0,0,0,0,0,0,0,0,0,3,0,0,0,0,0,0,0,0,0,0,0,0,0,0,0,0,0,0,0,0,0,0,0,0,0,0,0,0,0,0,0,0,0,0,0,0,0,0,0,4,0,0,3,27,15,14,8,3,0,73,0,0,0,0,0,0,0,0,0,0
LGA57490,6,14,22,126,84,95,128,76,23,570,0,0,0,7,0,3,10,4,0,23,0,7,0,29,18,13,8,0,0,75,0,56,79,537,95,88,78,59,18,1011,5,38,30,166,68,17,19,3,4,346,0,6,6,29,4,11,0,0,0,62,0,5,3,9,0,4,0,0,0,20,4,63,74,271,116,75,70,63,21,746,0,8,12,40,20,46,75,51,26,267,3,4,8,32,20,17,7,0,0,94,0,8,4,47,15,0,0,0,0,82,0,0,0,7,4,7,0,0,0,28,6,20,19,99,54,43,39,18,5,304,0,0,0,4,0,6,21,9,0,40,0,0,14,50,12,19,21,8,0,130,0,0,8,33,23,19,20,9,0,107,0,0,5,33,5,0,0,0,0,54,0,12,17,53,56,54,165,92,40,491,57,615,783,2330,1147,992,503,161,17,6606,0,0,0,6,3,12,7,4,0,29
LGA57630,0,0,0,0,0,0,0,0,0,0,0,0,0,0,0,0,0,0,0,0,0,0,0,0,0,0,0,0,0,0,0,0,0,0,0,0,0,0,0,0,0,0,0,0,0,0,0,0,0,0,0,0,0,0,0,0,0,0,0,0,0,0,0,0,0,0,0,0,0,0,0,0,0,0,0,0,0,0,0,0,0,0,0,0,0,0,0,0,0,0,0,0,0,0,0,0,0,0,0,0,0,0,0,0,0,0,0,0,0,0,0,0,0,0,0,0,0,0,0,0,0,0,0,0,0,0,0,0,0,0,0,0,0,0,0,0,0,0,0,0,0,0,0,0,0,0,0,0,0,0,0,0,0,0,0,0,0,0,0,0,0,0,0,0,0,0,0,0,0,0,0,0,0,0,0,0,0,0,0,0,0,0,0,0,0,0,0,0,0,4,0,0,0,0,0,0,0,0,0,0
LGA57700,0,0,0,16,17,22,17,9,0,81,0,0,0,0,0,0,0,0,0,10,0,0,0,10,0,4,3,0,0,13,3,39,32,509,50,36,28,18,0,721,0,4,7,32,4,0,4,0,0,54,0,0,0,8,5,4,0,0,0,24,0,0,0,0,0,0,0,0,0,7,0,3,0,43,21,13,15,13,0,117,0,0,0,3,5,11,29,15,12,72,0,0,0,0,0,0,0,0,0,11,0,0,3,7,0,0,0,0,0,19,0,0,0,0,0,0,0,0,0,6,0,9,5,34,33,17,14,3,0,111,0,0,0,0,0,4,0,5,0,5,0,4,5,44,14,5,0,0,0,78,0,0,0,8,0,3,3,7,0,29,0,0,0,0,0,0,0,0,0,5,0,0,5,20,26,19,66,30,10,180,12,83,105,411,210,186,78,18,0,1099,0,0,0,0,0,0,0,0,0,0
LGA57770,0,0,0,0,0,0,0,0,0,7,0,0,0,0,0,0,0,0,0,0,0,0,0,0,0,0,0,0,0,0,0,0,0,0,0,0,0,0,0,0,0,0,0,5,0,0,0,0,0,4,0,0,0,0,0,0,0,0,0,0,0,0,0,0,0,0,0,0,0,0,0,0,0,0,0,0,0,0,0,6,0,0,0,3,0,0,0,0,0,11,0,0,0,0,0,0,0,0,0,0,0,0,0,0,0,0,0,0,0,0,0,0,0,0,0,0,0,0,0,0,0,0,0,0,0,0,0,0,0,3,0,0,0,0,0,0,0,0,0,0,0,0,0,0,0,0,0,0,0,0,0,0,0,0,0,0,0,0,0,0,0,0,0,0,0,0,0,0,0,0,0,0,0,7,0,0,5,0,0,6,0,0,0,7,3,9,0,0,0,28,0,0,0,0,0,0,0,0,0,0
LGA57840,0,4,10,37,21,19,24,24,8,141,0,0,3,0,4,3,15,20,12,56,0,8,33,79,28,26,36,10,8,227,3,48,68,423,119,85,72,56,19,897,0,23,63,219,90,70,59,21,3,559,0,16,10,172,42,33,17,12,8,298,0,10,7,16,15,10,3,3,0,67,0,5,3,158,38,40,37,22,12,316,0,6,7,67,25,28,85,41,23,289,3,14,20,63,27,16,9,4,0,169,0,6,15,103,34,21,9,6,0,200,0,0,0,8,3,11,10,0,0,35,3,32,99,423,168,165,173,91,17,1162,0,0,0,0,0,0,5,0,0,10,0,0,8,44,7,19,11,3,5,98,0,0,6,26,19,24,22,16,9,121,0,0,25,104,0,0,0,0,0,134,0,4,6,28,14,20,36,27,4,139,4,23,50,218,135,161,126,49,6,780,0,0,0,3,5,0,8,0,0,18
LGA57910,0,18,51,331,134,113,212,138,34,1023,0,5,17,36,31,84,165,260,165,763,4,54,71,348,109,100,89,27,8,808,52,310,639,4089,517,424,353,257,100,6737,11,42,98,387,149,85,62,32,9,878,0,58,70,556,179,133,71,39,19,1119,12,58,98,337,165,102,43,11,0,822,12,61,86,1582,194,174,157,103,46,2415,5,46,74,602,214,353,997,1010,656,3958,7,46,65,268,208,77,28,15,6,716,9,23,29,338,64,24,15,3,5,510,0,8,12,40,23,32,17,4,0,134,18,145,196,1032,408,366,418,202,47,2831,0,0,0,3,6,8,24,25,10,73,0,13,57,215,53,78,65,44,20,547,3,22,93,509,225,200,196,76,40,1372,0,22,90,417,25,7,9,0,0,582,5,22,30,88,70,50,145,148,81,639,28,188,319,1761,772,749,502,169,38,4529,3,18,22,259,199,285,356,183,96,1420
LGA57980,5,4,0,29,13,17,19,4,8,93,0,0,0,4,0,5,5,4,0,13,0,9,10,24,10,9,3,3,0,72,4,31,14,119,28,16,17,10,7,253,0,9,10,37,16,8,3,4,0,93,0,3,4,51,10,8,4,5,4,97,0,0,0,8,0,0,0,0,0,5,0,8,9,96,15,31,19,10,8,192,0,5,6,30,8,8,22,24,6,102,9,45,9,75,39,3,3,0,0,184,0,5,5,38,11,6,0,0,0,69,0,0,0,0,0,0,0,0,0,9,12,22,16,122,48,28,46,27,8,318,0,0,0,0,0,0,0,0,0,0,0,0,0,8,0,6,4,5,0,13,0,0,0,4,3,5,0,0,0,15,0,0,0,6,0,0,0,0,0,9,0,3,13,11,18,7,14,9,3,78,0,12,14,70,43,58,49,31,6,284,0,0,0,0,0,0,0,0,0,3
LGA58050,0,3,22,128,69,75,110,77,15,511,0,0,4,9,7,12,14,16,3,75,0,7,22,122,33,43,18,0,0,242,38,299,408,3712,597,444,372,152,41,6075,6,30,45,221,76,46,24,8,7,471,3,29,50,183,53,23,12,3,5,366,4,40,51,310,118,74,25,10,3,631,0,41,18,379,93,82,69,45,8,741,4,3,15,83,55,129,229,150,110,786,4,8,9,61,38,6,12,5,0,143,0,3,11,93,15,7,0,3,0,135,0,0,6,34,13,10,11,3,0,71,3,63,86,324,195,211,183,56,13,1140,0,0,0,5,5,22,24,15,4,82,0,20,68,278,100,97,59,20,6,656,0,16,65,427,197,159,144,56,19,1079,0,4,14,138,15,5,4,0,0,185,0,5,10,39,29,30,102,92,34,341,38,371,591,1984,960,969,446,126,19,5509,0,0,16,91,48,46,35,16,0,254
LGA58190,0,0,0,0,0,0,0,0,0,0,0,0,0,0,0,0,0,0,0,0,0,0,0,0,0,0,0,0,0,0,0,0,0,0,0,0,0,0,0,0,0,0,0,0,0,0,0,0,0,0,0,0,0,0,0,0,0,0,0,0,0,0,0,0,0,0,0,0,0,0,0,0,0,0,0,0,0,0,0,0,0,0,0,0,0,0,0,0,0,0,0,0,0,0,0,0,0,0,0,0,0,0,0,0,0,0,0,0,0,0,0,0,0,0,0,0,0,0,0,0,0,0,0,0,0,0,0,0,0,0,0,0,0,0,0,0,0,0,0,0,0,0,0,0,0,0,0,0,0,0,0,0,0,0,0,0,0,0,0,0,0,0,0,0,0,0,0,0,0,0,0,0,0,0,0,0,0,0,0,0,0,4,0,5,0,0,0,3,0,9,0,0,0,0,0,0,0,0,0,0
LGA58260,0,0,0,0,0,0,0,0,0,0,0,0,0,0,0,0,0,0,0,0,0,0,0,0,0,0,0,0,0,0,0,0,0,0,0,0,0,0,0,3,0,0,0,0,0,0,0,0,0,0,0,0,0,0,0,0,0,0,0,0,0,0,0,0,0,0,0,0,0,0,0,0,0,0,0,0,0,0,0,0,0,0,0,0,0,0,0,0,0,0,0,0,0,0,0,0,0,0,0,0,0,0,0,0,0,0,0,0,0,0,0,0,0,0,0,0,0,0,0,0,0,0,0,0,0,0,0,0,0,0,0,0,0,0,0,0,0,0,0,0,0,0,0,5,0,4,0,0,0,4,0,0,0,0,0,0,0,0,0,0,0,0,0,0,0,0,0,0,0,0,0,0,0,0,0,0,5,0,0,3,0,0,0,8,3,0,8,0,0,16,0,0,0,0,0,0,0,0,0,0
LGA58330,0,0,0,6,3,10,10,5,0,27,0,0,0,0,0,0,0,0,0,0,0,0,0,0,0,0,0,0,0,0,0,0,0,0,0,0,5,0,0,5,0,0,0,0,0,0,0,0,0,9,0,0,0,0,0,0,0,0,0,0,0,0,0,0,0,0,0,0,0,0,0,0,0,0,3,4,4,0,0,17,0,0,0,3,0,0,4,3,0,10,0,0,0,0,3,0,0,0,0,6,0,0,0,0,0,0,0,0,0,0,0,0,0,0,0,0,0,0,0,0,0,0,0,4,0,0,5,0,0,13,0,0,0,0,0,0,5,4,0,9,0,0,0,0,0,0,0,0,0,4,0,0,0,0,0,0,3,0,0,3,0,0,0,0,0,0,0,0,0,0,0,0,0,0,0,3,11,3,4,26,0,0,5,35,22,56,29,9,0,153,0,0,0,0,0,0,0,0,0,0
LGA58400,0,0,0,0,0,0,0,0,0,0,0,0,0,0,0,0,0,0,0,0,0,0,0,0,0,0,0,0,0,0,0,0,0,0,0,0,0,0,0,0,0,0,0,0,0,0,0,0,0,0,0,0,0,0,0,0,0,0,0,0,0,0,0,0,0,0,0,0,0,0,0,0,0,0,0,0,0,0,0,0,0,0,0,0,0,0,0,0,0,0,0,0,0,0,0,0,0,0,0,0,0,0,0,0,0,0,0,0,0,0,0,0,0,0,0,0,0,0,0,0,0,0,0,0,0,0,0,0,0,0,0,0,0,0,0,0,0,0,0,0,0,0,0,0,0,0,0,0,0,0,0,0,0,0,0,0,0,0,0,0,0,0,0,0,0,0,0,0,0,0,0,0,0,0,0,0,0,0,0,0,0,0,0,0,4,0,4,0,0,5,0,0,0,0,0,0,0,0,0,0
LGA58470,0,0,0,0,0,0,0,0,0,0,0,0,0,0,0,0,0,0,0,0,0,0,0,0,0,0,0,0,0,0,0,0,0,0,0,0,0,0,0,0,0,0,0,0,0,0,0,0,0,0,0,0,0,0,0,0,0,0,0,0,0,0,0,0,0,0,0,0,0,0,0,0,0,0,0,0,0,0,0,0,0,0,0,0,0,0,0,0,0,0,0,0,0,0,0,0,0,0,0,0,0,0,0,0,0,0,0,0,0,0,0,0,0,0,0,0,0,0,0,0,0,0,0,0,0,0,0,0,0,0,0,0,0,0,0,0,0,0,0,0,0,0,0,0,0,0,0,0,0,0,0,0,0,0,0,0,0,0,0,0,0,0,0,0,0,0,0,0,0,0,0,0,0,0,0,0,0,0,0,0,0,0,0,0,0,0,3,0,0,4,0,0,0,0,0,0,0,0,0,0
LGA58510,0,0,4,70,28,10,19,16,8,158,0,0,0,5,0,0,5,8,0,19,0,3,41,73,16,17,13,4,3,173,28,96,107,660,93,56,64,59,32,1185,15,30,44,211,72,18,31,9,0,433,0,11,10,86,11,7,9,3,0,139,0,3,6,18,5,7,4,0,0,52,8,5,10,187,31,38,26,11,4,320,0,4,12,80,17,25,62,111,85,395,4,0,7,68,38,12,0,0,6,133,0,4,8,174,33,23,11,0,0,264,0,0,0,3,3,0,5,0,0,20,7,14,99,359,96,84,70,42,6,774,0,0,0,6,0,4,3,0,0,12,0,0,11,44,12,8,8,7,0,89,0,0,3,40,24,35,17,15,15,150,0,12,137,404,8,4,0,0,0,559,5,0,3,31,16,5,35,29,10,137,4,23,74,347,145,164,105,18,5,889,0,0,0,4,0,0,0,0,0,7
LGA58540,0,0,0,0,0,0,0,0,0,6,0,0,0,0,0,0,0,0,0,0,0,0,0,0,0,0,0,0,0,0,0,0,0,0,0,0,0,0,0,0,0,0,0,0,0,0,0,0,0,0,0,0,0,0,0,0,0,0,0,0,0,0,0,0,0,0,0,0,0,0,0,0,0,3,0,0,0,0,0,7,0,0,0,0,0,0,0,0,0,0,0,0,0,0,0,0,0,0,0,0,0,0,0,0,0,0,0,0,0,0,0,0,0,0,0,0,0,0,0,0,0,0,0,0,0,0,0,0,0,0,0,0,0,0,0,0,0,0,0,0,0,0,0,0,0,0,0,0,0,0,0,0,0,0,0,0,0,0,0,0,0,0,0,0,0,0,0,0,0,0,0,0,0,0,0,0,0,0,0,0,0,0,0,16,12,12,4,0,0,44,0,0,0,0,0,0,0,0,0,0
LGA58570,4,0,3,83,33,15,23,8,3,175,0,0,0,4,7,7,22,49,58,153,4,7,16,84,19,10,11,6,0,152,17,36,27,236,20,34,37,18,10,441,4,3,24,94,20,8,5,0,0,161,0,3,4,56,9,14,11,4,0,92,0,0,0,10,3,0,0,3,0,15,0,9,7,310,45,43,28,5,0,451,0,0,12,139,25,53,132,195,192,746,3,5,10,78,31,10,5,0,0,149,6,11,9,142,18,9,5,0,0,193,0,0,0,4,3,0,0,0,0,11,0,8,37,245,60,53,37,11,8,447,0,0,0,4,0,0,3,3,0,16,0,0,3,39,6,9,3,6,3,76,0,0,0,15,11,25,13,9,6,88,0,0,33,90,0,0,0,0,0,123,0,4,5,26,5,14,13,4,4,77,0,11,43,298,136,132,65,18,0,715,0,0,0,17,9,12,21,34,26,117
LGA58610,0,0,0,0,0,0,0,0,0,5,0,0,0,0,0,0,0,0,0,0,0,0,0,0,0,0,0,0,0,0,0,0,0,0,0,0,0,0,0,0,0,0,0,0,0,0,0,0,0,0,0,0,0,0,0,0,0,0,0,0,0,0,0,0,0,0,0,0,0,0,0,0,0,0,0,0,0,0,0,4,0,0,0,0,0,0,0,0,0,0,0,0,0,0,0,0,0,0,0,0,0,0,0,0,0,0,0,0,0,0,0,0,0,0,0,0,0,0,0,0,0,0,0,0,0,3,0,0,0,6,0,0,0,0,0,0,0,0,0,0,0,0,0,0,0,0,0,0,0,0,0,0,0,0,0,0,0,0,0,3,0,0,0,0,0,0,0,0,0,0,0,0,0,0,3,0,5,0,0,8,0,0,5,12,16,16,11,8,0,67,0,0,0,0,0,0,0,0,0,0
LGA58680,0,0,0,0,0,0,0,0,0,0,0,0,0,0,0,0,0,0,0,0,0,0,0,0,0,0,0,0,0,0,0,0,0,0,0,0,0,0,0,0,0,0,0,0,0,0,0,0,0,0,0,0,0,0,0,0,0,0,0,0,0,0,0,0,0,0,0,0,0,0,0,0,0,0,0,0,0,0,0,0,0,0,0,0,0,0,0,0,0,0,0,0,0,0,0,0,0,0,0,0,0,0,0,0,0,0,0,0,0,0,0,0,0,0,0,0,0,0,0,0,0,0,0,0,0,0,0,0,0,0,0,0,0,0,0,0,0,0,0,0,0,0,0,0,0,0,0,0,0,0,0,0,0,0,0,0,0,0,0,0,0,0,0,0,0,0,0,0,0,0,0,0,0,0,0,0,0,0,0,0,0,0,0,0,4,0,3,0,0,13,0,0,0,0,0,0,0,0,0,0
LGA58760,0,14,44,190,150,115,165,97,23,801,0,0,0,18,10,31,40,35,14,141,0,20,20,153,40,38,23,7,0,300,11,204,325,2258,556,346,301,190,38,4238,13,43,62,247,122,50,21,8,0,564,0,21,69,223,94,69,26,4,0,508,0,28,55,234,112,58,20,6,0,519,5,144,213,955,261,179,152,91,23,2023,0,14,25,126,77,169,270,182,98,965,0,11,18,86,43,9,17,5,0,181,0,6,19,116,36,21,3,0,0,207,0,6,12,30,19,24,18,5,0,108,11,91,135,559,228,233,171,51,11,1491,0,0,0,5,4,21,36,15,8,90,0,25,48,240,61,118,98,33,14,634,0,38,137,458,264,236,166,70,35,1406,0,4,17,81,12,3,3,0,0,118,0,7,24,63,42,48,145,114,49,507,52,528,786,2595,1322,1082,588,182,32,7173,0,10,22,298,193,192,170,65,13,967
LGA58820,0,4,0,4,0,7,3,10,0,22,0,0,0,0,0,0,0,0,0,0,0,0,0,0,0,0,0,0,0,0,0,0,0,0,0,0,0,4,0,3,0,0,0,4,0,0,0,0,0,6,0,0,0,0,0,0,0,0,0,0,0,0,0,0,0,0,0,0,0,0,0,0,0,0,0,3,0,0,0,7,0,0,0,0,4,5,13,28,13,60,0,0,0,0,0,0,0,0,0,0,0,0,0,0,0,0,0,0,0,0,0,0,0,0,0,0,0,0,0,0,0,0,0,6,0,4,0,0,0,10,0,0,0,0,0,0,0,0,0,0,0,0,0,0,0,0,0,0,0,0,0,0,0,0,0,0,0,0,0,0,0,0,0,0,0,0,0,0,0,0,0,0,0,0,0,0,10,0,0,13,0,10,3,29,18,33,10,9,0,114,0,0,0,0,0,0,0,0,0,0
LGA58890,0,0,0,0,0,0,0,0,0,4,0,0,0,0,0,0,0,0,0,0,0,0,0,0,0,0,0,0,0,0,0,0,0,0,0,0,0,0,0,0,0,0,0,0,0,0,0,0,0,0,0,0,0,0,0,0,0,0,0,0,0,0,0,0,0,0,0,0,0,0,0,0,0,0,0,0,0,0,0,0,0,0,0,0,0,0,0,0,0,0,0,0,0,0,0,0,0,0,0,0,0,0,0,0,0,0,0,0,0,0,0,0,0,0,0,0,0,0,0,0,0,0,0,0,0,0,0,0,0,0,0,0,0,0,0,0,0,0,0,0,0,0,0,0,0,0,0,0,0,0,0,0,0,0,0,0,0,0,0,0,0,0,0,0,0,0,0,0,0,0,0,0,0,0,0,0,0,0,0,0,0,0,0,10,4,5,4,0,0,23,0,0,0,0,0,0,0,0,0,0
LGA59030,0,0,0,0,0,0,0,0,0,0,0,0,0,0,0,0,0,0,0,0,0,0,0,0,0,0,0,0,0,0,0,0,0,0,0,0,0,0,0,0,0,0,0,0,0,0,0,0,0,0,0,0,0,0,0,0,0,0,0,0,0,0,0,0,0,0,0,0,0,0,0,0,0,0,0,0,0,0,0,0,0,0,0,0,0,0,0,0,0,0,0,0,0,0,0,0,0,0,0,0,0,0,0,0,0,0,0,0,0,0,0,0,0,0,0,0,0,0,0,0,0,0,0,0,0,0,0,0,0,0,0,0,0,0,0,0,0,0,0,0,0,0,0,0,0,0,0,0,0,0,0,0,0,0,0,0,0,0,0,0,0,0,0,0,0,0,0,0,0,0,0,0,0,0,0,0,0,0,0,0,0,0,0,0,3,0,4,0,0,11,0,0,0,0,0,0,0,0,0,0
LGA59100,0,0,0,0,0,0,0,0,0,6,0,0,0,0,0,0,0,0,0,0,0,0,0,0,0,0,0,0,0,0,0,0,0,0,0,0,0,0,0,0,0,0,0,0,0,0,0,0,0,0,0,0,0,0,0,0,0,0,0,0,0,0,0,0,0,0,0,0,0,0,0,0,0,0,0,0,0,0,0,0,0,0,0,0,0,0,0,0,0,0,0,0,0,0,0,0,0,0,0,0,0,0,0,0,0,0,0,0,0,0,0,0,0,0,0,0,0,0,0,0,0,0,0,0,0,0,0,0,0,0,0,0,0,0,0,0,0,0,0,0,0,0,0,0,0,0,0,0,0,0,0,0,0,0,0,0,0,0,0,0,0,0,0,0,0,0,0,0,0,0,0,0,0,0,0,0,0,0,0,0,0,0,0,3,0,3,0,0,0,10,0,0,0,0,0,0,0,0,0,0
LGA59170,0,0,0,0,0,0,0,0,0,3,0,0,0,0,0,0,0,0,0,0,0,0,0,0,0,0,0,0,0,0,0,0,0,0,0,0,0,0,0,0,0,0,0,0,0,0,0,0,0,4,0,0,0,0,0,0,0,0,0,0,0,0,0,0,0,0,0,0,0,0,0,0,0,0,0,0,0,0,0,4,0,0,0,0,0,0,0,0,0,0,0,0,0,0,0,0,0,0,0,0,0,0,0,0,0,0,0,0,0,0,0,0,0,0,0,0,0,0,0,0,0,0,0,0,0,0,0,0,0,0,0,0,0,0,0,0,0,0,0,0,0,0,0,0,0,0,0,0,0,0,0,0,0,0,0,0,0,0,0,0,0,0,0,0,0,0,0,0,0,0,0,0,0,0,0,0,0,0,0,0,0,0,0,7,3,8,0,0,0,23,0,0,0,0,0,0,0,0,0,0
LGA59250,0,0,0,0,0,0,0,0,0,0,0,0,0,0,0,0,0,0,0,0,0,0,0,0,0,0,0,0,0,0,0,0,0,0,0,0,0,0,0,0,0,0,0,0,0,0,0,0,0,0,0,0,0,0,0,0,0,0,0,0,0,0,0,0,0,0,0,0,0,0,0,0,0,0,0,0,0,0,0,0,0,0,0,0,0,0,0,0,0,0,0,0,0,0,0,0,0,0,0,0,0,0,0,0,0,0,0,0,0,0,0,0,0,0,0,0,0,0,0,0,0,0,0,3,0,0,0,0,0,3,0,0,0,0,0,0,0,0,0,0,0,0,0,0,0,0,0,0,0,0,0,0,0,0,0,0,0,0,0,0,0,0,0,0,0,0,0,0,0,0,0,0,0,0,0,0,0,0,0,0,0,0,0,0,6,0,0,0,0,16,0,0,0,0,0,0,0,0,0,0
LGA59310,0,0,0,0,0,0,0,0,0,0,0,0,0,0,0,0,0,0,0,0,0,0,0,0,0,0,0,0,0,0,0,0,0,0,0,0,0,0,0,3,0,0,0,0,0,0,0,0,0,0,0,0,0,0,0,0,0,0,0,0,0,0,0,0,0,0,0,0,0,0,0,0,0,5,0,0,0,0,0,5,0,0,0,0,0,0,0,0,0,0,0,0,0,0,0,0,0,0,0,0,0,0,0,0,0,0,0,0,0,0,0,0,0,0,0,0,0,0,0,0,0,0,0,0,0,0,0,0,0,0,0,0,0,0,0,0,0,0,0,0,0,0,0,0,0,0,0,0,0,0,0,0,0,0,0,0,0,0,0,0,0,0,0,0,0,0,0,0,0,0,0,0,0,0,0,0,0,0,0,4,0,0,5,10,8,7,9,4,0,44,0,0,0,0,0,0,0,0,0,0
LGA59320,0,0,0,0,0,0,0,0,0,0,0,0,0,0,0,0,0,0,0,0,0,0,0,0,0,0,0,0,0,0,0,0,0,0,0,0,0,0,0,0,0,0,0,0,0,0,0,0,0,0,0,0,0,0,0,0,0,0,0,0,0,0,0,0,0,0,0,0,0,0,0,0,0,0,0,0,0,0,0,0,0,0,0,0,0,0,0,0,0,0,0,0,0,0,0,0,0,0,0,0,0,0,0,0,0,0,0,0,0,0,0,0,0,0,0,0,0,0,0,0,0,0,0,0,0,0,0,0,0,0,0,0,0,0,0,0,0,0,0,0,0,0,0,0,0,0,0,0,0,0,0,0,0,0,0,0,0,0,0,0,0,0,0,0,0,0,0,0,0,0,0,0,0,4,0,0,0,0,0,4,0,0,0,0,0,0,0,0,0,4,0,0,0,0,0,0,0,0,0,0
LGA59330,0,0,0,0,0,0,0,0,0,0,0,0,0,0,0,0,0,0,0,0,0,0,0,0,0,0,0,0,0,0,0,0,0,3,0,0,0,0,0,3,0,0,0,0,0,0,0,0,0,0,0,0,0,0,0,0,0,0,0,0,0,0,0,0,0,0,0,0,0,0,0,0,0,3,0,0,0,0,0,6,0,0,0,0,0,0,0,0,0,0,0,0,0,0,0,0,0,0,0,0,0,0,0,0,0,0,0,0,0,0,0,0,0,0,0,0,0,0,0,0,0,0,0,0,0,0,0,0,0,0,0,0,0,0,0,0,0,0,0,0,0,0,0,0,0,0,0,0,0,0,0,0,0,0,0,0,0,0,0,0,0,0,0,0,0,0,0,0,0,0,0,0,0,0,0,0,0,0,0,6,0,0,0,0,0,4,3,0,0,11,0,0,0,0,0,0,0,0,0,0
LGA59340,0,0,5,12,4,14,3,0,0,39,0,0,0,0,0,0,0,0,0,0,0,0,0,0,0,0,0,0,0,0,0,4,6,14,5,12,3,0,0,33,0,0,0,4,4,0,0,0,0,15,0,0,0,0,0,0,0,0,0,0,0,0,0,0,0,0,0,0,0,0,0,0,5,15,5,3,0,0,0,25,0,0,0,7,0,0,3,0,0,19,0,0,0,4,0,0,0,0,0,7,0,0,0,3,0,0,0,0,0,3,0,0,0,0,0,0,0,0,0,0,0,0,3,11,5,0,0,0,0,20,0,0,0,0,0,0,0,0,0,5,0,0,0,0,0,0,0,0,0,0,0,0,0,0,0,0,0,0,0,0,0,0,0,0,0,0,0,0,0,3,0,0,0,10,0,3,9,0,0,18,0,3,9,32,26,25,7,0,0,104,0,0,0,0,0,0,0,0,0,0
LGA59350,0,0,0,0,0,0,0,0,0,0,0,0,0,0,0,0,0,0,0,0,0,0,0,0,0,0,0,0,0,0,0,0,0,0,0,0,0,0,0,0,0,0,0,0,0,0,0,0,0,0,0,0,0,0,0,0,0,0,0,0,0,0,0,0,0,0,0,0,0,0,0,0,0,0,0,0,0,0,0,0,0,0,0,0,0,0,0,0,0,0,0,0,0,0,0,0,0,0,0,0,0,0,0,0,0,0,0,0,0,0,0,0,0,0,0,0,0,0,0,0,0,0,0,0,0,0,0,0,0,0,0,0,0,0,0,0,0,0,0,0,0,0,0,0,0,0,0,0,0,0,0,0,0,0,0,0,0,0,0,0,0,0,0,0,0,0,0,0,0,0,0,0,0,0,0,0,0,0,0,0,0,0,0,9,0,0,0,0,0,11,0,0,0,0,0,0,0,0,0,0
LGA59360,0,0,0,0,0,0,0,0,0,4,0,0,0,0,0,0,0,0,0,0,0,0,0,0,0,0,0,0,0,0,0,0,0,7,0,0,0,0,0,10,0,0,0,0,0,0,0,0,0,0,0,0,0,0,0,0,0,0,0,0,0,0,0,0,0,0,0,0,0,0,0,0,0,3,0,0,0,0,0,5,0,0,0,0,0,0,0,0,0,3,0,0,0,0,0,0,0,0,0,0,0,0,0,0,0,0,0,0,0,0,0,0,0,0,0,0,0,0,0,0,0,0,0,0,0,0,0,0,0,3,0,0,0,0,0,0,0,0,0,0,0,0,0,0,0,0,0,0,0,0,0,0,0,0,0,0,0,0,0,0,0,0,0,0,0,0,0,0,0,0,0,0,0,0,0,0,0,0,0,0,0,0,0,21,23,15,4,0,0,63,0,0,0,0,0,0,0,0,0,0
LGA59370,0,0,0,0,0,0,4,3,0,16,0,0,0,0,0,0,0,0,0,5,0,0,0,0,0,0,0,0,0,0,0,0,0,4,0,4,0,4,0,14,0,0,0,0,4,0,0,0,0,3,0,0,0,0,0,0,0,0,0,0,0,0,0,0,0,0,0,0,0,0,0,0,0,4,0,0,4,0,0,13,0,0,0,0,0,4,3,0,0,10,0,0,0,0,0,0,0,0,0,0,0,0,0,0,0,0,0,0,0,0,0,0,0,0,0,0,0,0,0,0,0,0,0,0,4,0,0,0,0,4,0,0,0,0,0,0,0,0,0,4,0,0,0,0,0,0,0,0,0,0,0,0,0,0,0,0,0,0,0,0,0,0,0,0,0,0,0,0,0,0,0,0,0,0,3,4,10,6,0,21,0,0,6,13,12,35,23,6,0,97,0,0,0,0,0,0,0,0,0,0
LGA59499,0,0,4,21,3,6,12,3,0,46,0,0,0,0,0,0,0,0,0,0,0,0,0,5,0,0,0,0,0,4,0,0,0,14,0,0,3,3,0,30,0,0,0,12,3,3,0,0,0,15,0,0,0,6,4,4,0,0,0,9,0,0,0,0,0,0,0,0,0,6,0,0,4,13,0,5,3,7,0,31,0,0,3,21,4,0,5,3,0,41,0,0,0,0,0,0,0,0,0,0,0,0,0,3,0,0,0,0,0,4,0,0,0,0,0,0,0,0,0,0,0,0,0,10,3,3,0,0,0,13,0,0,0,0,0,0,0,0,0,0,0,0,0,3,0,0,0,0,0,4,0,0,3,6,0,5,0,0,0,12,0,0,0,3,0,0,0,0,0,0,0,0,0,8,4,0,3,0,0,21,3,7,18,88,45,57,30,9,0,257,0,0,0,0,0,0,0,0,0,0
LGA59799,0,0,0,0,0,0,0,0,0,0,0,0,0,0,0,0,0,0,0,0,0,0,0,0,0,0,0,0,0,0,0,0,0,0,0,0,0,0,0,4,0,0,0,6,0,3,0,0,0,7,0,0,0,0,0,0,0,0,0,0,0,0,0,0,0,0,0,0,0,0,0,0,0,4,0,0,0,0,0,4,0,0,0,0,0,0,0,0,0,0,0,0,0,0,0,0,0,0,0,0,0,0,0,0,0,0,0,0,0,0,0,0,0,0,0,0,0,0,0,0,0,0,0,0,0,0,0,0,0,0,0,0,0,0,0,0,0,0,0,0,0,0,0,0,0,0,0,0,0,0,0,0,0,0,0,0,0,0,0,0,0,0,0,0,0,0,0,0,0,0,0,0,0,0,0,0,0,0,0,3,0,0,0,19,5,6,0,0,0,27,0,0,0,0,0,0,0,0,0,0
