LGA_CODE_2021,Philippines_Before_1951,Philippines_1951_1960,Philippines_1961_1970,Philippines_1971_1980,Philippines_1981_1990,Philippines_1991_2000,Philippines_2001_2010,Philippines_2011_2015,Philippines_2016,Philippines_2017,Philippines_2018,Philippines_2019,Philippines_2020,Philippines_2021,Philippines_Yr_arrival_ns,Philippines_Tot,Poland_Before_1951,Poland_1951_1960,Poland_1961_1970,Poland_1971_1980,Poland_1981_1990,Poland_1991_2000,Poland_2001_2010,Poland_2011_2015,Poland_2016,Poland_2017,Poland_2018,Poland_2019,Poland_2020,Poland_2021,Poland_Yr_arrival_NS,Poland_Tot,Singapore_Before_1951,Singapore_1951_1960,Singapore_1961_1970,Singapore_1971_1980,Singapore_1981_1990,Singapore_1991_2000,Singapore_2001_2010,Singapore_2011_2015,Singapore_2016,Singapore_2017,Singapore_2018,Singapore_2019,Singapore_2020,Singapore_2021,Singapore_Yr_arrival_ns,Singapore_Tot,South_Africa_Before_1951,South_Africa_1951_1960,South_Africa_1961_1970,South_Africa_1971_1980,South_Africa_1981_1990,South_Africa_1991_2000,South_Africa_2001_2010,South_Africa_2011_2015,South_Africa_2016,South_Africa_2017,South_Africa_2018,South_Africa_2019,South_Africa_2020,South_Africa_2021,South_Africa_Yr_arrival_ns,South_Africa_Tot,Sri_Lanka_Before_1951,Sri_Lanka_1951_1960,Sri_Lanka_1961_1970,Sri_Lanka_1971_1980,Sri_Lanka_1981_1990,Sri_Lanka_1991_2000,Sri_Lanka_2001_2010,Sri_Lanka_2011_2015,Sri_Lanka_2016,Sri_Lanka_2017,Sri_Lanka_2018,Sri_Lanka_2019,Sri_Lanka_2020,Sri_Lanka_2021,Sri_Lanka_Yr_arrival_ns,Sri_Lanka_Tot,Taiwan_Before_1951,Taiwan_1951_1960,Taiwan_1961_1970,Taiwan_1971_1980,Taiwan_1981_1990,Taiwan_1991_2000,Taiwan_2001_2010,Taiwan_2011_2015,Taiwan_2016,Taiwan_2017,Taiwan_2018,Taiwan_2019,Taiwan_2020,Taiwan_2021,Taiwan_Yr_arrival_ns,Taiwan_Tot,Thailand_Before_1951,Thailand_1951_1960,Thailand_1961_1970,Thailand_1971_1980,Thailand_1981_1990,Thailand_1991_2000,Thailand_2001_2010,Thailand_2011_2015,Thailand_2016,Thailand_2017,Thailand_2018,Thailand_2019,Thailand_2020,Thailand_2021,Thailand_Yr_arrival_ns,Thailand_Tot,United_Kingdom_Before_1951,United_Kingdom_1951_1960,United_Kingdom_1961_1970,United_Kingdom_1971_1980,United_Kingdom_1981_1990,United_Kingdom_1991_2000,United_Kingdom_2001_2010,United_Kingdom_2011_2015,United_Kingdom_2016,United_Kingdom_2017,United_Kingdom_2018,United_Kingdom_2019,United_Kingdom_2020,United_Kingdom_2021,United_Kingdom_Yr_arrival_ns,United_Kingdom_Tot,USA_Before_1951,USA_1951_1960,USA_1961_1970,USA_1971_1980,USA_1981_1990,USA_1991_2000,USA_2001_2010,USA_2011_2015,United_States_America_2016,United_States_America_2017,United_States_America_2018,United_States_America_2019,United_States_America_2020,United_States_America_2021,USA_year_of_arrival_ns,USA_Total,Vietnam_Before_1951,Vietnam_1951_1960,Vietnam_1961_1970,Vietnam_1971_1980,Vietnam_1981_1990,Vietnam_1991_2000,Vietnam_2001_2010,Vietnam_2011_2015,Vietnam_2016,Vietnam_2017,Vietnam_2018,Vietnam_2019,Vietnam_2020,Vietnam_2021,Vietnam_Yr_arrival_NS,Vietnam_Tot,Born_elsewhere_Before_1951,Born_elsewhere_1951_1960,Born_elsewhere_1961_1970,Born_elsewhere_1971_1980,Born_elsewhere_1981_1990,Born_elsewhere_1991_2000,Born_elsewhere_2001_2010,Born_elsewhere_2011_2015,Born_elsewhere_2016,Born_elsewhere_2017,Born_elsewhere_2018,Born_elsewhere_2019,Born_elsewhere_2020,Born_elsewhere_2021,Born_elsewhere_Yr_arrival_ns,Born_elsewhere_Tot,Tot_Before_1951,Tot_1951_1960,Tot_1961_1970,Tot_1971_1980,Tot_1981_1990,Tot_1991_2000,Tot_2001_2010,Tot_2011_2015,Tot_2016,Tot_2017,Tot_2018,Tot_2019,Tot_2020,Tot_2021,Tot_Yr_arrival_NS,Tot_Tot
LGA50080,0,0,0,9,35,29,270,129,35,24,24,29,10,3,6,608,9,3,3,3,10,6,4,0,3,0,0,0,0,0,0,41,0,0,3,6,4,0,9,3,0,0,0,4,0,0,3,34,0,9,14,20,34,43,186,82,14,14,16,28,0,0,8,458,0,3,3,0,0,6,4,7,0,0,10,0,0,0,0,32,0,0,0,0,0,0,3,3,0,0,0,0,0,0,0,17,0,0,0,0,0,11,46,44,15,0,5,0,3,0,5,146,111,246,1003,638,388,219,287,124,15,12,18,20,4,0,111,3195,0,0,14,37,28,23,27,9,7,0,0,7,3,0,0,148,0,0,0,3,0,7,9,7,0,0,3,5,0,0,15,38,17,35,65,63,75,51,168,91,34,21,22,18,11,42,36,740,204,531,1321,968,842,570,1339,699,155,100,129,152,54,65,303,7440
LGA50210,0,0,3,23,88,73,709,790,145,74,67,55,39,3,32,2100,6,0,0,4,51,9,18,11,0,4,0,0,0,0,0,109,0,0,17,47,69,86,306,136,35,31,29,26,10,0,9,798,0,0,10,68,101,121,771,348,12,29,21,48,9,6,19,1566,0,0,0,0,12,34,301,343,15,36,11,18,13,0,7,799,0,0,0,0,3,9,33,43,6,3,9,7,0,0,3,123,0,0,0,9,25,45,206,104,28,25,22,17,9,4,12,507,69,273,2102,1584,1445,736,1213,501,46,36,45,40,13,19,174,8310,0,11,17,36,38,38,55,45,6,3,10,3,8,0,6,271,0,0,0,7,22,23,35,33,3,5,3,12,4,4,3,160,19,41,219,204,354,341,1949,924,143,110,112,113,35,35,77,4691,178,729,2816,2534,3303,2547,10487,7127,927,740,758,793,339,147,563,33992
LGA50250,0,0,0,0,4,8,32,33,4,4,7,3,0,4,3,101,0,0,0,0,0,0,3,0,0,0,0,0,0,0,0,8,0,0,0,0,5,0,0,0,3,0,0,0,0,0,0,14,0,0,0,0,0,11,23,14,0,0,0,0,0,0,0,52,0,0,0,0,0,0,8,3,3,0,0,3,0,0,0,19,0,0,0,0,0,0,5,5,0,0,0,0,0,0,0,9,0,0,0,0,0,8,12,10,4,0,3,9,0,0,4,49,0,0,39,27,27,23,71,33,0,0,0,5,0,0,6,239,0,0,0,0,0,0,0,3,0,0,8,0,0,0,0,17,0,0,0,0,0,0,0,0,0,3,0,0,0,0,0,7,0,0,12,4,4,23,51,59,3,4,5,23,9,0,4,199,0,8,55,75,121,150,413,302,46,43,53,66,15,14,37,1395
LGA50280,0,0,0,0,5,0,37,37,3,0,4,0,0,0,4,97,0,0,3,0,3,0,0,0,0,0,0,0,0,0,0,11,0,0,0,10,4,0,5,3,0,0,0,3,0,0,0,27,0,0,4,18,39,35,37,26,0,4,0,3,0,0,0,176,0,0,0,0,0,0,4,0,0,0,0,0,0,0,0,6,0,0,0,0,0,0,7,10,0,0,0,5,0,0,0,24,0,0,0,0,0,3,15,3,0,0,0,0,6,0,4,37,16,65,311,229,188,168,244,141,11,18,16,30,3,4,40,1490,0,0,7,17,20,9,31,12,5,6,3,10,0,0,0,128,0,0,0,4,0,0,6,3,5,0,0,0,3,0,0,24,0,7,34,41,59,52,101,77,18,20,18,54,22,0,66,569,40,121,429,426,479,416,739,514,83,74,65,155,58,16,154,3763
LGA50350,0,0,0,0,15,15,34,62,11,14,6,13,5,0,5,186,3,0,5,4,18,9,5,3,0,3,4,0,0,0,0,50,3,0,7,9,9,8,10,3,4,0,0,0,0,0,0,52,0,0,6,8,18,25,37,8,0,3,9,0,0,0,0,118,0,0,0,3,8,3,4,8,0,4,0,8,0,0,5,36,0,0,0,0,0,0,7,6,0,0,0,0,0,0,0,16,0,0,0,0,9,3,28,14,0,0,6,0,0,0,3,60,25,59,328,209,197,98,201,83,13,7,7,4,4,0,16,1262,0,0,6,3,3,13,20,9,3,0,0,0,0,0,0,62,0,0,0,10,37,20,21,17,0,4,6,5,8,0,0,137,9,28,80,68,77,85,151,73,9,16,11,9,4,3,18,638,78,199,592,475,632,447,905,538,85,96,90,79,37,16,72,4334
LGA50420,0,0,0,24,102,82,183,269,69,28,37,50,17,0,19,882,20,11,22,33,150,33,29,36,5,0,0,3,0,0,9,346,3,7,22,78,128,76,81,27,3,7,4,8,7,0,6,461,3,0,14,56,168,157,231,87,7,4,5,16,6,0,6,760,0,10,27,36,39,25,54,71,12,19,12,51,25,5,8,396,0,0,0,0,3,9,36,69,8,5,8,29,0,0,4,177,0,0,0,12,34,39,82,67,17,15,9,6,7,5,6,316,74,185,982,667,667,415,667,379,41,30,35,34,6,11,94,4297,6,0,12,24,32,31,61,42,9,11,16,9,7,0,3,251,0,0,3,233,611,365,275,208,55,37,29,36,36,3,61,1947,48,73,332,408,483,708,1014,674,143,144,176,179,39,5,70,4510,309,976,2431,2439,3700,3032,5279,3972,767,639,742,907,336,65,532,26137
LGA50490,0,0,0,16,68,47,257,435,72,60,56,89,13,3,33,1153,12,14,13,14,56,16,8,3,0,0,0,0,0,0,6,133,4,0,8,56,72,58,98,52,8,8,16,10,11,0,0,409,0,0,6,15,48,33,162,58,8,0,7,20,0,5,0,361,0,0,0,15,25,22,84,58,24,9,17,38,25,0,6,327,0,0,0,0,5,16,39,81,13,11,13,14,0,0,0,199,0,0,0,4,29,35,76,54,16,10,7,5,10,3,7,265,38,108,650,377,258,162,264,194,24,13,18,34,15,0,58,2215,0,3,3,13,15,12,26,22,3,9,8,6,0,0,6,123,0,0,0,48,68,47,98,58,17,11,10,16,7,0,23,393,17,42,165,174,210,306,828,522,186,157,171,219,82,32,56,3161,131,381,1166,1066,1474,1459,4154,3548,753,653,738,936,364,91,385,17293
LGA50560,0,0,0,0,0,0,7,3,9,0,0,0,0,0,0,18,0,0,0,0,0,0,0,0,0,0,0,0,0,0,0,0,0,0,0,0,0,0,0,0,0,0,0,0,0,0,0,0,0,0,0,0,0,0,4,0,0,0,0,0,0,0,0,11,0,0,0,0,0,0,0,0,0,0,0,0,0,0,0,0,0,0,0,0,0,0,0,0,0,0,0,0,0,0,0,0,0,0,0,0,0,0,0,0,0,0,0,0,0,0,0,0,3,8,49,36,15,8,9,0,0,0,0,0,0,0,3,142,0,0,0,0,0,0,0,0,0,0,0,0,0,0,0,4,0,0,0,0,0,0,0,0,0,0,0,0,0,0,0,0,0,5,8,9,3,6,10,0,0,0,0,0,0,0,0,36,7,19,74,49,43,32,37,16,8,0,0,3,0,0,5,312
LGA50630,0,0,0,0,0,0,0,6,0,0,0,0,0,0,0,7,0,0,0,0,0,0,0,0,0,0,0,0,0,0,0,0,0,0,0,0,0,0,0,0,0,0,0,0,0,0,0,0,0,0,0,0,0,0,6,7,0,0,0,0,0,4,0,17,0,0,0,0,0,0,0,0,0,0,0,0,0,0,0,0,0,0,0,0,0,0,0,0,0,0,0,0,0,0,0,0,0,0,0,0,0,0,0,0,0,0,0,0,0,0,0,7,0,16,35,16,4,4,13,4,0,0,0,0,0,0,0,93,0,0,0,0,0,0,0,0,0,0,0,0,0,0,0,0,0,0,0,0,0,0,0,0,0,0,0,0,0,0,0,0,0,0,4,0,0,4,0,8,0,0,0,0,0,0,0,22,0,15,42,27,16,21,59,38,4,0,0,3,0,4,15,258
LGA50770,0,0,0,0,0,0,3,0,0,0,0,0,0,0,0,3,0,0,0,0,0,0,0,0,0,0,0,0,0,0,0,0,0,0,0,0,0,0,0,0,0,0,0,0,0,0,0,3,0,0,0,0,0,0,4,0,0,0,0,0,0,0,0,6,0,0,0,0,0,0,0,0,0,0,0,0,0,0,0,0,0,0,0,0,0,0,0,0,0,0,0,0,0,0,0,0,0,0,0,0,0,0,0,0,0,0,0,0,0,0,0,0,6,9,32,36,11,12,9,3,0,0,0,0,0,0,11,121,0,0,0,0,0,0,0,0,0,0,0,0,0,0,0,0,0,0,0,0,0,0,0,0,0,0,0,0,0,0,0,0,0,0,4,3,0,0,5,4,0,0,0,0,0,0,0,22,9,7,42,53,22,23,34,8,3,0,0,0,3,0,21,239
LGA50840,0,0,0,0,0,0,16,7,0,3,0,0,0,0,0,27,0,0,0,0,3,0,0,0,0,0,0,0,0,0,0,5,0,0,3,0,3,0,0,0,0,0,0,0,0,0,0,5,0,0,3,5,10,12,12,0,0,0,0,0,0,0,0,41,0,0,0,0,0,0,0,0,0,0,0,0,0,0,0,3,0,0,0,0,0,0,0,0,0,0,0,0,0,0,0,0,0,0,0,0,0,3,0,8,0,0,0,0,0,0,0,11,14,35,174,149,106,30,58,10,0,0,0,4,0,0,26,606,0,0,6,8,3,5,9,6,0,0,0,0,0,0,0,33,0,0,0,0,0,0,0,5,0,0,0,0,0,0,0,5,0,0,15,15,17,17,22,3,0,0,0,0,0,0,6,90,21,73,226,211,214,102,154,58,3,7,6,11,3,0,39,1126
LGA50910,0,0,0,0,0,0,0,0,0,0,0,0,0,0,0,3,0,0,0,0,0,0,0,0,0,0,0,0,0,0,0,0,0,0,0,0,0,0,0,0,0,0,0,0,0,0,0,0,0,0,0,0,0,0,0,0,0,0,0,0,0,0,0,7,0,0,0,0,0,0,0,0,0,0,0,0,0,0,0,0,0,0,0,0,0,0,0,0,0,0,0,0,0,0,0,0,0,0,0,0,0,0,0,0,0,0,0,0,0,0,0,4,0,3,9,7,3,0,0,0,0,0,0,0,0,0,3,35,0,0,0,0,0,0,0,0,4,0,0,0,0,0,0,0,0,0,0,0,0,0,0,0,0,0,0,0,0,0,0,0,0,0,3,0,0,0,5,0,0,0,0,0,0,0,0,12,0,4,21,11,12,3,17,8,5,0,0,6,0,0,6,94
LGA50980,0,0,0,0,10,8,61,82,13,4,13,14,3,0,3,225,0,0,0,0,0,0,0,0,0,0,0,0,0,0,0,0,0,0,5,4,0,3,0,0,0,0,0,0,0,0,0,23,0,0,0,4,6,13,46,16,0,8,0,3,0,0,0,102,0,0,0,0,0,0,15,7,0,0,4,4,0,0,0,24,0,0,0,0,0,0,3,12,0,0,0,0,0,0,0,23,0,0,0,0,7,10,20,17,4,0,3,11,0,0,3,70,0,13,90,73,77,44,133,73,5,6,7,18,6,0,17,571,0,3,0,3,3,4,16,11,0,3,0,5,0,0,0,55,0,0,0,0,0,0,3,6,0,4,5,0,0,3,0,25,0,7,9,28,24,27,97,50,15,32,21,85,33,7,17,459,13,52,145,191,213,193,575,423,64,81,80,230,73,16,85,2449
LGA51080,0,0,0,0,0,0,0,0,0,0,0,0,0,0,0,6,0,0,0,0,0,0,0,0,0,0,0,0,0,0,0,0,0,0,0,0,0,0,0,0,0,0,0,0,0,0,0,0,0,0,0,0,0,0,5,0,0,0,0,0,0,0,0,3,0,0,0,0,0,0,0,0,0,0,0,0,0,0,0,0,0,0,0,0,0,0,0,0,0,0,0,0,0,0,0,0,0,0,0,0,0,0,0,0,0,0,0,0,0,0,0,0,0,9,25,9,7,0,0,0,0,0,0,0,0,0,0,45,0,0,0,0,0,0,0,0,0,0,0,0,0,0,0,5,0,0,0,0,0,0,0,0,0,0,0,0,0,0,0,0,0,0,4,0,3,0,0,0,0,0,0,0,0,0,0,7,0,8,31,17,16,3,8,4,0,0,4,0,0,0,8,103
LGA51120,0,0,0,0,0,0,3,4,0,0,0,0,0,0,0,11,0,0,0,0,0,0,0,0,0,0,0,0,0,0,0,0,0,0,0,0,0,0,0,0,0,0,0,0,0,0,0,0,0,0,0,0,0,0,4,0,0,0,0,0,0,0,0,5,0,0,0,0,0,0,0,0,0,0,0,0,0,0,0,0,0,0,0,0,0,0,0,0,0,0,0,0,0,0,0,0,0,0,0,0,0,0,0,0,0,0,0,0,0,0,0,0,0,4,15,9,0,0,0,0,0,0,0,0,0,0,0,34,0,0,0,0,3,0,0,0,0,0,0,0,0,0,0,6,0,0,0,0,0,0,0,0,0,0,0,0,0,0,0,0,0,0,4,0,0,0,4,0,0,0,0,0,0,0,0,14,5,9,18,12,13,8,18,7,0,0,0,0,0,0,0,88
LGA51190,0,0,0,8,21,32,131,134,23,24,25,28,17,5,16,465,3,4,4,3,18,3,6,3,0,0,0,0,0,0,3,53,0,7,3,0,4,3,8,3,0,4,3,0,4,0,0,40,0,0,6,20,30,39,141,39,14,12,10,10,11,3,9,344,0,0,3,0,3,3,3,12,7,4,0,0,0,4,0,42,0,0,0,0,0,4,3,15,4,10,11,25,8,0,0,83,0,0,0,0,3,6,32,14,8,4,3,5,0,0,0,80,57,154,593,354,265,160,256,139,10,6,10,26,20,0,72,2120,0,0,12,21,7,5,11,7,8,0,0,3,0,0,0,79,0,0,0,0,7,19,13,11,0,3,0,0,0,0,5,69,15,23,57,61,61,55,145,98,31,29,27,29,26,4,32,688,151,400,834,656,698,530,1232,884,169,167,174,223,112,36,247,6510
LGA51260,0,0,0,0,14,7,57,37,13,3,5,14,5,0,3,166,0,0,0,0,11,0,0,4,0,0,0,0,0,0,0,30,0,3,3,10,4,8,7,10,0,0,0,0,0,0,0,47,0,0,10,31,66,60,166,72,13,12,0,17,11,0,0,477,0,0,0,0,0,0,12,20,0,3,0,3,0,0,0,46,0,0,0,0,0,0,3,17,3,0,0,6,0,0,0,44,0,0,0,0,9,9,34,17,8,0,3,8,0,0,0,97,80,226,898,617,524,261,525,252,34,12,23,33,25,14,123,3654,3,4,9,31,11,17,30,23,0,9,0,5,6,5,6,158,0,0,0,3,3,11,15,24,4,0,0,7,0,0,3,64,18,24,90,81,88,61,170,105,22,24,27,32,10,4,17,773,164,386,1184,1031,1060,702,1473,931,145,124,123,172,87,41,238,7864
LGA51310,0,0,0,4,13,9,20,23,4,0,6,4,0,0,3,89,9,0,4,10,33,4,0,5,0,0,0,0,0,0,3,67,5,0,8,43,47,37,57,36,0,9,0,5,12,0,5,268,3,3,11,39,69,92,218,66,8,10,12,18,4,0,10,563,3,0,0,5,14,8,23,8,3,9,0,11,0,0,0,78,0,0,0,0,5,9,7,13,0,0,0,3,0,0,0,38,0,0,0,8,5,3,21,13,6,4,0,0,4,0,6,64,37,109,305,315,388,329,514,238,27,38,26,43,25,7,62,2469,0,4,10,21,30,29,60,62,9,12,14,21,14,7,7,303,0,0,3,27,20,5,0,12,0,0,4,0,0,0,4,78,22,16,60,95,152,142,278,203,46,36,63,87,60,6,17,1291,161,367,593,857,1266,1038,1953,1172,195,217,246,336,217,56,169,8838
LGA51330,0,0,0,10,103,79,533,489,88,57,55,99,42,8,17,1584,8,3,0,13,81,29,26,7,0,0,4,0,0,0,3,186,0,5,17,148,256,288,689,253,69,59,63,89,35,6,25,2010,0,5,19,59,163,173,366,134,24,21,24,17,9,6,20,1037,3,9,7,17,86,165,447,376,55,60,57,120,54,4,6,1470,0,0,0,0,21,51,78,129,18,20,29,44,10,3,5,406,0,0,6,15,44,61,124,57,16,22,10,15,6,5,13,399,99,244,1181,945,944,416,820,396,46,33,55,50,29,5,92,5355,0,3,12,35,25,46,77,54,16,16,4,15,7,5,5,311,0,0,0,72,121,68,92,114,47,34,45,49,23,4,25,685,34,42,298,355,616,678,1446,1128,326,274,348,512,177,40,100,6377,272,753,2178,2567,4851,4399,13111,9244,2095,1895,2343,2840,1147,220,852,48777
LGA51400,0,0,0,4,6,13,123,83,16,9,13,19,11,0,0,305,0,0,0,0,5,3,0,0,0,0,0,0,0,0,0,19,0,0,0,3,0,0,13,6,0,0,3,0,0,0,0,26,0,0,7,12,15,32,343,177,11,30,12,23,11,3,8,676,0,0,0,0,0,3,8,0,0,0,0,0,0,0,0,11,0,0,0,0,0,0,0,0,0,0,4,0,0,0,0,16,0,0,0,4,8,0,12,6,0,0,0,0,0,0,0,26,22,60,279,187,160,76,291,114,12,7,10,11,3,8,34,1282,0,0,6,12,3,4,21,3,0,0,0,9,0,0,0,51,0,0,0,0,0,0,3,8,3,0,0,0,0,0,0,17,4,7,35,30,42,42,205,83,4,22,7,15,8,0,3,507,42,111,367,327,390,262,1277,716,61,102,70,107,44,15,80,3982
LGA51470,0,0,0,0,0,0,0,0,0,0,0,0,0,0,0,0,0,0,0,0,0,0,0,0,0,0,0,0,0,0,0,0,0,0,0,0,0,0,0,0,0,0,0,0,0,0,0,0,0,0,0,0,0,0,3,0,0,0,0,0,0,0,0,3,0,0,0,0,0,0,0,0,0,0,0,0,0,0,0,0,0,0,0,0,0,0,0,0,0,0,0,0,0,0,0,0,0,0,0,0,0,0,0,0,0,0,0,0,0,0,0,0,0,0,11,4,0,5,0,4,0,0,0,0,0,0,0,28,0,0,0,0,0,0,0,0,0,0,0,0,0,0,0,3,0,0,0,0,0,0,0,0,0,0,0,0,0,0,0,0,0,0,0,0,0,4,0,3,0,0,0,0,0,0,0,12,0,5,12,10,3,12,8,10,0,0,0,0,0,0,5,79
LGA51540,0,0,0,0,3,3,10,18,7,0,0,4,0,0,0,47,0,0,0,0,0,0,0,0,0,0,0,0,0,0,0,5,0,0,0,0,0,0,4,0,0,0,0,0,0,0,0,8,0,0,0,0,0,5,10,0,0,0,0,0,0,0,0,21,0,0,0,0,0,0,0,3,0,0,0,0,0,0,0,4,0,0,0,0,0,0,3,7,3,0,0,0,0,0,0,20,0,0,0,0,0,0,3,3,3,0,0,0,0,0,0,14,5,11,60,37,9,16,25,15,5,0,4,3,0,0,9,193,0,0,3,5,0,0,0,0,0,0,0,0,4,0,0,18,0,0,0,0,49,28,21,10,0,0,0,0,0,0,9,118,3,3,16,13,46,14,20,11,8,11,7,7,0,5,3,177,6,33,119,82,140,91,138,113,36,26,46,58,22,7,35,968
LGA51610,0,0,0,0,0,0,0,0,0,0,0,0,0,0,0,0,0,0,0,0,0,0,0,0,0,0,0,0,0,0,0,0,0,0,0,0,0,0,0,0,0,0,0,0,0,0,0,0,0,0,0,0,0,0,3,6,0,0,0,0,0,0,0,16,0,0,0,0,0,0,0,0,0,0,0,0,0,0,0,0,0,0,0,0,0,0,0,0,0,0,0,0,0,0,0,0,0,0,0,0,0,0,0,0,0,0,0,0,0,0,0,0,0,0,33,15,12,10,13,8,0,0,0,0,0,0,0,96,0,0,0,0,3,0,0,0,0,0,0,0,3,0,0,6,0,0,0,0,0,0,0,0,0,0,0,0,0,0,0,0,0,0,0,4,6,8,5,5,0,0,0,0,0,0,0,20,0,3,37,34,32,22,36,33,0,0,0,0,3,0,4,208
LGA51680,0,0,0,0,0,3,0,9,0,4,0,0,0,0,0,18,0,0,0,0,3,0,0,0,0,0,0,0,0,0,0,4,0,0,4,5,3,0,7,0,0,0,0,0,0,0,0,17,0,0,0,0,5,10,27,20,8,0,0,0,0,0,0,74,0,0,0,0,3,0,0,0,0,0,0,0,0,0,0,3,0,0,0,0,0,0,0,0,0,0,0,0,0,0,0,0,0,0,0,0,0,0,0,0,0,0,0,0,0,0,0,10,4,19,113,119,127,83,224,59,0,0,4,6,0,0,29,789,0,0,0,0,0,7,4,0,0,0,0,0,0,0,0,19,0,0,0,0,0,0,0,0,0,0,0,0,0,0,0,4,0,3,20,13,16,19,25,6,0,0,0,3,0,0,7,115,12,48,154,192,237,160,351,133,13,7,11,18,4,0,56,1384
LGA51710,0,0,0,0,0,0,6,13,5,0,0,0,0,0,0,27,0,0,0,0,0,0,0,0,0,0,0,0,0,0,0,0,0,4,3,14,11,0,6,0,0,0,0,0,0,0,4,43,0,0,0,0,6,0,4,6,0,0,0,0,0,0,0,9,0,0,0,0,0,0,0,0,0,0,0,0,0,0,12,12,0,0,0,0,0,0,0,0,0,0,0,0,0,0,0,0,0,0,0,0,0,0,3,6,4,0,0,0,0,0,0,13,0,4,7,5,4,4,7,3,0,0,0,0,0,0,6,38,0,0,0,0,0,0,0,0,0,0,0,0,0,0,0,0,0,0,0,0,0,0,0,0,0,0,0,0,0,0,7,13,0,0,4,3,0,0,4,0,0,0,0,0,0,0,99,119,0,3,21,110,148,45,86,58,11,6,9,4,3,0,230,739
LGA51750,0,0,0,0,5,0,0,4,0,0,0,0,0,0,0,18,0,0,0,4,9,0,6,3,0,0,0,0,0,0,0,21,6,0,10,23,16,17,32,12,3,7,0,4,3,0,5,132,0,3,7,23,39,43,97,33,9,10,0,3,0,3,0,271,7,4,3,6,4,5,6,0,3,0,0,0,0,0,0,39,0,0,0,0,0,6,0,0,0,0,0,0,0,0,0,6,0,0,0,0,0,0,3,0,5,0,3,0,0,0,0,16,26,51,175,155,151,127,204,101,12,28,29,31,22,13,34,1147,0,0,9,8,11,4,16,15,4,3,6,5,10,7,5,108,0,0,0,0,3,0,0,4,0,6,0,4,0,0,6,21,9,6,33,32,55,74,111,105,7,17,23,44,22,0,4,529,66,110,287,340,455,407,683,447,68,117,141,193,109,36,78,3535
LGA51820,0,0,4,27,107,93,801,1107,190,112,110,130,38,20,31,2780,5,0,0,17,161,39,36,39,7,5,3,8,3,0,4,322,0,5,20,49,132,169,373,130,19,30,16,17,9,3,14,985,0,3,17,86,241,328,788,342,45,24,49,54,43,10,15,2043,0,3,3,11,42,49,101,74,23,8,6,6,6,0,3,349,0,0,0,0,16,24,48,77,9,3,9,10,4,0,0,189,0,0,0,7,39,27,111,91,18,21,13,21,14,4,16,377,107,288,1627,1217,1363,873,2065,1280,117,97,86,97,39,22,175,9450,0,4,6,19,66,65,111,61,27,14,10,27,14,4,15,448,0,0,0,45,62,32,47,44,8,9,11,12,6,0,4,278,29,94,603,673,986,1077,1617,1000,136,153,134,142,64,20,120,6862,304,1206,3476,2972,4809,4505,10548,7507,990,858,825,999,454,155,754,40363
LGA51860,0,0,0,0,0,0,0,0,0,0,0,0,0,0,0,0,0,0,0,0,0,0,0,0,0,0,0,0,0,0,0,0,0,0,0,0,0,0,0,0,0,0,0,0,0,0,0,3,0,0,0,0,0,0,0,0,0,0,0,0,0,0,0,0,0,0,0,0,0,0,0,0,0,0,0,0,0,0,0,0,0,0,0,0,0,0,0,0,0,0,0,0,0,0,0,0,0,0,0,0,0,0,0,0,0,0,0,0,0,0,0,0,0,0,6,3,0,0,0,0,0,0,0,0,0,0,0,8,0,0,0,0,0,0,0,0,0,0,0,0,0,0,0,0,0,0,0,0,0,0,0,0,0,0,0,0,0,0,0,0,0,0,0,0,0,0,0,0,0,0,3,0,0,0,3,9,0,4,3,7,11,3,7,5,0,0,3,0,0,0,10,51
LGA51890,0,0,0,0,9,4,13,8,0,0,3,0,0,0,0,42,4,0,0,0,0,0,0,0,0,0,0,0,0,0,3,10,0,0,0,0,0,0,3,0,0,0,0,0,0,0,0,6,0,0,0,4,9,0,28,0,0,0,5,0,0,0,0,52,0,0,0,0,0,0,0,0,0,0,0,0,0,0,0,0,0,0,0,0,0,0,0,0,0,0,0,0,0,0,0,0,0,0,0,0,0,4,0,0,0,0,0,0,3,0,0,9,16,30,168,98,44,16,22,7,5,0,0,0,0,0,17,431,0,0,0,5,5,0,0,0,0,0,0,0,0,0,0,13,0,0,0,0,0,0,0,0,0,0,0,0,0,0,0,4,5,0,15,13,11,11,13,4,0,0,4,0,0,0,0,63,48,74,229,160,136,62,155,64,7,3,11,7,6,4,38,1006
LGA51960,0,0,0,0,4,4,17,13,0,5,0,5,0,0,3,48,0,0,0,0,4,0,0,0,0,0,0,0,0,0,0,3,0,0,0,0,0,0,0,0,0,0,0,0,0,0,0,0,0,0,0,0,0,0,18,5,0,0,0,0,3,0,0,28,0,0,0,0,3,0,0,0,0,0,0,0,0,0,0,3,0,0,0,0,0,0,0,0,0,0,0,0,0,0,0,0,0,0,0,0,0,3,0,3,0,0,0,0,0,0,0,14,0,4,21,22,13,10,9,7,0,0,0,0,0,0,7,88,0,0,0,0,0,0,0,0,0,0,0,0,0,0,0,4,0,0,0,0,0,0,0,0,0,0,0,0,0,0,0,0,0,4,6,8,6,11,16,4,0,0,0,8,0,0,3,63,3,8,42,40,80,72,165,79,11,16,7,12,8,7,30,578
LGA52030,0,0,0,0,0,0,0,0,0,0,0,0,0,0,0,0,0,0,0,0,0,0,0,0,0,0,0,0,0,0,0,0,0,0,0,0,0,0,0,0,0,0,0,0,0,0,0,0,0,0,0,0,0,0,0,0,0,0,0,0,0,0,0,4,0,0,0,0,0,0,0,0,0,0,0,0,0,0,0,0,0,0,0,0,0,0,0,0,0,0,0,0,0,0,0,0,0,0,0,0,0,0,0,0,0,0,0,0,0,0,0,4,0,3,18,10,9,4,0,0,0,0,0,0,0,0,3,49,0,0,0,0,0,0,0,0,0,0,0,0,0,0,0,0,0,0,0,0,0,0,0,3,0,0,0,0,0,0,0,3,0,0,0,0,0,0,3,0,0,0,0,0,0,0,0,10,0,9,24,16,16,12,18,18,0,0,0,4,0,0,3,111
LGA52100,0,0,0,0,0,0,0,0,0,0,0,0,0,0,0,3,0,0,0,0,0,0,0,0,0,0,0,0,0,0,0,0,0,0,0,0,0,0,0,0,0,0,0,0,0,0,0,0,0,0,0,0,0,0,0,0,0,0,0,0,0,0,0,8,0,0,0,0,0,0,0,0,0,0,0,0,0,0,0,0,0,0,0,0,0,0,0,0,0,0,0,0,0,0,0,0,0,0,0,0,0,0,0,0,0,0,0,0,0,0,0,0,4,6,10,6,0,0,0,0,0,0,0,0,0,0,0,35,0,0,0,0,0,0,0,0,0,0,0,0,0,0,0,0,0,0,0,0,0,0,0,0,0,0,0,0,0,0,0,0,0,0,5,0,0,0,0,0,0,0,0,0,0,0,0,14,8,7,13,9,8,5,20,9,6,8,3,4,0,0,3,108
LGA52170,0,0,0,0,0,0,0,0,0,0,0,0,0,0,0,0,0,0,0,0,6,0,0,12,0,0,0,0,0,0,0,17,0,0,4,3,0,0,6,4,0,0,10,0,0,0,0,39,0,3,3,20,28,17,34,14,0,0,0,3,0,0,0,133,0,0,0,0,3,4,0,0,0,0,0,0,0,0,0,9,0,0,0,0,0,0,4,0,0,0,0,0,0,0,0,7,0,0,0,0,0,0,10,0,0,0,0,0,0,0,0,10,18,42,122,113,110,92,98,86,12,18,14,27,16,4,25,778,0,0,8,8,14,9,23,23,4,5,0,12,10,6,6,124,0,0,0,9,0,0,0,0,0,0,0,0,0,0,0,10,3,3,44,36,29,35,47,41,3,11,6,17,10,6,3,296,35,80,225,225,268,226,303,248,38,43,54,87,61,34,39,1960
LGA52240,0,0,0,0,0,0,0,4,0,3,0,0,0,0,0,12,0,0,0,0,5,0,0,0,0,0,0,0,0,0,0,5,0,0,0,0,0,0,0,0,0,0,0,0,0,0,0,0,0,0,0,0,0,0,4,0,0,0,0,0,0,0,0,14,0,0,0,0,0,0,0,0,0,0,0,0,0,0,0,0,0,0,0,0,0,0,0,0,0,0,0,0,0,0,0,0,0,0,0,0,0,0,0,0,0,0,0,0,0,0,0,0,0,8,21,14,13,4,4,0,4,0,0,5,0,0,0,76,0,0,0,0,0,0,0,0,0,0,0,0,0,0,0,5,0,0,0,0,0,0,4,0,0,0,0,0,0,0,0,4,0,0,0,0,0,0,11,0,0,0,0,3,0,0,0,12,3,6,26,24,32,13,35,8,7,3,0,7,0,0,4,174
LGA52310,0,0,0,0,0,0,0,0,0,0,0,3,0,0,0,3,0,0,0,0,0,0,0,0,0,0,0,0,0,0,0,0,0,0,0,0,0,0,0,0,0,0,0,0,0,0,0,0,0,0,0,0,0,4,0,0,0,0,0,0,0,0,0,4,0,0,0,0,0,0,0,0,0,0,0,0,0,0,0,0,0,0,0,0,0,0,0,0,0,0,0,0,0,0,0,0,0,0,0,0,0,0,0,0,0,0,0,0,0,0,0,0,3,3,23,13,10,5,10,0,0,0,0,0,0,0,5,63,0,0,0,0,0,0,0,0,0,0,0,0,0,0,0,0,0,0,0,0,0,0,0,0,0,0,0,0,0,0,0,0,0,0,0,0,0,3,0,0,0,0,0,0,0,0,0,3,5,5,25,15,25,10,15,8,0,0,0,5,3,0,6,127
LGA52380,0,0,0,0,0,0,0,0,0,0,0,0,0,0,0,3,0,0,0,0,0,0,0,0,0,0,0,0,0,0,0,0,0,0,0,0,0,0,0,0,0,0,0,0,0,0,0,0,0,0,0,0,0,0,0,0,0,0,0,0,0,0,0,5,0,0,0,0,0,0,0,0,0,0,0,0,0,0,0,0,0,0,0,0,0,0,0,0,0,0,0,0,0,0,0,0,0,0,0,0,0,0,0,0,0,0,0,0,0,0,0,0,0,5,0,0,5,0,5,0,0,0,0,0,0,0,6,19,0,0,0,0,0,0,0,0,0,0,0,0,0,0,0,0,0,0,0,0,0,0,0,0,0,0,0,0,0,0,0,0,0,0,0,0,0,5,5,0,0,0,0,0,0,0,0,11,0,6,5,7,12,7,11,10,0,0,0,0,0,0,3,60
LGA52450,0,0,0,0,0,0,4,25,3,4,3,5,0,0,0,52,0,0,0,0,0,0,0,0,0,0,0,0,0,0,0,0,0,0,0,0,0,0,0,0,0,0,0,0,0,0,0,0,0,0,0,0,0,0,10,0,0,0,0,0,0,0,3,16,0,0,0,0,0,0,0,0,0,0,0,0,0,0,0,0,0,0,0,0,0,0,0,0,0,0,0,0,0,0,0,0,0,0,0,0,0,0,0,0,0,0,0,0,0,0,0,0,7,7,22,5,8,6,7,0,0,0,0,0,0,0,3,59,0,0,0,0,0,0,0,0,0,0,0,0,0,0,0,0,0,0,0,0,0,0,0,0,0,0,0,0,0,0,0,0,0,0,0,0,0,0,0,5,0,0,0,0,0,4,0,5,8,11,20,14,17,11,21,47,8,8,3,9,5,7,8,185
LGA52520,0,0,0,0,0,0,3,55,14,5,18,4,6,0,5,107,0,0,0,0,0,0,0,0,0,0,0,0,0,0,0,0,0,0,0,0,0,0,0,0,0,0,0,0,0,0,0,0,0,0,0,0,0,0,5,0,0,0,0,0,0,3,0,17,0,0,0,0,0,0,0,0,0,0,0,0,0,0,0,0,0,0,0,0,0,0,0,0,0,0,0,0,0,0,0,0,0,0,0,0,0,0,0,0,0,0,0,0,0,0,0,0,5,5,14,5,4,0,10,6,0,0,0,0,0,0,0,43,0,0,0,3,0,0,0,0,0,0,0,0,0,0,0,0,0,0,0,0,0,0,0,0,0,0,0,0,0,0,0,0,0,0,0,0,0,0,8,6,0,0,0,0,0,0,0,20,3,4,14,8,14,12,36,74,12,6,17,14,3,9,8,238
LGA52590,0,0,0,0,0,0,3,0,3,0,0,6,0,0,0,14,0,0,0,0,0,0,0,0,0,0,0,0,0,0,0,5,0,0,0,0,0,0,0,0,0,0,0,0,0,0,0,0,0,0,0,0,5,8,11,6,0,0,0,0,0,0,0,26,0,0,0,0,0,0,0,0,0,0,0,0,0,0,0,0,0,0,0,0,0,0,0,0,0,0,0,6,0,0,0,6,0,0,0,0,0,0,0,3,0,0,0,0,0,0,0,5,0,17,56,36,26,14,20,4,4,0,0,5,4,0,7,198,0,0,0,0,0,0,0,0,0,0,0,0,0,0,0,3,0,0,0,0,0,0,0,0,0,0,0,0,0,0,0,4,0,6,9,7,5,9,3,5,3,0,0,11,5,0,0,63,3,35,80,60,75,49,61,33,9,11,13,28,17,0,28,498
LGA52660,0,0,0,4,8,3,34,43,7,0,0,4,0,0,0,117,0,0,0,0,4,0,5,0,0,0,0,0,0,0,0,17,0,0,0,5,3,4,16,5,0,0,0,0,0,0,0,27,0,0,4,11,11,24,102,46,5,5,0,5,0,0,4,211,0,0,0,0,0,4,3,0,0,0,0,0,0,0,0,7,0,0,0,0,0,0,0,0,0,0,4,4,5,0,0,16,0,0,0,0,0,4,6,0,0,0,3,5,0,0,0,26,16,41,242,164,140,59,107,54,10,6,9,6,3,0,32,884,0,0,8,3,10,3,10,6,0,0,0,0,0,0,0,40,0,0,0,0,0,0,8,7,0,0,0,0,5,0,0,20,10,7,12,32,22,14,80,56,6,6,3,5,0,0,0,256,39,113,297,251,308,200,605,399,46,36,36,40,28,4,70,2483
LGA52730,0,0,0,0,4,4,4,3,0,0,0,0,0,0,0,14,0,0,0,0,3,0,0,0,0,0,0,0,0,0,0,13,0,0,0,0,3,0,0,0,0,0,0,0,0,0,0,6,0,0,6,5,21,5,21,6,0,6,0,0,0,0,0,78,0,0,0,0,0,3,0,0,0,0,0,0,0,0,0,6,0,0,0,0,0,0,0,0,4,0,0,0,0,0,0,0,0,0,0,0,0,0,0,4,0,0,0,0,0,0,0,9,16,52,220,169,124,46,59,20,6,0,0,10,0,0,27,741,0,0,8,0,9,4,15,4,0,0,0,0,3,0,0,47,0,0,0,0,0,0,0,0,0,3,0,5,0,0,0,13,3,3,30,29,42,17,13,6,0,0,0,3,0,0,8,151,28,105,305,270,268,101,165,60,9,19,10,20,12,0,60,1432
LGA52800,0,0,0,0,7,0,8,10,8,0,4,0,4,0,0,43,0,0,0,0,0,0,0,0,0,0,0,0,0,0,0,0,0,0,0,0,0,0,0,0,0,0,0,0,0,0,0,0,0,0,0,0,0,0,7,0,0,0,0,0,0,0,0,16,0,0,0,0,0,0,0,0,0,0,3,0,0,0,0,3,0,0,0,0,0,0,0,3,0,0,0,0,0,0,0,3,0,0,0,0,0,0,3,5,0,0,0,0,0,0,0,13,0,0,24,11,9,12,19,5,4,0,0,9,0,0,4,100,0,0,0,0,0,0,0,0,0,0,0,0,0,0,0,10,0,0,0,0,0,0,0,0,0,0,0,0,0,0,0,0,0,0,3,3,3,5,6,19,9,5,8,10,0,0,0,85,0,9,46,27,43,39,110,93,19,23,31,42,18,6,15,512
LGA52870,0,0,0,0,0,0,6,8,0,0,0,5,0,0,0,29,0,0,0,0,3,5,0,0,0,0,0,0,0,0,0,9,0,0,0,0,0,4,0,0,0,0,0,0,0,0,0,4,0,0,3,0,7,9,27,6,5,0,0,4,0,0,0,56,0,0,0,0,0,0,0,0,0,0,0,0,0,0,0,4,0,0,0,0,0,0,3,4,6,0,5,10,0,0,0,26,0,0,0,0,0,0,0,0,0,0,0,0,0,0,0,8,9,26,139,115,62,39,51,28,0,0,0,0,4,4,28,522,0,0,3,3,0,5,5,0,0,0,0,0,0,0,0,13,0,0,0,0,0,0,8,3,0,0,0,0,0,0,3,18,0,0,23,17,5,7,21,5,0,0,0,3,0,5,4,96,18,75,209,190,144,103,179,76,13,3,20,26,10,5,64,1135
LGA52940,0,0,0,0,0,0,0,0,0,0,0,0,0,0,0,4,0,0,0,0,0,0,0,0,0,0,0,0,0,0,0,0,0,0,0,0,0,0,0,0,0,0,0,0,0,0,0,0,0,0,0,0,0,0,4,0,0,0,0,0,0,0,0,4,0,0,0,0,0,0,0,0,0,0,0,0,0,0,0,0,0,0,0,0,0,0,0,0,0,0,0,0,0,0,0,0,0,0,0,0,0,0,0,0,0,0,0,0,0,0,0,0,0,4,3,8,8,0,6,0,0,0,0,0,0,0,0,29,0,0,0,0,0,0,0,0,0,0,0,0,0,0,0,0,0,0,0,0,0,0,0,0,0,0,0,0,0,0,0,0,0,0,3,0,0,0,0,4,0,0,0,0,0,0,0,10,4,6,12,10,8,0,10,5,0,0,0,0,0,0,0,59
LGA53010,0,0,0,0,0,0,0,0,0,0,0,0,0,0,0,0,0,0,0,0,0,0,0,0,0,0,0,0,0,0,0,0,0,0,0,0,0,0,0,0,0,0,0,0,0,0,0,5,0,0,0,0,0,0,3,0,0,0,0,0,0,0,0,6,0,0,0,0,0,0,0,0,0,0,0,0,0,0,0,0,0,0,0,0,0,0,0,0,0,0,0,0,0,0,0,0,0,0,0,0,0,0,0,0,0,0,0,0,0,0,0,0,0,0,5,0,0,0,4,0,0,0,0,0,0,0,3,19,0,0,0,0,0,0,0,0,0,0,0,0,0,0,0,0,0,0,0,0,0,0,0,0,0,0,0,0,0,0,0,0,0,0,0,0,0,0,0,0,0,0,0,0,0,0,0,3,0,5,4,7,4,6,14,0,5,0,3,0,0,0,8,55
LGA53080,0,0,0,0,0,0,0,0,0,0,0,3,0,0,0,5,0,0,0,0,0,0,0,0,0,0,0,0,0,0,0,0,0,0,0,0,0,0,0,0,0,0,0,0,0,0,0,0,0,0,0,0,0,0,4,0,0,0,0,0,0,0,0,3,0,0,0,0,0,0,0,0,0,0,0,0,0,0,0,0,0,0,0,0,0,0,0,0,0,0,0,0,0,0,0,0,0,0,0,0,0,0,8,0,0,0,0,0,0,0,3,11,0,3,10,3,4,5,3,0,0,0,0,0,0,0,0,38,0,0,0,0,0,0,0,0,0,0,0,0,0,0,0,0,0,0,0,0,0,0,0,0,0,0,0,0,0,0,0,0,0,0,0,0,0,0,0,0,3,0,0,4,0,0,0,12,0,9,19,11,16,5,24,9,3,0,0,7,0,6,10,128
LGA53150,0,0,0,0,0,6,5,0,0,5,0,0,0,0,3,17,0,0,0,0,4,0,0,0,0,0,0,0,0,0,0,9,0,0,4,0,0,0,3,7,4,0,0,0,0,0,0,21,0,0,0,6,12,19,17,0,0,5,0,0,0,0,0,64,0,0,0,0,0,0,0,0,0,0,0,0,0,0,0,4,0,0,0,0,0,0,0,0,0,0,0,0,0,0,0,0,0,0,0,0,4,0,7,0,0,0,0,0,0,0,0,8,11,28,113,129,119,82,185,96,11,6,9,5,4,0,17,821,0,0,7,4,14,11,8,11,0,0,0,0,0,0,6,66,0,0,0,0,0,0,3,0,0,0,0,0,0,0,0,5,8,9,32,30,33,28,47,43,7,5,0,11,6,0,13,275,32,113,225,228,293,197,368,233,28,33,35,22,22,8,53,1890
LGA53220,0,0,0,0,3,11,71,87,18,10,14,10,3,5,7,228,0,0,0,0,0,0,0,0,0,0,0,0,0,0,0,0,0,0,0,0,0,0,6,3,0,0,0,0,0,0,0,19,0,0,0,4,8,10,42,15,0,0,8,9,3,0,0,100,0,0,0,0,0,0,7,0,0,0,0,0,0,0,0,11,0,0,0,0,0,0,0,0,0,0,0,0,0,0,0,0,0,0,0,0,5,4,19,9,3,7,0,5,3,0,4,63,0,0,36,36,46,30,84,26,5,5,5,18,0,0,13,308,0,0,0,0,0,5,4,7,0,0,0,0,0,0,0,11,0,0,0,0,4,0,0,0,0,0,0,0,0,0,0,14,0,0,16,6,19,21,125,85,15,18,17,34,27,6,12,401,0,7,67,82,190,193,629,427,55,76,68,147,58,20,84,2108
LGA53290,0,0,0,0,7,5,9,31,4,5,0,7,9,0,0,80,0,0,0,0,0,0,0,0,0,0,0,0,0,0,0,5,0,0,4,4,0,0,8,0,0,0,0,0,0,0,0,15,0,0,0,3,6,12,101,29,4,3,5,12,6,0,0,175,0,0,0,0,0,0,8,14,0,3,0,0,0,0,0,19,0,0,0,0,0,0,0,0,0,0,0,0,0,0,0,5,0,0,0,0,6,0,13,0,3,5,0,5,6,0,0,33,9,51,168,88,78,41,80,24,0,12,0,5,5,0,28,584,0,0,6,4,5,5,6,6,0,0,0,0,0,0,0,29,0,0,0,0,0,4,4,0,0,0,0,0,3,3,0,15,0,3,25,6,17,16,36,31,3,3,7,22,10,0,8,192,33,91,242,174,219,168,367,202,28,43,30,83,34,11,64,1794
LGA53360,0,0,0,0,0,4,3,6,5,9,0,9,0,0,0,27,0,0,0,0,0,0,0,0,0,0,4,0,0,0,0,6,0,0,0,0,0,0,0,0,0,0,0,0,0,0,0,3,0,0,0,0,0,5,11,0,0,0,0,0,0,0,0,16,0,0,0,0,0,0,0,0,0,0,0,0,0,0,0,0,0,0,0,0,0,0,0,0,0,0,3,0,0,0,0,5,0,0,0,0,0,0,0,0,0,0,4,0,0,0,0,7,0,0,50,25,18,14,30,14,0,0,4,3,4,0,8,160,0,0,0,5,0,0,0,7,6,3,0,7,10,9,0,49,0,0,0,0,0,0,0,0,0,0,0,0,0,0,0,0,0,8,5,6,4,11,15,7,0,4,16,19,12,0,4,99,5,20,56,51,50,45,103,65,14,18,38,50,24,14,20,566
LGA53430,0,0,0,0,21,17,27,28,0,0,13,4,0,3,4,131,3,0,4,6,43,12,5,3,0,0,0,0,0,0,3,82,0,6,5,10,12,15,28,12,0,0,3,3,0,0,0,110,0,3,20,30,60,50,103,22,0,3,6,8,0,9,4,314,0,0,0,0,5,0,4,4,0,0,0,0,0,0,5,16,0,0,0,0,0,0,4,9,0,0,0,0,0,0,0,14,0,0,0,0,9,5,16,12,6,0,4,3,6,3,6,75,48,115,549,488,495,342,617,328,36,34,46,70,45,9,80,3305,0,6,18,23,32,47,47,59,13,13,20,12,13,13,5,318,0,0,0,10,8,4,3,9,0,3,0,0,5,0,4,37,5,26,223,199,174,194,336,208,42,49,44,78,45,12,33,1665,132,563,1185,1052,1264,1006,1706,1065,174,174,226,291,184,66,221,9313
LGA53570,0,0,0,0,0,0,28,18,3,0,3,8,0,0,0,66,0,0,0,3,0,0,0,0,0,0,0,0,0,0,0,3,0,0,0,0,0,0,0,0,0,0,0,0,0,0,0,0,0,0,0,0,3,0,21,12,0,0,0,0,0,0,0,44,0,0,0,0,0,0,0,3,0,0,0,0,0,0,0,3,0,0,0,0,0,0,3,0,0,0,19,20,13,0,0,60,0,0,0,0,0,3,8,0,0,0,4,0,3,0,0,18,9,41,136,83,71,30,103,31,0,3,6,0,0,0,26,548,0,0,9,4,0,0,0,0,0,0,0,0,0,0,0,14,0,0,0,0,7,4,3,5,0,0,0,0,0,0,4,32,0,9,21,14,16,6,24,13,0,0,13,34,3,86,16,256,24,75,206,174,157,86,243,119,13,12,62,85,27,89,64,1424
LGA53640,0,0,0,0,0,0,0,24,3,9,3,0,3,0,0,50,0,0,0,0,0,0,0,0,0,0,0,0,0,0,0,0,0,0,0,0,0,0,0,0,0,0,0,0,0,0,0,0,0,0,0,0,0,0,8,3,0,0,0,7,0,0,0,14,0,0,0,0,0,0,0,0,0,0,0,0,0,0,0,0,0,0,0,0,0,0,0,0,0,0,0,0,0,0,0,0,0,0,0,0,0,0,0,0,0,0,0,0,0,0,0,0,3,0,15,5,8,0,0,6,0,0,0,0,0,0,0,40,0,0,4,0,0,0,0,0,0,0,0,0,0,0,0,0,0,0,0,0,0,0,0,0,0,0,0,0,0,0,0,0,0,5,0,0,0,3,0,0,0,0,0,0,0,0,0,8,3,3,15,12,19,11,29,40,10,9,9,9,6,0,3,181
LGA53710,0,0,0,0,0,0,0,0,0,0,0,0,0,0,0,0,0,0,0,0,0,0,0,0,0,0,0,0,0,0,0,0,0,0,0,0,0,0,0,0,0,0,0,0,0,0,0,0,0,0,0,0,0,0,0,0,0,0,0,0,0,0,0,0,0,0,0,0,0,0,0,0,0,0,0,0,0,0,0,0,0,0,0,0,0,0,0,0,0,0,0,0,0,0,0,0,0,0,0,0,0,0,0,0,0,0,0,0,0,0,0,0,3,5,15,8,3,3,6,0,0,0,0,0,0,0,0,40,0,0,0,0,0,0,0,0,0,0,0,0,0,0,0,0,0,0,0,0,0,0,0,0,0,0,0,0,0,0,0,0,0,0,4,0,0,4,0,0,0,0,0,0,0,0,0,11,0,8,18,20,3,9,19,4,3,0,0,0,0,0,0,98
LGA53780,0,0,0,15,182,169,1231,1395,188,167,129,159,64,10,58,3772,8,4,3,22,72,34,25,19,0,0,5,0,0,0,3,199,0,11,21,121,254,222,617,233,22,44,30,15,20,0,28,1642,0,3,18,109,142,183,755,290,26,18,13,42,7,9,19,1628,0,10,13,30,59,105,448,423,28,42,53,87,42,8,17,1362,0,0,0,0,5,34,63,106,7,20,26,28,4,0,11,300,0,0,0,9,78,59,340,145,39,40,25,22,4,0,16,780,102,313,2241,1639,1414,595,925,380,25,36,19,29,43,3,212,7981,0,3,22,34,43,37,74,47,11,12,7,3,0,5,5,300,0,0,0,25,133,72,128,113,19,20,11,29,7,0,37,597,33,56,423,450,727,1045,2616,1371,339,237,231,276,89,35,196,8131,263,935,3435,3448,5369,5064,16748,10967,1687,1475,1604,2101,743,202,1220,55269
LGA53800,0,0,0,5,34,37,112,155,27,24,17,25,11,5,3,469,0,5,0,0,0,0,0,3,0,0,0,0,0,0,0,16,0,0,0,10,0,8,7,0,0,0,0,0,0,0,5,40,0,0,13,16,20,22,202,147,7,14,12,8,8,6,3,481,0,0,0,0,3,6,18,6,0,4,0,0,0,0,0,40,0,0,0,0,0,3,6,13,0,0,3,4,0,0,0,35,0,0,0,3,4,15,35,26,15,13,0,6,9,4,6,131,38,122,529,270,140,114,290,163,9,15,10,3,8,3,68,1770,0,0,3,8,16,11,25,18,0,3,6,0,4,0,5,98,0,0,0,14,25,16,12,21,7,4,5,3,5,5,3,107,12,12,65,47,62,59,153,93,10,19,21,15,18,8,14,603,109,272,735,553,513,458,1247,947,128,143,110,112,91,50,153,5619
LGA53920,0,0,0,0,0,0,0,3,0,3,5,0,0,0,0,16,0,0,0,0,0,0,0,0,0,0,0,0,0,0,0,0,0,0,0,0,0,0,0,0,0,0,0,0,0,0,0,0,0,0,0,0,0,0,4,0,0,0,0,0,0,0,0,4,0,0,0,0,0,0,0,0,0,0,3,0,0,0,0,4,0,0,0,0,0,0,0,3,0,0,0,0,0,0,0,3,0,0,0,0,0,0,0,0,0,0,0,0,0,0,0,9,0,0,9,4,3,4,4,3,0,0,4,0,0,0,0,33,0,0,0,0,0,0,0,0,0,0,0,0,0,0,0,3,0,0,0,0,0,0,0,0,0,0,0,0,0,0,0,4,0,0,0,0,4,0,5,3,0,0,0,11,0,9,0,32,0,0,11,9,19,23,32,32,9,4,14,18,4,5,5,185
LGA53990,0,0,0,0,15,12,100,202,56,43,49,40,8,0,6,533,0,0,0,0,4,0,4,4,0,0,0,0,0,0,0,15,0,5,0,6,6,3,10,6,0,0,0,0,0,0,0,34,0,5,9,20,29,48,200,88,9,6,16,5,0,0,6,420,0,0,0,0,4,0,0,0,0,0,4,0,0,0,0,6,0,0,0,0,0,0,12,25,5,7,14,16,3,0,3,73,0,0,0,0,0,0,14,12,3,0,3,3,0,0,5,53,42,76,484,343,210,135,325,131,14,0,10,3,7,0,44,1829,0,0,4,23,8,0,10,9,0,0,0,0,0,0,0,55,0,0,0,0,0,4,6,0,0,0,0,0,0,0,0,14,9,6,36,31,56,43,147,75,3,5,23,18,20,16,46,529,97,218,655,577,583,416,1284,839,118,111,171,165,51,37,181,5501
LGA54060,0,0,0,0,4,0,0,0,0,0,0,0,0,0,0,10,0,0,0,0,0,0,0,0,0,0,0,0,0,0,0,0,0,0,0,0,0,0,0,0,0,0,0,0,0,0,0,0,0,0,0,0,0,11,3,0,0,0,0,0,0,0,0,10,0,0,0,0,0,0,0,0,0,0,0,0,0,0,0,0,0,0,0,0,0,0,0,0,0,0,0,0,0,0,0,0,0,0,0,0,0,0,8,0,0,0,0,0,0,0,0,14,8,16,78,45,25,15,8,0,0,0,0,0,0,0,12,219,0,0,0,0,0,0,0,0,0,0,0,0,0,0,0,0,0,0,0,0,0,0,4,0,0,0,0,0,3,0,0,3,0,3,8,0,0,0,5,0,0,0,0,0,0,0,0,24,15,41,105,80,63,37,59,15,7,4,4,3,5,0,26,461
LGA54130,0,0,0,0,0,0,0,0,0,0,0,0,0,0,0,5,0,0,0,0,0,0,0,0,0,0,0,0,0,0,0,0,0,0,0,0,0,0,0,0,0,0,0,0,0,0,0,0,0,0,0,0,0,0,10,0,0,0,6,0,0,0,0,17,0,0,0,0,0,0,0,0,0,0,0,0,0,0,0,0,0,0,0,0,0,0,0,0,0,0,0,0,0,0,0,0,0,0,0,0,0,0,0,0,0,0,0,0,0,0,0,0,0,10,8,4,0,4,5,4,0,0,0,0,0,0,0,31,0,0,0,0,0,0,0,0,0,0,0,0,0,0,0,0,0,0,0,0,0,0,0,0,0,0,0,0,0,0,0,0,0,0,3,0,0,0,3,0,0,0,0,4,0,0,0,17,0,11,12,8,10,11,32,12,3,0,11,6,3,0,0,128
LGA54170,0,0,9,42,179,91,108,117,28,10,21,37,16,0,14,676,7,3,15,46,311,81,62,55,6,8,0,9,11,0,4,614,0,15,34,103,155,134,143,43,14,13,18,20,14,6,11,720,0,7,32,157,346,818,2514,1041,164,137,173,145,87,60,32,5704,0,9,18,27,22,25,31,12,3,5,6,45,12,0,6,226,0,0,0,0,10,21,30,35,5,0,5,10,3,0,0,120,0,0,4,12,32,57,101,96,14,12,13,16,8,4,12,392,163,575,2852,3066,4623,3240,7357,3678,347,288,255,246,136,32,357,27213,3,7,28,75,70,95,165,117,21,12,25,41,41,13,12,726,0,0,0,64,132,53,57,46,15,15,13,19,13,0,10,428,48,102,489,601,1023,1026,1923,917,126,125,144,136,86,15,99,6871,439,1423,4454,5598,9660,7531,15836,8768,1001,877,948,1102,595,178,852,59270
LGA54200,0,0,0,14,55,55,290,209,23,28,19,37,4,10,14,756,3,0,7,11,29,16,12,4,0,0,0,0,0,0,0,83,5,0,17,42,54,32,68,25,0,0,0,0,0,0,10,249,0,3,13,40,98,87,292,98,15,7,10,3,13,0,10,706,0,0,4,7,12,15,49,42,7,0,3,6,0,0,0,142,0,0,0,0,0,10,20,11,0,4,3,0,0,0,0,47,0,0,0,5,26,28,62,37,10,5,5,16,10,0,4,201,82,236,1500,1123,1005,495,792,317,19,26,24,19,21,3,152,5815,0,0,15,22,23,29,33,30,9,0,6,3,3,3,6,186,0,0,0,7,11,13,18,9,3,6,4,0,4,3,6,77,38,57,215,205,270,231,586,225,32,28,21,25,22,4,40,2013,255,689,2215,1977,2342,1577,4120,2158,267,205,216,220,129,61,366,16791
LGA54280,0,0,0,8,31,36,209,244,30,41,52,68,13,4,14,748,0,0,0,0,3,0,0,0,0,0,0,0,0,0,0,9,0,0,4,5,3,5,4,3,0,0,0,0,0,0,0,23,0,0,0,4,10,31,239,117,6,25,25,27,26,4,11,531,0,0,0,4,0,0,17,5,3,0,0,6,0,0,0,38,0,0,0,0,0,0,0,0,0,0,0,6,3,0,0,18,0,0,0,4,3,20,49,42,18,12,8,11,0,3,3,171,8,34,193,146,83,61,128,92,6,12,19,13,5,8,23,825,0,0,3,5,4,9,11,14,0,0,0,0,0,0,0,52,0,0,0,4,0,0,8,18,6,0,0,10,6,0,0,49,7,13,25,36,54,60,382,243,49,57,88,99,53,34,17,1222,27,96,293,339,475,574,2039,1568,201,236,342,401,175,86,165,7005
LGA54310,0,0,0,8,23,15,141,161,29,33,24,25,8,0,11,470,0,0,0,0,6,0,4,4,0,0,0,0,0,0,0,15,0,0,0,3,0,3,11,4,0,0,0,3,0,0,0,28,0,0,0,5,13,37,113,48,0,0,0,11,8,8,0,249,0,0,4,0,4,0,16,12,3,0,0,0,0,0,0,46,0,0,0,0,0,0,6,24,0,0,0,7,0,0,0,32,0,0,0,0,9,8,41,37,8,11,7,13,4,0,4,153,4,9,100,88,94,76,171,86,10,6,9,12,0,0,24,682,0,0,0,0,7,4,13,13,0,0,5,4,0,0,0,46,0,0,0,0,3,6,7,17,4,3,4,3,0,0,0,47,0,5,14,34,33,37,156,110,30,18,26,32,19,7,23,555,8,27,163,238,340,350,1212,945,158,132,132,196,97,37,117,4135
LGA54340,0,0,0,0,0,0,7,18,4,0,3,0,0,0,3,37,0,0,0,0,0,0,0,0,0,0,0,0,0,0,0,0,0,0,0,4,3,0,3,0,4,0,0,0,0,0,0,19,0,0,0,0,0,0,22,5,0,0,6,3,0,0,0,42,0,0,0,0,0,0,0,0,0,0,0,0,5,0,0,8,0,0,0,0,0,0,0,0,0,0,0,0,0,0,0,7,0,0,0,0,0,0,39,6,9,4,3,3,0,0,5,74,4,11,47,26,8,3,8,0,0,0,4,0,0,0,6,126,0,0,0,0,0,0,0,3,0,0,0,0,0,0,0,5,0,0,0,0,0,0,0,3,0,0,0,0,0,0,0,3,3,4,0,3,4,6,82,31,13,8,0,3,22,30,10,220,14,38,61,49,60,44,228,116,31,18,53,20,25,40,60,865
LGA54410,0,0,0,0,0,0,0,0,0,0,0,0,0,0,0,0,0,0,0,0,0,0,0,0,0,0,0,0,0,0,0,3,0,0,0,0,0,0,0,0,0,0,0,0,0,0,0,0,0,0,0,0,0,0,8,0,4,0,0,0,0,0,0,17,0,0,0,0,0,0,0,0,0,0,0,0,0,0,0,0,0,0,0,0,0,0,0,0,0,0,0,0,0,0,0,0,0,0,0,0,0,0,0,0,0,0,0,0,0,0,0,5,3,6,13,3,8,0,0,3,0,0,0,0,0,0,0,41,0,0,0,0,0,0,0,0,0,0,0,0,0,0,0,0,0,0,0,0,0,0,0,0,0,0,0,0,0,0,0,0,0,0,4,4,0,0,0,0,3,0,0,0,0,0,0,19,6,14,18,11,10,13,14,20,6,0,3,6,6,0,5,137
LGA54480,0,0,0,0,0,0,0,0,0,0,0,0,0,0,0,0,0,0,0,0,0,0,0,0,0,0,0,0,0,0,0,0,0,0,0,0,0,0,0,0,0,0,0,0,0,0,0,0,0,0,0,0,0,0,3,0,0,0,0,0,0,0,0,5,0,0,0,0,0,0,0,0,0,0,0,0,0,0,0,0,0,0,0,0,0,0,0,0,0,0,0,0,0,0,0,0,0,0,0,0,0,0,0,0,0,0,0,0,0,0,0,0,0,0,5,0,0,0,0,0,0,0,0,0,0,0,0,17,0,0,0,0,0,0,0,0,0,0,0,0,0,0,0,0,0,0,0,0,0,0,0,0,0,0,0,0,0,0,0,0,0,0,0,0,0,0,0,5,0,0,0,0,0,0,0,9,0,4,9,3,3,5,6,6,0,0,5,3,0,0,0,51
LGA54550,0,0,0,0,0,0,7,12,9,0,6,4,10,6,0,44,0,0,0,0,0,0,0,0,0,0,0,0,0,0,0,0,0,0,0,0,0,0,0,0,0,0,0,0,0,0,0,0,0,0,0,0,0,0,0,0,0,0,4,0,0,0,0,10,0,0,0,0,0,0,0,0,0,0,0,0,0,0,0,0,0,0,0,0,0,0,0,0,0,0,0,0,0,0,0,0,0,0,0,0,0,0,0,0,0,0,0,0,0,0,0,0,0,3,13,11,3,8,7,8,0,0,0,0,0,0,3,61,0,0,0,0,0,0,0,0,0,0,0,0,0,0,0,0,0,0,0,0,0,0,0,4,0,0,0,0,0,0,0,8,0,0,0,3,3,0,0,0,0,0,4,0,0,0,0,14,3,17,26,12,28,23,41,37,17,6,16,9,6,7,16,252
LGA54620,0,0,0,0,0,0,0,0,0,0,0,0,0,0,0,0,0,0,0,0,0,0,0,0,0,0,0,0,0,0,0,0,0,0,0,0,0,0,0,0,0,0,0,0,0,0,0,0,0,0,0,0,0,0,0,0,0,0,0,0,0,0,0,3,0,0,0,0,0,0,0,0,0,0,0,0,0,0,0,0,0,0,0,0,0,0,0,0,0,0,0,0,0,0,0,0,0,0,0,0,0,0,0,0,0,0,0,0,0,0,0,0,0,0,7,3,5,0,5,0,0,0,0,0,0,0,7,31,0,0,0,0,0,0,0,0,0,0,0,0,0,0,0,0,0,0,0,0,0,0,0,0,0,0,0,0,0,0,0,0,0,0,0,0,0,0,3,0,0,0,0,0,0,0,0,8,0,3,11,4,9,5,15,9,4,0,5,4,0,6,5,91
LGA54690,0,0,0,0,0,0,0,0,0,0,0,0,0,0,0,0,0,0,0,0,0,4,0,0,0,0,0,0,0,0,0,4,0,0,0,0,0,0,0,0,0,0,0,0,0,0,0,0,0,0,0,0,0,0,0,0,0,3,0,0,0,0,0,3,0,0,0,0,0,0,0,0,0,0,0,0,0,0,0,0,0,0,0,0,0,0,0,0,0,0,0,0,0,0,0,0,0,0,0,0,0,0,0,0,0,0,0,0,0,0,0,0,0,0,7,0,7,0,0,0,0,0,0,0,0,0,0,20,0,0,0,0,0,0,4,0,0,0,0,0,0,0,0,4,0,0,0,0,0,0,0,0,0,0,0,0,0,0,0,0,0,0,0,0,0,0,0,0,0,0,0,0,0,0,0,0,0,0,10,3,7,5,8,0,0,3,0,0,0,0,3,46
LGA54760,0,0,0,0,0,0,0,0,0,0,0,0,0,0,0,3,0,0,0,0,0,0,0,0,0,0,0,0,0,0,0,0,0,0,0,0,0,0,0,0,0,0,0,0,0,0,0,0,0,0,0,0,0,0,0,0,0,0,0,0,0,0,0,3,0,0,0,0,0,0,0,0,0,0,0,0,0,0,0,0,0,0,0,0,0,0,0,0,0,0,0,0,0,0,0,0,0,0,0,0,0,0,0,0,0,0,0,0,0,0,0,0,0,0,17,4,0,0,3,0,0,0,0,0,0,0,0,31,0,0,0,0,0,0,0,0,0,0,0,0,0,0,0,0,0,0,0,0,0,0,0,0,0,0,0,0,0,0,0,0,0,0,0,0,0,0,3,0,0,0,0,0,0,0,0,8,0,6,17,7,3,3,14,8,0,0,0,4,0,0,3,69
LGA54830,0,0,0,3,59,56,850,1136,178,138,72,126,31,26,19,2700,0,0,0,3,23,5,13,10,0,0,0,0,0,0,0,51,0,0,4,14,24,28,92,38,4,5,0,0,0,0,3,212,0,0,0,19,51,67,361,115,28,7,22,23,14,5,23,736,0,0,4,0,4,7,47,45,0,3,3,5,4,0,10,137,0,0,0,0,3,0,13,12,5,0,3,0,0,0,0,40,0,0,0,0,14,12,62,38,4,0,5,15,4,0,15,179,41,129,1035,539,409,272,545,331,13,18,25,15,5,0,104,3468,0,0,9,8,9,9,34,30,0,3,0,0,5,0,6,119,0,0,0,7,17,16,21,16,0,7,0,11,3,0,9,106,3,20,128,101,205,207,830,359,69,56,53,44,21,8,93,2190,79,256,1338,889,1189,1151,4950,3619,484,416,380,437,179,68,482,15915
LGA54900,0,0,0,0,4,0,4,0,0,0,0,0,0,0,0,9,0,0,0,0,0,0,0,0,0,0,0,0,0,0,0,0,0,0,0,0,0,0,0,0,0,0,0,0,0,0,0,0,0,0,0,0,0,0,7,0,4,0,0,5,0,0,0,18,0,0,0,0,0,0,0,0,0,0,0,0,0,0,0,0,0,0,0,0,0,0,0,0,0,0,0,0,0,0,0,0,0,0,0,0,0,0,3,0,0,0,0,0,0,0,0,3,0,3,16,3,7,0,11,10,0,0,0,0,0,0,0,53,0,0,0,0,0,0,0,0,0,0,0,0,0,0,0,0,0,0,0,0,0,0,0,0,0,0,0,0,0,0,0,0,0,0,6,0,0,0,3,4,5,0,0,0,0,0,0,14,4,7,19,7,20,6,38,40,8,3,0,6,4,0,5,167
LGA54970,0,0,0,0,0,0,4,4,0,0,0,0,0,0,0,13,0,0,0,0,0,0,0,0,0,0,0,0,0,0,0,0,0,0,0,0,0,0,0,0,0,0,0,0,0,0,0,0,0,0,0,0,0,3,9,0,0,0,0,0,0,0,0,12,0,0,0,0,0,0,0,0,0,0,0,0,0,0,0,0,0,0,0,0,0,0,0,0,0,0,0,0,0,0,0,0,0,0,0,0,0,0,0,0,0,0,0,0,0,0,0,0,0,0,5,3,0,6,3,5,0,0,0,0,0,0,0,37,0,0,0,0,0,0,0,0,0,0,0,0,0,0,0,0,0,0,0,0,0,0,0,0,0,0,0,0,0,0,0,0,0,0,0,3,6,3,14,5,0,0,0,0,0,0,0,34,0,0,15,16,21,31,63,27,6,5,0,9,0,5,8,202
LGA55040,0,0,0,0,0,0,8,4,0,0,0,0,0,0,6,19,0,0,0,0,0,0,0,0,0,0,0,0,0,0,0,0,0,0,0,0,0,0,0,0,0,0,0,0,0,0,0,3,0,0,0,0,0,7,9,0,0,0,0,0,0,0,0,20,0,0,0,0,0,0,0,0,0,0,0,0,0,0,0,0,0,0,0,0,0,0,0,0,0,0,0,0,0,0,0,0,0,0,0,0,0,0,5,0,5,4,0,0,0,0,0,15,0,4,9,6,0,0,12,4,0,0,0,6,0,0,0,53,0,0,0,0,0,0,0,0,0,0,0,0,0,0,0,0,0,0,0,0,0,0,0,0,0,0,0,0,0,0,0,0,0,0,0,0,0,3,14,3,0,0,0,0,0,0,5,32,0,5,8,10,25,37,79,40,14,12,10,15,3,6,14,291
LGA55110,0,0,3,7,73,77,326,357,78,47,71,50,15,4,28,1150,5,0,4,0,24,9,13,8,0,5,0,0,0,0,4,81,5,5,11,27,23,11,25,23,0,0,4,3,0,0,4,137,0,5,23,59,74,140,709,330,56,15,52,22,14,7,19,1527,5,5,10,5,0,4,19,45,3,0,5,9,0,0,0,100,0,0,0,0,0,3,10,13,0,0,0,3,0,0,0,37,0,0,0,7,24,38,93,76,24,15,32,20,5,3,8,358,194,583,2666,1869,1320,731,2531,1381,108,84,72,80,42,21,283,11966,0,8,27,35,30,25,58,37,6,9,9,8,0,0,10,272,0,0,0,3,6,11,27,32,12,9,6,16,3,0,7,137,40,65,221,206,207,156,609,361,46,49,52,58,28,4,41,2139,399,1104,3426,2833,2621,1833,5962,3986,474,359,424,480,187,102,590,24791
LGA55180,0,0,0,0,8,3,19,13,0,0,0,0,0,0,4,53,0,0,0,0,8,0,0,0,0,0,0,0,0,0,0,9,0,0,0,0,0,0,5,0,0,0,0,0,0,0,0,6,0,0,3,3,6,6,3,5,0,0,0,0,0,0,0,32,0,0,0,3,0,0,0,0,0,0,0,3,0,0,0,7,0,0,0,0,0,0,0,0,0,0,10,5,5,0,0,23,0,0,0,0,0,0,3,0,0,0,3,0,0,0,0,11,17,43,193,112,61,18,43,17,0,0,6,13,4,0,27,548,0,0,3,7,4,4,7,0,0,0,0,0,0,0,0,24,0,0,0,0,0,0,0,0,0,0,0,0,0,0,0,3,5,6,28,18,23,16,19,18,3,11,7,32,9,8,33,225,41,127,286,198,169,69,154,135,7,24,35,72,25,16,81,1445
LGA55250,0,0,0,0,3,0,0,0,0,0,0,0,0,3,3,15,0,0,0,0,0,0,0,0,0,0,0,0,0,0,0,0,0,0,0,0,0,0,0,0,0,0,0,0,0,0,0,0,0,0,0,0,0,0,3,0,0,0,0,0,0,0,0,5,0,0,0,0,0,0,0,0,0,0,0,0,0,0,0,0,0,0,0,0,0,0,0,0,0,0,0,0,0,0,0,3,0,0,0,0,0,0,0,0,0,0,0,0,0,0,0,4,0,0,5,0,4,3,5,0,0,0,5,0,0,0,3,28,0,0,0,0,0,0,0,0,0,0,0,0,0,0,0,0,0,0,0,0,0,0,0,0,0,0,0,0,0,0,0,0,0,0,0,0,4,0,9,7,0,0,0,6,0,0,0,35,0,3,8,4,18,13,40,26,9,0,12,28,5,6,12,174
LGA55320,0,0,4,27,87,37,129,170,26,24,25,30,20,10,24,605,8,3,0,21,91,24,16,9,5,0,0,0,3,0,3,197,8,22,43,142,340,274,430,192,32,45,29,58,31,11,13,1650,0,8,28,142,238,290,623,193,31,27,36,37,39,10,15,1709,0,5,5,20,132,123,130,60,3,3,6,17,15,0,6,530,0,0,0,0,42,44,41,64,9,11,9,10,7,0,6,249,0,4,0,14,40,30,114,66,12,22,15,17,18,3,10,355,145,377,1555,1289,1456,828,1565,789,82,79,88,69,52,28,136,8536,0,8,32,59,68,70,116,80,16,11,11,21,17,18,21,528,0,0,0,66,80,34,47,29,3,29,20,12,3,3,13,344,69,81,381,436,640,566,985,593,92,112,108,143,105,8,71,4381,421,1180,2973,3304,6183,4746,7934,4512,746,758,744,900,596,141,618,35752
LGA55390,0,0,0,0,0,0,0,3,0,0,3,0,0,0,0,16,0,0,0,0,0,0,0,0,0,0,0,0,0,0,0,0,0,0,0,0,0,0,0,0,0,0,0,0,0,0,0,0,0,0,0,0,0,0,4,0,0,0,0,0,0,0,0,0,0,0,0,0,0,0,0,0,0,0,0,0,0,0,0,0,0,0,0,0,0,0,0,0,0,0,0,0,0,0,0,0,0,0,0,0,0,0,0,0,0,0,0,0,0,0,0,0,0,0,10,6,3,4,7,5,0,0,0,0,0,0,0,20,0,0,0,0,0,0,0,0,0,0,0,0,0,0,0,0,0,0,0,0,0,0,0,0,0,0,0,0,0,0,0,0,0,0,4,0,0,0,0,4,0,0,0,0,0,0,0,12,0,0,8,9,9,8,22,18,0,0,8,3,0,0,0,89
LGA55460,0,0,0,0,0,0,0,11,8,0,0,6,0,0,0,24,0,0,0,0,0,0,0,0,0,3,0,0,0,0,0,4,0,0,0,0,0,0,0,0,0,0,0,0,0,0,0,3,0,0,0,0,0,4,8,3,0,0,0,0,0,0,0,19,0,0,0,0,0,0,0,0,0,0,0,0,0,0,0,3,0,0,0,0,0,0,0,0,3,0,0,0,0,0,0,4,0,0,0,0,0,0,0,0,0,0,0,0,0,0,0,3,4,12,45,17,7,5,12,7,0,0,0,0,0,0,6,115,0,0,0,0,0,0,3,0,0,0,0,0,0,0,0,0,0,0,0,0,0,0,0,0,0,0,0,0,0,0,8,4,0,0,8,8,0,0,20,13,7,3,0,0,0,0,0,60,5,22,64,34,18,35,70,49,19,8,4,5,4,0,20,365
LGA55530,0,0,0,0,0,0,0,0,0,0,0,0,0,0,0,0,0,0,0,0,0,0,0,0,0,0,0,0,0,0,0,0,0,0,0,0,0,0,0,0,0,0,0,0,0,0,0,0,0,0,0,0,0,0,4,0,0,0,0,0,0,0,0,4,0,0,0,0,0,0,0,0,0,0,0,0,0,0,0,0,0,0,0,0,0,0,0,0,0,0,0,0,0,0,0,0,0,0,0,0,0,0,0,0,0,0,0,0,0,0,0,0,0,0,0,0,0,0,5,3,0,0,0,0,0,0,0,12,0,0,0,0,0,0,0,0,0,0,0,0,0,0,0,0,0,0,0,0,0,0,0,0,0,0,0,0,0,0,0,0,0,0,0,0,0,0,0,0,0,0,0,0,0,0,0,0,0,0,4,6,0,0,8,6,0,0,0,0,0,0,0,23
LGA55600,0,0,0,0,4,5,11,5,0,0,0,0,0,3,0,25,0,0,0,0,0,0,0,0,0,0,0,0,0,0,0,0,0,0,0,3,0,0,0,0,0,0,0,0,0,0,0,3,0,0,4,0,0,0,12,0,0,0,0,7,0,0,0,16,0,0,0,0,0,0,0,0,0,0,0,0,0,0,0,0,0,0,0,0,0,0,0,0,0,0,0,0,0,0,0,0,0,0,0,0,0,0,0,0,0,0,0,0,0,0,0,4,0,5,33,4,0,7,15,7,0,0,0,0,0,0,5,77,0,0,0,0,0,0,0,0,0,0,0,0,0,0,0,4,0,0,0,0,0,0,0,0,0,0,0,0,0,0,0,0,0,0,0,0,0,4,0,4,0,0,0,0,0,0,0,24,3,13,41,15,28,31,54,29,3,5,0,11,3,3,8,253
LGA55670,0,0,0,0,0,0,0,0,0,0,0,0,0,0,0,0,0,0,0,0,0,0,0,0,0,0,0,0,0,0,0,0,0,0,0,0,0,0,0,0,0,0,0,0,0,0,0,0,0,0,0,0,0,0,0,0,0,0,0,0,0,0,0,4,0,0,0,0,0,0,0,0,0,0,0,0,0,0,0,0,0,0,0,0,0,0,0,0,0,0,0,0,0,0,0,0,0,0,0,0,0,0,0,0,0,0,0,0,0,0,0,0,0,0,9,5,0,0,0,0,0,0,0,0,0,0,3,19,0,0,0,0,0,5,0,0,0,0,0,0,0,0,0,0,0,0,0,0,0,0,0,0,0,0,0,0,0,0,0,0,0,0,3,0,0,0,3,0,0,0,0,0,0,0,0,13,0,3,11,5,4,11,7,4,0,0,0,0,0,0,3,56
LGA55740,0,0,0,0,4,4,10,12,0,3,0,4,0,0,0,48,0,0,3,6,21,0,4,6,0,0,0,0,0,0,0,42,0,4,9,7,6,16,22,4,0,5,0,0,6,4,0,96,0,0,7,11,21,10,69,26,4,4,0,6,7,0,3,184,0,0,0,3,6,5,15,5,0,0,0,5,0,0,0,39,0,0,0,0,0,3,5,0,0,0,0,0,0,0,0,6,0,0,0,0,0,0,9,0,4,5,0,4,0,0,3,32,12,32,119,101,84,113,221,121,10,10,10,23,10,0,13,874,0,0,3,16,11,19,17,10,0,6,7,6,10,0,3,102,0,0,0,0,3,7,0,0,0,0,0,0,0,0,0,15,3,21,23,38,41,56,110,85,24,29,41,89,15,0,9,589,42,94,208,252,306,369,676,396,67,81,89,196,79,24,58,2948
LGA55810,0,0,0,0,0,0,0,0,0,0,0,0,0,0,0,8,0,0,0,0,0,0,0,0,0,0,0,0,0,0,0,0,0,0,0,0,0,0,0,0,0,0,0,0,0,0,0,0,0,0,0,0,0,0,6,0,0,0,0,0,0,0,0,6,0,0,0,0,0,0,0,0,0,0,0,0,0,0,0,0,0,0,0,0,0,0,0,0,0,0,0,0,0,0,0,0,0,0,0,0,0,0,0,0,0,0,0,0,0,0,0,0,0,0,11,5,5,0,6,6,0,0,0,0,0,0,0,28,0,0,0,0,0,0,0,0,0,0,0,0,0,0,0,0,0,0,0,0,0,0,0,0,0,0,0,0,0,0,0,0,0,0,0,0,0,0,6,0,0,0,0,0,0,0,0,14,4,7,11,8,7,13,19,12,0,0,3,5,0,0,4,82
LGA55880,0,0,0,0,0,0,0,0,0,0,0,0,0,0,0,0,0,0,0,0,0,0,0,0,0,0,0,0,0,0,0,0,0,0,0,0,0,0,0,0,0,0,0,0,0,0,0,0,0,0,0,0,0,0,0,0,0,0,0,0,0,0,0,0,0,0,0,0,0,0,0,0,0,0,0,0,0,0,0,0,0,0,0,0,0,0,0,0,0,0,0,0,0,0,0,0,0,0,0,0,0,0,0,0,0,0,0,0,0,0,0,0,0,0,11,0,0,0,0,3,0,0,0,0,0,0,0,20,0,0,0,0,0,0,0,0,0,0,0,0,0,0,0,0,0,0,0,0,0,0,0,0,0,0,0,0,0,0,0,0,0,0,3,0,0,0,0,0,0,0,0,0,0,0,0,4,4,3,16,9,3,0,6,6,0,0,0,0,0,0,0,41
LGA55950,0,0,0,0,0,0,0,0,0,0,0,0,0,0,0,3,0,0,0,0,0,0,0,0,0,0,0,0,0,0,0,0,0,0,0,0,0,0,0,0,0,0,0,0,0,0,0,0,0,0,0,0,0,0,0,0,0,0,0,0,0,0,0,0,0,0,0,0,0,0,0,0,0,0,0,0,0,0,0,0,0,0,0,0,0,0,0,0,0,0,0,0,0,0,0,0,0,0,0,0,0,0,0,0,0,0,0,0,0,0,0,0,0,0,8,0,0,4,4,0,0,0,0,0,0,0,0,19,0,0,0,0,0,0,0,0,0,0,0,0,0,0,0,0,0,0,0,0,0,0,0,0,0,0,0,0,0,0,0,0,0,0,0,0,0,0,0,0,0,0,0,0,0,0,0,5,0,5,8,0,0,6,7,6,0,0,0,0,0,0,8,52
LGA56090,0,0,0,7,23,17,75,53,3,7,5,10,4,0,6,222,4,0,3,6,33,5,4,7,0,3,0,3,0,0,4,59,4,0,7,11,6,10,8,3,0,3,3,0,0,0,0,71,0,5,10,19,37,58,155,62,7,7,10,13,0,8,25,418,0,3,0,5,9,5,8,0,0,0,3,0,0,0,3,35,0,0,0,0,0,0,3,3,0,0,0,4,0,0,5,20,0,0,0,4,9,9,41,19,0,0,7,3,4,0,0,107,77,174,1134,784,607,376,695,242,19,6,10,12,12,8,162,4326,0,7,22,25,30,21,42,16,5,0,4,3,3,5,10,194,0,0,0,6,14,3,4,12,4,0,7,0,0,0,46,81,31,34,144,129,128,116,199,89,17,6,3,15,4,3,88,1006,205,506,1637,1336,1371,913,1690,757,98,59,64,68,47,28,570,9352
LGA56160,0,0,0,0,0,0,0,0,0,0,0,0,0,0,0,0,0,0,0,0,0,0,0,0,0,0,0,0,0,0,0,0,0,0,0,0,0,0,0,0,0,0,0,0,0,0,0,0,0,0,0,0,0,0,4,0,0,0,0,0,0,0,0,4,0,0,0,0,0,0,0,0,0,0,0,0,0,0,0,0,0,0,0,0,0,0,0,0,0,0,0,0,0,0,0,0,0,0,0,0,0,0,0,0,0,0,0,0,0,0,0,0,0,0,0,0,0,0,0,0,0,0,0,0,0,0,0,0,0,0,0,0,0,0,0,0,0,0,0,0,0,0,0,0,0,0,0,0,0,0,0,0,0,0,0,0,0,0,0,0,0,0,0,0,0,0,0,0,0,0,0,0,0,0,0,0,0,0,0,0,0,0,4,0,0,0,0,0,0,0,0,8
LGA56230,0,0,0,0,6,9,26,28,11,4,6,10,0,0,5,102,0,0,0,0,0,0,0,0,0,0,0,0,0,0,0,5,0,0,4,0,7,5,4,0,0,0,0,0,0,0,0,17,0,0,0,9,9,15,86,29,0,5,0,4,0,0,0,166,0,0,0,0,4,0,0,0,0,0,0,0,0,0,0,8,0,0,0,0,0,0,0,0,0,0,0,0,0,0,0,0,0,0,0,0,0,3,14,11,0,0,0,0,0,0,0,42,41,103,517,322,215,94,229,97,10,5,0,5,0,0,85,1721,0,0,17,5,6,9,8,6,0,0,0,0,0,0,0,52,0,0,0,3,0,0,5,3,0,4,0,0,0,0,0,21,0,15,31,29,29,18,41,12,0,0,0,0,0,0,0,185,69,201,658,524,420,253,564,266,26,30,22,28,7,10,131,3207
LGA56300,0,0,0,0,0,0,0,0,0,0,0,0,0,0,0,0,0,0,0,0,0,0,0,0,0,0,0,0,0,0,0,0,0,0,4,0,0,0,0,0,0,0,0,0,0,0,0,4,0,0,0,0,3,4,3,0,0,0,0,0,0,0,0,13,0,0,0,0,0,0,0,0,0,0,0,0,0,0,0,0,0,0,0,0,0,0,0,0,0,0,0,0,0,0,0,0,0,0,0,0,0,0,0,0,0,0,0,0,0,0,0,4,8,9,44,23,29,8,14,0,0,0,0,0,0,0,8,152,0,0,0,0,0,0,0,0,0,0,0,0,0,0,0,4,0,0,0,0,0,0,0,0,0,0,0,0,0,0,0,0,0,4,0,5,5,0,8,5,0,9,0,4,0,0,4,35,5,20,62,45,65,31,49,11,4,9,3,5,0,0,14,321
LGA56370,0,0,0,0,0,0,0,0,4,0,0,0,0,0,0,7,0,0,0,0,0,0,0,0,0,0,0,0,0,0,0,0,0,0,0,0,0,0,0,0,0,0,0,0,0,0,0,0,0,0,0,0,0,0,3,3,0,0,0,0,0,0,0,4,0,0,0,0,0,0,0,0,0,0,0,0,0,0,0,0,0,0,0,0,0,0,0,0,0,0,0,0,0,0,0,0,0,0,0,0,0,0,0,0,0,0,0,0,0,0,0,0,0,0,10,3,0,3,7,0,0,0,0,0,0,0,3,28,0,0,0,0,0,0,0,0,0,0,0,0,0,0,0,0,0,0,0,0,0,0,0,0,0,0,0,0,0,0,0,0,0,0,0,0,0,0,0,0,0,0,0,0,0,0,0,5,0,3,12,5,3,4,12,13,5,0,5,0,0,0,4,75
LGA56460,0,0,0,0,3,3,20,39,6,5,20,10,5,9,4,119,0,0,0,0,0,0,0,0,0,0,0,0,0,0,0,0,0,0,0,3,0,4,0,0,0,0,0,0,0,0,0,6,0,0,0,0,0,3,32,12,3,3,0,5,8,6,3,75,0,0,0,0,0,0,0,0,0,0,0,0,0,0,0,9,0,0,0,0,0,0,0,4,0,0,0,4,0,0,0,4,0,0,0,0,0,0,0,0,0,0,0,0,0,0,0,0,11,23,70,34,17,13,21,5,0,0,4,0,0,0,8,207,0,0,0,0,0,0,0,4,0,0,0,0,0,0,0,6,0,0,0,0,0,0,0,0,4,0,0,0,0,0,0,10,4,0,10,13,8,3,16,15,3,5,3,6,4,22,5,107,15,37,101,75,62,44,139,109,31,13,30,38,21,23,31,782
LGA56580,0,0,0,0,14,4,12,3,0,0,0,6,0,0,3,48,0,0,0,0,34,6,3,0,0,0,3,0,0,0,0,51,3,3,16,59,68,48,55,23,8,9,5,8,11,0,4,317,0,5,13,27,78,72,168,60,7,13,7,7,3,8,0,471,4,0,3,24,27,15,22,19,0,0,0,0,4,0,0,125,0,0,0,8,45,8,8,4,0,0,0,0,0,0,3,75,0,0,0,3,3,8,8,8,0,0,7,0,3,0,0,39,36,92,268,246,232,221,368,192,23,26,12,30,30,16,26,1818,0,0,9,32,18,29,64,48,4,22,11,15,15,7,11,283,0,0,0,20,26,7,7,8,8,11,0,8,0,0,0,96,16,20,81,86,129,103,203,105,19,33,25,41,24,0,15,902,103,216,574,869,1199,923,1521,815,148,186,127,204,194,66,123,7261
LGA56620,0,0,0,0,0,0,0,0,0,0,0,0,0,0,0,0,0,0,0,0,0,0,0,0,0,0,0,0,0,0,0,0,0,0,0,0,0,0,0,0,0,0,0,0,0,0,0,0,0,0,0,0,0,0,0,0,0,0,0,0,0,0,0,0,0,0,0,0,0,0,0,0,0,0,0,0,0,0,0,0,0,0,0,0,0,0,0,0,0,0,0,0,0,0,0,0,0,0,0,0,0,0,0,0,0,0,0,0,0,0,0,0,0,0,0,0,0,4,4,3,0,0,0,0,0,0,0,11,0,0,0,0,0,0,0,0,0,0,0,0,0,0,0,0,0,0,0,0,0,0,0,0,0,0,0,0,0,0,0,0,0,0,0,0,0,0,0,3,0,0,0,0,0,0,0,8,0,0,0,4,3,3,8,14,0,0,0,0,0,0,0,40
LGA56730,0,0,0,3,10,12,48,53,11,4,9,11,11,4,7,177,10,0,0,0,9,0,0,0,0,0,0,0,0,0,0,18,0,0,4,0,4,0,0,0,0,0,0,0,0,0,0,11,0,0,0,6,12,12,22,10,4,0,0,0,0,0,3,73,0,0,0,0,0,0,8,0,0,0,0,0,0,0,19,32,0,0,0,0,0,0,0,0,0,0,0,0,0,0,0,0,0,0,0,0,7,0,6,0,0,0,0,3,0,0,0,16,18,35,216,133,73,43,58,39,0,0,0,0,0,0,32,649,0,0,0,3,5,4,0,5,0,0,0,0,0,0,4,15,0,0,0,0,0,0,0,3,0,0,3,0,0,0,26,41,11,9,18,17,22,13,28,16,0,0,0,5,3,0,97,240,76,98,285,249,199,142,274,233,34,15,19,33,21,8,370,2044
LGA56790,0,0,0,0,3,0,3,3,3,0,0,0,0,0,0,13,0,0,0,0,0,0,0,0,0,0,0,0,0,0,0,0,0,0,0,0,0,0,0,0,0,0,0,0,0,0,0,0,0,0,0,0,0,7,11,0,0,0,0,0,0,0,0,20,0,0,0,0,0,0,0,0,0,0,0,0,0,0,0,0,0,0,0,0,0,0,0,0,0,0,0,0,0,0,0,4,0,0,0,0,0,0,0,5,0,0,0,0,0,0,0,3,4,15,79,50,22,0,17,4,0,0,0,0,0,0,12,204,0,0,0,0,0,3,0,0,0,0,0,0,0,0,0,5,0,0,0,0,0,0,0,0,0,0,0,0,0,0,0,3,0,3,12,10,3,4,4,0,0,0,0,0,0,0,3,38,10,24,112,85,52,29,54,17,6,6,0,4,8,0,14,422
LGA56860,0,0,0,0,0,0,0,0,0,0,0,0,0,0,0,0,0,0,0,0,0,0,0,0,0,0,0,0,0,0,0,0,0,0,0,0,0,0,0,0,0,0,0,0,0,0,0,0,0,0,0,0,0,0,4,0,0,0,0,0,0,0,0,4,0,0,0,0,0,0,0,0,0,0,0,0,0,0,0,0,0,0,0,0,0,0,0,0,0,0,0,0,0,0,0,0,0,0,0,0,0,0,0,0,0,0,0,0,0,0,0,0,0,0,3,0,0,0,3,0,0,0,0,0,0,0,0,12,0,0,0,0,0,0,0,0,0,0,0,0,0,0,0,0,0,0,0,0,0,0,0,0,0,0,0,0,0,0,0,0,0,0,0,0,0,0,0,0,0,0,0,0,0,0,0,0,0,0,7,0,0,0,7,0,0,0,0,0,0,0,0,20
LGA56930,0,0,0,0,0,0,0,0,0,0,0,0,0,0,0,0,0,0,0,0,4,0,0,0,0,0,0,0,0,0,0,0,0,0,0,0,5,5,3,0,4,0,0,0,0,0,0,18,0,0,3,0,13,6,12,0,0,0,4,0,0,0,0,37,0,0,0,0,4,4,0,0,0,0,0,0,0,0,0,5,0,0,0,0,0,0,0,0,0,0,0,0,0,0,0,0,0,0,0,0,0,0,0,0,0,0,0,0,0,0,0,0,3,4,26,15,20,17,32,15,6,0,0,0,5,3,0,146,0,0,0,3,4,0,6,0,0,7,0,0,0,0,0,25,0,0,0,0,0,0,0,0,0,0,0,0,0,0,0,3,0,0,3,4,12,9,13,18,3,0,0,0,0,0,3,58,12,10,38,30,82,50,81,34,21,14,7,11,20,7,8,433
LGA57000,0,0,0,0,0,0,0,0,0,0,0,0,0,0,0,4,0,0,0,0,0,0,0,0,0,0,0,0,0,0,0,0,0,0,0,0,0,0,0,0,0,0,0,0,0,0,0,0,0,0,0,0,0,0,3,0,0,0,0,0,0,0,0,5,0,0,0,0,0,0,0,0,0,0,0,0,0,0,0,0,0,0,0,0,0,0,0,0,0,0,0,0,0,0,0,0,0,0,0,0,0,0,0,4,0,0,0,0,0,0,0,3,0,0,0,0,0,0,0,4,0,0,0,0,0,0,0,13,0,0,0,0,0,0,0,0,0,0,0,0,0,0,0,0,0,0,0,0,0,0,0,0,0,0,0,0,0,0,0,0,0,0,0,0,4,0,4,0,0,0,0,0,0,0,0,15,0,0,3,0,15,12,16,13,5,0,0,4,0,0,4,78
LGA57080,0,0,0,3,24,28,85,114,22,16,31,68,24,8,6,438,0,0,3,9,38,10,16,14,3,6,5,6,3,0,0,112,3,4,5,23,39,79,126,76,29,38,42,56,61,8,7,583,0,0,7,8,42,58,191,45,11,6,11,24,17,7,7,433,0,0,0,5,10,3,26,25,5,5,21,32,7,0,3,150,0,0,0,0,9,3,22,66,7,8,9,18,7,0,3,156,0,0,0,8,6,15,68,57,14,18,14,33,12,7,10,261,17,47,234,188,220,184,427,227,47,51,52,114,58,24,31,1936,0,0,8,10,13,27,46,37,8,10,23,47,31,16,17,281,0,0,0,23,35,23,37,58,18,29,29,45,17,0,5,332,11,14,65,77,131,196,441,457,145,187,279,491,241,38,55,2813,63,143,437,507,984,1115,2853,2579,771,926,1315,2037,1104,269,306,15406
LGA57140,0,0,0,0,0,0,0,3,0,0,0,0,0,0,0,4,0,0,0,0,0,0,0,0,0,0,0,0,0,0,0,0,0,0,0,0,0,0,0,0,0,0,0,0,0,0,0,0,0,0,0,0,0,3,0,0,0,0,0,0,0,0,0,3,0,0,0,0,0,0,0,0,0,0,0,0,0,0,0,0,0,0,0,0,0,0,0,0,0,0,0,0,0,0,0,0,0,0,0,0,0,0,0,0,0,0,0,0,0,0,0,0,0,4,30,16,9,0,6,5,0,0,0,0,0,0,4,71,0,0,0,0,0,0,0,0,0,0,0,0,0,0,0,6,0,0,0,0,0,0,0,0,0,0,0,0,0,0,0,0,0,0,0,0,3,0,0,0,0,0,0,0,0,0,0,13,0,15,40,28,27,17,17,16,0,0,0,0,0,0,4,170
LGA57210,0,0,0,0,0,5,8,13,5,0,3,9,3,0,4,53,0,0,0,0,0,0,0,0,0,0,0,0,0,0,0,4,0,0,0,0,0,0,0,0,0,0,0,0,0,0,0,0,0,0,0,5,4,10,24,3,0,0,0,0,0,0,4,48,0,0,0,0,3,0,0,0,0,0,0,0,0,0,0,0,0,0,0,0,0,0,0,0,0,0,0,0,0,0,0,0,0,0,0,0,0,0,0,5,0,0,0,0,0,0,3,7,6,27,156,104,69,28,38,7,0,0,6,0,0,0,18,463,0,0,4,8,0,5,0,0,0,0,0,0,0,0,0,19,0,0,0,0,0,0,0,0,0,0,0,0,0,0,4,7,0,6,9,16,17,6,21,3,0,4,4,0,0,0,3,87,11,48,205,157,141,91,157,79,17,14,15,27,14,0,53,1033
LGA57280,0,0,0,3,14,11,82,182,39,20,34,40,11,0,7,451,0,0,0,0,5,0,5,0,0,0,0,0,0,0,0,8,0,0,0,4,19,0,5,0,0,0,11,0,0,0,0,39,0,0,3,5,7,15,104,30,0,3,9,10,8,6,10,200,0,0,0,0,0,3,12,8,4,0,9,7,4,0,0,47,0,0,0,0,0,0,0,3,0,0,0,0,0,0,0,9,0,0,0,0,6,3,23,38,6,3,6,0,0,0,5,92,0,7,62,52,65,20,84,49,8,5,5,9,6,3,16,401,0,0,0,0,0,10,5,4,0,4,5,0,0,0,0,34,0,0,0,0,0,0,0,11,0,9,0,6,0,0,0,33,0,4,17,15,27,39,150,84,9,21,19,26,7,6,17,431,3,25,109,146,275,220,923,750,120,113,152,202,70,29,86,3226
LGA57350,0,0,0,0,0,0,3,0,0,0,0,0,0,0,0,6,0,0,0,0,0,0,0,0,0,0,0,0,0,0,0,0,0,0,0,0,0,0,0,0,0,0,0,0,0,0,0,0,0,0,0,0,0,0,0,0,0,0,0,0,0,0,0,3,0,0,0,0,0,0,0,0,0,0,0,0,0,0,0,0,0,0,0,0,0,0,0,0,0,0,0,0,0,0,0,0,0,0,0,0,0,0,0,0,0,0,0,0,0,0,0,0,6,0,18,6,7,0,3,0,0,0,0,0,0,0,0,37,0,0,0,0,0,0,0,0,0,0,0,0,0,0,0,0,0,0,0,0,0,0,0,0,0,0,0,0,0,0,0,0,0,0,0,5,3,0,4,0,0,0,0,0,0,0,0,12,3,3,24,11,13,12,12,0,0,4,7,0,0,0,0,91
LGA57420,0,0,0,0,4,0,3,7,0,0,0,0,0,0,5,20,0,0,0,0,0,0,0,0,0,0,0,0,0,0,0,0,0,0,0,0,0,0,0,0,0,0,0,0,0,0,0,0,0,0,0,0,3,0,18,15,0,0,4,3,4,0,4,51,0,0,0,0,0,0,0,0,0,0,0,0,0,0,0,0,0,0,0,0,0,0,0,0,0,0,0,0,0,0,0,0,0,0,0,0,0,0,0,0,0,4,0,4,0,0,0,7,3,16,31,12,13,13,20,12,0,0,5,3,0,0,5,120,0,0,0,0,0,0,0,0,0,0,0,0,0,0,0,10,0,0,0,0,0,0,0,0,0,3,0,0,0,0,0,3,0,0,5,4,0,5,9,7,0,3,0,0,0,0,4,53,4,15,43,27,42,26,76,57,7,19,14,13,13,5,22,398
LGA57490,0,0,0,17,125,100,440,437,67,72,41,55,20,12,24,1418,8,0,5,12,39,21,25,20,0,11,0,7,0,0,4,142,0,4,16,38,23,37,74,30,0,6,6,0,0,0,6,244,0,3,26,77,146,239,1164,535,72,58,57,60,33,6,29,2507,0,3,3,0,10,5,20,12,4,3,0,0,3,0,0,67,0,0,0,0,0,3,14,13,0,3,0,6,0,0,4,39,0,0,0,4,34,40,127,127,26,8,18,17,15,6,15,454,153,526,3867,2838,2414,1528,4686,2943,182,153,151,139,68,13,339,19995,4,6,21,33,63,57,112,65,11,18,8,11,8,4,3,432,3,0,0,5,26,24,75,51,12,7,11,11,9,3,8,239,37,69,332,343,382,472,1211,632,103,84,63,71,36,25,79,3937,301,1046,4874,4092,4537,3736,11303,7563,733,624,622,633,316,168,766,41310
LGA57630,0,0,0,0,0,0,0,0,0,0,0,0,0,0,0,0,0,0,0,0,0,0,0,0,0,0,0,0,0,0,0,0,0,0,0,0,0,0,0,0,0,0,0,0,0,0,0,0,0,0,0,0,0,0,0,0,0,0,0,0,0,0,0,0,0,0,0,0,0,0,0,0,0,0,0,0,0,0,0,0,0,0,0,0,0,0,0,0,0,0,0,0,0,0,0,0,0,0,0,0,0,0,0,0,0,0,0,0,0,0,0,0,0,0,3,0,0,0,0,0,0,0,0,0,0,0,0,8,0,0,0,0,0,0,0,0,0,0,0,0,0,0,0,0,0,0,0,0,0,0,0,0,0,0,0,0,0,0,0,0,0,0,0,0,0,0,0,0,0,0,0,0,0,0,0,0,0,0,7,0,6,0,0,0,0,0,0,0,0,0,0,16
LGA57700,0,0,0,0,17,8,111,117,12,8,11,6,7,5,5,308,0,0,0,0,7,3,4,3,0,0,0,0,0,0,0,15,0,0,5,5,7,10,47,20,0,3,5,0,3,0,3,101,0,0,0,18,33,63,282,120,7,7,10,8,6,5,14,575,0,0,0,0,7,6,12,8,0,0,0,0,0,0,0,41,0,0,0,0,0,0,0,3,0,0,0,0,0,0,0,8,0,0,0,0,0,4,19,5,6,0,0,0,0,0,9,48,23,75,649,556,470,322,559,205,15,12,8,5,3,3,96,2992,0,0,3,9,10,8,29,7,0,0,3,5,6,0,4,81,0,0,0,0,9,4,9,13,0,0,3,0,5,0,0,35,6,15,48,55,84,84,465,179,16,17,18,25,10,0,39,1056,50,200,817,796,964,804,2407,1290,119,86,112,129,70,25,253,8103
LGA57770,0,0,0,0,0,0,0,3,0,0,0,0,0,0,0,11,0,0,0,0,0,0,0,0,0,0,0,0,0,0,0,0,0,0,0,0,0,0,0,0,0,0,0,0,0,0,0,0,0,0,0,0,0,0,4,0,0,0,0,0,0,0,0,3,0,0,0,0,0,0,0,0,0,0,0,0,0,0,0,0,0,0,0,0,0,0,0,0,0,0,0,0,0,0,0,5,0,0,0,0,0,0,0,3,0,0,0,0,0,0,0,3,0,5,17,12,6,9,5,3,0,0,0,3,0,0,8,71,0,0,0,0,0,0,0,0,0,0,0,0,0,0,0,0,0,0,0,0,0,0,0,6,0,0,0,0,5,0,0,3,0,0,3,0,5,5,3,9,0,0,6,18,0,0,0,52,0,11,26,14,17,14,26,36,4,9,17,29,9,0,13,220
LGA57840,0,0,0,12,38,29,61,52,15,13,19,28,4,0,7,283,5,3,4,10,55,19,6,14,0,7,3,0,0,0,5,129,0,5,11,62,103,105,153,50,15,14,22,18,11,3,3,571,0,3,11,52,89,116,228,95,20,30,17,19,18,0,3,705,0,0,7,8,26,15,36,34,4,3,10,21,0,0,0,180,0,0,0,0,10,10,19,23,0,4,4,3,0,0,0,83,0,0,4,4,22,27,57,32,8,14,0,11,4,5,9,193,53,150,593,479,512,346,551,259,33,37,39,51,33,9,75,3228,0,4,17,17,34,24,63,43,7,9,13,12,13,0,13,263,0,0,0,41,57,28,20,24,19,3,11,12,9,4,0,229,27,31,152,159,258,285,520,373,94,79,107,189,97,20,46,2454,182,406,1113,1309,2156,1821,3106,2141,435,426,518,706,372,81,297,15075
LGA57910,0,0,12,47,204,175,457,492,122,84,89,87,39,15,29,1858,57,27,32,56,378,102,87,90,14,8,10,4,0,0,21,897,3,25,55,119,216,211,369,103,18,22,15,19,24,5,32,1225,3,10,54,236,600,866,1427,459,79,57,83,96,55,28,53,4110,7,12,38,62,102,67,164,119,16,17,35,116,42,0,10,802,0,0,0,6,39,36,79,165,22,26,26,32,0,0,10,441,3,0,10,23,87,92,272,189,52,33,32,37,24,6,24,888,212,626,2439,1973,2317,1524,2762,1588,173,138,194,182,120,41,309,14601,3,7,52,83,108,128,221,184,30,28,34,48,48,8,28,1006,0,0,0,452,1182,573,564,443,108,90,88,109,53,13,138,3812,166,206,747,880,1386,2391,4370,3173,1067,1061,1186,1645,621,59,352,19301,982,3199,6128,6102,10201,9592,18483,13820,2987,2736,3141,4082,1737,302,1777,85253
LGA57980,0,0,3,6,15,9,28,21,8,8,3,6,3,0,0,100,10,0,0,0,16,7,8,6,0,0,4,0,0,0,6,54,3,0,11,15,20,16,45,26,6,3,9,3,4,0,6,165,0,0,7,32,48,53,75,32,0,6,8,3,7,0,4,275,0,0,3,5,7,4,7,3,0,0,0,0,0,0,0,40,0,0,0,0,10,4,3,8,6,0,0,0,0,0,0,38,0,0,0,3,8,8,13,15,0,3,4,8,0,0,0,63,20,66,296,229,250,181,307,164,26,31,26,22,17,15,34,1692,0,0,7,15,25,10,39,27,13,3,9,4,12,5,0,177,0,0,0,14,17,9,8,13,0,0,5,5,0,0,0,69,12,10,58,53,99,122,223,184,47,47,59,77,39,8,15,1056,64,159,491,544,759,623,1232,942,184,199,239,274,184,68,125,6097
LGA58050,0,0,6,39,208,251,1290,1496,186,123,154,158,65,15,50,4033,8,10,27,14,162,45,43,25,4,0,0,0,0,0,6,339,0,6,23,75,121,97,213,91,9,6,10,8,4,0,20,679,0,3,16,44,210,251,1005,376,42,41,31,49,21,13,22,2133,0,5,13,32,86,53,151,116,18,9,5,19,20,3,9,530,0,0,0,0,3,7,25,46,6,7,13,13,5,0,6,138,0,5,0,11,67,62,232,140,15,23,25,27,5,9,18,636,103,325,2317,1604,1609,1019,2073,902,83,49,54,66,26,15,212,10456,0,0,22,36,45,56,99,74,4,13,13,17,0,3,10,383,0,0,3,129,586,469,474,272,52,40,42,59,34,12,95,2265,30,84,423,455,791,1262,3565,1513,214,195,180,193,88,45,202,9257,285,1021,3732,3449,5947,5765,15530,9407,1218,978,1002,1191,549,213,1082,51363
LGA58190,0,0,0,0,0,0,0,0,0,0,0,0,0,0,0,0,0,0,0,0,0,0,0,0,0,0,0,0,0,0,0,0,0,0,0,0,0,0,0,0,0,0,0,0,0,0,0,0,0,0,0,0,0,0,0,0,0,0,0,0,0,0,0,0,0,0,0,0,0,0,0,0,0,0,0,0,0,0,0,0,0,0,0,0,0,0,0,0,0,0,0,0,0,0,0,0,0,0,0,0,0,0,0,0,0,0,0,0,0,0,0,0,0,0,0,5,0,0,6,4,0,0,0,0,0,0,0,19,0,0,0,0,0,0,0,0,0,0,0,0,0,0,0,0,0,0,0,0,0,0,0,0,0,0,0,0,0,0,0,0,0,0,0,0,0,4,0,0,0,0,0,0,0,0,0,5,0,0,0,8,0,8,9,9,0,0,0,0,0,0,0,40
LGA58260,0,0,0,0,0,0,0,0,0,0,0,0,0,0,0,0,0,0,0,0,0,0,0,0,0,0,0,0,0,0,0,0,0,0,0,0,0,0,0,0,0,0,0,0,0,0,0,0,0,0,0,0,0,0,0,0,0,0,0,0,0,0,0,0,0,0,0,0,0,0,0,0,0,0,0,0,0,0,0,0,0,0,0,0,0,0,0,0,0,0,0,0,0,0,0,0,0,0,0,0,0,0,0,0,0,0,0,0,0,0,0,0,0,0,10,9,0,0,0,0,0,0,0,4,0,0,0,27,0,0,0,0,0,0,0,0,0,0,0,0,0,0,0,0,0,0,0,0,0,0,0,0,0,0,0,0,0,0,0,0,0,0,0,0,0,0,4,0,0,0,0,0,0,0,0,14,0,4,16,15,3,0,12,8,0,0,0,5,0,0,3,71
LGA58330,0,0,0,0,0,0,0,0,0,4,0,0,0,0,0,11,4,0,0,0,3,0,0,0,0,0,0,0,0,0,0,6,0,0,0,0,0,0,0,0,0,0,0,0,0,0,0,4,0,0,0,6,6,3,12,4,0,0,0,0,0,0,0,29,0,0,0,0,0,0,0,0,0,0,0,0,0,0,0,0,0,0,0,0,0,0,0,0,0,0,0,0,0,0,0,0,0,0,0,0,0,0,0,0,0,0,0,4,0,0,0,4,5,33,157,121,70,43,59,20,0,6,0,0,0,0,18,538,0,0,0,4,10,5,0,4,0,0,0,0,0,0,0,19,0,0,0,0,0,0,0,0,0,0,0,0,0,0,4,4,8,10,26,13,15,5,13,5,0,4,0,0,0,0,0,98,22,65,218,195,158,95,138,60,3,8,3,3,5,0,32,1009
LGA58400,0,0,0,0,0,0,0,0,0,0,0,0,0,0,0,0,0,0,0,0,0,0,0,0,0,0,0,0,0,0,0,0,0,0,0,0,0,0,0,0,0,0,0,0,0,0,0,0,0,0,0,0,0,0,0,0,0,0,0,0,0,0,0,0,0,0,0,0,0,0,0,0,0,0,0,0,0,0,0,0,0,0,0,0,0,0,0,0,0,0,0,0,0,0,0,0,0,0,0,0,0,0,0,0,0,0,0,0,0,0,0,0,0,3,8,7,0,0,0,0,0,0,0,0,0,0,5,24,0,0,0,0,0,0,0,0,0,0,0,0,0,0,0,0,0,0,0,0,0,0,0,0,0,0,0,0,0,0,0,0,0,0,3,0,0,0,0,0,0,0,0,0,0,0,0,5,0,5,11,16,3,5,0,0,0,0,0,0,0,0,0,41
LGA58470,0,0,0,0,0,0,0,0,0,0,0,0,0,0,0,0,0,0,0,0,0,0,0,0,0,0,0,0,0,0,0,0,0,0,0,0,0,0,0,0,0,0,0,0,0,0,0,0,0,0,0,0,0,0,0,0,0,0,4,0,0,0,0,4,0,0,0,0,0,0,0,0,0,0,0,0,0,0,0,0,0,0,0,0,0,0,0,0,0,0,0,0,0,0,0,0,0,0,0,0,0,0,0,0,0,0,0,0,0,0,0,0,0,0,0,0,0,0,0,0,0,0,0,0,0,0,0,0,0,0,0,0,0,0,0,0,0,0,0,0,0,0,0,0,0,0,0,0,0,0,0,0,0,0,0,0,0,0,0,0,0,0,0,0,0,0,0,0,0,0,0,0,0,0,0,5,0,0,0,0,0,0,5,0,0,0,3,0,0,0,0,10
LGA58510,0,0,0,9,29,28,105,92,21,19,24,48,15,0,14,401,8,0,8,8,17,14,9,13,0,0,0,3,0,0,6,92,0,8,7,39,48,50,84,28,13,4,20,26,9,0,10,340,0,0,9,31,42,48,115,39,5,6,3,9,5,3,9,326,0,5,5,14,12,7,60,13,12,12,17,40,14,0,4,213,0,0,0,0,3,8,21,48,8,8,9,5,0,0,10,118,0,0,0,7,10,25,58,50,9,8,14,21,7,0,8,204,35,119,481,387,360,235,465,224,24,24,28,30,6,11,95,2530,0,0,5,15,12,21,42,25,4,11,11,12,9,9,3,190,0,0,0,26,32,24,40,57,13,32,17,10,15,0,13,280,12,25,95,125,169,252,459,395,83,130,137,221,83,27,51,2257,114,384,893,978,1309,1315,2862,2209,557,612,752,960,419,106,392,13857
LGA58540,0,0,0,0,0,0,6,7,0,0,0,0,0,0,0,12,0,0,0,0,0,0,0,0,0,0,0,0,0,0,0,0,0,0,0,0,0,0,0,0,0,0,0,0,0,0,0,0,0,0,0,0,0,0,0,0,0,0,0,0,0,0,0,6,0,0,0,0,0,0,3,0,0,0,0,0,0,0,0,3,0,0,0,0,0,0,0,0,0,0,0,0,0,0,0,0,0,0,0,0,0,0,0,0,0,0,0,0,0,0,0,4,0,7,5,0,5,4,0,5,0,0,0,0,0,0,3,29,0,0,0,0,0,0,0,0,0,0,0,0,0,0,0,6,0,0,0,0,0,0,0,0,0,0,0,0,0,0,0,0,0,0,0,0,0,0,0,0,0,0,0,0,0,0,0,3,4,10,11,10,12,15,21,27,3,4,0,5,0,5,7,125
LGA58570,0,0,0,5,28,19,45,33,14,8,5,18,3,3,5,190,3,3,7,11,41,27,9,15,0,0,0,0,3,0,0,116,0,0,8,25,33,44,71,23,0,6,7,15,9,0,3,265,0,0,7,20,84,92,145,45,0,5,0,13,9,4,13,432,0,0,6,11,11,6,14,11,0,4,0,3,0,0,0,63,0,0,0,0,3,4,18,47,9,0,14,8,0,0,3,114,0,0,0,5,12,6,57,25,5,6,4,0,3,0,0,138,10,56,309,368,443,376,579,306,29,36,53,44,48,13,60,2719,0,4,10,14,35,31,57,50,21,19,17,33,13,0,5,299,0,0,0,135,223,50,52,33,4,11,11,18,4,9,16,574,16,26,111,153,176,275,367,327,91,101,122,169,71,18,35,2060,102,478,916,1075,1621,1407,2231,1645,330,421,502,649,291,67,282,12023
LGA58610,0,0,0,0,0,0,3,3,0,5,4,17,0,0,0,36,0,0,0,0,0,0,0,0,0,0,0,0,0,0,0,0,0,0,0,0,0,0,0,0,0,0,0,0,0,0,0,0,0,0,0,0,0,0,0,3,0,0,6,0,0,0,0,16,0,0,0,0,0,0,0,0,0,0,0,0,0,0,0,0,0,0,0,0,0,0,0,0,0,0,0,0,0,0,0,0,0,0,0,0,0,0,0,4,0,0,0,0,0,0,0,0,4,13,30,25,12,5,5,4,0,0,0,0,0,0,10,102,0,0,0,0,0,0,0,0,0,0,0,0,0,0,0,4,0,0,0,0,4,0,0,0,0,0,0,0,0,0,0,4,0,0,0,4,0,0,0,4,0,0,0,0,0,0,3,16,9,22,44,43,41,27,28,16,3,3,11,19,0,3,18,283
LGA58680,0,0,0,0,0,0,0,0,0,0,0,0,0,0,0,0,0,0,0,0,0,0,0,0,0,0,0,0,0,0,0,0,0,0,0,0,0,0,0,0,0,0,0,0,0,0,0,0,0,0,0,0,0,0,0,0,0,0,0,0,0,0,0,0,0,0,0,0,0,0,0,0,0,0,0,0,0,0,0,0,0,0,0,0,0,0,0,0,0,0,0,0,0,0,0,0,0,0,0,0,0,0,0,0,0,0,0,0,0,0,0,0,0,0,10,4,4,0,0,0,0,0,0,0,0,0,3,32,0,0,0,0,0,0,0,0,0,0,0,0,0,0,0,0,0,0,0,0,0,0,0,0,0,0,0,0,0,0,0,0,0,0,4,0,0,3,0,0,0,0,0,0,0,0,0,8,3,3,11,15,14,9,9,3,0,0,0,0,0,0,3,66
LGA58760,0,0,5,33,229,213,946,813,136,100,81,111,45,8,42,2763,8,0,11,40,255,87,61,72,5,0,8,3,4,0,12,579,0,4,21,85,123,131,281,86,16,10,11,6,13,3,14,801,0,0,16,108,236,537,3240,1681,215,182,168,193,91,56,67,6791,0,3,13,26,38,32,77,57,0,3,11,24,6,0,4,298,0,0,0,0,9,21,38,57,3,8,12,27,3,0,0,174,0,0,3,9,73,83,314,213,71,28,55,50,18,7,15,929,141,463,2962,2835,3913,3138,10599,5077,504,306,277,283,143,48,561,31250,0,5,25,55,51,73,186,94,10,12,12,11,12,4,3,557,0,0,8,169,1093,771,654,443,84,95,55,97,44,21,138,3670,49,87,543,676,1283,1812,5033,2036,340,256,298,258,135,39,207,13061,360,1208,4694,5420,10026,9829,28730,15587,1936,1501,1516,1730,846,314,1553,85240
LGA58820,0,0,0,0,0,0,17,17,0,5,0,0,0,0,0,42,0,0,0,0,0,0,0,0,0,0,0,0,0,0,0,0,0,0,0,0,0,0,0,0,0,0,0,0,0,0,0,0,0,0,4,0,6,0,16,4,0,0,0,0,0,0,0,32,0,0,0,0,0,0,0,0,0,0,0,0,0,0,0,0,0,0,0,0,0,0,0,0,0,0,0,0,0,0,0,0,0,0,0,0,0,0,0,0,3,0,0,0,0,0,0,3,6,20,120,59,31,23,34,18,0,0,0,0,0,0,34,353,0,0,0,0,0,0,5,0,0,0,0,0,0,0,0,13,0,0,0,0,0,0,0,0,0,0,0,0,0,0,0,0,0,0,5,8,7,3,15,6,0,0,0,0,0,0,3,52,18,62,155,88,79,51,123,74,3,6,10,12,9,0,61,761
LGA58890,0,0,0,0,0,0,0,0,0,0,0,0,0,0,0,0,0,0,0,0,0,0,0,0,0,0,0,0,0,0,0,0,0,0,0,0,0,0,0,0,0,0,0,0,0,0,0,3,0,0,0,0,0,0,0,0,0,0,0,0,0,0,0,0,0,0,0,0,0,0,0,0,0,0,0,0,0,0,0,0,0,0,0,0,0,0,0,0,0,0,0,0,0,0,0,0,0,0,0,0,0,0,0,0,0,0,0,0,0,0,0,0,0,4,10,0,3,0,4,0,0,0,0,0,0,0,3,27,0,0,0,0,0,0,0,0,0,0,0,0,0,0,0,0,0,0,0,0,0,0,0,0,0,0,0,0,0,0,0,0,0,0,0,0,0,0,0,0,0,0,0,0,0,0,0,3,0,4,19,9,14,4,7,7,0,0,0,0,0,0,3,70
LGA59030,0,0,0,0,0,0,0,0,0,0,0,0,0,0,0,0,0,0,0,0,0,0,0,0,0,0,0,0,0,0,0,0,0,0,0,0,0,0,0,0,0,0,0,0,0,0,0,0,0,0,0,0,0,0,4,0,0,0,0,0,0,0,0,5,0,0,0,0,0,0,0,0,0,0,0,0,0,0,0,0,0,0,0,0,0,0,0,0,0,0,0,0,0,0,0,0,0,0,0,0,0,0,0,0,0,0,0,0,0,0,0,0,0,0,7,4,0,3,0,0,0,0,0,0,0,0,0,14,0,0,0,0,0,0,0,0,0,0,0,0,0,0,0,0,0,0,0,0,0,0,0,0,0,0,0,0,0,0,0,0,0,0,0,0,0,0,3,0,0,0,0,0,0,0,0,4,0,0,12,9,0,4,9,0,0,0,0,0,0,0,0,36
LGA59100,0,0,0,0,0,0,0,0,0,0,0,0,0,0,0,0,0,0,0,0,0,0,0,0,0,0,0,0,0,0,0,0,0,0,0,0,0,0,0,0,0,0,0,0,0,0,0,0,0,0,0,0,0,0,4,0,0,0,0,0,0,0,0,3,0,0,0,0,0,0,0,0,0,0,0,0,0,0,0,0,0,0,0,0,0,0,0,0,0,0,0,0,0,0,0,0,0,0,0,0,0,0,0,0,0,0,0,0,0,0,0,0,0,3,7,3,0,0,5,0,0,0,0,0,0,0,0,20,0,0,0,0,0,0,0,0,0,0,0,0,0,0,0,5,0,0,0,0,0,0,0,0,0,0,0,0,0,0,0,0,0,0,0,0,0,0,0,0,0,0,0,0,0,0,0,0,0,3,12,12,0,3,5,3,0,0,0,4,0,0,0,49
LGA59170,0,0,0,0,0,0,0,0,0,0,0,0,0,0,0,0,0,0,0,0,0,0,0,0,0,0,0,0,0,0,0,0,0,0,0,0,0,0,0,0,0,0,0,0,0,0,0,0,0,0,0,0,0,0,8,0,0,0,0,0,0,0,0,15,0,0,0,0,0,0,0,0,0,0,0,0,0,0,0,0,0,0,0,0,0,0,0,0,0,0,0,0,0,0,0,0,0,0,0,0,0,0,0,0,0,0,0,0,0,0,0,0,0,0,7,0,0,0,5,4,0,0,0,3,0,0,0,37,0,0,0,0,0,0,0,0,0,0,0,0,0,0,0,0,0,0,0,0,0,0,0,0,0,0,0,0,0,0,0,0,0,0,0,0,5,0,0,0,0,0,0,0,0,0,0,12,0,0,16,6,18,6,24,20,0,0,4,5,3,0,4,113
LGA59250,0,0,0,0,0,0,4,3,0,0,0,0,0,0,0,7,0,0,0,0,0,0,0,0,0,0,0,0,0,0,0,0,0,0,0,0,0,0,0,0,0,0,0,0,0,0,0,0,0,0,0,0,0,0,0,0,0,0,0,0,0,0,0,4,0,0,0,0,0,0,0,0,0,0,0,0,0,0,0,0,0,0,0,0,0,0,0,0,0,0,0,0,0,0,0,0,0,0,0,0,0,0,0,0,0,0,0,0,0,0,0,0,0,0,0,0,3,3,0,5,0,0,3,0,0,0,0,16,0,0,0,0,0,0,0,0,0,0,0,0,0,0,0,0,0,0,0,0,0,0,0,0,0,0,0,0,0,0,0,0,0,0,0,0,0,3,3,7,0,0,4,0,0,0,0,12,0,0,0,3,3,19,13,19,3,0,6,3,0,0,0,75
LGA59310,0,0,0,0,0,0,4,11,0,0,0,0,0,0,0,18,0,0,0,0,0,0,0,0,0,0,0,0,0,0,0,0,0,0,0,0,0,0,0,0,0,0,0,0,0,0,0,0,0,0,0,0,0,0,0,0,0,4,0,0,0,0,0,10,0,0,0,0,0,0,0,0,0,0,0,0,0,0,0,0,0,0,0,0,0,0,0,0,0,0,0,0,0,0,0,0,0,0,0,0,0,0,0,0,0,0,0,0,0,0,0,3,4,7,23,11,0,0,8,0,0,0,0,0,0,0,3,54,0,0,0,0,0,0,0,0,0,0,0,0,0,0,0,0,0,0,0,0,0,0,0,0,0,0,0,0,0,0,0,0,0,6,4,0,0,0,0,0,0,0,0,0,0,0,0,7,3,10,30,8,13,17,30,27,0,8,3,3,6,0,9,166
LGA59320,0,0,0,0,0,0,0,0,0,0,0,0,0,0,0,0,0,0,0,0,0,0,0,0,0,0,0,0,0,0,0,0,0,0,0,0,0,0,0,0,0,0,0,0,0,0,0,0,0,0,0,0,0,0,0,0,0,0,0,6,0,0,0,3,0,0,0,0,0,0,0,0,0,0,0,0,0,0,0,0,0,0,0,0,0,0,0,0,0,0,0,0,0,0,0,0,0,0,0,0,0,0,0,0,0,0,0,0,0,0,0,0,0,3,11,11,5,3,4,0,0,0,0,0,0,0,0,32,0,0,0,0,0,0,0,0,0,0,0,0,0,0,0,0,0,0,0,0,0,0,0,0,0,0,0,0,0,0,0,0,0,0,0,0,0,0,0,0,0,0,0,0,0,0,0,3,0,3,11,11,9,3,13,9,0,0,0,6,0,0,0,53
LGA59330,0,0,0,0,0,0,0,0,0,0,0,0,0,0,0,4,0,0,0,0,0,0,0,0,0,0,0,0,0,0,0,0,0,0,0,0,0,0,0,0,0,0,0,0,0,0,0,0,0,0,0,0,0,0,0,0,0,0,0,0,0,0,0,0,0,0,0,0,0,0,0,0,0,0,0,0,0,0,0,0,0,0,0,0,0,0,0,0,0,0,0,0,0,0,0,0,0,0,0,0,0,0,0,0,0,0,0,0,0,0,0,0,0,3,10,3,4,4,0,0,0,0,0,0,0,0,0,29,0,0,0,0,0,0,0,0,0,0,0,0,0,0,0,3,0,0,0,0,0,0,0,0,0,0,0,0,0,0,0,0,0,0,4,0,0,0,0,0,0,0,0,0,0,0,0,4,4,7,15,4,12,7,0,6,0,3,0,5,0,0,4,68
LGA59340,0,0,0,0,0,0,3,21,0,4,5,3,4,0,0,39,0,0,0,0,0,0,0,0,0,0,0,0,0,0,0,3,0,0,0,3,0,3,0,0,0,0,0,0,0,0,0,7,0,0,0,0,3,0,11,6,0,0,3,0,0,0,0,37,0,0,0,0,0,0,5,3,0,0,0,0,0,0,0,7,0,0,0,0,0,0,5,6,0,0,4,0,0,0,0,18,0,0,0,0,0,0,6,5,0,0,6,0,0,0,0,17,4,12,45,25,24,24,53,29,3,0,8,10,6,0,5,246,0,0,3,0,3,5,5,0,0,0,0,0,0,0,0,20,0,0,0,0,0,0,8,6,0,0,0,0,0,0,0,19,0,4,8,7,9,12,32,33,6,0,16,35,17,21,5,211,3,23,68,63,78,81,191,169,26,25,46,76,42,27,29,945
LGA59350,0,0,0,0,0,0,0,4,0,0,0,0,0,0,0,4,0,0,0,0,0,0,0,0,0,0,0,0,0,0,0,0,0,0,0,0,0,0,0,0,0,0,0,0,0,0,0,0,0,0,0,0,0,0,3,0,0,0,0,0,0,0,0,5,0,0,0,0,0,0,0,0,0,0,0,0,0,0,0,0,0,0,0,0,0,0,0,0,0,0,0,0,0,0,0,0,0,0,0,0,0,0,0,0,0,0,0,0,0,0,0,0,0,0,5,0,0,0,0,0,0,0,0,0,0,0,0,4,0,0,0,0,0,0,0,0,0,0,0,0,0,0,0,0,0,0,0,0,0,0,0,0,0,0,0,0,0,0,0,0,0,0,0,0,3,0,0,0,0,0,0,0,0,0,0,6,0,0,5,0,6,5,10,9,0,0,0,0,0,3,0,40
LGA59360,0,0,0,0,0,4,15,14,0,0,0,0,6,0,0,35,0,0,0,0,0,0,0,0,0,0,0,0,0,0,0,0,0,0,0,0,0,0,0,0,0,0,0,0,0,0,0,0,0,0,0,0,0,0,8,0,0,0,0,0,0,0,0,8,0,0,0,0,0,0,0,0,0,0,0,0,0,0,0,0,0,0,0,0,0,0,0,0,0,0,0,0,0,0,0,3,0,0,0,0,0,0,0,0,0,0,0,0,0,0,0,0,0,0,9,4,0,0,13,6,0,0,0,0,0,0,3,40,0,0,0,0,0,0,0,0,0,0,0,0,0,0,0,0,0,0,0,0,0,0,0,0,0,0,0,0,0,0,0,0,0,0,0,3,0,0,3,4,0,0,5,3,0,0,0,25,3,6,11,11,23,15,54,39,3,5,7,13,4,0,15,214
LGA59370,0,0,0,0,0,6,0,3,0,0,0,0,0,0,0,7,0,0,0,0,0,0,0,0,0,0,0,0,0,0,0,0,0,0,0,0,3,0,0,0,0,0,0,0,0,0,0,0,0,0,0,3,3,9,10,5,0,0,0,0,0,0,0,27,0,0,0,0,0,0,0,0,0,0,0,0,0,0,0,0,0,0,0,0,0,0,0,0,0,0,0,0,0,0,0,0,0,0,0,0,0,0,0,4,0,0,0,0,0,0,0,5,12,21,109,70,47,23,23,8,0,0,0,0,0,0,17,322,0,0,3,6,0,4,0,0,0,0,0,0,0,0,0,13,0,0,0,0,0,0,0,0,0,0,0,0,0,0,0,3,0,7,19,0,10,5,7,0,0,0,0,0,0,0,0,49,18,45,152,109,88,61,60,29,10,6,3,6,0,0,28,613
LGA59499,0,0,0,0,0,0,6,12,0,0,0,0,0,0,8,35,0,0,0,0,4,0,0,3,0,0,0,0,0,0,3,9,0,0,0,0,0,0,0,0,0,0,0,0,0,0,0,11,0,0,0,0,0,11,18,3,0,4,0,0,0,9,6,55,0,0,0,0,0,0,3,0,0,0,0,0,0,0,0,5,0,0,0,0,0,0,0,0,0,0,0,13,0,0,0,13,0,0,0,0,4,0,0,0,0,0,0,0,0,0,0,8,0,7,80,51,48,38,43,27,8,4,14,31,16,12,53,431,0,4,0,0,3,4,4,4,0,0,0,10,5,3,4,43,0,0,0,0,3,0,4,0,0,0,0,0,0,0,0,11,0,0,8,8,20,8,30,13,12,10,16,57,23,12,44,258,7,25,109,106,143,110,179,110,28,22,56,166,79,92,210,1431
LGA59799,0,0,0,0,0,0,0,0,0,0,0,0,0,0,12,21,0,0,0,0,3,0,0,0,0,0,0,0,0,0,0,4,0,0,0,0,0,0,0,0,0,0,0,0,0,0,0,0,0,0,0,0,0,0,0,0,0,0,0,0,0,0,0,3,0,0,0,0,0,0,0,0,0,0,0,0,0,0,0,0,0,0,0,0,0,0,0,0,0,0,0,0,0,0,0,0,0,0,0,0,4,0,0,0,0,0,0,0,0,0,0,4,0,0,0,0,0,4,6,3,0,0,3,3,0,0,0,30,0,0,0,0,0,0,0,0,0,0,0,0,0,0,0,3,0,0,0,0,0,0,0,0,0,0,0,0,0,0,0,0,0,0,0,0,0,3,7,4,0,0,0,0,3,0,0,25,0,0,4,7,14,19,46,20,0,5,6,8,3,0,16,148
