LGA_CODE_2021,M_Arthritis_0_14,M_Arthritis_15_24,M_Arthritis_25_34,M_Arthritis_35_44,M_Arthritis_45_54,M_Arthritis_55_64,M_Arthritis_65_74,M_Arthritis_75_84,M_Arthritis_85_over,M_Arthritis_Tot,M_Asthma_0_14,M_Asthma_15_24,M_Asthma_25_34,M_Asthma_35_44,M_Asthma_45_54,M_Asthma_55_64,M_Asthma_65_74,M_Asthma_75_84,M_Asthma_85_over,M_Asthma_Tot,M_Cancer_0_14,M_Cancer_15_24,M_Cancer_25_34,M_Cancer_35_44,M_Cancer_45_54,M_Cancer_55_64,M_Cancer_65_74,M_Cancer_75_84,M_Cancer_85_over,M_Cancer_Tot,M_Dementia_0_14,M_Dementia_15_24,M_Dementia_25_34,M_Dementia_35_44,M_Dementia_45_54,M_Dementia_55_64,M_Dementia_65_74,M_Dementia_75_84,M_Dementia_85_over,M_Dementia_Tot,M_Diabetes_0_14,M_Diabetes_15_24,M_Diabetes_25_34,M_Diabetes_35_44,M_Diabetes_45_54,M_Diabetes_55_64,M_Diabetes_65_74,M_Diabetes_75_84,M_Diabetes_85_over,M_Diabetes_Tot,M_Heart_disease_0_14,M_Heart_disease_15_24,M_Heart_disease_25_34,M_Heart_disease_35_44,M_Heart_disease_45_54,M_Heart_disease_55_64,M_Heart_disease_65_74,M_Heart_disease_75_84,M_Heart_disease_85_over,M_Heart_disease_Tot,M_Kidney_disease_0_14,M_Kidney_disease_15_24,M_Kidney_disease_25_34,M_Kidney_disease_35_44,M_Kidney_disease_45_54,M_Kidney_disease_55_64,M_Kidney_disease_65_74,M_Kidney_disease_75_84,M_Kidney_disease_85_over,M_Kidney_disease_Tot,M_Lung_cond_0_14,M_Lung_cond_15_24,M_Lung_cond_25_34,M_Lung_cond_35_44,M_Lung_cond_45_54,M_Lung_cond_55_64,M_Lung_cond_65_74,M_Lung_cond_75_84,M_Lung_cond_85_over,M_Lung_cond_Tot,M_Mental_health_cond_0_14,M_Mental_health_cond_15_24,M_Mental_health_cond_25_34,M_Mental_health_cond_35_44,M_Mental_health_cond_45_54,M_Mental_health_cond_55_64,M_Mental_health_cond_65_74,M_Mental_health_cond_75_84,M_Mental_health_cond_85_over,M_Mental_health_cond_Tot,M_Stroke_0_14,M_Stroke_15_24,M_Stroke_25_34,M_Stroke_35_44,M_Stroke_45_54,M_Stroke_55_64,M_Stroke_65_74,M_Stroke_75_84,M_Stroke_85_over,M_Stroke_Tot,M_Other_0_14,M_Other_15_24,M_Other_25_34,M_Other_35_44,M_Other_45_54,M_Other_55_64,M_Other_65_74,M_Other_75_84,M_Other_85_over,M_Other_Tot,M_None_0_14,M_None_15_24,M_None_25_34,M_None_35_44,M_None_45_54,M_None_55_64,M_None_65_74,M_None_75_84,M_None_85_over,M_None_Tot,M_NS_0_14,M_NS_15_24,M_NS_25_34,M_NS_35_44,M_NS_45_54,M_NS_55_64,M_NS_65_74,M_NS_75_84,M_NS_85_over,M_NS_Tot,M_Tot_0_14,M_Tot_15_24,M_Tot_25_34,M_Tot_35_44,M_Tot_45_54,M_Tot_55_64,M_Tot_65_74,M_Tot_75_84,M_Tot_85_over,M_Tot_Tot,F_Arthritis_0_14,F_Arthritis_15_24,F_Arthritis_25_34,F_Arthritis_35_44,F_Arthritis_45_54,F_Arthritis_55_64,F_Arthritis_65_74,F_Arthritis_75_84,F_Arthritis_85_over,F_Arthritis_Tot,F_Asthma_0_14,F_Asthma_15_24,F_Asthma_25_34,F_Asthma_35_44,F_Asthma_45_54,F_Asthma_55_64,F_Asthma_65_74,F_Asthma_75_84,F_Asthma_85_over,F_Asthma_Tot,F_Cancer_0_14,F_Cancer_15_24,F_Cancer_25_34,F_Cancer_35_44,F_Cancer_45_54,F_Cancer_55_64,F_Cancer_65_74,F_Cancer_75_84,F_Cancer_85_over,F_Cancer_Tot,F_Dementia_0_14,F_Dementia_15_24,F_Dementia_25_34,F_Dementia_35_44,F_Dementia_45_54,F_Dementia_55_64,F_Dementia_65_74,F_Dementia_75_84,F_Dementia_85_over,F_Dementia_Tot,F_Diabetes_0_14,F_Diabetes_15_24,F_Diabetes_25_34,F_Diabetes_35_44,F_Diabetes_45_54,F_Diabetes_55_64,F_Diabetes_65_74,F_Diabetes_75_84,F_Diabetes_85_over,F_Diabetes_Tot,F_Heart_disease_0_14,F_Heart_disease_15_24,F_Heart_disease_25_34,F_Heart_disease_35_44,F_Heart_disease_45_54,F_Heart_disease_55_64,F_Heart_disease_65_74,F_Heart_disease_75_84,F_Heart_disease_85_over,F_Heart_disease_Tot
LGA50080,3,9,35,79,161,338,483,350,146,1611,322,207,172,173,163,177,165,75,20,1479,3,0,13,8,58,108,249,191,75,704,0,0,0,0,3,0,22,82,50,162,3,10,26,38,128,246,320,245,69,1083,4,8,13,12,60,214,341,316,147,1108,0,0,8,0,14,30,57,36,25,173,6,4,5,7,22,72,138,111,44,410,96,227,244,196,236,279,205,73,26,1591,0,0,0,0,18,27,71,90,50,260,204,116,110,99,177,246,246,160,57,1412,2602,1465,1302,1243,1348,1207,877,320,99,10465,289,225,349,310,260,256,198,110,47,2042,3471,2175,2155,2048,2342,2574,2429,1340,498,19033,9,17,36,94,274,590,763,628,276,2681,195,210,261,252,298,263,246,144,43,1910,4,5,7,25,76,169,222,164,50,730,0,0,0,0,5,10,18,86,136,254,7,12,26,58,113,219,273,218,70,995,3,0,9,24,36,105,214,221,141,751
LGA50210,14,22,81,196,322,544,684,395,128,2378,747,402,512,492,351,273,203,89,21,3096,10,15,34,48,93,200,321,210,59,996,0,0,0,0,3,13,45,83,55,197,16,32,72,239,415,609,658,308,85,2439,14,13,27,75,190,378,585,375,130,1790,18,0,10,28,34,61,85,90,33,372,12,7,12,41,81,150,225,187,49,767,259,431,655,609,496,429,233,73,24,3208,3,0,3,20,35,61,102,100,38,349,569,272,322,451,491,501,367,196,63,3232,9001,3894,4650,5412,3306,2112,1100,404,79,29942,895,504,649,637,546,426,199,105,45,3994,11329,5390,6711,7707,5572,4577,3306,1589,426,46604,12,25,143,295,624,1026,1209,710,244,4281,543,482,768,726,591,539,458,186,40,4333,8,16,35,95,164,227,331,183,45,1099,0,0,0,3,0,16,26,74,92,212,18,38,91,241,354,529,559,272,92,2193,7,16,32,56,104,257,367,251,136,1228
LGA50250,0,0,6,18,25,35,14,8,0,108,51,20,35,54,36,22,3,5,0,225,0,0,0,4,9,23,12,4,0,54,0,0,0,0,0,0,0,0,0,3,0,4,8,15,22,56,10,0,0,121,4,0,0,9,10,34,7,13,0,71,4,0,0,0,6,3,0,0,0,16,0,4,4,0,0,0,6,4,0,28,11,17,33,36,19,21,0,0,0,133,0,0,0,4,0,0,0,4,0,9,27,12,13,25,21,22,11,0,0,127,667,217,546,560,387,215,46,6,0,2644,141,96,208,217,156,117,24,9,0,968,902,357,848,904,661,482,106,30,3,4297,0,0,6,18,22,27,17,10,4,99,26,15,52,37,34,24,9,6,0,196,0,0,3,6,8,15,3,4,0,38,0,0,0,0,0,0,0,5,0,9,0,0,6,8,16,18,9,8,0,83,0,0,0,3,13,6,9,0,0,39
LGA50280,4,0,10,23,53,108,167,68,28,465,106,34,52,77,75,48,43,28,8,473,0,0,4,9,13,50,103,50,17,248,0,0,0,0,0,0,13,15,12,36,0,8,4,6,25,39,68,34,9,192,0,0,4,3,28,71,137,86,24,350,5,0,4,0,0,5,17,11,8,58,0,0,3,3,4,20,40,24,3,94,26,41,49,107,101,75,60,18,4,469,0,0,0,0,8,11,23,15,4,69,51,31,23,56,68,77,91,37,24,461,1381,522,617,842,824,608,409,132,27,5354,198,71,117,156,195,108,86,26,11,980,1767,703,854,1224,1301,1068,975,379,120,8388,5,0,7,44,88,169,249,136,62,764,55,34,69,101,92,70,82,27,9,547,0,0,3,19,40,54,63,42,11,235,0,0,0,0,0,0,9,22,30,60,4,0,3,15,22,40,52,27,19,174,0,0,0,3,15,35,69,54,35,206
LGA50350,0,4,12,27,55,102,144,70,34,453,85,71,104,108,88,39,55,21,14,589,0,3,3,18,26,40,71,50,17,222,0,0,0,4,0,9,8,16,15,49,0,7,12,22,47,90,124,72,11,391,7,0,5,14,32,84,103,85,38,377,0,0,0,0,9,10,15,32,12,79,0,0,6,5,25,23,47,37,23,161,29,82,137,120,114,90,39,22,4,649,0,0,0,3,6,13,22,21,8,77,80,50,67,80,109,85,83,24,16,590,1172,587,725,729,626,456,242,91,18,4651,130,88,109,111,98,83,67,34,11,726,1472,847,1115,1145,1067,933,736,364,120,7797,0,6,23,49,94,193,244,192,103,900,62,65,110,137,123,115,86,49,22,763,4,0,16,16,35,52,67,54,20,270,0,0,0,0,0,5,4,17,48,74,5,6,6,20,44,78,89,69,41,357,0,4,0,12,14,36,71,87,71,286
LGA50420,3,6,42,103,204,368,529,383,170,1814,291,283,417,417,301,226,190,108,41,2275,12,5,17,53,60,136,282,222,86,871,0,0,0,0,0,5,45,94,71,222,11,16,45,125,207,404,503,361,98,1768,7,5,12,32,115,299,497,431,156,1550,6,5,15,10,18,54,75,73,55,317,14,6,11,16,43,95,146,144,70,543,98,295,516,479,399,307,196,95,35,2430,3,0,0,11,15,54,89,108,55,343,253,158,259,270,356,406,369,217,105,2401,4741,2805,4176,3753,2706,1981,1156,520,97,21944,365,281,453,423,353,314,183,126,65,2556,5735,3752,5754,5404,4345,3875,3113,1813,594,34387,5,19,75,129,310,623,950,763,422,3312,211,299,545,487,385,342,325,206,69,2881,5,4,19,76,138,202,287,190,86,1005,0,0,0,0,6,13,43,134,188,378,3,9,46,85,162,320,435,313,132,1508,6,6,9,13,48,128,255,317,215,1002
LGA50490,5,6,40,76,124,245,274,192,79,1036,152,155,237,184,138,141,94,57,21,1174,6,8,9,25,45,87,159,98,42,472,0,0,0,0,3,7,15,54,45,124,18,12,44,81,167,254,275,197,47,1084,8,8,13,24,71,181,236,219,91,858,4,3,3,8,14,27,31,51,21,164,4,0,9,7,30,73,77,81,31,307,47,147,323,239,193,157,98,60,28,1290,0,0,3,16,13,52,58,50,30,224,132,108,156,204,201,250,176,97,51,1376,2806,1869,3249,2374,1631,1143,542,204,66,13881,290,257,421,359,290,233,131,68,49,2097,3417,2506,4351,3450,2647,2329,1555,832,328,21413,0,22,58,107,188,387,490,402,226,1869,108,187,308,257,242,229,207,121,46,1708,3,3,8,32,72,108,135,114,45,520,0,0,0,0,0,0,22,59,97,174,5,10,39,58,97,191,262,182,89,948,3,3,16,15,33,98,148,158,127,600
LGA50560,0,0,3,0,9,25,35,24,4,102,8,0,11,8,13,15,13,10,0,85,0,0,0,0,0,4,11,8,4,27,0,0,0,0,0,0,0,5,9,7,0,0,0,3,4,13,26,10,3,64,0,0,0,0,7,9,17,21,8,60,0,0,0,0,0,0,4,3,4,13,0,0,0,0,3,9,6,9,7,31,0,7,10,4,15,17,12,6,0,66,0,0,0,0,0,0,0,6,0,6,4,0,5,8,11,20,18,9,8,77,65,41,33,50,55,64,73,24,7,404,11,13,11,10,27,16,20,12,0,123,97,57,66,81,111,144,187,95,31,858,0,0,4,0,16,42,49,26,8,143,7,7,10,14,12,19,12,11,0,89,0,0,0,0,0,11,11,11,0,35,0,0,0,0,0,0,0,0,3,0,0,0,0,0,4,22,19,10,3,60,0,0,0,0,0,6,18,14,0,43
LGA50630,0,0,5,5,4,14,22,11,0,60,21,6,11,7,12,3,5,3,4,64,3,0,0,0,5,10,5,5,0,28,0,0,0,0,0,0,0,0,0,4,0,0,0,0,4,14,11,10,0,41,0,0,0,0,0,5,16,8,0,38,0,0,0,0,0,0,4,0,0,3,0,0,0,0,0,6,3,3,0,15,0,7,11,13,15,5,8,5,0,58,0,0,0,0,0,0,7,3,0,9,12,3,0,6,4,15,7,6,0,46,159,38,56,67,78,69,41,12,0,521,14,9,16,7,17,20,7,7,0,100,208,57,91,102,130,136,109,43,11,885,0,0,0,3,10,28,30,17,4,96,7,10,12,12,14,11,13,7,0,80,0,0,0,0,0,5,0,4,0,19,0,0,0,0,0,0,0,0,0,0,0,0,4,0,7,6,10,10,0,34,0,0,0,0,3,3,7,3,3,20
LGA50770,0,0,0,3,6,22,26,18,0,81,8,4,5,9,13,10,3,5,0,53,0,0,0,0,5,7,12,18,0,38,0,0,0,0,0,0,0,7,0,7,0,0,0,0,6,12,15,19,4,57,0,0,0,0,3,15,20,15,0,58,0,0,0,0,0,0,0,5,0,12,0,0,0,0,0,5,12,3,0,18,0,9,7,4,13,13,7,4,3,64,0,0,0,0,0,4,5,6,0,11,4,0,0,5,7,17,16,6,0,55,134,44,37,61,75,74,45,14,7,496,39,7,11,9,21,21,13,9,5,132,182,67,57,90,129,155,125,83,17,917,0,0,5,11,7,28,37,37,8,129,8,4,6,11,4,5,12,6,0,58,0,0,0,0,0,4,9,4,0,29,0,0,0,0,0,0,0,3,0,7,0,0,3,0,0,4,7,9,0,38,0,0,0,0,4,3,10,11,3,29
LGA50840,0,0,3,9,17,55,80,49,20,237,19,16,18,23,12,31,17,9,0,147,0,0,0,0,8,22,39,31,12,114,0,0,0,0,0,0,0,4,4,10,5,0,0,0,14,32,47,35,5,139,0,0,0,0,9,25,57,43,12,150,3,0,0,0,4,3,7,4,0,21,0,0,0,3,4,15,25,18,5,62,14,17,20,26,26,37,34,16,3,194,0,0,0,0,0,0,11,10,3,34,20,17,9,29,17,42,54,26,9,208,352,135,124,155,214,220,191,64,5,1455,46,21,23,30,45,44,40,18,0,269,459,189,191,253,346,424,465,216,43,2587,0,0,9,17,37,88,164,71,26,407,24,26,14,28,40,36,54,20,6,246,0,0,6,7,15,19,39,22,3,115,0,0,0,0,0,0,3,4,8,26,0,0,0,7,12,17,37,18,4,104,0,0,0,0,0,13,44,27,13,94
LGA50910,0,0,0,5,3,17,29,11,8,70,6,0,3,3,0,4,6,3,3,26,0,0,0,0,0,0,8,8,3,24,0,0,0,0,0,0,0,3,0,10,0,0,0,0,5,4,9,9,0,32,0,0,0,0,0,3,15,8,3,33,0,0,0,0,0,0,0,0,4,10,0,0,0,0,0,0,3,3,3,8,0,0,3,6,10,10,9,6,4,37,0,0,0,0,0,0,5,0,3,12,0,3,0,3,3,5,6,0,0,30,55,22,17,27,40,34,25,10,3,232,14,8,0,7,8,11,10,0,0,63,83,33,30,50,73,75,76,40,19,474,0,0,5,3,12,6,11,27,9,82,12,6,11,0,3,10,7,3,3,53,0,0,0,0,0,3,4,8,3,22,0,0,0,0,0,0,0,6,12,21,0,0,0,0,0,8,12,9,7,25,0,0,0,0,3,0,0,7,8,21
LGA50980,0,0,9,25,43,78,68,18,4,244,75,26,45,45,59,39,27,9,3,326,0,0,0,6,18,44,33,16,5,133,0,0,0,0,0,4,7,11,4,28,3,7,9,25,55,72,49,19,5,243,9,3,8,19,27,58,50,24,8,205,7,0,4,10,11,13,16,6,4,73,5,0,0,3,12,28,26,8,8,84,12,29,47,56,65,53,26,4,5,293,0,0,0,3,7,9,8,10,0,36,57,23,32,53,68,75,44,10,0,354,1556,646,908,835,663,411,222,52,9,5306,342,176,214,202,257,174,75,31,11,1475,2054,905,1265,1231,1194,903,512,149,37,8255,0,7,7,32,62,112,82,36,3,353,41,58,86,112,94,70,46,8,0,509,0,0,3,19,29,43,29,20,0,139,0,0,0,0,0,0,9,8,5,25,0,5,18,33,68,69,55,19,3,285,12,14,14,10,22,36,31,13,0,151
LGA51080,0,0,0,4,6,18,16,3,0,47,3,0,9,0,4,12,3,0,0,37,0,0,0,4,0,6,3,4,0,23,0,0,0,0,0,0,0,0,0,4,0,0,0,0,7,10,5,4,0,31,0,0,0,0,3,6,8,5,0,20,4,0,0,0,0,4,0,0,0,6,0,0,0,0,0,0,3,0,0,8,0,3,6,4,11,5,4,3,0,39,0,0,0,0,0,4,0,0,0,4,0,3,0,5,12,8,0,0,0,30,81,41,36,38,32,46,25,9,0,300,17,5,7,4,12,10,5,4,0,66,108,48,54,58,69,95,59,31,4,526,0,0,0,3,10,15,14,12,7,55,0,7,3,3,10,11,9,4,0,37,0,0,0,0,0,0,8,6,0,17,0,0,0,0,0,0,0,0,0,5,0,0,0,0,5,10,8,0,0,30,0,0,0,0,0,7,0,5,0,11
LGA51120,0,0,0,0,0,16,16,6,0,47,11,3,4,6,4,7,5,3,0,48,0,0,0,0,0,3,7,7,0,18,0,0,0,0,0,0,0,0,0,4,0,0,0,0,3,7,12,5,0,36,0,0,0,0,0,8,11,0,3,24,0,0,0,0,0,0,0,0,0,3,0,0,0,0,0,4,5,0,0,13,4,6,4,0,4,3,9,0,0,29,0,0,0,0,0,0,0,0,0,0,4,0,3,0,8,4,4,0,0,27,64,28,24,35,27,20,27,6,5,238,13,11,12,11,13,17,20,8,0,103,87,51,48,58,59,70,90,27,8,503,0,0,0,0,8,12,22,17,3,64,11,6,0,7,11,8,6,4,0,51,0,0,0,0,3,3,3,0,0,18,0,0,0,0,0,0,5,0,0,5,0,0,0,0,3,7,6,0,0,21,0,0,0,0,4,0,5,7,0,14
LGA51190,5,17,37,73,131,272,385,269,92,1275,257,144,186,135,149,122,107,66,20,1186,5,0,4,20,28,116,174,125,46,523,0,0,0,4,0,3,23,73,49,153,4,18,30,38,128,234,314,181,53,1000,5,5,11,24,55,142,259,216,119,842,6,0,10,4,15,22,43,43,24,165,11,0,7,3,30,57,102,99,29,338,69,170,261,218,225,228,168,69,38,1447,0,0,0,0,17,27,54,53,29,178,145,78,92,90,142,229,191,117,60,1150,2106,1177,1267,1215,1153,967,643,260,66,8848,282,223,402,359,313,217,158,76,32,2061,2820,1757,2146,2045,2097,2138,1847,997,344,16194,0,22,55,117,295,528,668,464,278,2428,160,185,231,245,225,243,194,106,39,1627,0,0,9,29,70,131,182,121,55,600,0,0,3,0,0,12,33,74,132,254,5,14,35,56,115,174,251,161,87,899,5,0,8,13,46,83,164,168,144,636
LGA51260,4,12,18,63,147,324,498,365,128,1561,283,151,121,198,159,159,154,83,35,1332,6,0,5,20,48,126,248,189,61,707,0,0,0,0,0,11,27,57,46,142,11,0,18,40,90,184,326,220,60,939,5,0,3,11,63,147,357,340,124,1064,7,3,3,9,19,24,40,58,24,184,3,0,7,5,14,56,132,121,36,383,94,141,174,214,268,228,180,96,23,1415,0,0,0,0,16,32,79,60,26,215,168,106,71,120,178,206,253,150,45,1295,3058,1410,1256,1579,1641,1289,1064,406,67,11783,312,155,228,275,275,220,181,121,38,1802,3874,1926,1851,2408,2649,2518,2673,1447,404,19752,3,9,31,111,253,516,818,572,299,2617,193,138,171,260,256,256,286,151,74,1791,0,0,11,46,86,162,249,162,57,769,0,0,0,0,0,8,22,69,103,202,7,4,19,34,76,142,235,147,81,739,6,6,5,11,27,75,190,179,135,622
LGA51310,3,3,21,23,73,122,163,157,84,660,148,141,102,121,158,99,73,48,21,899,3,4,8,18,30,78,126,122,81,460,0,0,0,0,0,0,13,50,45,112,5,3,8,26,45,57,104,84,37,366,0,3,3,8,43,96,191,191,121,666,0,5,0,3,13,10,17,30,22,104,5,3,0,4,3,24,41,50,27,157,49,132,124,126,114,77,72,38,18,752,0,0,6,5,13,9,27,48,30,128,119,95,41,81,139,146,135,120,67,945,2498,1375,1011,1304,1514,1105,564,218,64,9655,114,82,99,99,124,103,76,34,22,743,2915,1799,1371,1749,2138,1746,1264,749,345,14066,3,8,16,34,104,202,320,292,234,1217,104,95,129,137,167,144,100,71,41,997,0,6,10,26,81,112,116,99,67,501,0,0,0,0,0,3,14,57,143,224,10,6,14,14,29,42,67,74,51,303,0,3,4,6,18,40,69,100,121,360
LGA51330,7,22,37,118,222,423,601,411,146,1990,378,414,352,323,303,260,228,109,34,2385,4,12,29,44,84,193,364,253,89,1066,0,0,5,0,0,12,32,88,92,225,15,28,51,207,381,562,669,440,104,2459,18,10,20,67,151,388,596,485,166,1904,3,5,10,26,42,61,92,97,40,383,10,9,11,19,29,112,139,151,43,524,127,358,427,431,359,307,204,92,49,2347,5,5,6,15,28,50,116,91,49,349,333,304,235,327,428,456,442,247,109,2887,7710,5704,6197,5134,3903,2622,1475,521,126,33391,486,474,618,480,409,329,170,119,59,3142,8994,7172,7804,6867,5879,4867,3817,1987,631,48021,9,23,55,167,397,790,1120,873,415,3856,255,391,408,446,377,406,371,210,59,2925,8,12,28,80,163,281,357,230,91,1247,0,0,0,0,0,8,37,127,144,319,8,34,52,165,306,412,532,364,136,2004,3,17,16,21,60,159,306,335,194,1108
LGA51400,3,10,8,41,91,151,191,96,13,596,193,83,72,79,99,66,63,20,0,673,0,0,3,12,22,52,82,44,3,216,0,0,0,0,0,5,9,16,9,34,11,6,5,24,83,104,142,59,10,446,3,7,7,7,42,101,131,80,13,391,0,0,5,5,5,11,22,15,4,66,0,0,4,8,4,35,64,27,4,154,59,82,82,85,113,83,72,18,3,594,0,0,7,0,4,13,30,12,4,70,110,57,42,57,86,109,82,35,6,586,1578,826,566,777,776,572,291,89,12,5484,137,109,62,105,145,112,70,27,12,779,2048,1146,821,1117,1318,1165,861,353,56,8882,3,7,21,65,160,262,262,141,34,961,119,105,110,161,141,129,104,25,0,904,3,3,3,18,43,70,78,36,0,254,0,0,0,0,0,3,12,7,9,33,3,11,8,32,54,91,114,46,6,366,0,3,0,5,14,34,61,47,14,180
LGA51470,0,0,0,0,5,4,11,10,0,29,0,0,0,0,6,0,4,3,0,18,0,0,0,0,0,6,5,3,0,10,0,0,0,0,0,0,0,0,0,0,0,0,0,3,0,11,4,0,3,24,0,0,0,0,0,6,7,6,0,25,0,0,0,0,0,0,0,0,0,4,0,0,0,0,0,3,7,3,0,16,0,4,0,4,3,6,4,0,0,23,0,0,0,0,0,0,3,0,0,7,0,0,0,0,0,6,0,0,0,8,28,12,23,25,17,22,14,3,0,151,3,8,0,11,10,0,10,0,0,44,36,21,22,50,41,36,57,18,3,287,0,0,0,4,3,9,10,5,0,30,0,3,0,0,0,5,3,0,0,12,0,0,0,6,0,5,4,0,0,8,0,0,0,0,0,0,0,0,0,0,0,0,0,0,3,3,4,3,0,14,0,0,0,0,0,4,5,4,3,12
LGA51540,0,0,4,7,16,44,48,20,5,149,22,15,15,10,19,25,13,0,0,119,0,0,4,3,6,23,24,8,0,59,0,0,0,0,0,0,0,5,0,6,0,0,4,7,24,34,37,27,5,146,3,0,3,0,21,34,44,21,10,138,0,0,0,0,6,4,3,11,4,29,0,0,0,0,3,18,16,8,0,49,4,5,12,12,20,23,18,4,0,96,0,0,0,0,3,4,6,5,0,20,14,8,9,16,16,28,36,15,4,131,353,174,228,182,226,178,127,33,7,1515,125,83,91,70,83,59,47,22,8,590,518,287,353,298,404,391,323,130,29,2732,0,0,6,10,31,40,61,37,9,199,19,14,18,32,30,42,29,9,0,195,0,0,0,6,6,15,8,9,0,51,0,0,0,0,0,4,6,3,8,17,0,7,0,9,27,41,24,11,3,121,0,0,4,4,7,22,14,9,5,71
LGA51610,0,0,0,6,6,15,14,8,0,46,12,5,5,8,6,7,6,4,0,50,0,0,0,0,0,5,5,0,0,25,0,0,0,0,0,0,0,0,0,3,0,0,0,3,8,11,13,8,0,38,0,0,0,0,5,3,10,7,0,28,0,0,0,0,0,4,0,0,0,10,0,0,0,0,0,8,3,7,0,15,0,4,11,6,12,13,5,0,0,49,0,0,0,0,0,4,0,3,0,12,9,0,3,3,9,10,11,4,0,48,124,46,39,58,78,62,29,13,0,455,28,9,8,17,26,20,12,4,0,131,174,71,61,91,139,134,83,37,8,806,0,0,4,0,10,25,23,4,0,71,3,13,11,7,6,12,8,0,0,55,0,0,0,0,4,9,5,3,0,21,0,0,0,0,0,0,0,0,0,0,0,0,0,0,4,9,10,6,0,22,0,0,0,0,0,7,8,0,0,17
LGA51680,0,0,0,12,23,54,53,47,3,196,28,26,18,24,31,14,19,12,3,182,0,0,0,4,10,29,30,24,4,99,0,0,0,0,0,0,0,8,0,11,0,0,3,7,29,42,46,30,4,173,0,3,0,3,21,29,46,36,11,149,0,0,0,3,0,3,3,12,0,28,0,0,0,0,9,16,24,13,3,64,19,19,22,30,36,31,22,11,0,199,0,0,0,0,0,4,10,13,0,37,27,28,13,14,39,40,31,24,0,213,449,248,174,229,267,254,124,39,9,1803,45,38,27,23,65,63,35,16,5,312,565,356,248,328,466,503,334,164,33,3005,0,0,3,12,49,94,92,51,14,316,34,21,25,39,58,48,25,13,7,270,3,0,0,5,25,39,30,7,0,106,0,0,0,0,0,0,6,8,10,21,0,0,0,6,14,38,24,16,5,109,0,0,0,0,4,16,24,25,9,78
LGA51710,0,0,0,0,5,6,7,5,0,25,11,4,11,6,5,7,3,0,0,42,0,0,0,0,3,0,0,0,0,9,0,0,0,0,0,0,0,0,0,0,0,0,4,0,3,9,20,3,0,39,0,0,0,0,5,6,10,3,0,23,0,0,0,0,0,0,0,0,0,7,0,0,0,0,0,8,0,0,0,4,0,3,6,4,3,4,0,0,0,17,0,0,0,0,0,0,0,0,0,4,3,0,0,0,7,4,10,4,0,36,121,36,69,60,75,68,61,3,4,498,17,33,136,72,56,16,27,0,0,351,152,71,221,146,152,111,128,16,4,1006,0,0,0,0,0,5,7,0,0,13,10,4,3,8,9,4,3,0,0,40,0,0,0,3,3,0,0,0,0,11,0,0,0,0,0,0,0,0,0,0,0,0,0,5,8,5,3,3,0,26,4,0,0,0,0,0,0,0,0,10
LGA51750,0,5,7,4,24,35,72,97,49,300,44,64,41,35,38,35,33,21,15,348,0,0,0,4,15,23,57,73,27,202,0,0,0,0,0,0,5,18,23,44,0,9,0,8,20,22,44,60,27,187,0,0,0,3,11,41,89,102,60,311,0,0,0,0,0,4,3,17,7,39,0,0,0,4,0,12,15,19,17,68,17,39,46,40,67,43,28,25,11,318,0,0,0,0,0,0,12,18,14,51,27,24,19,24,42,52,43,47,28,311,811,638,443,390,446,339,234,135,32,3470,42,56,62,44,56,43,38,31,22,409,940,823,616,539,693,581,542,461,189,5379,0,5,3,16,40,97,141,173,131,611,29,56,50,43,51,58,48,37,16,393,0,0,0,14,22,47,49,73,35,246,0,0,0,0,0,0,3,21,68,94,0,0,0,3,10,27,25,24,24,124,0,0,0,0,8,17,33,68,83,203
LGA51820,7,35,119,208,414,635,797,536,176,2917,744,533,667,645,447,320,240,118,39,3747,7,12,42,67,115,283,455,277,83,1348,0,0,0,5,11,13,52,115,92,288,18,27,70,175,395,629,778,455,115,2662,15,13,31,57,227,491,676,505,201,2209,5,13,22,33,51,77,100,111,47,460,16,10,10,29,63,135,198,170,53,682,207,551,720,679,636,462,297,123,56,3728,3,0,4,17,43,68,123,124,46,434,566,353,375,468,605,550,492,256,103,3770,9655,5139,6250,6519,4938,3286,1721,581,133,38217,748,529,722,754,664,456,287,170,70,4409,11798,7013,8664,9189,7856,6237,4491,2247,697,58179,17,50,145,328,644,1145,1431,977,476,5205,504,551,833,832,722,606,458,239,102,4852,3,8,51,109,203,361,399,217,95,1445,0,0,0,0,3,22,35,139,167,366,7,55,78,165,283,480,574,384,182,2212,17,15,16,40,87,237,381,376,258,1427
LGA51860,0,0,0,0,0,5,0,0,0,6,0,0,0,0,0,0,0,0,3,12,0,0,0,0,0,0,0,0,0,6,0,0,0,0,0,0,0,0,0,0,0,0,0,0,0,6,0,0,0,11,0,0,0,0,0,3,0,0,0,9,0,0,0,0,0,0,0,0,0,4,0,0,0,0,0,0,0,0,0,0,0,0,0,0,0,0,0,0,0,5,0,0,0,0,0,0,0,0,0,3,0,0,0,0,0,5,0,3,0,10,55,19,16,32,13,33,18,12,4,204,9,3,6,5,6,11,5,9,0,59,70,18,32,45,27,53,30,18,3,302,0,0,0,0,0,0,5,0,0,9,0,3,0,0,0,3,0,0,0,17,0,0,0,0,0,0,0,0,0,4,0,0,0,0,0,0,0,0,0,0,0,0,0,0,0,4,0,0,0,11,0,0,0,0,0,0,0,0,0,0
LGA51890,0,0,4,10,41,107,138,84,16,415,66,51,30,50,47,41,39,13,6,348,0,0,0,0,13,31,65,39,10,158,0,0,0,0,0,3,9,11,5,28,0,4,5,19,31,74,133,50,10,331,0,0,3,5,18,60,92,63,14,255,0,0,0,0,4,5,16,9,0,40,4,0,0,0,5,30,64,20,3,136,18,32,42,46,54,60,51,20,6,335,0,0,0,0,6,11,25,17,7,62,49,35,23,18,32,56,65,30,18,330,592,343,292,298,279,305,215,74,15,2409,122,62,58,58,78,68,56,24,10,521,836,507,440,489,523,652,656,285,77,4468,4,6,12,30,91,149,202,117,48,656,53,42,58,74,68,57,69,27,10,462,5,0,0,5,9,46,56,17,8,157,0,0,0,0,0,0,5,16,13,34,0,3,14,17,39,55,79,43,12,253,0,3,0,5,17,25,51,24,11,135
LGA51960,0,0,4,8,10,30,42,3,0,102,21,10,19,17,24,7,11,0,0,119,0,0,0,0,0,6,14,11,3,39,0,0,0,0,0,0,0,4,0,4,0,0,0,6,22,34,32,10,0,102,0,0,0,3,10,27,24,11,0,74,0,0,0,0,0,0,7,0,0,14,0,0,0,0,10,12,24,7,3,44,5,15,21,20,27,10,12,0,0,108,0,0,0,0,0,3,0,0,0,9,13,4,8,11,14,17,17,3,0,83,237,118,148,107,142,128,51,12,0,937,84,50,78,81,82,67,30,8,5,480,357,187,266,235,308,300,176,49,8,1881,0,4,4,8,29,39,40,10,4,131,12,20,20,21,20,23,17,3,0,142,0,0,0,0,3,9,5,4,0,21,0,0,0,0,0,0,0,0,0,5,3,4,0,10,12,22,13,9,0,81,0,0,0,0,0,7,9,4,0,29
LGA52030,0,0,0,0,0,19,22,12,5,59,5,8,5,3,4,10,7,5,0,50,0,0,0,0,0,5,14,9,0,27,0,0,0,0,0,0,3,0,0,0,0,0,4,0,3,11,19,12,0,46,0,0,0,0,0,15,17,8,0,40,0,0,0,0,0,0,0,0,0,6,0,0,0,0,0,5,8,0,5,17,0,3,0,0,0,9,10,5,0,33,0,0,0,0,0,3,0,4,0,10,4,0,0,0,0,10,8,0,0,23,60,17,25,32,35,53,42,16,3,289,3,5,18,0,14,24,15,9,3,99,72,30,53,44,60,133,118,55,13,577,0,0,0,0,5,9,25,18,4,67,9,0,5,3,6,6,9,0,0,35,0,0,0,0,3,0,8,9,0,17,0,0,0,0,0,0,0,0,0,0,0,0,0,0,0,8,4,0,3,22,0,0,0,0,0,5,0,0,5,16
LGA52100,0,0,0,0,3,17,24,13,8,61,11,6,3,6,3,7,7,3,0,51,0,0,0,0,5,0,10,9,3,20,0,0,0,0,0,0,0,0,0,0,0,0,0,3,3,5,14,4,0,31,0,0,0,0,0,9,9,7,3,28,0,0,0,0,0,4,0,0,0,9,0,0,0,0,0,4,6,4,3,17,4,0,7,7,0,9,6,0,0,37,0,0,0,0,0,0,0,0,0,0,9,0,0,6,3,7,6,0,0,35,54,39,36,36,32,30,27,9,5,265,5,5,0,3,8,12,3,0,0,37,79,56,50,61,55,70,84,33,19,503,0,0,0,6,9,17,28,18,10,86,15,0,0,9,11,9,14,4,4,61,0,0,0,0,3,5,9,3,0,25,0,0,0,0,0,0,0,0,4,6,0,0,0,0,5,4,10,0,11,31,0,0,0,0,0,0,3,6,8,23
LGA52170,0,0,4,7,13,48,49,67,23,211,27,31,22,30,27,38,29,20,6,229,0,0,0,0,14,18,49,44,13,137,0,0,0,0,0,0,4,10,5,23,0,4,0,4,9,17,24,33,3,97,0,0,0,0,7,46,69,64,29,208,0,3,0,0,0,7,4,8,6,21,0,0,0,0,0,7,10,15,6,31,5,38,31,23,34,22,16,17,0,185,0,0,0,0,5,3,8,7,5,25,19,10,17,9,21,43,40,26,10,186,589,391,323,306,377,334,236,91,20,2656,19,38,42,42,29,45,24,23,19,292,660,514,438,411,509,559,472,292,91,3943,5,3,7,5,14,53,111,84,40,330,18,29,35,21,37,38,44,13,5,240,0,0,3,7,19,38,42,34,7,146,0,0,0,0,0,0,8,6,10,25,3,0,0,5,7,8,19,18,4,56,0,0,0,0,0,14,26,34,23,96
LGA52240,0,3,7,0,8,13,14,14,3,54,14,5,3,8,8,10,4,0,0,53,0,0,0,0,0,5,0,6,0,18,0,0,0,0,0,0,0,0,0,0,0,0,0,4,4,9,13,6,0,36,0,0,0,0,0,7,9,7,4,30,0,0,0,0,0,0,0,0,0,0,0,0,0,0,0,5,3,0,0,8,0,6,5,0,12,6,5,0,0,30,0,0,0,0,0,6,0,0,0,8,3,4,0,3,10,11,4,5,0,46,73,28,34,39,42,41,40,9,0,311,12,8,6,4,8,11,5,7,0,70,107,45,44,59,82,99,77,43,4,572,0,0,5,7,6,10,10,10,0,53,6,3,4,4,12,13,3,5,0,47,0,0,0,0,3,0,4,5,0,17,0,0,0,0,0,0,0,0,0,0,0,0,0,5,7,3,3,9,0,24,0,0,0,0,0,0,3,6,0,12
LGA52310,0,0,0,3,3,12,15,13,4,49,7,3,0,4,3,9,9,4,0,36,0,0,0,0,3,6,3,4,0,18,0,0,0,0,0,0,0,0,0,0,0,0,0,4,0,6,23,4,0,44,0,0,0,0,3,3,18,6,3,43,0,0,0,0,0,6,0,0,0,4,0,0,0,0,0,0,9,0,0,13,0,3,3,7,6,8,6,0,0,36,0,0,0,0,0,0,3,0,0,9,0,0,0,3,3,6,15,3,0,35,52,19,28,20,45,40,35,10,3,251,12,7,0,8,7,12,6,6,0,52,76,34,35,43,72,83,85,39,10,470,0,0,0,5,10,16,18,10,0,59,0,4,3,3,10,4,4,0,0,29,0,0,0,0,0,8,10,0,0,24,0,0,0,0,0,0,0,0,0,4,0,0,0,0,3,12,7,0,0,26,0,0,0,0,0,0,9,3,0,13
LGA52380,0,0,0,0,0,4,4,3,0,12,0,0,0,0,0,0,3,0,0,12,0,0,0,0,0,0,3,0,0,3,0,0,0,0,0,0,0,0,0,0,0,0,0,0,0,0,5,3,0,8,0,0,0,0,0,3,3,3,0,10,0,0,0,0,0,0,0,0,0,0,0,0,0,0,0,0,3,0,0,4,0,0,3,0,0,0,6,0,0,8,0,0,0,0,0,0,0,0,0,0,0,0,0,0,0,0,6,0,0,10,0,12,21,8,14,12,10,3,0,79,0,0,3,0,6,0,3,0,0,21,0,12,33,10,25,18,36,12,0,147,0,0,0,0,0,0,10,0,0,17,0,0,0,0,0,0,0,0,0,7,0,0,0,0,0,0,0,0,0,0,0,0,0,0,0,0,0,0,0,0,0,0,0,0,5,0,0,0,0,6,0,0,0,0,0,0,0,0,0,0
LGA52450,0,0,0,0,3,19,19,8,4,54,11,17,5,14,6,6,6,4,0,66,0,0,0,0,0,4,4,0,5,18,0,0,0,0,0,0,0,0,0,0,0,0,0,3,7,7,9,9,3,41,0,0,0,0,0,8,6,12,8,34,0,0,0,0,0,0,3,0,0,10,0,0,0,0,0,8,6,7,0,23,0,6,4,9,6,12,9,0,0,40,0,0,0,0,0,0,0,0,0,7,12,6,3,0,8,3,9,0,0,42,96,75,69,39,40,44,29,6,4,406,9,4,7,7,13,10,4,0,0,62,132,106,83,70,75,91,76,36,14,680,0,0,0,4,5,15,22,14,0,61,10,16,0,3,10,5,9,5,0,61,0,0,0,0,0,4,7,4,0,16,0,0,0,0,0,0,0,0,0,0,0,0,0,0,4,7,6,3,0,23,0,0,0,0,4,5,7,0,0,19
LGA52520,0,0,0,0,4,13,9,4,5,31,11,10,14,4,4,5,4,4,0,46,0,0,0,0,4,0,7,3,0,14,0,0,0,0,0,0,0,0,0,0,0,0,3,0,5,8,14,3,4,35,0,0,0,0,3,3,3,5,0,17,0,0,0,0,0,0,4,0,3,3,0,0,0,0,0,5,5,0,0,14,0,0,5,6,5,4,6,0,0,32,0,0,0,0,0,0,0,0,0,5,3,0,3,0,9,5,10,0,0,35,107,45,53,72,45,57,19,7,0,410,25,12,14,26,18,23,16,0,0,135,137,68,91,115,86,115,72,25,7,720,0,0,0,0,4,10,6,5,10,42,9,11,7,10,5,6,0,0,0,49,0,0,0,0,4,7,0,5,0,21,0,0,0,0,0,0,0,0,0,0,0,0,0,0,3,8,0,4,0,25,0,0,0,0,0,4,0,3,0,17
LGA52590,0,0,0,0,11,38,74,43,6,172,10,12,15,23,16,22,19,5,0,113,0,0,0,0,3,9,30,21,5,71,0,0,0,0,0,0,0,4,0,7,0,0,0,6,11,22,48,21,0,114,0,0,0,0,4,26,56,26,3,122,0,0,0,0,0,8,9,7,0,19,0,0,0,0,0,9,16,11,0,47,9,11,15,17,20,17,18,4,0,105,0,0,0,0,0,3,3,3,4,17,15,7,9,7,13,17,24,12,0,92,223,75,119,114,139,143,115,37,9,982,21,22,37,38,37,41,38,13,4,247,276,122,182,186,234,287,335,141,25,1790,0,0,5,3,16,59,81,40,14,220,6,9,14,9,19,22,23,0,0,115,0,0,0,4,0,11,26,12,7,65,0,0,0,0,0,0,3,0,0,10,0,0,0,0,9,13,32,14,3,62,0,0,0,0,0,5,15,13,3,42
LGA52660,0,6,19,36,51,132,166,119,41,567,158,73,82,89,59,53,50,35,10,608,3,0,3,10,16,47,70,53,18,221,0,0,0,0,0,8,3,13,19,37,0,4,14,24,57,95,130,70,18,413,0,0,0,12,24,62,113,93,42,349,0,0,0,3,9,7,18,14,10,65,0,0,3,3,7,27,39,37,12,136,43,82,76,91,81,90,55,28,9,548,0,0,0,0,3,21,21,21,8,77,82,50,52,52,59,78,76,34,12,503,1169,535,626,614,517,413,251,97,27,4246,116,69,84,93,101,99,66,34,33,704,1554,792,914,956,892,883,753,394,154,7281,5,11,22,55,122,202,259,195,74,945,79,79,85,102,87,83,86,50,21,666,0,0,5,9,44,50,57,41,26,232,0,0,0,0,4,3,6,25,23,57,0,3,13,23,49,77,79,60,23,330,4,0,0,8,5,25,50,69,34,196
LGA52730,0,0,0,13,38,58,99,72,17,300,26,20,12,18,28,41,28,19,0,198,0,0,0,0,0,19,52,51,7,133,0,0,0,0,0,0,0,13,0,11,0,0,3,0,15,40,48,43,14,165,0,0,0,0,10,31,68,62,13,182,0,0,0,0,6,3,4,7,4,24,0,0,0,4,0,16,24,26,0,72,15,17,10,25,46,50,43,17,3,229,0,0,0,0,0,3,3,10,4,20,27,14,0,21,27,46,43,31,9,221,419,192,117,212,218,262,207,60,18,1700,76,40,32,32,54,63,57,28,11,390,556,272,169,308,390,520,512,277,67,3084,0,0,4,13,47,101,143,99,33,444,32,25,23,35,53,51,52,21,4,295,0,0,0,3,16,29,40,29,0,119,0,0,0,0,0,0,5,9,11,28,0,0,0,6,8,22,49,23,7,114,0,0,0,3,3,12,22,22,11,70
LGA52800,0,0,0,8,11,26,42,6,5,97,14,12,10,11,14,15,16,0,0,90,0,0,0,0,4,18,17,8,0,42,0,0,0,0,0,0,0,8,3,17,0,3,11,16,35,54,42,10,0,177,3,3,0,12,8,26,28,8,5,90,0,0,3,3,8,6,6,3,3,37,0,0,0,4,5,5,11,0,0,30,4,12,16,20,12,18,6,3,0,82,0,0,0,0,3,6,6,0,0,18,25,15,19,17,19,24,18,5,4,139,594,351,419,288,242,166,82,23,0,2166,188,104,155,115,100,89,51,10,0,824,829,498,624,480,429,405,234,61,10,3568,0,0,0,7,21,38,30,14,6,122,10,17,34,23,41,31,18,5,0,177,0,0,0,0,6,13,7,7,0,33,0,0,0,0,0,3,3,6,6,20,0,3,8,35,51,63,43,12,3,223,0,3,3,7,22,20,12,7,0,85
LGA52870,0,0,6,11,22,62,103,52,15,272,32,16,15,14,25,34,33,15,5,191,3,0,0,0,9,14,31,25,9,93,0,0,0,0,0,0,4,9,3,19,0,4,0,11,21,29,57,35,11,169,6,0,0,3,15,27,67,50,17,183,0,0,0,0,3,0,8,10,0,25,0,0,0,0,0,9,30,16,3,69,11,33,30,33,28,44,36,10,8,233,0,0,0,5,7,4,6,14,9,45,21,20,3,18,18,36,51,28,10,214,415,203,155,212,259,249,194,56,4,1750,39,25,26,39,42,36,45,21,3,277,522,296,233,322,410,472,511,224,47,3039,0,5,0,19,47,119,123,88,37,435,16,22,12,37,40,46,47,28,7,253,0,0,0,0,10,25,41,32,4,116,0,0,0,0,0,0,11,9,9,30,0,5,3,5,13,32,42,27,15,138,0,0,0,3,9,19,23,33,17,109
LGA52940,0,0,0,0,4,0,18,8,5,39,7,4,3,3,9,4,0,4,0,35,0,0,0,0,4,0,10,3,0,13,0,0,0,0,0,0,0,0,0,0,0,3,0,0,3,10,20,10,0,38,0,0,0,0,0,8,6,4,0,19,0,0,0,0,0,0,0,3,0,3,0,0,0,0,0,0,0,3,0,5,0,3,4,4,5,3,0,0,0,21,0,0,0,0,0,0,5,0,0,4,3,4,6,0,0,6,3,0,0,26,61,26,16,25,25,17,17,0,0,195,10,5,5,3,12,5,5,4,0,46,83,37,23,40,53,47,64,23,3,374,0,0,0,0,5,10,24,12,5,57,3,7,3,0,3,9,8,0,0,35,0,0,0,0,0,3,7,7,5,17,0,0,0,0,0,0,0,0,0,0,0,0,0,0,4,6,5,7,0,26,0,0,0,0,0,0,5,3,0,12
LGA53010,0,0,0,3,0,10,10,6,0,26,0,0,0,10,0,5,8,0,0,23,0,0,0,0,0,0,0,5,0,7,0,0,0,0,0,0,0,0,0,0,0,0,0,0,5,7,8,3,0,14,0,0,0,0,0,3,7,5,0,20,0,0,0,4,0,0,0,0,0,6,0,0,0,0,0,0,6,0,0,5,0,0,0,4,9,4,3,0,0,26,0,0,0,0,0,0,3,0,0,6,0,0,0,0,0,6,0,8,0,21,48,14,30,28,20,21,19,4,0,188,7,7,5,13,11,11,9,7,0,70,64,23,37,48,44,56,52,25,0,353,0,0,0,0,8,6,15,6,0,39,3,5,5,7,4,7,8,0,0,34,0,0,0,0,0,6,3,3,0,13,0,0,0,0,0,0,0,0,0,5,0,0,3,0,4,4,9,5,0,22,0,0,0,0,0,5,7,0,0,14
LGA53080,0,0,0,0,4,8,11,4,0,35,4,0,5,0,0,15,4,5,0,28,0,0,0,0,0,4,3,3,0,8,0,0,0,0,0,0,0,0,0,0,0,0,0,0,4,5,12,0,0,30,0,0,0,0,0,11,7,7,0,27,0,0,0,0,0,0,0,0,0,0,0,0,0,0,0,3,10,6,0,15,0,0,9,0,3,8,8,0,0,29,0,0,0,0,0,0,0,0,0,7,3,0,4,4,5,4,12,0,0,25,28,21,22,16,21,28,12,7,0,154,12,8,18,0,24,14,11,4,0,92,53,36,54,21,55,67,53,25,5,372,0,0,0,0,4,12,16,3,0,37,4,4,4,3,3,4,5,0,0,29,0,0,0,3,0,4,0,3,0,13,0,0,0,0,0,0,0,0,0,0,0,6,0,0,4,11,6,4,0,27,0,0,0,0,0,7,5,3,0,13
LGA53150,0,5,9,8,17,51,71,36,18,211,42,35,18,29,37,38,28,8,4,241,0,0,0,9,6,24,49,27,9,126,0,0,0,0,0,0,6,12,15,33,0,6,5,0,16,19,41,33,4,123,0,0,0,5,10,48,68,35,29,196,0,0,4,8,4,3,9,3,3,32,0,0,0,0,3,9,13,15,5,52,5,33,42,39,47,27,32,10,7,247,0,0,0,0,0,6,10,8,5,31,26,18,22,15,37,53,50,26,18,259,553,325,240,287,383,282,167,62,13,2311,45,31,32,38,46,37,28,30,18,302,672,443,347,408,576,506,438,216,103,3721,0,3,8,6,28,88,96,79,40,353,32,36,26,43,42,38,31,23,0,272,3,0,5,8,23,30,44,20,9,141,0,0,0,0,0,0,4,14,21,37,0,8,3,4,3,11,18,24,10,73,0,0,0,0,5,7,20,24,15,80
LGA53220,0,0,8,18,31,28,22,0,0,113,37,15,59,53,44,32,15,0,0,251,0,0,5,0,9,10,9,0,0,35,0,0,0,0,0,3,0,0,0,3,0,0,12,37,43,62,24,0,0,180,3,6,10,8,18,44,15,0,0,100,0,0,5,0,3,4,0,0,0,18,0,0,0,0,4,12,5,0,0,30,7,15,48,41,34,17,3,0,0,174,0,0,0,4,0,6,0,0,0,13,11,7,18,33,41,33,8,0,0,150,660,394,835,753,532,319,54,14,0,3559,100,141,505,474,367,253,38,4,0,1871,820,577,1482,1381,1069,747,164,22,3,6256,0,0,7,19,17,21,12,6,0,84,25,22,57,54,30,16,10,3,0,217,0,4,0,3,12,11,5,0,0,30,0,0,0,0,0,0,0,4,0,3,0,6,7,27,24,36,14,3,0,118,3,4,0,8,14,14,9,0,0,47
LGA53290,0,4,11,18,50,105,140,99,33,461,93,74,55,77,72,74,47,24,3,522,0,0,3,3,11,45,64,58,21,213,0,0,0,0,0,3,3,18,10,34,3,10,8,18,57,86,105,68,19,369,0,4,0,7,25,69,104,100,34,338,0,0,12,0,7,11,13,18,9,64,0,3,0,0,10,27,38,34,9,118,31,55,57,66,67,83,45,20,9,416,0,0,0,0,0,8,29,18,5,67,51,20,27,23,57,68,58,37,21,365,1031,533,505,530,561,486,283,105,19,4049,194,117,107,96,144,123,84,71,13,954,1382,798,754,791,965,981,752,446,112,6990,0,0,10,30,82,153,184,160,65,685,76,56,94,82,96,87,68,50,20,624,0,5,0,13,29,48,51,45,11,199,0,0,0,0,0,6,0,18,32,59,0,5,15,17,41,51,67,62,21,285,3,0,0,5,18,35,56,64,35,221
LGA53360,0,0,6,4,12,28,27,18,0,99,12,11,12,19,8,6,4,3,0,73,0,0,0,0,5,16,12,6,0,44,0,0,0,0,0,0,0,4,0,3,0,0,5,7,11,15,17,8,5,60,0,0,0,0,8,21,21,12,0,51,0,0,0,0,0,5,3,0,0,7,0,0,0,0,0,6,8,3,0,23,0,9,8,7,19,18,8,0,0,65,0,0,0,0,0,4,3,6,0,9,16,3,6,10,10,21,10,0,0,82,237,123,191,184,148,107,49,16,0,1047,34,19,25,32,36,27,19,6,0,204,300,166,241,254,235,214,133,59,8,1613,0,0,3,3,11,30,27,19,0,94,10,3,20,9,9,9,7,3,0,75,0,0,0,0,4,5,3,5,0,27,0,0,0,0,0,0,3,5,3,7,0,0,0,3,0,7,10,7,3,30,0,0,0,0,0,6,8,5,0,20
LGA53430,0,6,22,65,96,210,282,219,82,978,140,128,158,185,129,126,87,49,21,1022,3,0,8,17,43,108,171,120,57,530,0,0,0,0,0,0,19,39,61,128,4,12,11,31,62,111,198,122,49,597,4,0,9,12,44,150,242,198,95,760,0,0,5,17,12,18,25,36,24,140,5,0,3,15,18,53,90,63,35,273,46,154,190,249,239,208,146,54,32,1310,0,0,0,4,12,33,40,46,27,161,100,88,99,120,157,213,179,108,79,1141,1872,1032,1481,1489,1274,1167,676,259,63,9311,204,151,268,221,255,188,126,70,33,1526,2339,1513,2166,2260,2121,2177,1702,902,335,15510,3,11,44,79,163,353,478,365,192,1686,81,140,188,182,175,185,190,92,41,1278,5,5,14,36,77,122,162,115,30,559,0,0,0,0,0,8,9,61,102,175,5,4,18,30,44,90,138,118,57,501,0,7,8,3,19,50,122,124,108,457
LGA53570,3,4,5,3,22,61,110,50,19,267,28,19,17,22,22,30,27,16,4,167,0,4,0,0,0,20,51,25,4,108,0,0,0,0,0,4,0,6,3,14,0,0,5,6,15,40,60,44,6,183,0,0,0,3,16,48,82,61,16,220,0,0,0,0,0,0,13,6,0,24,0,0,0,0,9,5,38,31,3,90,5,8,16,17,25,39,42,11,4,164,0,0,0,0,0,5,21,8,0,37,6,9,0,14,24,39,46,24,4,166,319,195,188,188,267,219,184,69,13,1638,43,23,41,43,58,55,49,29,6,344,402,255,271,291,417,471,510,269,42,2914,0,0,0,10,32,85,115,68,14,333,16,16,24,28,33,47,39,16,5,230,0,0,0,8,13,15,33,21,3,94,0,0,0,0,0,0,3,4,7,12,0,3,0,4,8,18,23,21,3,91,0,0,0,3,3,14,34,36,8,105
LGA53640,0,0,0,4,0,21,14,6,0,48,5,0,12,6,5,7,3,0,0,32,0,0,0,0,0,8,12,0,0,19,0,0,0,0,0,0,0,0,0,0,0,0,0,0,0,12,22,0,0,36,0,0,0,0,0,12,9,3,0,30,0,0,0,0,0,4,0,0,0,4,0,0,0,0,3,4,8,0,0,10,7,5,8,9,5,13,7,0,0,46,0,0,0,0,0,0,5,0,0,3,3,5,3,5,3,11,8,3,0,34,104,36,57,63,50,46,28,8,0,386,23,3,4,11,11,18,9,3,0,80,139,51,80,79,83,112,86,22,5,650,0,0,0,4,9,17,18,0,3,57,5,4,6,7,9,3,0,0,0,38,0,0,0,0,3,4,12,0,0,15,0,0,0,0,0,0,0,0,6,4,0,0,0,4,3,8,12,0,0,24,0,0,0,0,0,4,6,0,0,11
LGA53710,0,0,0,0,0,11,10,9,3,41,6,4,4,9,4,0,11,0,0,32,0,0,0,0,3,0,9,6,0,19,0,0,0,0,0,0,0,3,0,5,0,0,0,0,4,16,13,7,3,41,0,0,3,0,3,3,17,13,4,40,0,0,0,0,0,0,0,7,0,4,0,0,0,0,0,3,3,3,0,11,0,5,0,5,6,9,0,0,0,36,0,0,0,0,0,0,0,0,0,3,6,0,0,4,6,7,11,6,0,31,62,23,23,36,33,31,31,8,3,247,12,11,5,8,11,10,5,7,0,65,82,41,37,61,64,73,86,36,12,486,0,0,0,5,5,14,20,5,0,50,4,3,0,4,6,9,4,0,0,33,0,0,0,0,0,3,0,7,3,17,0,0,0,0,0,0,0,0,6,5,0,0,0,4,4,10,8,0,0,20,0,0,0,0,0,8,10,4,5,26
LGA53780,8,30,83,190,398,654,868,607,196,3016,819,601,510,587,472,380,291,152,37,3845,14,14,26,48,118,247,432,304,94,1290,4,0,0,0,4,10,56,104,72,254,13,40,104,335,664,883,1028,529,124,3730,17,14,33,87,266,546,854,603,197,2621,28,11,20,36,43,72,142,137,45,535,17,13,12,32,86,187,309,225,77,953,235,551,567,634,593,448,288,140,36,3495,5,5,8,18,48,75,161,158,56,525,641,378,308,537,647,651,540,265,92,4056,10864,6329,6292,7072,4986,3119,1761,563,109,41091,988,737,1077,1087,867,545,327,165,109,5904,13431,8462,8758,10134,8278,6373,4954,2388,717,63485,9,56,129,309,728,1240,1535,1162,468,5637,572,618,681,812,753,648,551,291,84,5005,13,14,40,109,200,324,397,284,90,1476,0,4,3,5,3,13,42,133,167,368,20,47,98,286,562,789,817,436,169,3221,12,9,21,64,133,282,464,454,228,1670
LGA53800,0,11,28,63,173,281,369,262,101,1289,345,192,157,186,178,172,128,65,30,1458,3,7,15,15,59,125,216,146,54,636,0,0,0,0,3,10,26,65,63,161,11,10,40,62,142,320,333,204,55,1179,6,4,14,21,92,203,296,244,101,981,8,5,7,10,20,43,61,51,37,238,8,0,4,8,44,94,128,92,39,408,82,165,201,212,254,251,144,59,36,1404,0,0,4,3,14,26,40,63,27,175,205,117,100,131,152,222,183,113,46,1272,2882,1546,1457,1391,1439,1174,693,260,61,10904,512,336,402,389,389,323,199,104,34,2696,3991,2309,2310,2360,2601,2602,1944,1023,355,19505,4,13,40,99,283,464,585,416,194,2104,236,223,265,292,301,259,240,114,38,1980,0,0,8,33,80,137,173,130,59,619,0,0,0,4,9,7,19,77,96,209,5,17,28,68,153,260,276,161,66,1042,3,7,8,18,53,126,180,157,124,675
LGA53920,0,0,0,0,5,10,3,5,0,20,7,7,9,8,0,3,3,4,0,43,0,0,0,0,0,6,0,0,0,4,0,0,0,0,0,0,0,4,0,4,0,0,4,11,31,16,19,11,0,83,3,5,0,5,14,16,7,5,0,51,0,0,0,0,3,4,0,3,0,8,0,0,0,0,0,3,5,0,0,14,4,6,10,5,9,4,5,0,0,44,0,0,0,0,0,0,0,0,0,3,11,8,11,6,10,7,7,0,0,64,335,246,202,159,122,55,33,11,0,1161,119,50,45,54,50,31,13,9,3,368,479,322,283,247,221,131,72,36,5,1788,0,0,0,6,7,7,7,4,0,39,4,9,12,16,24,16,7,4,0,90,0,0,0,3,4,5,4,0,0,13,0,0,0,0,0,0,0,0,0,8,0,3,4,26,27,38,19,6,0,115,0,4,7,12,14,15,6,3,0,59
LGA53990,3,9,18,68,133,238,313,178,45,1011,295,121,117,140,122,99,110,44,4,1048,5,0,7,14,36,87,151,105,24,434,0,0,0,0,4,3,14,21,15,66,9,9,16,48,111,181,243,143,27,785,3,3,6,16,42,141,228,150,60,648,6,0,0,9,10,26,27,32,9,125,3,3,6,3,30,54,79,74,12,269,86,113,140,167,171,169,109,42,3,996,0,0,0,4,10,32,46,31,12,130,158,91,39,113,114,179,154,70,12,941,2436,1156,1116,1231,1100,879,518,196,37,8679,247,159,152,174,194,187,108,54,18,1297,3168,1620,1567,1849,1857,1833,1503,708,177,14285,10,7,48,96,234,420,487,274,94,1671,187,133,171,199,197,194,177,57,17,1338,3,5,13,33,59,100,129,102,15,466,0,0,0,0,3,6,11,27,27,78,3,13,20,35,65,156,181,89,31,588,0,5,3,7,21,65,113,111,52,392
LGA54060,0,0,0,0,9,49,69,38,8,183,19,6,10,9,12,17,21,6,5,96,0,0,0,0,3,12,27,33,5,77,0,0,0,0,0,0,4,10,7,21,0,0,5,8,16,35,46,28,0,139,0,0,0,5,3,19,44,45,7,121,0,0,0,0,0,6,11,8,0,22,0,0,0,0,0,9,18,19,7,53,6,8,6,16,14,35,20,4,6,116,0,0,0,0,0,0,4,7,0,18,9,4,11,9,13,22,26,13,5,111,201,128,72,103,140,150,130,33,9,962,33,25,17,32,32,50,36,31,3,267,268,170,111,160,229,323,344,184,41,1831,0,0,3,6,22,66,84,57,11,256,10,4,14,14,33,35,28,19,5,165,0,0,0,0,6,22,24,13,0,69,0,0,0,0,0,0,3,7,0,8,0,0,0,7,11,26,27,24,3,95,0,0,0,0,0,8,22,25,8,63
LGA54130,0,0,0,0,4,20,13,12,0,49,0,3,6,9,9,6,0,5,0,46,0,0,0,0,0,0,10,5,0,10,0,0,0,0,0,0,0,0,0,0,0,0,0,0,0,7,9,6,3,24,0,0,0,0,3,8,12,4,4,33,0,0,0,0,0,0,0,0,0,0,0,0,0,0,3,4,0,0,0,16,0,5,5,8,4,9,7,0,0,25,0,0,0,0,0,0,3,0,0,3,3,3,4,0,10,8,0,4,0,29,118,33,44,60,40,50,36,7,0,383,16,11,5,10,14,15,8,3,0,77,136,56,63,83,74,107,76,27,6,621,0,0,0,0,0,19,23,9,3,51,0,0,9,10,3,14,9,0,0,47,0,0,0,0,0,6,0,0,0,15,0,0,0,0,0,0,5,0,0,4,0,0,0,0,0,4,4,4,0,14,0,0,0,0,0,0,3,5,0,16
LGA54170,9,46,86,235,523,1134,1602,874,288,4800,1046,769,579,844,783,598,512,222,42,5394,13,16,29,88,190,422,884,582,149,2376,0,0,0,3,7,22,72,159,141,402,27,45,67,138,374,786,1231,656,154,3478,26,22,30,66,290,762,1422,963,301,3896,18,15,9,34,43,90,148,152,64,575,15,8,17,30,53,149,386,287,79,1030,343,743,696,799,822,668,506,173,71,4829,3,5,8,22,40,91,227,207,88,681,750,493,366,494,703,941,987,400,152,5287,12568,7685,5860,7398,7292,5712,3444,1005,196,51160,793,623,627,766,885,716,454,204,91,5162,15371,10156,8074,10404,11192,10413,8819,3731,1043,79198,19,68,119,342,909,1813,2599,1633,732,8240,664,708,751,1018,1033,941,890,395,140,6544,11,24,38,167,387,602,823,439,154,2651,0,0,0,0,3,25,75,179,312,604,36,58,49,132,270,580,815,479,194,2610,20,11,24,56,121,356,667,551,338,2142
LGA54200,7,21,37,112,191,363,564,415,137,1849,409,282,235,292,243,212,203,108,23,2015,4,12,12,32,70,121,269,254,72,842,0,0,0,4,0,7,41,69,54,180,10,12,21,108,220,361,531,285,93,1648,3,7,6,32,128,269,499,387,170,1505,6,3,8,15,22,31,74,60,46,261,15,5,9,12,44,86,160,149,36,503,140,283,288,334,327,243,209,93,43,1964,0,4,0,6,26,33,88,95,57,302,279,158,149,220,291,332,337,163,66,1992,4708,2630,2200,2654,2444,1817,1016,447,105,18019,396,263,292,327,313,288,164,104,45,2194,5880,3553,3137,3904,3919,3531,2962,1686,539,29108,9,17,61,153,361,667,944,722,311,3252,279,278,300,387,377,335,300,165,66,2496,4,5,9,59,143,195,305,200,68,987,0,0,0,0,3,5,17,85,101,218,11,14,37,67,167,246,390,262,85,1275,0,3,12,17,57,123,244,256,176,893
LGA54280,4,9,17,63,120,174,189,84,21,673,200,137,147,134,95,90,47,25,6,876,6,0,14,20,33,66,86,52,14,269,0,0,0,0,0,5,6,14,7,41,9,7,26,66,124,219,164,72,12,700,8,3,5,7,53,132,153,67,22,448,3,3,8,6,14,25,35,22,9,131,3,0,0,0,17,51,70,33,7,194,39,89,123,147,140,100,59,14,3,708,0,0,0,7,5,31,23,11,6,84,110,75,66,84,126,148,80,40,8,729,2581,1342,1741,1483,1217,922,323,83,10,9709,429,303,400,372,330,288,143,49,11,2332,3359,1915,2491,2299,2085,1879,991,354,60,15441,5,10,48,81,160,282,211,126,49,968,120,123,205,161,153,155,70,40,14,1038,0,4,10,33,64,75,59,25,14,286,0,0,0,0,5,4,13,18,33,77,0,6,33,40,102,146,135,56,16,540,3,3,10,6,36,82,60,43,30,277
LGA54310,0,4,18,32,66,98,45,19,5,289,130,60,112,111,73,49,15,3,0,546,0,3,7,19,20,30,18,6,4,107,0,0,0,0,0,3,4,9,0,16,3,9,21,46,89,104,46,19,0,334,4,3,8,12,39,61,35,19,0,169,0,6,5,3,9,14,7,4,0,44,4,3,5,0,6,19,10,7,0,58,39,60,103,95,76,61,11,5,0,451,0,0,0,4,0,8,9,5,0,36,84,46,58,72,66,60,25,6,0,423,2220,856,1323,1511,998,509,126,5,0,7541,485,302,510,558,380,248,79,14,3,2585,2941,1321,2108,2402,1730,1114,335,73,7,12032,0,4,33,33,98,100,39,18,0,325,86,72,152,141,107,61,23,7,0,651,0,0,4,28,42,23,13,10,0,121,0,0,0,0,0,4,0,3,0,9,3,6,20,25,63,62,48,8,0,235,5,4,3,7,19,24,10,7,0,83
LGA54340,0,0,5,6,14,48,50,32,3,163,24,21,21,20,18,20,16,6,3,144,0,0,0,0,4,9,19,12,0,50,0,0,0,0,0,0,0,3,4,11,0,0,6,11,11,31,34,28,4,121,0,0,5,0,4,21,31,20,10,99,0,0,0,0,5,0,3,10,3,21,0,0,0,0,6,7,4,0,5,22,0,8,15,20,20,27,19,10,4,121,0,0,0,0,0,0,7,9,4,22,15,11,11,5,16,25,21,9,7,115,299,183,202,174,152,122,74,30,6,1256,68,34,33,34,32,22,26,10,6,265,410,256,276,258,245,273,208,111,32,2085,3,0,5,16,40,56,63,55,27,260,13,12,26,29,24,22,28,4,5,162,0,0,0,0,9,14,17,13,6,62,0,0,0,0,0,0,6,10,9,25,0,0,6,13,16,26,37,21,7,125,0,0,0,0,8,11,13,17,5,54
LGA54410,0,0,3,3,10,13,23,14,0,69,0,8,9,8,10,10,10,3,0,65,0,0,0,0,0,3,5,7,0,19,0,0,0,0,0,0,6,0,3,12,0,0,0,0,8,8,12,4,0,39,0,0,0,0,4,10,9,12,4,47,0,0,0,0,0,3,4,0,0,6,0,0,0,0,0,4,0,0,0,16,4,6,5,9,3,11,11,0,0,46,0,0,0,0,0,6,3,7,0,10,4,4,0,8,4,11,7,13,5,59,66,27,34,39,30,49,26,9,0,286,12,8,10,7,8,20,7,5,0,80,88,57,59,60,75,108,83,57,12,584,0,0,0,4,15,23,26,20,15,103,3,10,4,6,10,12,9,12,3,73,0,0,0,3,0,0,4,5,0,16,0,0,0,0,0,0,0,8,5,13,0,0,0,0,0,9,8,3,4,28,0,0,0,0,5,5,10,9,6,30
LGA54480,0,0,0,0,4,3,0,4,0,18,8,0,6,9,0,0,5,0,0,19,0,0,0,4,0,0,0,4,0,6,0,0,0,0,0,0,0,0,0,3,0,0,0,0,7,4,3,3,0,18,0,0,0,0,0,3,0,6,0,12,0,0,0,0,0,0,0,0,0,0,0,0,0,0,0,0,6,4,0,4,0,0,5,0,3,0,0,0,0,10,0,0,0,0,0,0,0,0,0,4,0,0,0,0,4,6,0,0,0,14,52,25,15,34,24,15,10,4,0,176,4,3,6,4,3,4,0,0,0,33,59,29,28,48,46,29,19,10,0,275,0,0,0,0,3,3,6,0,0,17,3,0,6,4,3,0,0,0,0,19,0,0,0,0,0,0,0,0,0,3,0,0,0,0,0,0,0,0,0,0,0,0,0,0,3,0,6,3,0,14,0,0,0,0,0,3,4,0,0,9
LGA54550,0,0,0,10,7,21,27,23,8,102,15,0,9,12,14,12,4,4,0,71,0,0,0,0,0,11,9,19,0,44,0,0,0,0,0,0,0,4,3,12,0,0,0,5,4,10,14,19,0,58,0,0,0,0,3,8,18,16,3,45,0,0,0,0,0,0,3,4,0,8,0,0,0,0,0,6,0,3,3,14,3,0,8,11,7,18,11,3,0,67,0,0,0,0,0,3,4,6,5,15,3,0,0,6,8,13,11,9,9,60,147,56,56,80,61,83,39,12,5,542,19,4,6,18,9,22,12,6,3,108,191,70,88,130,115,169,121,78,20,981,0,0,0,9,16,26,26,26,15,123,6,10,15,9,18,12,10,12,0,91,0,0,4,0,3,3,9,8,9,37,0,0,0,0,0,0,0,3,3,11,0,0,0,0,3,6,16,14,3,48,0,5,0,0,0,9,8,17,6,37
LGA54620,0,0,0,0,4,13,11,4,3,33,5,6,4,4,3,3,9,0,0,29,0,0,0,0,0,0,3,4,0,13,0,0,0,0,0,0,0,0,0,0,0,0,0,0,4,12,8,0,0,22,0,0,0,0,3,6,6,0,0,25,0,0,0,0,0,0,0,0,0,4,0,0,0,0,3,3,0,0,0,10,5,4,3,0,6,5,7,0,0,27,0,0,0,0,0,6,0,0,0,7,3,5,3,0,3,4,3,0,0,25,57,30,25,39,47,26,22,7,0,261,13,10,8,12,3,10,10,7,4,68,80,48,37,57,69,67,60,28,11,457,0,0,0,0,10,14,11,11,5,51,8,3,5,4,6,6,5,4,0,37,0,0,0,0,0,0,3,3,0,6,0,0,0,0,0,0,0,4,3,4,0,0,0,0,5,3,4,0,4,23,0,0,0,0,0,0,0,3,4,12
LGA54690,0,0,0,0,0,5,15,0,0,26,6,0,5,0,4,5,3,4,0,23,0,0,0,0,0,3,3,4,0,11,0,0,0,0,0,0,0,0,0,0,0,0,0,0,4,0,8,8,0,18,0,0,0,0,3,0,3,0,0,14,0,0,0,0,0,0,0,0,0,0,0,0,0,0,0,0,3,4,0,10,0,0,0,7,7,3,3,0,0,21,0,0,0,0,0,0,0,0,0,0,0,0,0,0,4,0,3,0,0,16,34,12,15,14,16,13,12,3,0,114,0,0,6,0,4,0,0,3,0,12,36,12,20,22,30,27,34,15,0,201,0,0,0,0,0,4,11,4,0,25,0,0,0,0,0,6,4,0,0,17,0,0,0,0,0,0,0,0,0,9,0,0,0,0,0,0,0,0,0,0,0,0,0,0,4,4,3,0,0,10,0,0,0,0,0,0,5,0,0,9
LGA54760,0,0,0,3,4,7,6,8,0,30,12,4,12,3,6,6,0,5,0,38,0,0,0,0,0,0,3,3,0,6,0,0,0,0,0,0,0,0,0,0,0,0,0,0,0,6,9,4,0,21,0,0,0,0,0,0,6,4,0,14,0,0,0,0,0,0,0,0,0,0,0,0,0,0,0,0,4,5,0,10,0,0,0,5,7,3,0,3,0,25,0,0,0,0,0,0,0,0,0,0,0,0,0,0,6,7,3,3,0,19,53,19,24,38,36,38,22,4,6,229,9,7,3,4,7,8,0,0,0,53,77,26,35,54,63,53,53,29,9,398,0,0,0,3,5,16,7,8,3,42,7,0,0,6,5,10,6,0,0,30,0,0,0,0,4,3,3,0,0,17,0,0,0,0,0,0,0,0,0,4,0,0,0,0,0,5,0,4,0,7,0,0,0,0,0,0,0,0,0,3
LGA54830,0,14,49,105,163,274,267,190,59,1112,407,213,278,251,211,127,92,47,7,1630,3,6,18,20,35,97,118,81,26,400,0,0,0,5,5,9,17,36,23,85,0,16,43,136,252,287,265,147,34,1187,8,5,14,36,99,198,234,166,56,813,7,7,14,15,30,36,30,28,15,187,7,6,6,11,23,96,96,83,27,359,112,235,373,344,247,198,113,56,15,1694,5,0,0,6,16,39,42,43,16,172,254,141,166,207,215,197,181,101,35,1491,4237,2037,2395,2471,1591,892,380,137,26,14161,444,419,816,694,424,216,118,41,12,3190,5393,2998,3988,4018,2950,2031,1301,628,179,23482,0,25,77,169,309,491,461,308,120,1968,281,231,401,386,290,254,190,62,16,2116,0,4,19,41,75,100,128,57,22,462,0,0,0,0,0,10,15,56,45,121,15,13,52,111,193,254,231,124,38,1036,10,3,12,28,43,95,121,135,53,504
LGA54900,0,0,0,8,3,12,12,8,4,42,9,3,3,6,9,0,0,0,0,42,0,0,0,0,0,3,6,7,0,20,0,0,0,0,0,0,0,0,0,0,0,0,4,0,0,10,8,5,0,31,0,0,0,0,0,4,7,9,0,27,0,0,0,3,0,0,0,0,0,3,0,0,0,0,0,0,5,0,0,9,4,0,6,7,11,5,0,0,0,32,0,0,0,0,0,0,0,0,0,4,8,0,6,0,3,6,0,0,0,19,117,49,57,63,61,67,34,8,0,454,6,8,0,11,13,17,0,0,0,60,137,68,76,88,97,108,70,31,3,680,0,0,0,4,8,11,25,5,5,49,4,5,0,10,13,10,5,0,0,47,0,0,0,0,0,4,5,4,0,20,0,0,0,0,0,0,0,0,0,3,0,0,0,7,0,4,10,0,0,25,0,0,0,0,0,0,4,4,0,5
LGA54970,0,0,0,0,3,10,7,0,0,18,6,6,5,13,3,6,3,0,0,37,0,0,0,0,0,0,0,4,0,8,0,0,0,0,0,0,0,0,0,0,0,0,0,5,8,15,4,0,0,38,0,0,0,0,0,10,3,6,0,26,0,0,3,0,0,5,0,0,0,8,0,0,0,5,0,5,0,0,0,13,0,0,7,7,3,4,0,0,0,18,0,0,0,0,0,0,0,0,0,3,7,0,4,0,0,7,0,0,0,29,56,45,94,74,59,54,10,3,0,393,19,29,107,80,88,57,13,0,0,382,77,90,217,174,174,142,38,5,0,916,0,0,0,7,5,10,8,0,0,28,5,6,7,3,11,14,3,0,0,42,0,0,0,0,0,3,0,0,0,5,0,0,0,0,0,0,0,0,0,3,0,0,5,7,13,10,0,5,0,41,0,0,0,0,8,8,0,0,0,21
LGA55040,0,0,0,0,3,9,11,0,0,35,11,6,16,5,9,0,6,0,0,57,0,0,0,0,0,0,6,0,0,9,0,0,0,0,0,0,0,0,0,4,0,0,0,0,8,8,3,0,0,25,0,0,0,0,0,0,6,5,0,15,0,0,0,0,0,0,0,0,0,7,0,0,0,0,0,0,6,0,0,12,4,3,10,7,5,8,5,0,0,36,0,0,0,0,0,0,3,3,0,7,3,0,9,8,11,5,0,0,0,29,84,57,100,72,54,46,14,0,0,431,29,58,115,79,51,37,11,7,0,385,137,129,241,166,131,111,51,11,4,979,0,0,0,4,7,5,4,0,0,27,4,8,11,3,8,9,0,0,0,41,0,0,0,0,0,6,4,0,0,9,0,0,0,0,0,0,0,0,0,4,0,0,0,0,3,9,6,0,0,20,0,0,0,0,4,0,3,0,0,5
LGA55110,11,22,60,153,305,740,1320,1085,334,4025,581,363,336,353,349,326,399,225,60,2992,9,11,20,47,92,293,641,614,174,1904,0,0,0,4,4,17,55,132,108,326,10,30,43,105,286,565,988,719,185,2926,7,9,32,45,150,506,1076,973,330,3136,8,6,3,18,28,68,139,197,94,556,16,8,9,22,53,165,381,356,120,1128,200,420,497,489,515,503,465,243,61,3404,8,0,7,21,30,85,197,229,82,656,454,257,204,270,381,551,663,394,140,3317,6024,3362,2883,3005,3047,2710,1980,896,181,24090,683,463,499,583,632,516,415,297,148,4226,7851,4752,4347,4718,5229,5587,5983,3797,1108,43372,9,34,96,240,632,1306,2141,1735,739,6929,447,415,502,578,553,688,721,432,134,4456,9,8,29,59,187,358,540,445,152,1789,0,0,0,0,0,11,71,151,186,429,17,43,51,121,213,497,708,509,192,2351,7,6,13,36,79,253,535,595,351,1878
LGA55180,0,5,5,16,40,94,133,73,20,378,54,44,29,28,33,45,34,22,5,290,0,0,4,5,15,28,53,41,7,155,0,0,0,0,0,5,5,14,11,35,0,0,4,9,30,73,79,63,16,280,0,0,3,4,20,42,96,72,27,266,0,0,0,3,5,11,4,9,8,43,0,3,0,3,0,17,32,32,9,95,6,38,42,41,59,86,43,20,8,338,0,0,0,0,3,4,15,14,0,48,32,21,18,29,51,78,64,37,18,355,601,344,325,305,351,371,212,83,22,2621,77,51,45,45,86,72,53,31,16,480,769,487,455,452,617,739,614,337,98,4574,0,7,7,21,75,165,181,116,46,603,50,43,39,44,62,68,68,37,12,426,0,6,3,4,15,40,45,32,9,154,0,0,0,0,0,4,6,13,27,52,0,0,5,14,24,49,71,37,11,212,0,3,0,0,10,27,42,43,18,143
LGA55250,0,0,0,3,0,4,6,6,0,22,0,8,3,0,4,0,3,0,0,25,0,0,0,0,0,4,3,0,0,13,0,0,0,0,0,0,0,0,0,3,0,0,0,0,14,10,7,0,0,30,0,4,0,3,4,8,10,6,0,36,0,0,0,0,0,3,0,0,0,5,0,0,0,0,0,3,0,0,0,8,0,3,3,7,0,7,3,0,0,21,0,0,0,0,0,0,0,0,0,5,6,4,0,0,5,6,0,3,0,24,73,48,108,61,38,44,21,3,0,403,12,31,54,37,28,24,12,5,0,192,89,92,173,107,87,94,57,19,0,717,0,0,0,0,5,11,4,0,0,24,0,3,3,6,4,8,6,0,0,31,0,0,0,0,0,6,3,0,0,6,0,0,0,0,0,0,0,0,0,0,0,4,0,5,8,8,9,6,0,35,4,0,0,6,0,4,5,0,0,18
LGA55320,17,29,51,119,259,478,751,641,310,2647,546,420,374,477,382,340,265,143,65,3015,17,23,23,40,88,239,507,424,173,1529,0,0,0,0,0,16,49,133,140,339,10,22,29,89,226,477,697,479,163,2190,8,9,24,51,140,444,846,721,362,2599,3,5,7,25,23,54,87,114,80,406,11,8,7,15,48,96,167,208,110,659,160,444,451,476,493,384,261,142,64,2862,4,3,8,10,23,51,99,137,94,434,457,298,276,315,435,525,621,359,186,3471,7584,4903,3979,4554,4416,3464,2349,929,255,32422,453,375,352,427,450,415,293,194,122,3088,9133,6365,5385,6305,6538,6103,5492,3080,1248,49641,11,30,67,164,472,903,1474,1237,833,5198,325,474,446,507,545,508,472,264,135,3677,5,5,22,87,228,390,484,385,186,1785,4,3,0,0,0,4,54,189,370,632,16,34,39,96,137,328,523,385,213,1769,13,11,6,31,65,166,404,468,406,1563
LGA55390,0,0,0,4,3,3,3,0,0,11,0,3,6,4,0,0,6,0,0,17,0,0,0,0,0,0,0,0,0,0,0,0,0,0,0,0,0,0,0,0,0,0,0,3,0,0,3,0,0,16,0,0,0,0,0,3,4,0,0,6,0,0,0,0,0,0,0,0,0,0,0,0,0,0,0,0,7,0,0,7,0,4,4,4,0,0,3,0,0,14,0,0,0,0,0,0,0,0,0,0,0,0,0,0,5,4,3,0,0,10,14,24,50,50,33,14,5,0,0,198,0,16,33,40,19,11,14,0,0,137,14,50,97,98,60,40,30,6,0,394,0,0,0,0,0,4,0,0,0,6,0,0,0,0,0,5,0,0,0,5,0,0,0,0,0,0,0,0,0,0,0,0,0,0,0,0,0,0,0,0,0,0,0,3,0,4,0,0,0,11,0,0,0,0,0,0,0,0,0,0
LGA55460,0,0,3,0,16,36,42,21,4,120,24,17,14,18,14,22,9,7,3,126,0,0,0,0,3,17,17,8,0,47,0,0,0,0,0,0,7,0,0,5,0,4,3,4,14,31,27,16,3,104,0,0,0,0,14,16,31,16,6,90,0,0,6,0,5,4,0,0,0,18,0,0,0,4,0,12,12,7,6,34,0,19,11,12,21,14,13,0,0,101,0,0,0,0,3,0,5,0,0,17,14,7,9,12,14,18,18,8,0,95,217,120,137,108,105,100,61,22,8,889,36,23,32,32,35,33,29,13,4,234,288,184,197,184,211,232,194,87,31,1603,0,0,7,9,27,43,50,32,20,189,7,17,22,22,25,22,20,11,6,152,0,0,0,0,6,12,11,9,7,50,0,0,0,0,0,0,0,3,7,13,0,0,7,5,6,18,17,5,4,69,0,0,0,0,3,10,15,6,5,40
LGA55530,0,0,0,0,0,3,8,0,0,21,0,0,0,0,4,3,4,0,0,10,0,0,0,0,0,0,0,3,0,4,0,0,0,0,0,0,0,0,0,0,0,0,0,0,0,4,8,0,0,16,0,0,0,0,0,0,6,6,0,8,0,0,0,0,0,0,0,3,0,3,0,0,0,0,0,3,0,0,0,9,0,0,0,0,0,0,0,0,0,8,0,0,0,0,0,0,0,0,0,0,0,0,0,0,0,6,5,0,0,8,32,15,16,16,12,21,8,4,3,131,0,3,0,0,3,14,6,7,0,43,39,15,20,21,29,49,34,17,8,230,0,0,0,0,3,4,3,3,0,18,0,0,0,4,3,4,3,3,0,17,0,0,0,0,0,0,4,0,0,6,0,0,0,0,0,0,0,0,0,0,0,0,0,3,0,4,8,0,0,13,0,0,0,0,0,0,3,3,0,8
LGA55600,0,0,4,4,4,19,24,13,3,81,14,13,11,9,7,9,7,3,0,75,0,0,0,0,4,8,10,8,3,29,0,0,0,0,0,0,0,3,7,8,5,0,3,0,4,19,24,15,3,73,0,0,0,3,3,15,20,12,8,67,0,0,0,0,0,6,3,6,0,9,0,0,0,0,0,4,4,13,0,25,7,8,11,8,15,8,8,4,0,63,0,0,0,0,0,3,11,4,0,18,10,0,4,8,7,5,12,3,0,54,160,83,74,71,101,93,46,22,5,646,22,27,26,13,23,24,19,14,0,167,218,122,127,116,160,179,139,76,17,1153,4,0,0,3,19,32,32,23,18,134,16,16,15,20,14,14,13,11,0,121,0,0,0,0,9,5,6,6,7,28,0,0,0,0,0,0,5,6,4,15,0,0,0,0,9,10,9,11,6,52,0,0,0,0,7,5,9,11,9,42
LGA55670,0,0,0,0,4,0,7,0,4,23,12,4,6,0,9,0,0,0,6,26,0,0,0,0,0,3,0,4,0,10,0,0,0,0,0,0,3,0,0,8,0,0,0,0,6,3,7,4,0,20,0,0,0,0,0,3,0,6,0,16,0,0,0,0,0,0,0,0,0,8,0,0,0,0,0,0,0,0,0,0,4,0,0,3,12,0,3,4,0,20,0,0,0,0,0,0,0,0,0,4,5,0,0,4,6,3,3,0,0,15,44,19,22,19,18,19,14,0,0,160,24,13,5,9,4,6,8,3,3,71,81,39,31,31,44,44,50,13,12,333,0,0,0,0,5,3,16,3,3,35,0,3,0,0,4,3,9,6,0,32,0,0,0,0,3,0,0,0,0,3,0,0,0,0,0,0,0,0,0,0,0,0,0,0,0,4,4,0,0,15,0,0,0,0,0,0,7,3,0,14
LGA55740,0,0,8,13,24,45,60,44,13,198,25,25,35,43,37,36,20,17,0,245,0,0,0,7,13,22,55,40,12,148,0,0,0,0,0,6,12,10,12,41,6,4,0,7,22,28,44,29,14,152,0,0,0,7,14,32,61,69,29,217,0,0,0,0,0,4,6,3,6,27,0,0,0,0,0,5,26,19,6,55,12,38,46,49,49,48,36,21,9,309,0,0,0,0,0,10,13,31,7,59,24,24,21,33,45,52,72,32,11,308,621,393,346,380,433,330,209,72,12,2792,45,40,47,47,55,47,31,32,12,361,732,507,484,557,652,568,491,289,82,4355,0,4,0,11,37,84,124,111,42,413,27,52,41,38,40,36,28,34,6,303,0,0,4,6,21,37,49,37,17,165,0,0,0,0,0,0,9,15,20,45,0,0,6,0,9,31,20,17,6,99,0,0,0,4,0,14,37,47,21,128
LGA55810,0,0,0,0,4,0,9,4,0,18,0,0,0,0,3,5,0,0,0,9,0,0,0,0,0,0,4,0,0,8,0,0,0,0,0,0,0,0,0,0,0,0,0,3,3,0,7,3,0,17,0,0,0,0,0,4,0,5,0,11,0,0,0,0,0,0,0,0,0,6,0,0,0,0,0,0,0,0,0,4,4,0,0,0,5,3,3,0,0,18,0,0,0,0,0,0,0,0,0,4,9,0,0,0,0,4,0,0,0,13,18,15,18,13,25,18,6,0,0,112,39,16,22,22,34,21,19,9,0,183,64,31,44,43,63,52,38,17,0,363,0,0,0,0,0,4,10,0,0,14,0,0,4,4,7,0,7,0,0,18,0,0,0,0,0,3,0,3,0,8,0,0,0,0,0,0,0,0,0,0,0,0,0,0,0,0,3,0,0,8,0,0,0,0,0,0,0,0,0,4
LGA55880,0,0,0,0,0,5,3,4,0,19,0,0,0,5,5,8,0,0,0,23,0,0,0,0,0,3,0,0,0,11,0,0,0,0,0,0,0,0,0,0,0,0,0,0,0,6,8,0,0,14,0,0,0,0,3,7,10,3,0,17,0,0,0,0,0,0,0,0,0,0,0,0,0,0,0,0,0,0,0,0,0,0,0,6,4,8,0,0,0,18,0,0,0,0,0,0,0,0,0,0,0,0,0,0,0,8,0,0,0,16,33,3,16,17,17,22,15,3,0,129,7,0,3,7,4,12,0,0,0,29,40,8,25,32,45,49,30,13,4,244,0,0,0,0,6,6,0,0,4,20,0,0,7,3,3,4,0,0,0,28,0,0,0,0,0,4,5,0,0,10,0,0,0,0,0,0,0,0,4,4,0,0,0,0,5,0,0,0,0,13,0,0,0,0,0,3,3,0,3,8
LGA55950,0,0,0,0,4,3,10,0,0,20,3,0,4,5,3,3,0,0,0,26,0,0,0,0,0,0,0,3,0,3,0,0,0,0,0,0,0,0,0,0,0,0,0,0,4,4,0,0,0,13,0,0,0,0,0,4,4,0,3,6,0,0,0,0,0,0,0,0,0,4,0,0,0,0,0,0,0,0,0,0,0,0,3,3,0,7,0,0,0,15,0,0,0,0,0,0,0,0,0,0,5,0,0,3,5,7,3,0,0,26,53,22,25,20,16,21,19,11,0,180,15,8,4,3,8,6,5,0,3,48,70,28,31,31,43,40,37,20,6,313,0,0,0,0,0,5,9,3,0,21,0,4,3,3,7,5,10,0,0,31,0,0,0,0,0,0,0,0,0,4,0,0,0,0,0,0,0,0,0,0,0,0,0,0,0,3,0,4,0,9,0,0,0,0,0,0,0,5,0,11
LGA56090,4,9,27,55,140,317,396,283,83,1312,234,186,134,176,189,177,158,86,18,1365,0,7,10,24,42,116,213,190,44,640,0,0,0,0,3,6,17,50,49,126,7,16,16,39,118,216,293,186,38,942,0,4,5,16,76,190,342,292,87,1008,0,0,0,8,12,25,34,44,19,139,4,3,0,4,18,67,135,107,34,374,89,185,196,190,240,220,160,70,21,1380,0,5,0,3,16,29,57,69,26,204,195,110,105,127,165,275,241,139,53,1413,2695,1571,1209,1370,1572,1403,839,313,62,11035,238,354,794,763,553,395,163,81,30,3374,3406,2368,2418,2649,2885,2888,2217,1187,318,20336,0,12,43,99,230,508,672,475,184,2220,179,174,211,219,304,284,225,135,38,1770,3,0,8,34,88,160,220,149,52,717,0,0,0,0,0,0,21,61,74,153,6,5,13,41,90,160,212,150,52,729,3,4,6,19,28,74,165,178,104,577
LGA56160,0,0,0,0,0,0,0,0,0,0,0,0,0,0,0,0,0,0,0,3,0,0,0,0,0,0,0,0,0,0,0,0,0,0,0,0,0,0,0,0,0,0,0,0,0,0,0,0,0,0,0,0,0,0,0,0,0,0,0,0,0,0,0,0,0,0,0,0,0,0,0,0,0,0,0,0,0,0,0,0,0,0,0,4,0,0,0,0,0,6,0,0,0,0,0,0,0,0,0,0,0,0,0,0,0,0,0,0,0,3,7,3,9,0,5,4,4,0,0,28,5,0,0,0,0,0,0,0,0,8,14,4,9,9,11,8,0,0,0,49,0,0,0,0,0,0,0,0,0,0,0,0,0,3,0,0,0,0,0,4,0,0,0,0,0,0,0,0,0,0,0,0,0,0,0,0,0,0,0,0,0,0,0,0,4,0,0,0,0,0,0,0,0,0,0,0,0,0,0,0
LGA56230,0,3,6,29,86,176,268,203,42,819,131,70,59,79,97,89,77,55,11,675,0,0,8,15,17,78,150,117,36,430,0,0,0,0,0,5,5,18,13,41,3,9,7,24,62,140,202,133,30,611,6,0,3,12,31,102,214,160,45,572,0,0,0,3,3,14,28,33,17,102,3,0,3,3,7,50,106,83,32,283,70,88,85,114,117,116,108,54,9,748,0,0,0,3,16,24,42,39,11,131,103,48,45,54,101,129,117,63,23,673,1233,619,570,581,608,563,395,167,41,4779,176,105,107,139,144,130,117,64,31,1020,1680,908,853,973,1139,1241,1247,731,204,8975,0,12,21,71,132,262,401,292,79,1272,97,83,105,111,109,131,145,82,25,882,0,5,8,21,38,74,115,75,18,347,0,0,0,0,0,4,5,20,10,45,3,6,13,25,45,75,136,99,15,421,6,0,3,8,17,50,102,92,35,302
LGA56300,0,0,0,0,7,15,32,16,5,69,10,0,0,10,10,6,6,0,0,38,0,0,0,0,0,4,9,9,0,22,0,0,0,0,0,0,0,0,4,5,0,0,0,0,7,11,17,9,0,41,0,0,0,0,6,11,23,11,0,48,0,0,0,0,0,4,0,0,0,6,0,0,0,0,0,5,9,5,3,18,5,0,4,18,7,18,15,4,4,70,0,0,0,0,0,0,3,5,0,10,3,3,0,5,3,14,24,0,0,58,71,36,30,60,47,65,81,23,5,411,19,4,5,13,25,14,20,14,0,121,100,48,43,93,97,130,180,79,15,790,0,0,0,0,13,34,53,23,7,123,3,7,4,10,8,20,15,17,0,86,0,0,0,0,0,11,18,3,0,36,0,0,0,0,0,0,0,0,0,4,0,0,0,0,5,13,10,9,4,38,0,0,0,0,0,7,18,8,10,37
LGA56370,0,0,0,0,3,8,8,3,4,32,6,0,3,5,4,3,0,4,4,31,0,0,0,0,0,3,0,6,4,14,0,0,0,0,0,0,0,0,0,0,0,0,0,0,3,0,4,9,0,17,0,0,0,0,0,0,13,7,0,17,0,0,0,0,0,0,0,0,0,3,0,0,0,0,0,0,3,6,3,11,0,0,3,0,4,0,8,0,0,21,0,0,0,0,0,0,0,4,0,4,0,0,0,0,0,0,0,0,0,15,59,21,31,20,34,28,17,12,0,223,9,8,16,8,8,14,10,4,3,86,76,26,53,38,53,66,54,34,17,415,0,0,0,0,0,12,12,8,9,42,3,0,6,6,6,3,0,0,0,35,0,0,0,0,0,0,5,3,0,14,0,0,0,0,0,0,0,6,0,8,0,0,0,0,0,4,0,8,0,11,0,0,0,0,0,4,5,5,0,10
LGA56460,0,0,3,5,22,32,64,42,21,193,11,22,27,13,18,16,18,12,3,145,0,0,3,0,0,5,18,10,13,56,0,0,0,0,0,0,4,9,12,30,0,5,4,6,14,22,37,28,3,117,0,0,0,4,15,29,40,40,22,145,0,0,0,0,0,0,0,0,4,11,0,0,0,0,4,11,14,17,4,55,7,22,17,16,21,23,20,12,8,152,0,0,0,0,0,0,6,5,5,25,15,10,9,13,21,21,26,24,16,163,303,198,168,145,172,157,118,41,11,1316,68,45,39,38,47,36,38,20,3,332,410,296,274,237,306,310,304,157,59,2350,0,3,6,6,37,75,73,75,49,314,21,36,27,21,31,44,25,18,11,229,0,0,0,3,9,23,11,21,11,74,0,0,0,0,0,0,0,14,24,44,0,0,3,8,19,41,32,18,14,140,0,0,0,0,5,21,25,28,29,109
LGA56580,0,0,11,17,55,88,161,159,47,536,138,127,69,71,101,90,73,41,12,719,3,4,5,9,26,62,122,129,40,398,0,0,0,0,0,0,7,29,30,67,0,9,3,15,30,69,120,98,38,388,3,0,9,6,37,94,173,182,69,579,0,3,3,4,0,9,16,22,10,68,3,4,0,4,5,14,24,29,17,94,37,120,88,96,97,59,47,36,8,591,0,0,3,4,3,7,18,32,17,84,131,67,39,61,94,117,146,86,25,778,1839,1241,716,809,1047,790,521,214,56,7231,100,80,79,75,86,65,85,39,26,635,2222,1609,977,1136,1487,1317,1204,713,257,10920,4,10,17,26,81,177,324,248,127,1016,84,125,77,96,99,101,97,51,17,747,3,0,5,9,55,90,106,87,43,405,0,0,0,0,0,3,10,32,47,88,0,5,6,14,18,44,68,63,28,245,6,0,3,6,10,30,87,111,77,328
LGA56620,0,0,0,0,0,0,0,0,0,0,0,0,5,3,6,5,0,0,0,19,0,0,0,0,0,0,0,0,0,0,0,0,0,0,0,0,0,6,0,3,0,3,0,5,9,8,8,0,0,38,0,0,0,0,10,8,0,0,0,26,0,0,0,0,3,5,0,3,0,13,0,0,0,0,0,0,0,0,0,5,0,0,4,8,3,0,0,0,0,18,0,0,0,0,0,0,0,3,0,3,0,3,0,3,7,6,9,0,0,42,124,101,75,68,46,22,9,0,0,451,20,12,10,10,14,13,0,0,0,87,152,118,107,104,84,60,27,6,0,656,0,0,0,0,4,3,0,0,0,8,0,0,6,4,6,10,4,3,0,28,0,0,0,0,0,0,0,0,0,5,0,0,0,0,0,0,0,3,0,10,0,0,3,19,23,24,14,9,0,94,0,0,3,5,12,16,5,6,0,49
LGA56730,0,4,12,23,43,91,137,94,23,436,76,46,51,46,52,51,44,28,4,403,5,3,3,8,8,34,59,49,10,180,0,0,0,0,0,6,7,22,10,39,6,9,7,21,42,96,149,74,4,406,0,5,3,8,24,62,133,73,25,331,0,3,4,0,12,14,27,12,3,72,0,0,0,3,16,33,55,30,11,138,26,47,49,60,76,69,54,17,4,413,3,0,0,3,9,13,36,26,11,89,59,22,26,31,62,73,68,35,9,390,763,421,337,327,337,362,224,84,14,2868,146,121,204,188,133,126,74,44,10,1047,1054,669,679,668,700,813,727,346,91,5744,0,4,12,21,105,196,229,152,61,779,59,58,75,69,89,104,71,39,14,567,3,0,4,12,28,49,69,38,8,203,0,0,0,0,0,3,9,6,18,34,0,3,7,23,49,86,103,54,14,350,4,0,3,9,19,50,58,63,25,224
LGA56790,0,0,5,0,19,30,67,33,13,166,13,13,13,8,12,24,13,6,4,107,0,0,0,0,7,13,25,18,5,68,0,0,0,0,0,0,3,6,4,11,5,0,0,0,8,31,38,33,8,123,0,0,0,0,0,25,44,22,9,106,0,0,0,0,3,0,9,9,4,21,0,0,0,0,0,12,16,8,6,37,5,6,5,11,27,18,19,3,5,107,0,0,0,0,0,10,6,12,0,25,6,3,5,4,8,18,25,15,5,100,187,68,66,106,128,152,109,47,5,856,43,27,27,31,42,40,56,26,4,291,258,119,121,159,227,307,326,157,37,1708,0,0,3,12,12,57,68,38,22,204,14,9,13,14,11,22,20,13,4,114,0,0,0,0,4,14,11,17,3,46,0,0,0,0,0,0,0,6,7,10,0,0,0,6,7,20,19,6,3,67,0,0,0,0,9,14,12,13,9,52
LGA56860,0,3,0,0,0,6,4,0,0,9,0,0,0,0,3,6,0,0,0,12,0,0,0,0,0,0,0,0,0,5,0,0,0,0,0,0,0,0,0,0,0,0,0,0,0,0,9,0,0,9,0,0,0,0,0,3,8,0,3,11,0,0,0,0,0,0,5,0,0,4,0,0,0,0,0,0,4,0,0,9,0,0,0,0,0,0,9,0,0,9,0,0,0,0,0,0,5,0,0,5,0,4,0,0,0,3,3,0,0,9,14,9,4,8,3,17,7,0,0,64,6,5,3,3,7,4,6,4,0,36,19,19,8,12,14,23,22,3,5,136,0,0,0,0,3,0,3,8,0,16,0,0,0,0,0,8,3,0,0,8,0,0,0,0,0,0,9,0,0,10,0,0,0,0,0,0,0,0,0,0,0,0,0,0,0,3,3,0,0,10,0,0,0,0,0,0,5,0,0,8
LGA56930,0,0,0,0,4,5,9,15,3,39,0,7,5,4,7,7,3,4,5,44,0,0,0,0,5,0,13,13,4,32,0,0,0,0,0,0,0,0,0,3,0,0,0,4,3,3,8,7,0,22,0,0,0,0,0,11,14,10,8,42,0,0,0,0,0,0,0,0,0,4,0,0,0,0,0,0,6,0,0,8,0,3,5,3,4,3,5,4,0,27,0,0,0,0,0,0,0,6,0,6,0,6,4,3,3,7,7,3,0,41,98,79,44,33,62,66,38,20,4,438,3,15,0,6,8,6,3,4,3,51,104,105,59,49,97,105,84,54,23,684,0,0,0,0,5,5,20,11,5,53,12,14,6,0,3,10,10,9,0,70,0,0,0,0,0,11,9,8,4,35,0,0,0,0,0,0,0,3,0,4,0,0,0,0,0,0,4,3,0,4,0,0,0,0,0,8,0,9,0,19
LGA57000,0,0,0,5,0,10,4,5,0,18,3,0,0,9,3,4,0,0,0,20,0,0,0,0,0,4,0,0,0,3,0,0,0,0,0,0,0,0,0,0,0,0,0,0,3,8,0,0,0,18,0,0,0,0,0,0,4,0,0,7,0,0,0,0,0,0,0,0,0,0,0,0,0,0,0,0,0,0,0,5,0,4,4,0,5,0,0,0,0,16,0,0,0,0,0,0,0,0,0,0,3,0,0,0,0,5,3,0,0,7,26,10,29,27,37,28,13,9,0,175,21,15,19,25,20,28,8,7,4,138,45,34,54,66,62,78,28,17,4,390,0,0,0,0,0,7,9,3,0,23,0,3,5,0,6,6,3,0,0,19,0,0,0,0,4,3,0,0,0,9,0,0,0,0,0,0,0,0,0,0,0,0,0,0,0,0,0,0,0,8,0,0,0,0,0,4,3,0,0,4
LGA57080,0,7,34,42,50,101,137,79,33,485,37,159,239,169,67,60,57,27,6,823,3,11,11,9,15,50,80,68,17,268,0,3,0,0,0,0,6,21,12,48,0,13,26,45,57,76,127,66,12,425,0,0,12,7,36,91,149,102,22,426,0,3,0,7,4,10,16,27,10,80,0,5,0,0,12,20,31,31,9,117,9,195,311,182,124,98,63,25,9,1023,0,0,0,0,3,12,22,35,7,86,28,69,128,116,94,119,95,50,30,722,860,1661,3270,1932,897,714,404,147,24,9906,99,254,569,359,247,174,116,53,9,1874,1024,2288,4470,2764,1485,1343,1006,491,123,14996,0,22,43,25,50,133,173,116,54,615,15,181,237,102,88,87,65,23,12,795,4,5,14,20,39,78,64,46,13,285,0,0,0,0,0,4,7,16,22,47,0,20,23,18,29,39,86,35,12,266,0,4,11,7,8,33,55,50,32,197
LGA57140,0,0,0,0,4,7,18,13,4,46,9,9,3,7,10,5,8,0,0,49,0,0,0,0,0,3,7,8,0,29,0,0,0,0,0,0,0,0,0,5,0,6,3,3,0,10,4,6,4,33,0,0,0,0,3,4,7,14,6,36,0,0,0,0,0,0,0,0,0,6,0,0,0,0,0,5,11,6,0,16,4,8,8,8,5,8,7,7,0,56,0,0,0,0,0,0,7,0,0,3,0,0,0,6,3,12,9,7,0,37,62,30,18,29,33,35,24,6,3,262,7,3,8,5,3,10,3,9,0,46,90,52,38,57,61,90,84,50,10,534,0,0,0,0,5,20,29,15,8,80,0,4,5,7,11,10,9,3,0,41,0,0,0,0,3,3,8,3,0,20,0,0,0,0,0,0,0,0,3,9,0,0,0,0,5,7,9,8,0,35,0,0,0,0,0,8,14,4,0,27
LGA57210,0,0,4,12,28,67,88,52,14,274,46,25,14,26,25,34,22,5,4,197,0,0,0,4,4,19,37,31,5,108,0,0,0,0,0,0,4,4,5,13,0,0,0,6,27,28,49,39,3,151,0,0,0,0,18,29,72,43,13,174,0,0,0,0,0,7,9,10,3,26,0,0,0,0,7,16,28,18,6,73,18,29,19,27,37,38,27,10,3,210,0,0,0,0,0,4,16,13,3,42,32,19,10,17,25,55,44,15,5,216,343,165,145,162,212,215,153,39,7,1439,66,36,38,72,63,60,51,24,7,421,485,266,222,299,388,447,434,192,49,2775,0,4,5,18,40,95,118,60,31,370,22,24,25,22,51,52,36,14,7,256,0,0,4,3,13,25,38,23,0,110,0,0,0,0,0,0,3,16,14,29,0,0,3,5,11,20,41,15,7,113,0,0,0,3,5,17,36,29,12,109
LGA57280,0,0,7,28,44,65,35,6,0,197,96,46,92,94,40,56,16,3,0,450,0,0,3,6,9,32,13,0,0,65,0,0,0,0,0,4,0,3,0,3,8,9,14,44,70,96,46,9,0,289,4,0,0,14,29,55,29,14,0,152,0,0,8,11,7,10,8,0,0,44,7,0,0,0,7,22,15,3,0,57,12,39,61,76,46,43,6,0,0,283,0,0,0,0,8,11,7,6,0,35,68,17,42,39,55,42,25,13,3,298,1468,577,999,970,660,458,77,12,4,5236,306,184,311,273,218,199,46,7,6,1548,1951,858,1506,1507,1130,959,247,61,13,8229,0,0,16,41,59,86,62,9,5,278,71,53,119,107,69,64,31,0,6,528,0,0,3,11,26,23,8,7,0,88,0,0,0,0,0,4,0,7,4,13,0,0,11,23,52,59,41,12,6,208,6,0,3,3,24,24,17,12,3,97
LGA57350,0,0,0,0,0,7,21,9,0,31,0,6,0,0,4,7,3,0,0,20,0,0,0,0,0,8,7,8,4,22,0,0,0,0,0,0,0,0,0,3,0,0,0,0,4,3,19,5,0,33,0,0,0,0,4,7,13,15,7,37,0,0,0,0,0,3,5,4,0,14,0,0,0,0,0,0,5,4,0,13,0,0,0,3,0,5,7,0,0,18,0,0,0,0,0,0,0,0,0,3,0,0,0,0,0,3,9,4,0,21,39,17,17,20,24,24,24,9,8,192,20,5,6,9,26,23,31,10,5,135,64,24,32,40,54,77,104,41,16,459,0,0,0,5,6,11,35,4,4,73,3,0,3,4,4,10,9,3,0,38,0,0,0,0,0,3,5,0,4,15,0,0,0,0,0,0,0,0,0,0,0,0,0,0,6,3,3,0,0,16,0,0,0,0,3,0,9,6,5,26
LGA57420,0,0,0,0,9,16,16,15,3,71,8,5,3,12,6,11,13,5,0,67,0,0,0,0,4,8,13,6,4,34,0,0,0,0,0,0,0,3,0,8,3,0,3,3,9,6,17,17,0,52,0,0,0,0,4,14,21,10,5,55,0,0,0,0,3,0,0,3,0,7,0,0,0,7,0,4,13,10,0,28,0,8,6,12,15,14,9,3,0,65,0,0,0,0,0,0,3,0,0,10,4,3,4,7,3,11,13,0,0,49,162,38,119,92,105,90,48,19,4,665,15,18,18,20,24,27,9,9,4,136,195,77,153,135,171,177,122,57,11,1095,0,5,3,3,13,21,36,20,8,116,13,9,12,15,8,13,6,11,3,78,0,0,0,0,6,7,9,4,3,23,0,0,0,0,0,0,0,3,3,4,0,0,0,0,0,5,6,9,0,36,0,0,0,5,0,5,13,11,3,37
LGA57490,6,36,145,275,559,1076,1120,811,244,4277,1266,646,673,657,582,464,325,209,41,4854,21,17,37,61,177,368,530,456,129,1793,0,0,0,5,7,26,62,109,81,296,22,44,96,207,545,904,939,583,136,3480,22,17,40,70,248,645,884,794,222,2936,15,9,26,25,47,90,125,159,74,568,21,10,23,44,112,252,374,347,114,1293,478,716,919,868,847,696,389,177,31,5123,0,6,9,24,39,113,185,191,64,633,876,412,458,485,691,802,557,327,124,4731,11530,6202,5981,5723,5106,3593,1706,633,140,40613,1235,868,1018,1038,958,718,340,237,126,6550,15147,8679,8950,8860,8747,7755,5146,2947,853,67085,15,75,198,487,1100,1631,1968,1400,507,7384,923,790,1104,1090,927,795,620,334,109,6690,21,18,57,153,323,474,533,338,120,2031,0,0,0,0,4,23,40,147,127,345,32,52,116,198,402,661,754,459,158,2842,20,26,27,60,164,322,519,507,252,1893
LGA57630,0,0,0,0,0,0,4,4,0,8,0,0,0,0,0,0,0,0,0,0,0,0,0,0,0,0,0,0,0,0,0,0,0,0,0,0,0,0,0,0,0,0,0,0,0,4,3,5,0,7,0,0,0,0,0,0,4,3,0,5,0,0,0,0,0,0,0,0,0,0,0,0,0,0,0,0,0,5,0,5,0,0,0,0,0,0,0,0,0,4,0,0,0,0,0,0,0,0,0,0,0,0,0,0,0,0,0,0,0,5,0,0,0,3,3,7,4,5,0,19,0,4,5,5,5,4,0,3,0,27,0,6,9,12,10,16,15,15,0,70,0,0,0,0,0,0,4,0,0,4,0,0,0,0,0,0,0,0,0,5,0,0,0,0,0,0,0,0,0,0,0,0,0,0,0,0,0,0,0,0,0,0,0,0,0,0,0,0,0,0,0,0,0,0,0,0,0,0,0,7
LGA57700,6,8,30,53,109,171,234,141,35,768,306,147,196,182,125,82,68,39,15,1159,4,7,5,13,36,87,105,64,14,345,0,0,0,0,0,4,12,23,15,55,9,17,26,70,137,176,179,89,13,721,4,8,10,22,68,117,188,127,37,575,3,0,4,5,16,16,20,17,6,88,0,0,8,7,17,43,64,67,14,229,105,122,186,198,152,133,61,31,5,998,0,0,4,9,12,18,26,39,15,121,203,96,93,119,128,159,106,58,16,975,3263,1329,1541,1527,1175,832,344,122,18,10158,292,150,261,326,266,173,96,38,12,1629,4122,1832,2276,2403,2064,1690,1072,500,113,16069,7,17,61,101,189,322,349,184,58,1293,243,161,276,255,183,168,90,44,6,1436,5,6,8,44,68,88,88,50,17,365,0,0,0,0,0,0,3,27,24,61,3,12,35,72,102,122,135,59,23,565,4,6,12,11,44,57,83,78,35,318
LGA57770,0,0,0,0,6,9,19,4,0,34,4,5,0,0,4,7,3,0,0,23,0,0,0,0,0,8,10,3,0,21,0,0,0,0,0,0,0,0,0,0,0,0,0,3,7,5,13,5,0,30,0,0,0,0,0,9,15,3,0,33,0,0,0,0,0,0,0,0,0,0,0,0,0,0,0,0,4,7,0,10,0,0,3,5,8,3,8,0,0,29,0,0,0,0,0,0,3,0,0,3,0,0,3,0,7,5,8,0,0,27,67,22,52,48,30,40,26,11,0,297,18,4,3,14,10,17,12,11,0,91,86,31,66,75,68,86,81,39,0,520,0,0,0,4,8,11,12,8,0,35,4,7,4,6,0,11,0,3,0,35,0,0,0,0,6,3,3,4,0,14,0,0,0,0,0,0,0,0,0,0,0,0,0,0,7,0,3,0,0,15,0,0,0,0,0,0,3,0,0,6
LGA57840,0,17,38,49,97,202,358,232,99,1089,166,241,246,180,172,138,122,49,29,1352,4,3,13,23,38,80,209,160,78,606,0,0,0,0,3,7,28,58,59,156,8,12,18,43,99,194,288,170,43,871,3,4,9,22,70,175,330,246,124,984,3,3,6,6,12,21,32,41,16,144,3,5,7,6,10,29,94,58,27,232,60,201,287,215,189,139,125,51,40,1311,0,4,0,7,13,34,49,52,23,179,120,127,135,126,139,199,258,133,60,1294,2783,2347,2408,2075,1663,1322,927,333,72,13938,183,200,275,176,204,198,142,98,87,1559,3305,3079,3307,2797,2538,2388,2263,1121,439,21244,0,25,46,73,156,367,585,447,272,1976,84,225,264,211,215,201,224,120,42,1599,0,5,14,36,101,159,217,131,65,732,0,0,0,0,3,0,22,90,131,251,0,10,22,31,60,132,172,137,76,640,4,8,0,9,17,60,177,207,184,660
LGA57910,10,42,162,311,616,1016,1486,1200,572,5421,1025,895,1191,1101,913,664,525,321,138,6776,26,26,74,118,211,521,824,743,325,2868,0,0,0,0,8,33,112,313,313,782,26,50,142,319,617,993,1337,1002,349,4823,24,21,43,130,344,848,1421,1277,610,4726,25,17,23,49,72,122,185,226,141,854,18,18,30,46,108,243,421,404,205,1487,304,785,1253,1335,1141,942,623,315,140,6826,5,8,7,28,65,133,254,295,178,973,721,544,655,833,975,1148,1072,687,401,7039,16386,9236,13661,12479,9022,6311,3560,1517,405,72584,1303,908,1552,1376,1108,855,565,364,204,8238,19654,12213,18166,17286,13918,11691,9163,5545,2235,109870,14,63,224,427,982,1961,2982,2649,1548,10846,681,918,1438,1346,1156,1043,994,594,277,8448,16,26,77,195,414,639,967,720,346,3394,3,3,0,3,3,25,111,405,656,1212,18,48,134,248,441,749,1215,927,404,4191,19,28,36,68,177,416,808,964,762,3279
LGA57980,0,0,9,17,42,76,142,103,25,424,75,77,91,74,74,49,58,41,3,544,4,0,8,10,15,48,100,68,29,279,0,0,0,0,0,3,17,31,17,64,0,0,8,23,27,41,93,59,14,260,0,4,0,6,20,55,118,118,32,353,0,0,0,0,5,10,13,14,3,49,0,4,0,3,8,9,38,34,7,102,15,77,120,105,90,93,60,25,7,591,0,0,0,0,9,11,19,29,7,90,37,49,46,45,72,100,117,36,23,531,1154,624,910,828,678,529,386,161,28,5297,76,63,98,75,65,69,84,45,26,606,1361,870,1247,1133,1015,947,962,522,157,8219,0,11,15,27,59,149,233,196,103,805,64,74,124,82,90,80,74,47,23,654,0,0,5,16,36,77,82,59,27,302,0,0,0,0,0,0,10,36,51,95,0,6,6,11,20,40,70,40,25,224,0,3,5,0,5,24,55,69,63,225
LGA58050,11,41,138,296,523,894,979,617,168,3661,1210,762,785,800,591,526,330,161,44,5204,18,12,31,80,166,325,438,323,96,1489,0,0,3,0,11,21,48,113,102,306,27,49,136,369,703,1046,1030,532,127,4019,27,26,32,81,300,684,909,602,187,2840,19,11,19,51,72,113,143,116,44,589,31,14,17,37,93,246,327,249,78,1102,346,706,966,969,797,648,351,144,52,4973,3,3,7,16,51,140,176,159,59,607,860,518,491,609,764,819,593,271,102,5022,13642,7300,7999,7768,5780,3962,1827,611,128,49015,1320,809,981,995,966,700,358,172,96,6392,17216,9912,11163,11373,9670,8202,5306,2443,712,75992,19,65,203,441,968,1584,1653,1115,435,6491,824,833,1179,1145,1033,911,625,299,81,6935,8,9,53,140,320,482,465,272,87,1836,0,0,0,0,10,16,63,155,217,455,17,38,142,277,586,814,821,483,160,3344,14,21,36,59,162,337,513,463,241,1851
LGA58190,0,0,0,0,0,7,0,4,0,19,3,0,4,0,0,3,0,0,0,15,0,0,0,0,0,0,0,5,0,11,0,0,0,0,0,0,0,0,3,3,0,0,0,0,0,4,3,4,0,13,0,0,0,0,3,3,0,6,3,15,0,0,0,0,0,0,5,0,0,0,0,0,0,0,0,0,0,0,0,0,0,0,0,0,0,3,0,0,3,9,0,0,0,0,0,0,0,3,0,3,3,3,0,0,0,0,3,0,5,14,28,16,19,4,13,23,6,0,0,119,5,0,3,0,8,14,5,0,0,33,43,23,28,12,31,46,17,12,0,217,0,0,0,3,0,3,3,3,0,19,4,0,4,0,3,0,0,3,0,21,0,0,0,0,0,0,0,3,0,3,0,0,0,0,0,0,0,0,0,0,0,0,0,0,3,0,5,3,0,12,0,0,0,0,0,0,4,0,0,3
LGA58260,0,0,0,0,4,3,12,8,0,28,9,0,0,4,4,0,0,0,0,22,0,0,0,0,0,0,6,7,0,12,0,0,0,0,0,0,0,4,3,3,0,0,0,0,0,0,0,0,0,13,0,0,0,3,0,0,4,6,0,18,0,0,0,0,0,0,4,0,0,6,0,0,0,0,4,0,6,0,0,10,0,0,0,3,4,0,5,3,0,12,0,0,0,0,0,0,3,0,0,3,0,3,0,0,0,0,5,0,0,16,38,17,17,23,15,20,15,7,0,154,15,0,6,6,5,9,8,4,0,57,57,22,28,38,34,44,41,25,4,296,0,0,0,0,7,11,7,6,0,30,0,0,0,4,6,3,0,8,0,22,0,0,0,0,4,0,4,0,0,10,0,0,0,0,0,0,0,0,0,0,0,0,0,0,6,0,0,3,0,7,0,0,0,0,0,0,3,0,0,9
LGA58330,0,5,6,10,22,55,89,41,15,239,22,16,16,15,10,35,20,11,0,145,0,0,0,3,5,20,53,18,6,103,0,0,0,0,0,0,0,3,0,3,0,3,5,6,14,34,58,30,4,154,0,0,3,3,4,50,67,36,12,176,0,0,0,4,0,8,12,9,4,31,0,0,0,3,4,15,26,18,7,75,12,16,14,29,30,35,38,10,4,178,0,0,0,0,0,3,10,10,6,31,12,11,13,14,26,41,44,11,4,184,233,133,92,114,169,218,143,55,11,1169,48,25,29,32,60,82,53,25,3,358,327,202,160,201,323,489,444,186,34,2370,0,0,6,11,36,84,110,48,9,307,16,16,16,18,29,43,31,16,7,190,0,0,0,0,12,26,26,14,4,88,0,0,0,0,0,3,0,5,0,12,0,0,3,3,4,18,45,19,3,95,0,0,3,0,3,17,34,26,3,91
LGA58400,0,0,0,0,0,8,6,6,0,26,0,0,4,0,0,0,5,0,0,15,0,0,0,0,0,0,4,0,0,11,0,0,0,0,0,0,0,0,0,0,0,0,0,0,3,3,13,0,0,23,0,0,0,0,0,0,13,3,0,20,0,0,0,0,0,0,5,0,0,3,0,0,0,0,3,0,3,0,0,7,0,0,3,0,0,0,4,0,0,13,0,0,0,0,0,0,6,3,0,3,0,0,0,0,0,3,3,0,0,13,9,6,10,3,3,20,10,4,0,62,5,0,0,0,0,4,4,4,0,16,17,10,16,6,16,38,34,14,0,151,0,0,0,0,3,4,10,5,0,21,0,0,0,0,6,4,6,3,0,16,0,0,0,0,0,0,0,0,0,8,0,0,0,0,0,0,0,0,0,0,0,0,0,0,0,5,4,0,0,9,0,0,0,0,0,6,4,0,0,11
LGA58470,0,0,0,0,0,0,0,0,0,4,0,0,0,0,0,0,0,0,0,3,0,0,0,0,0,0,3,0,0,7,0,0,0,0,0,0,0,0,0,0,0,0,0,0,3,5,0,0,0,13,0,0,0,0,0,0,6,0,0,4,0,0,0,0,0,0,0,0,0,5,0,0,0,0,0,0,0,0,0,0,3,0,0,0,0,0,0,0,0,8,0,0,0,0,0,0,0,0,0,0,0,0,0,0,0,0,0,0,0,7,18,10,3,9,7,10,0,0,0,50,3,4,3,0,5,0,3,0,0,15,24,8,4,13,15,21,10,0,0,95,0,0,0,0,0,0,0,0,0,6,0,3,0,0,0,0,0,0,0,9,0,0,0,0,0,0,0,0,0,0,0,0,0,0,0,0,0,0,0,0,0,0,0,0,0,0,0,0,0,0,0,0,0,0,0,0,0,0,0,0
LGA58510,3,9,24,52,95,163,220,144,81,794,110,144,249,201,141,105,71,37,22,1076,0,5,13,27,33,90,145,96,40,448,0,0,0,0,0,10,30,54,45,139,0,16,30,56,107,196,228,116,50,801,0,8,6,20,59,160,203,141,77,682,3,3,6,9,11,25,44,20,25,136,0,0,9,8,14,49,81,60,34,262,33,177,361,248,200,191,111,58,22,1396,0,0,0,10,13,44,50,32,18,160,99,84,189,162,166,198,195,103,47,1242,2216,1629,2839,2156,1353,965,518,169,54,11903,174,227,352,272,217,166,97,83,78,1664,2609,2229,3920,3075,2204,1916,1404,707,343,18416,3,21,36,82,143,278,386,326,240,1509,75,189,289,252,164,161,145,87,38,1406,4,5,15,43,67,102,115,75,47,475,0,0,0,0,5,8,17,61,97,190,3,12,15,46,73,110,147,125,67,589,0,7,5,14,26,55,100,126,116,442
LGA58540,0,0,0,5,3,8,14,7,7,38,7,6,4,4,4,5,3,0,6,32,0,0,0,0,0,0,7,4,0,17,0,0,0,0,0,0,0,0,0,0,0,0,0,0,8,10,7,0,4,29,0,0,0,0,0,0,8,9,6,16,0,0,0,0,0,0,0,0,0,6,0,0,0,0,0,0,5,3,0,8,0,0,0,3,4,3,0,7,0,24,0,0,0,0,0,0,0,0,0,0,0,0,0,3,0,5,0,0,0,13,49,26,29,29,38,36,16,9,0,232,8,0,6,9,12,9,13,5,0,66,63,34,38,43,65,77,57,29,6,424,0,0,0,0,0,10,8,12,0,40,5,4,4,4,3,11,0,3,0,37,0,0,0,0,0,0,3,3,0,8,0,0,0,0,0,0,0,0,0,0,0,0,0,0,0,4,9,3,0,18,0,0,0,0,0,5,0,11,0,15
LGA58570,0,7,42,48,95,167,176,97,55,686,122,130,304,267,141,113,78,42,11,1210,4,4,15,24,49,90,101,75,28,379,0,0,0,0,4,0,13,39,34,98,5,5,14,40,85,121,148,91,47,552,4,0,5,9,56,115,173,117,51,543,0,9,5,7,15,24,9,23,11,96,0,0,3,12,8,30,46,39,11,151,38,156,430,316,225,164,85,41,12,1479,0,0,3,0,10,24,31,33,19,125,99,76,168,174,181,200,137,65,28,1130,2309,1318,2837,2275,1545,1083,503,157,44,12065,134,170,405,262,205,163,85,50,21,1500,2693,1828,4087,3269,2397,1962,1217,554,221,18240,4,17,61,63,143,249,334,225,182,1272,74,150,357,246,176,165,102,45,30,1349,0,5,13,43,60,110,99,64,25,431,0,0,0,0,0,9,16,48,115,180,3,6,15,33,57,91,115,94,63,481,0,0,3,8,28,50,75,89,76,338
LGA58610,0,0,3,0,9,24,37,22,4,98,9,9,3,7,9,9,10,4,0,68,0,0,0,0,0,0,13,17,8,40,0,0,0,0,0,0,0,3,3,4,0,0,0,0,0,7,21,11,0,53,0,0,0,0,3,11,25,18,0,63,0,0,0,0,0,0,4,5,0,11,0,0,0,0,0,8,8,8,0,27,0,0,5,9,16,14,13,5,0,65,0,0,0,0,0,0,4,3,0,10,0,0,4,6,9,17,12,9,0,69,121,46,60,63,57,57,42,23,3,472,21,16,12,14,13,15,19,6,0,117,154,75,83,97,100,130,145,78,14,888,0,0,0,0,7,33,48,19,9,122,4,7,9,5,16,14,11,5,0,78,0,0,0,0,6,6,12,0,5,30,0,0,0,0,0,0,0,0,0,8,0,0,0,0,0,16,13,3,5,38,0,0,0,0,0,4,12,3,6,27
LGA58680,0,0,0,0,0,10,14,9,0,24,0,3,0,0,0,0,5,0,0,17,0,0,0,0,0,4,3,0,0,8,0,0,0,0,0,0,0,0,0,0,0,0,0,0,0,0,3,4,0,13,0,0,0,0,0,0,7,4,0,13,0,0,0,0,0,0,0,0,0,5,0,0,0,0,0,8,0,0,0,8,0,0,3,0,3,0,0,0,0,14,0,0,0,0,0,0,3,0,0,6,0,0,0,3,0,4,0,0,0,13,27,20,15,23,28,25,11,6,0,151,7,4,5,10,8,11,8,9,0,62,36,34,27,32,48,55,41,20,6,290,0,0,0,0,3,8,11,8,0,34,0,0,4,0,4,4,0,0,0,18,0,0,0,0,0,0,4,5,0,9,0,0,0,0,0,0,0,0,0,0,0,0,0,0,4,4,3,0,0,10,0,0,0,0,0,0,0,0,0,4
LGA58760,17,51,167,335,658,1156,1264,936,276,4861,1660,974,1032,1061,909,596,427,215,59,6932,31,32,47,99,211,476,688,512,171,2262,0,4,3,3,13,19,78,221,161,508,51,78,155,401,843,1203,1263,784,179,4954,42,32,36,123,416,898,1194,872,301,3897,31,16,27,43,71,135,199,170,79,776,30,21,34,52,149,283,440,324,102,1442,558,991,1144,1115,1057,784,435,222,78,6376,3,0,10,25,79,134,206,207,92,764,1210,666,616,765,962,1035,816,454,180,6713,18768,10473,10017,10406,8846,5377,2517,888,159,67452,1713,1101,1187,1264,1260,859,435,206,78,8111,23677,13977,13891,14944,14063,10667,6984,3582,1028,102807,22,80,267,591,1434,2074,2378,1660,673,9175,1188,1151,1509,1547,1317,1086,801,447,135,9174,20,26,58,170,422,592,620,419,154,2479,0,0,4,3,10,32,82,288,361,767,34,68,140,327,627,928,1090,647,179,4049,24,17,25,68,228,442,657,667,368,2505
LGA58820,0,0,6,5,24,47,74,34,14,202,34,13,17,15,7,14,25,17,3,150,0,0,0,0,0,10,33,15,10,75,0,0,0,0,0,0,0,0,3,3,0,0,0,4,21,37,46,28,5,137,0,0,0,0,4,21,52,27,11,123,0,0,0,0,0,0,4,10,5,22,0,0,0,0,0,8,20,19,3,53,11,13,16,25,25,29,24,8,3,145,0,0,0,0,0,3,7,11,0,29,8,9,10,14,26,28,29,20,3,143,258,157,112,155,169,147,119,40,9,1155,28,26,20,42,41,43,35,13,7,267,339,216,172,240,293,322,329,152,47,2114,0,3,4,9,44,74,96,69,27,326,16,22,19,20,26,39,29,14,0,196,3,0,0,4,4,31,30,14,8,92,0,0,0,0,0,0,3,0,0,6,0,0,3,0,10,19,40,26,6,105,6,0,0,0,0,18,22,11,11,67
LGA58890,0,0,0,0,0,10,12,9,5,35,10,4,0,6,7,3,5,5,0,30,0,0,0,0,0,0,7,3,3,16,0,0,0,0,0,0,0,0,0,0,0,0,0,0,0,4,11,3,0,22,0,0,0,0,0,5,9,6,0,21,0,0,0,0,0,0,0,0,0,6,0,0,0,0,0,0,3,4,0,11,0,0,0,0,0,10,4,0,0,18,0,0,0,0,0,0,3,0,0,7,0,4,0,0,5,6,5,0,3,15,48,27,19,24,36,49,16,14,3,239,17,0,5,13,7,6,3,3,0,59,75,35,24,46,55,85,59,30,13,414,0,0,0,0,7,10,13,8,5,52,9,0,0,3,6,10,8,3,0,35,0,0,0,0,0,0,4,0,0,8,0,0,0,0,0,0,0,0,0,5,0,0,0,0,6,4,5,0,0,18,0,0,0,0,0,4,4,3,3,14
LGA59030,0,0,0,0,0,0,3,0,0,7,0,0,0,3,0,4,0,0,0,8,0,0,0,0,0,0,0,0,0,0,0,0,0,0,0,0,0,0,0,0,0,0,0,0,0,0,4,0,0,4,0,0,0,0,0,0,3,0,0,5,0,0,0,0,0,0,0,0,0,0,0,0,0,0,0,0,0,4,0,7,0,0,0,0,6,4,4,0,0,15,0,0,0,0,0,0,0,0,0,4,0,0,0,0,0,3,5,0,0,11,14,4,3,11,5,12,7,4,4,71,5,0,4,0,0,0,0,0,0,17,19,7,11,19,10,22,24,13,3,123,0,0,0,0,0,4,0,5,0,11,0,0,4,0,0,0,0,0,0,6,0,0,0,0,0,0,0,0,0,5,0,0,0,0,0,0,0,0,0,0,0,0,0,0,6,0,5,0,0,3,0,0,0,0,0,0,0,0,0,0
LGA59100,0,6,0,0,3,9,8,7,0,27,0,0,4,0,4,3,0,4,0,19,0,0,0,0,0,6,3,4,0,14,0,0,0,0,0,0,0,0,0,0,0,0,0,0,0,0,3,9,0,20,0,0,0,0,3,0,8,3,3,14,0,0,0,0,0,0,0,0,0,0,0,0,0,0,0,0,4,3,0,10,0,4,0,0,5,0,5,0,0,19,0,0,0,0,0,0,0,0,0,4,0,0,7,0,4,3,3,4,0,22,55,18,15,15,27,30,12,12,0,188,14,7,8,7,7,11,10,9,0,77,73,28,37,30,43,69,53,23,4,366,0,0,0,0,6,11,18,13,0,44,0,0,9,0,0,4,3,4,0,24,0,0,0,3,0,0,0,3,0,13,0,0,0,0,0,0,0,0,0,0,0,0,0,0,0,7,4,3,0,15,0,0,0,0,0,4,0,3,0,7
LGA59170,0,0,0,4,6,15,9,5,0,38,3,5,3,9,8,7,5,0,0,33,0,0,0,0,0,0,3,7,0,18,0,0,0,0,0,0,0,0,0,4,0,0,0,0,3,3,5,6,0,18,0,0,0,0,0,4,0,9,0,22,0,0,0,0,0,3,0,0,0,11,0,0,0,0,0,3,0,4,0,10,4,10,4,10,3,5,3,0,0,38,0,0,0,0,0,0,0,4,0,4,3,3,0,5,3,10,3,3,3,29,91,29,35,56,41,34,27,8,3,322,11,7,4,13,6,7,5,3,0,63,108,43,53,85,63,72,54,38,13,521,0,0,0,5,8,18,13,13,4,58,4,3,0,5,10,3,3,4,0,37,0,0,0,3,0,4,3,3,4,17,0,0,0,0,0,0,0,0,0,0,0,0,0,0,3,0,0,5,0,6,0,0,0,0,0,4,8,3,3,15
LGA59250,0,0,0,0,0,0,0,0,0,10,3,0,4,3,0,0,0,0,0,21,0,0,0,0,0,0,0,0,0,0,0,0,0,0,0,0,0,0,0,0,0,0,5,7,5,6,10,0,0,25,0,0,0,0,4,3,3,0,0,13,0,0,0,0,0,0,3,0,0,8,0,0,0,0,0,0,0,0,0,4,0,0,0,4,5,7,0,0,0,12,0,0,0,0,0,0,0,0,0,0,8,0,3,5,4,0,3,0,0,18,20,26,35,25,29,11,10,0,0,157,16,19,31,27,18,7,7,0,0,130,44,54,73,59,57,30,22,8,0,345,0,0,0,0,3,3,0,0,0,11,0,0,3,0,4,0,0,0,0,9,0,0,0,0,0,0,0,0,0,0,0,0,0,0,0,0,0,0,0,0,0,0,5,0,7,4,7,0,0,31,0,0,0,0,3,4,6,0,0,20
LGA59310,0,0,0,8,4,8,16,9,0,46,7,5,8,7,0,6,7,4,0,42,0,0,0,0,0,6,12,0,4,25,0,0,0,0,0,0,0,0,0,0,0,0,0,0,3,8,22,5,0,48,0,0,0,0,4,4,19,4,4,34,0,0,0,0,0,5,0,0,0,5,0,0,0,0,0,9,9,6,0,20,4,4,7,7,5,3,3,4,0,37,0,0,0,0,0,3,5,3,0,10,7,0,6,4,5,12,4,3,0,36,96,35,56,53,53,65,34,13,0,413,11,9,10,5,13,10,8,6,0,72,127,57,86,79,82,106,104,45,11,696,0,0,9,4,7,12,26,12,8,73,12,0,11,7,12,4,18,3,0,73,0,0,0,0,6,7,8,0,0,28,0,0,0,0,0,0,0,0,0,4,0,0,0,4,5,8,9,7,3,35,0,0,0,0,0,3,9,4,4,19
LGA59320,0,0,0,0,0,5,5,3,0,21,3,0,4,0,4,0,3,0,0,11,0,0,0,0,0,3,8,3,0,15,0,0,0,0,0,0,0,0,0,4,0,0,0,0,0,0,5,0,0,16,0,0,0,0,6,4,0,0,0,22,0,0,0,0,0,4,0,0,0,4,0,0,0,0,0,0,0,0,0,5,0,5,4,5,0,8,3,0,0,21,0,0,0,0,0,0,0,0,0,0,0,3,0,0,5,3,6,0,0,17,41,10,16,14,14,19,6,0,0,122,7,3,4,5,0,3,8,0,0,31,56,21,27,20,29,51,34,15,4,238,0,0,0,0,5,12,14,3,0,35,0,0,0,4,4,0,7,0,0,19,0,0,0,0,0,0,4,0,0,9,0,0,0,0,0,0,0,0,0,0,0,0,0,0,0,9,0,5,0,10,0,0,0,0,0,0,4,3,0,10
LGA59330,0,0,0,0,0,7,8,17,0,37,4,5,0,0,5,8,0,4,0,27,0,0,0,0,0,6,3,9,0,11,0,0,0,0,0,0,0,0,0,0,0,0,0,0,0,6,12,4,0,25,0,0,0,0,3,6,8,17,0,35,0,0,0,0,0,0,0,0,0,3,0,0,0,0,0,5,3,9,0,16,4,0,3,6,5,8,0,6,0,25,0,0,0,0,0,0,0,3,0,5,0,6,0,0,0,6,7,0,0,19,21,10,7,18,12,16,14,8,3,105,0,0,0,6,4,0,0,7,0,25,29,18,16,26,36,40,45,35,3,244,0,0,0,0,0,6,7,12,0,39,0,0,3,0,3,5,7,0,0,21,0,0,0,0,0,0,4,0,0,6,0,0,0,0,0,0,0,0,0,0,0,0,0,0,0,6,7,8,0,15,0,0,0,0,0,5,7,3,0,15
LGA59340,0,0,4,12,25,36,39,9,0,127,26,9,26,29,24,12,14,0,0,150,0,0,0,0,5,10,11,4,0,41,0,0,0,0,0,0,0,0,0,9,0,3,6,14,33,51,36,14,0,161,5,0,7,6,16,33,24,20,0,102,0,0,0,4,3,17,14,4,0,38,5,0,0,0,5,9,15,3,0,34,7,13,21,18,22,14,8,0,0,101,0,0,0,0,5,0,8,0,0,16,24,5,15,18,17,22,14,9,0,116,588,300,410,347,280,216,84,17,0,2241,212,80,121,111,113,84,55,14,4,799,859,418,600,536,507,452,256,80,7,3699,0,0,13,7,24,42,34,17,0,130,15,19,42,40,46,42,21,3,0,241,0,0,0,4,18,18,3,0,0,48,0,0,0,0,0,0,0,5,0,7,0,4,6,19,48,42,26,7,0,158,0,0,0,7,14,16,9,8,0,61
LGA59350,0,0,0,0,0,0,0,0,0,4,0,0,5,0,0,0,0,0,0,3,0,0,0,0,0,0,0,0,0,0,0,0,0,0,0,0,0,0,0,0,0,0,3,0,7,4,6,0,0,14,0,0,0,0,3,0,0,0,0,3,0,0,0,0,0,0,0,0,0,0,0,0,0,0,0,0,0,0,0,0,0,0,0,0,0,3,0,0,0,13,0,0,0,0,0,0,0,0,0,0,0,0,0,0,0,0,0,0,0,8,11,10,30,8,8,3,4,6,0,87,3,15,48,19,19,11,8,0,0,123,18,30,85,34,32,19,16,4,0,242,0,0,0,0,0,0,0,0,0,3,0,0,0,0,0,3,0,0,0,10,0,0,0,0,0,0,0,0,0,6,0,0,0,0,0,0,0,0,0,0,0,0,0,0,0,3,0,0,0,7,0,0,0,0,0,0,0,0,0,0
LGA59360,0,0,0,5,3,11,14,10,4,46,5,4,3,9,3,9,0,3,0,38,0,0,0,0,5,6,9,3,3,23,0,0,0,0,0,0,0,0,0,0,0,0,0,0,7,10,17,6,0,34,0,0,0,0,3,13,5,5,0,31,0,0,0,0,0,3,5,0,0,9,0,0,0,0,0,6,7,0,0,15,0,0,4,4,9,6,3,0,0,34,0,0,0,0,0,0,0,0,0,0,0,0,0,6,9,13,0,8,0,35,50,28,75,55,65,66,24,6,0,374,3,7,35,30,38,29,17,4,0,174,61,45,117,111,137,143,77,29,9,731,0,0,0,0,4,9,22,9,4,56,0,0,8,6,9,11,7,3,0,45,0,0,0,4,6,4,0,3,0,16,0,0,0,0,0,0,0,0,6,4,0,0,0,3,4,4,5,6,0,23,0,0,0,0,0,4,11,8,0,18
LGA59370,0,0,5,4,9,50,63,42,14,178,21,4,11,12,16,17,15,3,4,113,0,0,0,0,5,25,29,31,10,99,0,0,0,0,0,0,4,8,10,19,0,3,0,0,8,36,40,28,9,130,0,0,4,0,4,34,52,49,10,151,0,0,0,0,0,9,4,10,5,27,0,6,4,0,0,8,22,8,9,46,10,9,18,10,18,24,25,13,0,120,0,0,0,0,0,3,4,5,4,20,12,8,3,13,13,29,30,12,3,125,183,84,83,97,102,128,141,43,9,864,28,13,17,19,33,49,27,20,11,212,244,119,125,153,186,314,355,188,52,1731,0,0,0,9,20,63,92,58,29,274,16,11,11,16,21,37,45,13,0,168,0,0,6,3,6,17,24,15,9,84,0,0,0,0,0,0,10,10,19,38,0,0,0,8,10,30,34,12,11,100,0,0,0,0,3,11,28,20,13,76
LGA59499,0,6,4,14,23,53,55,18,0,175,14,22,39,36,21,12,19,9,0,171,0,0,0,5,13,17,34,7,0,72,0,0,0,0,0,0,0,0,0,3,0,6,4,12,16,33,44,10,0,133,0,3,0,8,18,26,51,17,0,129,0,0,0,5,7,0,3,3,0,25,0,0,0,4,7,10,20,4,0,54,9,47,73,66,72,42,18,9,0,337,0,0,0,0,5,4,15,0,0,26,13,22,23,30,37,52,42,7,0,223,255,164,303,277,186,168,124,15,4,1496,101,176,396,530,514,334,158,50,10,2281,389,414,822,926,842,667,444,118,14,4639,0,0,4,22,34,70,80,10,6,222,11,33,41,38,28,29,21,3,0,200,0,0,4,5,9,19,20,4,0,59,0,0,0,0,0,0,0,0,0,0,0,4,10,8,14,15,24,0,6,74,0,0,8,3,10,13,18,3,0,57
LGA59799,0,0,0,0,0,0,0,0,0,11,0,0,0,8,4,4,0,0,0,15,0,0,0,0,0,0,0,0,0,9,0,0,0,0,0,0,0,0,0,0,0,0,0,0,0,0,0,0,0,0,0,0,0,0,3,4,3,0,0,9,0,0,0,0,0,0,0,0,0,0,0,0,0,0,0,0,0,0,0,0,0,0,3,5,0,0,0,0,0,8,0,0,0,0,0,0,0,0,0,3,0,0,0,0,0,0,0,0,0,5,0,15,54,75,45,23,0,0,0,218,0,14,44,70,43,20,4,0,0,204,0,30,99,157,103,55,14,0,0,455,0,0,0,0,0,0,0,0,0,4,0,0,0,0,0,0,0,0,0,0,0,0,0,0,0,0,0,0,0,0,0,0,0,0,0,0,0,0,0,0,0,0,0,0,0,0,0,0,0,0,0,0,0,0,0,0,0,0,0,0
