LGA_CODE_2021,Count_home_Census_Nt_0_14_yr,Count_hom_Census_Nt_15_24_yr,Count_hom_Census_Nt_25_34_yr,Count_hom_Census_Nt_35_44_yr,Count_hom_Census_Nt_45_54_yr,Count_hom_Census_Nt_55_64_yr,Count_hom_Census_Nt_65_74_yr,Count_hom_Census_Nt_75_84_yr,Count_hom_Census_Nt_85ov,Counted_home_Census_Night_Tot,VisSame_SA2_0_14_yr,VisSame_SA2_15_24_yr,VisSame_SA2_25_34_yr,VisSame_SA2_35_44_yr,VisSame_SA2_45_54_yr,VisSame_SA2_55_64_yr,VisSame_SA2_65_74_yr,VisSame_SA2_75_84_yr,VisSame_SA2_85ov,VisSame_SA2_Total,VisDiff_SA2_NSW_0_14_yr,VisDiff_SA2_NSW_15_24_yr,VisDiff_SA2_NSW_25_34_yr,VisDiff_SA2_NSW_35_44_yr,VisDiff_SA2_NSW_45_54_yr,VisDiff_SA2_NSW_55_64_yr,VisDiff_SA2_NSW_65_74_yr,VisDiff_SA2_NSW_75_84_yr,VisDiff_SA2_NSW_85ov,VisDiff_SA2_NSW_Total,VisDiff_SA2_VIC_0_14_yr,VisDiff_SA2_VIC_15_24_yr,VisDiff_SA2_VIC_25_34_yr,VisDiff_SA2_VIC_35_44_yr,VisDiff_SA2_VIC_45_54_yr,VisDiff_SA2_VIC_55_64_yr,VisDiff_SA2_VIC_65_74_yr,VisDiff_SA2_VIC_75_84_yr,VisDiff_SA2_VIC_85ov,VisDiff_SA2_VIC_Total,VisDiff_SA2_QLD_0_14_yr,VisDiff_SA2_QLD_15_24_yr,VisDiff_SA2_QLD_25_34_yr,VisDiff_SA2_QLD_35_44_yr,VisDiff_SA2_QLD_45_54_yr,VisDiff_SA2_QLD_55_64_yr,VisDiff_SA2_QLD_65_74_yr,VisDiff_SA2_QLD_75_84_yr,VisDiff_SA2_QLD_85ov,VisDiff_SA2_QLD_Total,VisDiff_SA2_SA_0_14_yr,VisDiff_SA2_SA_15_24_yr,VisDiff_SA2_SA_25_34_yr,VisDiff_SA2_SA_35_44_yr,VisDiff_SA2_SA_45_54_yr,VisDiff_SA2_SA_55_64_yr,VisDiff_SA2_SA_65_74_yr,VisDiff_SA2_SA_75_84_yr,VisDiff_SA2_SA_85ov,VisDiff_SA2_SA_Total,VisDiff_SA2_WA_0_14_yr,VisDiff_SA2_WA_15_24_yr,VisDiff_SA2_WA_25_34_yr,VisDiff_SA2_WA_35_44_yr,VisDiff_SA2_WA_45_54_yr,VisDiff_SA2_WA_55_64_yr,VisDiff_SA2_WA_65_74_yr,VisDiff_SA2_WA_75_84_yr,VisDiff_SA2_WA_85ov,VisDiff_SA2_WA_Total,VisDiff_SA2_TAS_0_14_yr,VisDiff_SA2_TAS_15_24_yr,VisDiff_SA2_TAS_25_34_yr,VisDiff_SA2_TAS_35_44_yr,VisDiff_SA2_TAS_45_54_yr,VisDiff_SA2_TAS_55_64_yr,VisDiff_SA2_TAS_65_74_yr,VisDiff_SA2_TAS_75_84_yr,VisDiff_SA2_TAS_85ov,VisDiff_SA2_TAS_Total,VisDiff_SA2_NT_0_14_yr,VisDiff_SA2_NT_15_24_yr,VisDiff_SA2_NT_25_34_yr,VisDiff_SA2_NT_35_44_yr,VisDiff_SA2_NT_45_54_yr,VisDiff_SA2_NT_55_64_yr,VisDiff_SA2_NT_65_74_yr,VisDiff_SA2_NT_75_84_yr,VisDiff_SA2_NT_85ov,VisDiff_SA2_NT_Total,VisDiff_SA2_ACT_0_14_yr,VisDiff_SA2_ACT_15_24_yr,VisDiff_SA2_ACT_25_34_yr,VisDiff_SA2_ACT_35_44_yr,VisDiff_SA2_ACT_45_54_yr,VisDiff_SA2_ACT_55_64_yr,VisDiff_SA2_ACT_65_74_yr,VisDiff_SA2_ACT_75_84_yr,VisDiff_SA2_ACT_85ov,VisDiff_SA2_ACT_Total,VisDiff_SA2_OT_0_14_yr,VisDiff_SA2_OT_15_24_yr,VisDiff_SA2_OT_25_34_yr,VisDiff_SA2_OT_35_44_yr,VisDiff_SA2_OT_45_54_yr,VisDiff_SA2_OT_55_64_yr,VisDiff_SA2_OT_65_74_yr,VisDiff_SA2_OT_75_84_yr,VisDiff_SA2_OT_85ov,VisDiff_SA2_OT_Total,VisDiff_SA2_Tot_0_14_yr,VisDiff_SA2_Tot_15_24_yr,VisDiff_SA2_Tot_25_34_yr,VisDiff_SA2_Tot_35_44_yr,VisDiff_SA2_Tot_45_54_yr,VisDiff_SA2_Tot_55_64_yr,VisDiff_SA2_Tot_65_74_yr,VisDiff_SA2_Tot_75_84_yr,VisDiff_SA2_Tot_85ov,VisDiff_SA2_Tot_Total,Vis_Tot_Visitrs_0_14_yr,Vis_Tot_Visitrs_15_24_yr,Vis_Tot_Visitrs_25_34_yr,Vis_Tot_Visitrs_35_44_yr,Vis_Tot_Visitrs_45_54_yr,Vis_Tot_Visitrs_55_64_yr,Vis_Tot_Visitrs_65_74_yr,Vis_Tot_Visitrs_75_84_yr,Vis_Tot_Visitrs_85ov,Vis_Tot_Visitrs_Total,Total_0_14_yr,Total_15_24_yr,Total_25_34_yr,Total_35_44_yr,Total_45_54_yr,Total_55_64_yr,Total_65_74_yr,Total_75_84_yr,Total_85ov,Total_Total
LGA50080,6573,3891,3842,3930,4579,4891,4326,2652,1087,35772,6,13,7,9,12,24,19,15,7,111,7,0,3,4,0,8,14,0,0,45,0,0,3,6,0,13,13,0,0,33,6,0,3,3,8,7,3,0,0,30,0,4,5,0,0,0,0,0,0,12,205,289,287,265,284,333,201,109,45,2024,0,5,0,0,0,0,3,0,0,9,0,0,0,0,0,3,3,0,0,3,0,0,0,0,0,0,0,0,0,0,0,0,0,0,0,0,0,0,0,0,216,299,304,280,296,366,245,112,45,2161,226,306,310,289,304,394,270,124,58,2272,6798,4196,4154,4214,4881,5284,4591,2784,1144,38047
LGA50210,21719,10278,13420,14832,10433,8824,6697,3164,967,90345,26,15,20,16,6,16,18,8,3,130,4,5,5,3,3,0,4,0,0,30,0,5,0,8,0,3,0,0,0,23,4,0,9,6,0,0,3,0,0,22,0,0,0,0,0,3,3,4,0,15,262,286,260,202,192,160,146,89,57,1656,0,0,0,0,0,5,4,0,0,10,0,0,0,0,0,0,0,0,0,3,0,0,0,0,0,0,0,0,0,4,0,0,0,0,0,0,0,0,0,3,270,301,272,219,204,175,162,93,58,1758,289,312,296,237,209,194,181,112,60,1892,22012,10594,13720,15076,10646,9021,6873,3278,1023,92236
LGA50250,1611,601,1402,1372,951,681,181,50,8,6859,3,5,0,3,4,0,0,0,0,10,20,4,33,58,40,74,54,10,0,307,13,0,13,31,54,63,80,6,0,255,9,10,37,75,90,83,31,17,0,355,19,0,24,36,44,35,35,0,0,187,67,430,1583,1469,1666,1337,651,162,8,7372,6,0,10,9,17,10,4,0,0,53,5,0,8,5,5,6,4,0,0,27,3,0,0,0,0,0,0,0,0,8,0,0,0,0,0,0,0,0,0,0,144,454,1709,1685,1913,1612,848,192,8,8567,146,451,1712,1686,1921,1612,848,192,8,8578,1763,1055,3120,3053,2872,2293,1033,233,18,15435
LGA50280,3262,1154,1518,2375,2197,1928,1588,675,262,14963,8,4,5,12,9,14,11,4,0,62,3,0,7,5,0,7,0,0,0,24,0,0,0,0,0,6,11,0,0,27,0,0,7,5,3,11,12,0,0,43,0,3,0,3,11,0,0,3,0,25,97,90,207,148,155,265,208,56,14,1241,0,0,0,0,3,6,0,0,0,12,0,0,3,0,3,0,0,0,0,13,0,0,0,0,0,0,6,0,0,3,0,0,0,0,0,0,0,0,0,5,105,100,232,160,173,305,244,62,18,1392,112,102,235,171,184,318,256,68,18,1458,3371,1253,1755,2546,2381,2248,1843,741,286,16423
LGA50350,2736,1543,2098,2276,2023,1873,1494,795,341,15180,0,3,3,3,5,0,8,0,0,29,0,0,0,3,0,0,0,0,0,11,0,0,0,0,0,0,0,0,0,5,0,0,0,0,0,0,0,0,0,3,0,0,0,0,0,0,0,0,0,0,38,54,46,29,46,36,18,16,10,293,0,0,0,0,0,4,0,0,0,5,0,0,0,0,0,0,0,0,0,0,0,0,0,0,0,0,0,0,0,0,0,0,0,0,0,0,0,0,0,0,38,54,45,41,46,38,21,21,10,314,44,61,47,38,48,44,30,19,13,340,2779,1604,2142,2316,2070,1915,1518,815,353,15517
LGA50420,10838,7030,10981,10162,8314,7377,6269,3680,1561,66209,6,0,13,14,12,19,15,15,0,88,3,3,6,5,8,8,0,4,0,37,0,8,11,4,4,6,4,0,3,45,0,0,0,0,4,0,3,0,0,15,0,0,0,0,0,0,0,0,0,11,151,222,261,195,170,149,128,89,67,1425,0,0,0,0,0,3,4,0,0,7,3,0,5,0,6,0,0,0,0,14,0,0,3,0,0,0,0,0,0,0,0,0,0,0,0,0,0,0,0,0,160,235,282,212,186,169,145,102,65,1553,167,237,300,219,199,186,157,114,68,1642,11004,7264,11283,10380,8510,7565,6425,3793,1627,67849
LGA50490,6601,4689,8012,6204,4699,4178,3089,1747,852,40070,12,0,14,8,3,5,11,9,3,66,0,4,16,10,19,8,4,0,0,64,0,4,16,13,16,17,12,0,0,77,0,8,22,27,24,24,9,0,0,117,0,3,11,17,34,12,3,0,0,85,118,205,283,193,177,163,73,33,15,1252,0,3,10,7,7,6,10,3,0,44,0,0,8,3,0,3,0,0,0,15,0,0,0,0,0,0,0,0,0,0,0,0,0,0,0,0,0,0,0,0,121,227,354,275,283,234,119,39,11,1660,127,228,369,282,289,241,127,48,13,1723,6730,4915,8381,6485,4985,4417,3207,1794,868,41791
LGA50560,202,88,113,143,203,269,305,155,47,1542,0,0,0,0,0,0,6,0,0,8,0,0,0,0,0,0,5,0,0,5,0,0,0,0,0,0,0,0,0,0,0,0,0,0,0,0,0,0,0,0,0,0,0,0,0,0,0,0,0,0,0,7,0,8,9,11,14,0,0,60,0,0,0,0,0,0,0,0,0,0,0,0,0,0,0,0,0,0,0,0,0,0,0,0,0,0,0,0,0,0,0,0,0,0,0,0,0,0,0,0,0,7,0,8,9,11,17,0,0,64,0,6,0,8,8,11,24,7,0,75,207,101,117,155,212,284,333,164,50,1616
LGA50630,366,108,170,203,220,232,181,82,20,1582,0,0,0,0,0,0,0,0,0,3,0,0,0,0,0,0,0,0,0,0,0,0,0,0,0,0,4,0,0,4,0,0,0,0,0,0,3,0,0,4,0,0,0,0,0,0,0,0,0,0,5,31,73,94,109,85,9,0,0,410,0,0,0,0,0,0,0,0,0,3,0,0,0,0,0,0,0,0,0,0,0,0,0,0,0,0,0,0,0,0,0,0,0,0,0,0,0,0,0,0,5,31,78,94,110,90,15,0,0,416,8,31,78,94,110,94,20,0,0,423,375,138,244,294,324,324,199,83,20,2005
LGA50770,359,121,117,202,222,276,212,155,30,1691,0,0,0,0,4,0,3,0,0,5,0,0,0,0,0,0,0,0,0,0,0,0,0,0,0,0,0,0,0,0,0,0,0,0,0,0,0,0,0,0,0,0,0,0,0,0,0,0,0,0,7,13,12,4,7,17,22,5,0,84,0,0,0,0,0,0,0,0,0,0,0,0,0,0,0,0,0,0,0,0,0,0,0,0,0,0,0,0,0,0,0,0,0,0,0,0,0,0,0,0,7,13,12,4,7,21,22,5,0,89,7,13,12,8,7,21,21,5,0,92,364,136,128,208,231,291,237,163,32,1784
LGA50840,849,365,350,490,636,804,833,391,89,4821,0,0,0,0,0,3,5,0,0,17,0,0,0,0,0,0,0,0,0,0,0,0,0,0,0,0,0,0,0,0,0,0,3,4,3,3,0,0,0,12,0,0,0,0,0,0,0,0,0,0,11,22,56,45,44,69,39,14,15,316,0,0,0,0,0,0,0,0,0,0,0,0,0,0,0,0,0,0,0,0,0,0,0,0,0,0,0,0,0,0,0,0,0,0,0,0,0,0,0,0,11,22,59,52,45,77,39,14,15,336,11,28,62,52,53,83,41,14,14,353,865,395,408,539,693,887,875,403,104,5172
LGA50910,149,59,62,98,127,117,116,83,41,861,0,0,0,0,0,0,0,0,0,0,0,0,0,0,0,0,0,0,0,0,0,0,0,0,0,0,0,0,0,0,0,0,0,0,0,0,0,0,0,0,0,0,0,0,0,0,0,0,0,0,6,8,8,0,7,8,5,5,0,37,0,0,0,0,0,0,0,0,0,0,0,0,0,0,0,0,0,0,0,0,0,0,0,0,0,0,0,0,0,0,0,0,0,0,0,0,0,0,0,0,6,8,9,5,7,8,5,5,0,41,6,8,9,5,7,8,3,5,0,41,157,63,77,98,135,126,121,86,41,905
LGA50980,3851,1698,2642,2524,2095,1639,862,256,64,15631,22,13,15,17,17,19,13,10,0,119,81,26,62,69,71,135,148,19,3,615,150,14,50,108,78,254,347,68,0,1077,67,3,48,57,40,130,138,17,0,504,32,11,18,27,38,74,122,26,0,348,395,367,667,556,713,1409,1950,708,59,6822,17,4,20,13,12,35,48,5,0,143,8,9,36,15,12,12,0,6,0,97,12,0,0,18,4,13,9,0,0,47,0,0,0,0,0,0,0,0,0,0,762,435,893,845,969,2054,2758,849,70,9645,780,447,913,860,989,2076,2763,854,72,9764,4631,2146,3558,3382,3083,3717,3626,1114,138,25391
LGA51080,219,80,108,125,119,168,97,53,7,975,0,0,0,0,0,0,4,3,0,6,0,0,0,0,0,0,0,0,0,0,0,0,0,0,0,0,0,0,0,0,0,0,0,0,0,0,0,0,0,0,0,0,0,0,0,0,0,0,0,0,3,3,5,3,3,6,0,0,0,28,0,0,0,0,0,0,0,0,0,0,0,0,0,0,0,0,0,0,0,0,0,0,0,0,0,0,0,0,0,0,0,0,0,0,0,0,0,0,0,0,3,3,5,3,3,6,0,0,0,28,3,4,8,3,3,6,3,4,0,38,224,86,116,127,123,177,98,55,14,1017
LGA51120,179,73,80,104,105,121,132,63,26,890,0,0,0,0,0,0,3,0,0,3,0,0,0,0,0,0,0,0,0,0,0,0,0,0,0,0,0,0,0,0,0,0,0,0,0,0,0,0,0,0,0,0,0,0,0,0,0,0,0,0,0,10,21,10,11,18,0,4,0,69,0,0,0,0,0,0,0,0,0,0,0,0,0,0,0,0,0,0,0,0,0,0,0,0,0,0,0,0,0,0,0,0,0,0,0,0,0,0,0,0,0,10,21,7,11,18,0,4,0,71,0,10,23,7,11,18,5,4,0,75,179,80,108,113,123,137,136,64,23,968
LGA51190,5305,3331,3903,3815,3992,4025,3475,2001,905,30744,3,3,8,0,10,20,16,7,3,83,0,3,4,0,0,3,7,0,0,21,0,5,10,9,9,14,3,0,0,44,4,0,0,8,4,5,0,0,0,24,4,0,5,0,0,0,0,0,0,11,106,201,244,218,232,241,123,51,45,1467,0,0,0,0,0,3,3,0,0,13,0,0,4,3,0,0,0,0,0,10,0,0,0,0,0,0,0,0,0,0,0,0,0,0,0,0,4,0,0,0,114,210,260,236,248,272,150,54,51,1592,121,216,270,233,258,287,169,63,58,1673,5429,3551,4177,4049,4247,4309,3640,2064,957,32415
LGA51260,7426,3397,3407,4679,4990,4667,4728,2610,984,36891,14,3,11,13,14,21,34,25,3,131,0,4,4,7,4,8,5,0,0,33,3,0,9,4,0,8,9,0,0,35,5,0,10,6,3,12,19,4,0,54,5,0,0,0,14,8,0,0,0,28,284,248,378,320,311,538,534,199,48,2855,0,0,0,0,3,9,0,0,0,14,0,0,0,0,0,4,0,0,0,6,0,3,0,0,0,0,0,0,0,9,0,0,0,0,0,0,0,0,0,0,301,260,404,339,333,579,569,203,49,3033,314,261,412,347,351,599,604,230,54,3162,7738,3657,3812,5029,5335,5270,5335,2839,1039,40061
LGA51310,5570,3325,2605,3579,4186,3404,2402,1525,927,27515,0,0,4,3,0,0,8,0,0,24,0,9,3,9,0,3,7,3,0,31,0,3,5,0,0,4,9,4,0,26,0,0,0,0,0,0,0,0,0,0,0,0,0,0,0,0,5,0,0,8,104,89,116,102,91,83,102,80,26,798,0,0,0,0,0,6,0,0,0,12,0,0,0,0,0,4,5,0,0,5,0,0,0,0,0,0,0,0,0,0,0,0,0,0,0,0,0,0,0,0,110,103,125,113,97,99,119,92,29,884,112,103,127,116,97,100,129,93,32,907,5679,3421,2729,3693,4281,3505,2526,1618,957,28418
LGA51330,17194,13259,14165,13499,11252,9627,7739,4139,1529,92399,3,9,12,7,11,13,24,9,4,98,7,8,13,9,5,6,3,0,0,45,4,0,15,6,9,7,7,0,0,42,3,0,0,11,4,5,0,4,0,33,0,4,3,3,3,3,0,0,0,15,184,281,280,189,154,125,111,55,32,1408,0,0,0,0,0,4,0,0,0,3,0,0,4,0,0,4,3,0,0,8,0,0,0,0,0,0,0,0,0,4,6,0,0,0,0,5,0,0,0,15,195,305,313,211,168,154,126,64,34,1577,203,314,327,218,178,171,151,75,36,1674,17397,13571,14490,13722,11426,9792,7894,4215,1562,94067
LGA51400,3955,2136,1724,2280,2530,2087,1499,640,126,16980,3,0,0,3,11,3,8,3,0,36,0,0,0,3,3,0,0,0,0,8,4,0,3,4,0,5,3,0,0,15,0,0,0,0,0,4,0,0,0,7,0,0,0,0,0,0,0,0,0,4,58,81,70,47,41,49,28,11,6,390,0,0,0,0,0,0,0,0,0,0,0,0,0,0,0,0,0,0,0,0,0,0,0,0,0,0,0,0,0,0,0,0,0,0,0,0,0,0,0,0,67,81,71,52,44,57,36,16,6,428,69,86,75,50,51,63,41,20,6,467,4024,2215,1802,2335,2583,2154,1538,662,132,17447
LGA51470,66,37,48,81,58,79,77,33,10,492,0,0,0,0,0,0,0,0,0,0,0,0,0,0,0,0,0,0,0,7,0,0,0,0,0,0,0,0,0,0,0,0,0,0,0,0,0,0,0,0,0,0,0,0,0,0,0,0,0,4,5,12,7,7,8,13,20,6,0,73,0,0,0,0,0,0,0,0,0,0,0,0,0,0,0,0,0,0,0,0,0,0,0,0,0,0,0,0,0,0,0,0,0,0,0,0,0,0,0,0,5,12,7,7,11,15,20,7,0,77,5,12,7,7,11,12,20,7,0,83,66,48,54,90,68,97,93,47,4,567
LGA51540,918,520,656,581,717,683,493,225,65,4851,5,3,6,3,5,10,11,3,0,50,18,3,23,16,17,47,63,4,0,196,32,8,7,23,6,42,86,5,0,210,14,3,7,8,7,36,36,3,0,112,5,0,0,8,8,28,42,13,0,97,191,76,204,205,218,486,814,344,35,2570,0,0,0,5,0,12,16,0,0,35,3,0,3,8,0,4,0,0,0,21,4,3,0,0,0,4,0,0,0,17,0,0,0,0,0,0,0,0,0,0,271,95,256,269,258,655,1062,370,35,3268,274,99,262,272,262,659,1073,373,34,3311,1194,619,914,851,972,1348,1569,593,98,8164
LGA51610,313,132,117,181,250,227,162,56,9,1443,0,0,0,0,0,0,0,0,0,0,0,0,0,0,0,4,0,0,0,4,0,0,0,0,0,0,0,0,0,0,0,0,0,0,0,0,0,0,0,0,0,0,0,0,0,4,0,0,0,0,0,7,0,9,4,15,21,7,0,73,0,0,0,0,0,0,0,0,0,0,0,0,0,0,0,0,0,0,0,0,0,0,3,0,0,0,0,0,0,3,0,0,0,0,0,0,0,0,0,0,0,7,5,9,4,23,22,7,0,86,0,7,5,9,4,23,22,7,0,86,316,141,116,192,253,250,187,66,9,1530
LGA51680,1086,608,449,640,860,905,595,288,66,5504,0,4,0,0,5,5,3,3,0,18,0,4,0,0,0,0,3,0,0,4,0,5,0,0,0,4,0,0,0,10,0,0,0,0,0,0,0,5,0,5,0,0,0,0,0,0,0,0,0,0,30,34,28,15,15,21,16,6,0,171,0,0,0,0,0,0,0,0,0,0,0,0,0,0,0,0,0,0,0,0,0,0,0,0,0,0,0,0,0,0,0,0,0,0,0,0,0,0,0,0,30,37,28,19,16,24,25,8,0,189,30,45,28,19,16,29,26,11,3,206,1112,652,474,655,883,935,623,298,74,5707
LGA51710,279,121,314,264,250,183,165,31,4,1598,0,6,0,0,3,0,0,0,0,9,0,0,4,12,11,0,0,0,0,30,0,8,8,0,0,0,0,0,0,13,0,4,18,10,20,8,4,0,0,55,0,0,0,0,7,0,0,0,0,10,8,21,39,33,30,71,38,15,0,240,0,0,0,0,0,0,0,0,0,0,0,0,0,0,0,0,0,0,0,0,0,0,0,0,4,0,0,0,0,4,0,0,3,0,0,5,0,0,0,10,9,26,72,54,70,82,40,15,0,374,9,29,79,54,68,82,47,16,0,380,280,155,392,321,318,264,205,42,4,1979
LGA51750,1721,1501,1103,1116,1400,1200,1104,962,511,10626,4,3,3,3,0,6,0,0,0,30,0,4,4,3,0,0,0,0,0,12,6,0,5,0,0,3,0,0,0,8,0,0,0,0,0,0,0,0,0,9,0,0,0,0,0,0,0,0,0,0,45,45,39,32,32,24,18,20,6,264,0,0,0,0,0,0,4,0,0,3,0,0,0,0,0,0,0,0,0,0,0,0,0,0,0,0,0,0,0,0,0,0,0,0,0,0,0,0,0,0,47,53,41,34,33,25,26,24,6,295,51,53,45,42,38,31,29,27,6,327,1773,1558,1155,1159,1434,1234,1133,991,522,10949
LGA51820,22591,13416,16857,17573,15006,12149,8916,4537,1742,112793,9,6,19,11,10,21,18,16,10,116,3,5,7,3,10,9,10,0,0,47,0,4,14,8,11,13,15,4,0,71,10,3,8,7,0,3,8,0,0,43,5,3,7,5,0,5,0,0,0,25,282,393,355,279,226,270,234,132,44,2222,4,0,5,3,0,7,4,0,0,28,0,0,0,5,4,0,0,0,0,13,0,0,0,0,0,0,4,0,0,7,0,0,0,0,0,0,0,0,0,5,304,419,389,315,251,317,278,139,44,2461,316,419,407,327,265,332,297,152,56,2575,22912,13834,17264,17903,15271,12482,9213,4689,1796,115368
LGA51860,123,41,61,74,54,106,53,32,10,546,4,0,0,7,0,0,0,0,0,6,0,0,0,0,0,5,0,0,0,4,0,0,0,0,0,0,4,0,0,4,0,0,0,0,0,0,0,0,0,0,0,0,0,0,0,0,0,0,0,0,8,7,18,7,20,36,35,13,0,138,0,0,0,0,0,0,0,0,0,0,0,0,0,0,0,0,0,0,0,0,0,0,0,0,0,0,0,0,0,0,0,0,0,0,3,3,0,0,0,3,8,7,18,7,31,36,41,13,0,147,8,11,18,10,31,36,41,13,0,160,128,52,77,84,76,143,89,42,10,709
LGA51890,1508,851,830,912,1052,1180,1090,532,172,8126,14,6,10,4,0,0,11,3,0,42,0,0,0,5,0,3,0,0,0,7,0,0,0,0,5,0,0,0,0,3,0,0,0,0,0,0,0,0,0,3,0,0,0,0,0,0,0,0,0,5,34,56,66,64,54,64,24,14,7,384,0,0,0,0,0,0,0,0,0,6,0,0,0,0,0,0,0,0,0,0,0,0,0,0,0,0,0,0,0,0,0,0,0,0,0,0,0,0,0,0,34,54,68,72,59,79,26,14,7,413,44,59,75,71,65,79,36,21,7,455,1551,912,902,993,1117,1257,1124,548,179,8585
LGA51960,669,391,441,447,507,483,277,82,14,3315,0,0,0,0,3,0,0,0,0,4,0,0,7,0,0,0,4,0,0,16,0,0,3,0,5,13,11,0,0,38,0,0,11,10,0,3,4,0,0,37,0,0,4,0,0,0,7,0,0,15,19,73,301,223,249,138,36,3,0,1044,0,0,0,3,0,4,0,0,0,5,0,0,3,0,4,0,0,0,0,8,0,0,0,0,0,0,0,0,0,0,0,0,0,0,0,0,0,0,0,0,19,72,327,239,267,163,64,8,0,1155,19,76,327,236,269,163,64,8,0,1168,686,464,765,684,780,645,339,88,14,4478
LGA52030,124,47,82,77,98,190,185,97,21,934,0,0,0,0,0,3,0,0,0,8,0,0,0,4,0,0,0,0,0,10,0,0,0,0,0,3,0,0,0,5,0,0,0,0,0,7,0,0,0,7,0,0,0,0,0,0,0,0,0,3,13,9,5,5,10,23,18,0,3,88,0,0,0,0,0,0,0,0,0,0,0,0,0,0,0,0,0,0,0,0,0,0,0,0,0,0,4,0,0,4,0,0,0,0,0,0,0,0,0,0,10,5,5,10,12,33,27,6,3,117,10,5,5,10,12,37,27,6,3,120,137,59,87,92,109,224,214,103,23,1052
LGA52100,167,67,94,110,102,118,143,65,35,903,0,0,0,0,0,0,0,0,0,0,0,0,0,0,0,0,0,0,0,0,0,0,0,0,0,0,0,0,0,0,0,0,0,0,0,0,0,0,0,0,0,0,0,0,0,0,0,0,0,0,0,8,8,3,11,10,6,4,0,54,0,0,0,0,0,0,0,0,0,0,0,0,0,0,0,0,0,0,0,0,0,0,0,0,0,0,0,0,0,0,0,0,0,0,0,0,0,0,0,0,0,8,8,3,11,15,6,4,0,56,0,8,13,3,11,9,8,4,0,58,167,79,109,116,113,134,152,68,38,964
LGA52170,1209,957,768,784,1042,1015,863,521,203,7364,0,0,0,0,0,0,0,3,0,11,0,6,5,0,0,3,0,4,0,27,0,0,5,0,5,3,0,0,0,16,0,0,0,0,0,0,0,0,0,3,0,0,0,0,0,0,0,0,0,0,35,30,48,27,30,14,16,12,0,220,0,0,0,0,0,0,4,0,0,5,0,0,0,0,0,0,0,0,0,0,0,0,0,0,0,0,0,0,0,0,0,0,0,0,0,0,0,0,0,0,35,45,60,32,37,19,26,13,0,269,35,45,56,31,33,19,26,19,6,279,1245,1004,827,811,1082,1037,890,541,205,7636
LGA52240,195,68,86,123,133,165,124,74,12,975,0,0,0,0,0,0,5,0,0,9,0,0,0,0,0,0,0,0,0,3,0,0,0,3,0,0,0,0,0,3,0,0,0,0,0,0,0,0,0,0,0,0,0,0,0,0,0,0,0,0,3,11,5,7,14,8,7,0,0,55,0,0,0,0,0,0,0,0,0,0,0,0,0,0,0,0,0,0,0,0,0,0,0,0,0,0,0,0,0,0,0,0,0,0,0,0,0,0,0,0,3,11,5,10,17,10,10,0,0,61,3,13,5,10,22,10,14,0,0,68,200,79,87,133,156,173,135,78,12,1043
LGA52310,135,65,70,71,126,154,128,60,12,828,0,0,0,0,0,0,0,0,0,8,0,0,0,0,0,0,0,0,0,0,0,0,0,0,0,0,0,0,0,0,0,0,0,0,0,0,0,0,0,0,0,0,0,0,0,0,0,0,0,0,4,0,7,0,0,3,3,0,0,25,0,0,0,0,0,0,0,0,0,3,0,0,0,0,0,0,0,0,0,0,0,0,0,0,0,0,0,0,0,0,0,0,0,0,0,0,0,0,0,0,4,0,7,0,0,7,5,0,0,32,3,4,3,0,0,6,6,0,0,39,141,65,79,72,128,161,138,60,12,864
LGA52380,4,17,35,20,31,31,48,8,0,198,0,0,0,0,0,0,0,0,0,0,0,0,0,3,0,3,3,6,0,19,0,0,0,4,0,9,0,0,0,13,0,0,0,6,0,0,0,0,0,14,0,0,0,0,0,0,0,0,0,3,0,24,64,44,61,68,28,13,0,308,0,0,0,0,0,0,8,0,0,5,0,0,0,0,0,0,0,0,0,0,0,0,0,0,0,0,0,0,0,0,0,0,0,0,0,0,0,0,0,0,0,24,72,55,70,80,41,20,0,365,0,24,72,55,70,80,41,20,0,365,8,45,102,74,102,110,89,29,0,559
LGA52450,257,179,138,141,129,138,126,57,23,1189,0,0,0,0,0,0,0,0,0,5,0,0,0,0,0,0,0,0,0,0,0,0,0,0,0,0,0,0,0,0,0,0,0,0,0,3,0,0,0,3,0,0,0,0,0,0,0,0,0,3,3,78,11,6,9,10,3,0,0,119,0,0,0,0,0,0,0,0,0,0,0,0,0,0,0,0,0,0,0,0,0,0,0,0,0,0,0,0,0,0,0,0,0,0,0,0,0,0,0,0,3,78,11,6,9,13,6,0,0,123,5,76,8,6,9,13,6,0,0,128,259,254,149,147,138,153,136,62,24,1318
LGA52520,275,107,157,196,144,194,108,58,30,1265,0,0,0,0,0,0,0,0,0,8,0,0,0,0,0,0,0,0,0,0,0,0,0,0,0,0,0,0,0,0,0,0,0,0,0,0,0,0,0,0,0,0,6,0,0,0,0,0,0,6,20,7,9,9,17,24,20,9,0,113,0,0,0,0,0,0,0,0,0,0,0,0,0,0,0,0,0,0,0,0,0,0,0,0,0,0,0,0,0,0,0,0,0,0,0,0,0,0,0,0,20,7,13,9,17,24,20,9,0,124,20,5,13,9,17,24,20,9,0,121,298,113,169,206,151,219,131,74,32,1392
LGA52590,439,182,330,332,351,505,497,235,64,2922,0,0,0,4,0,8,9,0,0,17,3,0,0,3,0,4,5,0,0,19,7,0,4,0,0,0,18,0,0,30,0,0,0,3,0,6,7,0,0,18,0,0,0,0,3,5,12,0,0,22,31,60,83,68,118,115,96,26,6,598,0,0,3,0,0,0,0,0,0,3,0,0,0,0,0,0,0,0,0,3,0,0,0,0,0,5,3,0,0,5,0,0,0,0,0,0,0,0,0,0,39,66,90,76,116,135,145,24,6,703,39,67,94,80,120,140,150,27,11,720,480,253,421,412,474,645,641,263,70,3649
LGA52660,2934,1440,1697,1799,1723,1599,1315,828,325,13656,5,3,5,0,3,3,0,11,8,40,0,0,0,0,0,0,4,0,0,3,0,0,0,0,0,0,0,0,0,8,0,0,3,0,0,0,3,0,0,8,0,0,0,0,0,0,0,0,0,0,52,61,45,43,36,52,43,16,19,371,0,0,0,0,0,4,0,0,0,4,0,0,0,0,0,0,0,0,0,0,0,0,0,0,0,0,0,0,0,0,0,0,0,0,0,0,0,0,0,0,52,61,54,43,38,58,54,16,22,388,55,62,56,47,44,59,60,26,27,431,2987,1500,1747,1842,1770,1662,1372,856,358,14086
LGA52730,1044,464,351,629,739,898,893,488,145,5652,7,0,0,3,3,0,4,8,0,22,4,0,0,5,0,4,14,0,0,22,0,0,0,0,0,0,12,0,0,15,0,0,0,0,0,5,0,0,0,8,0,0,0,0,3,4,0,7,0,15,46,55,79,92,78,109,78,41,18,594,0,0,0,0,0,0,0,0,0,0,0,0,0,0,0,0,0,0,0,0,0,0,0,0,0,0,0,0,0,0,0,0,0,0,0,0,0,0,0,0,52,55,79,90,78,124,105,44,18,658,56,56,79,92,88,128,111,45,18,678,1099,523,435,727,823,1025,1002,538,160,6328
LGA52800,1547,955,1188,910,773,716,388,110,28,6612,9,10,9,4,9,6,0,3,0,50,25,4,34,17,21,54,82,3,0,246,56,17,19,54,35,94,87,7,0,372,21,14,20,25,27,67,62,9,0,242,7,8,8,10,15,36,46,17,0,134,100,127,256,185,276,267,258,54,7,1517,5,0,7,4,5,11,3,0,0,31,0,7,4,0,4,4,3,0,0,28,0,0,0,0,6,9,3,0,0,19,0,0,0,0,0,0,0,0,0,0,212,175,344,287,377,547,547,89,7,2581,215,184,352,293,384,551,548,91,7,2631,1761,1139,1546,1205,1161,1265,936,198,34,9242
LGA52870,1011,479,449,632,768,907,855,435,122,5650,0,0,4,5,0,0,9,0,0,17,0,0,0,0,0,0,0,0,0,0,5,4,0,3,0,0,7,0,0,17,0,0,0,0,0,0,0,0,0,4,0,0,0,0,0,0,0,0,0,0,11,57,34,15,32,38,35,18,0,236,0,0,0,0,0,0,0,0,0,4,0,0,0,0,0,0,0,0,0,0,0,0,0,0,0,0,0,0,0,0,0,0,0,0,0,0,0,0,0,0,17,56,40,17,31,42,40,16,0,261,17,62,42,21,32,42,50,16,0,281,1024,537,483,649,801,949,903,454,120,5931
LGA52940,141,53,48,84,83,78,115,40,12,650,0,0,0,0,0,0,0,0,0,0,0,0,0,0,0,0,0,0,0,0,0,0,0,0,0,0,0,0,0,0,0,0,0,0,0,0,0,0,0,0,0,0,0,0,0,0,0,0,0,0,0,10,7,0,12,10,3,0,0,34,0,0,0,0,0,0,0,0,0,0,0,0,0,0,0,0,0,0,0,0,0,0,0,0,0,0,0,0,0,0,0,0,0,0,0,0,0,0,0,0,0,10,7,0,12,10,3,0,0,34,0,10,7,3,12,10,3,0,0,39,139,55,51,83,96,86,119,38,10,685
LGA53010,123,28,63,86,88,101,80,38,6,615,0,0,0,0,0,0,0,0,0,3,0,0,0,0,0,0,0,0,0,0,0,0,0,0,0,0,0,0,0,0,0,0,0,0,0,0,0,0,0,4,0,0,0,0,0,0,0,0,0,0,0,3,12,11,18,7,0,0,0,51,0,0,0,0,0,0,0,0,0,0,0,0,0,0,0,0,0,0,0,0,0,0,0,0,0,0,0,0,0,0,0,0,0,0,0,0,0,0,0,0,0,3,12,11,16,9,4,0,0,55,0,3,12,11,16,9,5,0,0,59,123,39,77,96,103,112,83,38,4,670
LGA53080,74,60,90,52,89,106,80,42,3,602,0,0,0,0,5,0,0,0,0,4,0,0,3,0,4,3,9,4,0,22,0,0,0,3,4,6,14,0,0,38,0,0,0,5,4,3,27,0,0,28,4,0,0,0,8,0,6,0,0,25,3,31,66,43,102,50,19,0,0,320,0,0,0,0,0,3,0,0,0,3,0,0,0,0,0,0,0,0,0,0,0,0,0,0,0,0,0,0,0,0,0,0,0,0,0,0,0,0,0,0,10,31,71,50,125,75,81,3,0,439,9,31,71,54,129,75,81,3,0,448,87,83,159,105,213,188,161,46,10,1048
LGA53150,1348,869,664,867,1128,1012,792,450,251,7393,0,0,3,0,0,0,0,0,0,10,0,3,0,0,3,0,3,0,0,10,5,0,10,0,0,0,3,0,0,17,0,0,0,0,4,0,0,0,0,4,0,0,0,0,0,0,0,0,0,5,6,24,33,19,23,27,9,15,7,164,0,0,0,0,0,0,0,0,0,0,0,0,0,0,0,4,0,0,0,4,0,0,0,0,0,0,0,0,0,0,0,0,0,0,0,0,0,0,0,0,11,22,39,28,28,34,21,14,7,201,11,22,46,26,28,33,21,13,7,211,1362,895,710,893,1156,1046,813,463,259,7605
LGA53220,1504,976,2208,1933,1408,978,232,40,13,9286,4,3,6,11,11,6,0,0,0,45,3,16,48,39,37,38,19,4,0,207,8,3,33,35,57,69,18,4,0,229,3,7,65,107,113,99,34,3,0,430,4,5,26,29,31,49,16,0,0,162,26,583,2551,2504,2377,1550,471,75,0,10128,0,0,7,14,12,14,9,0,0,61,0,3,5,12,7,16,3,0,0,47,4,0,0,4,0,0,0,0,0,16,0,0,0,0,0,0,0,0,0,0,57,607,2738,2746,2638,1834,575,85,0,11281,65,616,2747,2755,2655,1837,575,88,0,11329,1566,1584,4953,4692,4062,2818,805,125,9,20614
LGA53290,2621,1351,1420,1533,1703,1652,1292,840,267,12667,5,7,3,6,13,16,12,0,5,61,5,5,4,7,13,12,20,9,0,68,0,0,6,3,0,9,10,0,0,34,0,0,3,0,0,12,11,0,0,36,0,0,6,0,0,9,8,5,0,24,84,162,128,113,150,153,103,47,14,949,0,0,0,0,0,6,0,0,0,10,0,0,0,0,0,0,0,0,0,4,0,0,0,0,0,0,0,0,0,0,0,0,0,0,0,0,0,0,0,0,87,166,146,127,158,202,160,53,14,1127,96,175,151,130,168,213,172,53,18,1186,2717,1529,1568,1660,1867,1872,1461,895,284,13849
LGA53360,539,289,492,442,387,340,218,95,16,2820,0,0,3,0,0,0,0,0,0,5,28,8,7,20,15,34,36,4,0,158,39,4,22,30,23,39,63,5,0,239,5,7,13,5,6,27,39,3,0,93,9,9,11,10,10,21,30,5,0,102,214,143,348,251,274,541,859,301,31,2959,6,6,0,7,4,16,16,3,0,55,0,0,0,0,0,13,5,0,0,14,6,0,0,3,10,0,0,0,0,21,0,0,0,0,0,0,0,0,0,0,314,182,405,322,348,683,1049,324,31,3638,314,181,403,322,348,680,1049,324,31,3640,844,470,898,768,731,1025,1265,416,44,6465
LGA53430,4454,2986,4086,4190,4039,4098,3339,1789,817,29795,4,0,6,8,0,9,5,11,4,42,4,45,71,29,24,13,15,4,0,192,3,0,16,11,11,13,14,3,0,81,0,0,4,21,9,26,3,0,0,62,0,0,3,3,0,3,0,0,0,20,94,195,210,172,199,172,125,80,55,1300,0,3,0,0,4,5,9,0,0,19,0,0,4,7,0,0,0,0,0,11,0,0,0,4,0,0,0,0,0,10,0,0,0,0,0,0,0,0,0,0,103,245,305,244,245,237,178,93,55,1694,106,249,306,248,246,246,186,97,61,1744,4560,3234,4389,4443,4284,4344,3522,1892,876,31539
LGA53570,745,412,519,502,664,783,831,420,76,4963,0,4,5,0,0,0,3,7,0,24,0,0,0,0,0,0,0,0,0,3,0,0,3,0,0,4,4,0,0,11,0,0,3,0,0,0,0,0,0,3,0,0,0,0,3,0,0,0,0,3,18,37,30,26,40,45,62,23,8,286,0,3,19,8,0,0,4,0,0,37,6,0,0,0,0,0,0,0,0,0,0,0,0,0,0,0,0,0,0,0,0,0,0,0,0,0,0,0,0,0,24,46,59,31,38,48,70,23,8,349,24,51,64,33,44,48,74,34,6,376,774,456,581,540,707,837,905,451,84,5336
LGA53640,244,87,170,151,137,164,131,34,8,1133,0,0,0,0,0,0,0,0,0,0,0,0,0,0,0,0,0,0,0,0,0,0,0,0,0,0,0,0,0,4,0,0,0,0,0,0,0,0,0,0,0,0,0,0,0,0,0,0,0,0,3,5,9,6,6,13,12,0,0,60,0,0,0,0,0,4,0,0,0,4,0,0,0,0,0,0,0,0,0,0,0,0,0,0,0,0,0,0,0,0,0,0,0,0,0,0,0,0,0,0,3,12,12,11,6,14,12,0,0,71,3,11,12,11,6,14,12,0,0,67,250,97,182,157,148,178,140,34,8,1205
LGA53710,160,69,66,110,113,148,150,62,24,901,0,0,0,0,0,0,0,0,0,0,0,0,0,0,0,3,0,0,0,3,0,0,0,0,0,0,0,0,0,0,0,0,0,0,0,0,0,0,0,3,0,0,0,0,0,0,0,0,0,0,0,3,0,0,5,3,3,0,0,36,0,0,0,0,0,0,0,0,0,0,0,0,0,0,0,0,0,0,0,0,0,0,0,0,0,0,0,0,0,0,0,0,0,0,0,0,0,0,0,0,0,3,4,0,6,9,3,0,0,39,0,3,4,0,6,9,3,0,0,42,165,75,67,112,121,158,157,67,24,940
LGA53780,25893,15747,16860,19120,15442,12330,9748,4969,1817,121933,30,17,13,33,17,20,19,23,13,181,0,10,3,0,8,9,8,0,0,48,6,3,5,4,8,5,9,0,0,54,0,0,4,5,10,11,8,6,0,36,0,0,0,0,0,5,0,0,0,17,365,400,367,253,236,215,154,64,33,2085,0,0,0,0,0,0,0,0,0,6,0,0,0,0,0,0,0,0,0,6,0,0,0,0,0,0,0,0,0,5,0,0,0,0,0,0,4,0,0,13,370,421,391,269,266,241,195,74,36,2253,404,433,399,299,277,261,217,98,49,2438,26295,16183,17259,19420,15724,12590,9967,5071,1864,124367
LGA53800,7633,4260,4293,4501,4849,4660,3587,2014,790,36592,4,9,8,14,14,7,20,5,6,85,7,0,4,4,4,17,40,13,0,91,10,0,3,13,9,23,51,7,0,112,5,3,11,11,8,27,51,0,0,116,0,0,0,0,0,18,43,11,0,71,211,282,279,253,282,335,354,137,49,2187,0,0,0,4,0,4,23,3,0,36,0,0,0,4,0,5,6,4,0,17,0,0,0,0,0,0,7,0,0,7,0,0,0,0,0,0,0,0,0,0,233,298,294,297,307,426,558,174,52,2635,243,303,305,308,323,435,578,179,55,2723,7870,4561,4604,4810,5174,5090,4166,2193,842,39311
LGA53920,864,596,549,480,395,241,158,49,11,3348,7,13,9,6,8,6,0,6,0,65,6,0,12,11,5,34,32,5,0,100,28,4,27,16,16,48,57,4,0,203,20,3,5,16,10,54,60,9,0,170,5,7,4,6,7,14,16,10,0,66,36,30,128,105,121,177,172,46,6,832,7,5,0,0,5,0,0,0,0,19,0,4,14,9,11,9,5,0,0,51,3,0,0,0,0,3,0,0,0,11,0,0,0,0,0,0,0,0,0,0,117,54,191,169,167,338,343,71,6,1459,124,70,203,177,181,341,343,78,6,1526,989,667,752,653,578,585,500,125,17,4870
LGA53990,5856,2938,2988,3521,3431,3373,2728,1350,375,26543,5,4,0,8,5,4,15,12,4,62,0,0,3,0,0,3,3,0,0,13,3,0,8,0,4,4,4,0,0,20,0,0,0,0,8,5,9,3,0,20,0,0,0,0,10,0,0,0,0,11,101,196,107,91,103,131,81,32,14,862,0,0,0,0,3,7,4,0,0,11,0,0,0,0,0,0,0,0,0,3,0,0,0,0,0,0,0,0,0,0,0,0,0,0,0,0,0,0,0,6,111,203,116,96,122,150,95,34,14,946,110,206,123,97,125,162,111,48,23,1007,5964,3143,3113,3619,3555,3529,2840,1391,394,27553
LGA54060,538,272,196,325,419,562,589,320,75,3300,5,0,0,5,0,0,6,7,0,17,0,0,0,0,0,0,0,0,0,4,0,0,4,0,0,3,3,3,0,8,0,0,0,0,0,0,8,0,0,10,0,0,0,5,3,3,0,0,0,11,30,33,66,55,54,101,135,59,5,535,0,3,0,0,0,0,0,0,0,9,0,0,0,0,0,0,0,0,0,0,0,0,0,0,0,0,0,0,0,0,0,0,0,0,0,0,0,0,0,0,30,34,68,60,59,110,148,61,5,577,28,34,68,66,60,115,154,69,5,597,569,302,269,387,479,673,741,388,81,3893
LGA54130,236,70,121,142,134,167,117,39,10,1030,0,0,0,0,0,0,0,0,0,4,0,0,0,0,0,0,0,0,0,0,0,0,0,0,0,0,0,0,0,0,0,0,0,0,0,0,0,0,0,0,0,0,0,0,0,0,3,0,0,3,6,4,14,14,13,21,27,3,0,99,0,0,0,0,0,0,0,0,0,0,0,0,0,0,0,5,0,0,0,3,0,0,0,0,0,0,0,0,0,0,0,0,0,0,0,0,0,0,0,0,6,4,14,14,13,19,30,3,0,111,6,4,11,14,13,19,28,3,0,114,247,73,133,161,147,185,146,42,10,1142
LGA54170,29367,18532,15236,20277,21597,20328,16930,7507,2662,152432,27,7,21,17,22,26,34,9,3,167,5,7,6,3,4,6,13,5,0,54,9,11,18,11,8,24,23,4,0,108,8,5,3,3,6,7,10,0,0,41,0,0,0,4,3,4,0,0,0,5,420,492,489,406,357,326,254,183,174,3112,0,0,0,0,3,3,9,3,0,17,3,0,4,0,0,0,3,0,0,12,0,0,3,0,0,0,0,0,0,11,0,0,0,0,0,0,0,0,0,0,448,516,523,436,375,377,311,196,174,3354,471,526,539,448,395,404,344,209,184,3523,29839,19062,15776,20727,21990,20733,17272,7717,2839,155950
LGA54200,11155,6465,6014,7568,7407,6711,5855,3433,1243,55838,9,8,5,9,7,20,13,8,0,75,0,4,4,0,4,0,5,0,0,12,3,0,3,3,0,0,3,3,0,24,0,0,3,6,6,4,3,0,0,22,0,0,4,0,0,4,3,0,0,14,183,204,160,164,133,158,92,71,21,1188,0,0,0,0,0,0,3,0,0,10,0,0,0,0,0,0,0,0,0,3,0,0,0,0,0,0,0,0,0,0,0,0,0,0,0,0,5,0,0,5,183,205,178,174,144,162,117,70,21,1270,192,214,179,182,152,187,132,84,29,1342,11346,6677,6197,7748,7552,6896,5990,3511,1264,57181
LGA54280,6304,3399,4504,4163,3699,3143,1621,612,186,27631,0,3,4,4,10,11,7,10,0,58,0,3,5,9,8,15,25,4,0,64,0,0,6,8,6,15,66,4,0,116,0,9,17,4,7,32,23,3,0,97,0,0,4,9,3,18,38,0,0,79,103,269,575,487,396,422,172,60,3,2487,0,0,3,0,4,18,0,0,0,28,0,0,0,0,4,9,0,0,0,19,0,0,0,0,3,0,0,0,0,3,0,0,0,0,0,0,0,0,0,0,106,286,624,518,436,525,320,75,3,2892,104,291,634,525,445,542,325,83,10,2952,6412,3686,5139,4684,4145,3679,1949,697,197,30581
LGA54310,5461,2232,3854,4144,2914,1723,530,127,11,21002,9,6,7,8,5,7,0,3,0,41,13,12,18,36,42,41,33,6,0,200,27,8,22,24,29,71,82,20,0,280,16,6,40,68,77,94,74,10,3,372,6,3,9,20,31,52,39,10,0,166,111,305,1039,1038,1097,985,622,195,14,5400,0,0,0,4,5,18,9,0,0,37,0,5,6,4,5,6,5,0,0,26,0,0,4,0,0,0,0,0,0,4,0,0,0,0,0,0,0,0,0,0,164,339,1129,1197,1277,1271,869,238,14,6492,171,344,1140,1204,1284,1277,869,237,14,6535,5631,2576,4997,5350,4197,3000,1392,360,24,27539
LGA54340,766,478,498,455,459,485,396,215,93,3838,0,0,0,6,0,3,0,0,5,18,0,0,0,0,0,0,0,0,0,0,0,0,0,0,0,0,0,0,0,0,0,0,0,0,0,0,0,0,0,0,0,0,0,0,0,0,0,0,0,0,19,23,39,15,27,32,23,13,3,192,0,0,0,0,0,0,0,0,0,0,0,0,0,0,0,0,0,0,0,0,0,0,0,0,0,0,0,0,0,0,0,0,0,0,0,0,0,0,0,0,19,24,39,15,30,30,24,13,3,193,14,26,35,27,32,38,24,13,5,215,781,503,535,479,485,521,419,226,94,4054
LGA54410,148,88,91,111,139,189,141,107,40,1050,0,0,0,0,0,0,0,5,0,3,0,0,0,0,0,0,0,0,0,0,0,0,0,0,0,0,0,0,0,0,0,0,0,0,0,3,0,0,0,4,0,0,0,0,0,0,0,0,0,0,3,11,14,7,11,6,10,0,0,53,0,0,0,0,0,0,0,0,0,0,0,0,0,0,0,0,0,0,0,0,0,0,0,0,0,0,0,0,0,0,0,0,0,0,0,0,0,0,0,0,3,11,14,7,11,11,7,0,0,58,3,7,14,7,13,11,7,3,0,67,149,100,102,111,151,196,150,110,43,1110
LGA54480,107,35,55,84,81,44,35,18,0,450,0,0,0,0,0,0,0,0,0,0,0,0,0,0,0,0,0,0,0,0,0,0,0,0,0,0,0,0,0,0,0,0,0,0,0,0,0,0,0,0,0,0,0,0,0,0,0,0,0,0,5,4,5,0,0,7,8,0,0,29,0,0,0,0,0,0,0,0,0,0,0,0,0,0,0,0,0,0,0,0,0,0,0,0,0,0,0,0,0,0,0,0,0,0,0,0,0,0,0,0,5,4,5,0,0,7,8,0,0,36,5,4,5,0,0,7,8,0,0,36,110,37,60,79,81,48,46,18,0,480
LGA54550,355,108,164,238,222,291,193,133,53,1758,0,0,0,6,5,0,0,0,0,7,0,0,0,0,0,0,0,0,0,3,0,0,0,0,0,0,0,0,0,0,0,0,0,0,3,0,0,0,0,3,0,0,0,0,0,0,0,0,0,0,0,14,10,8,0,24,6,3,0,76,0,0,0,0,0,0,0,0,0,0,0,0,0,0,0,0,0,0,0,0,0,0,0,0,0,0,0,0,0,0,0,0,0,0,0,0,0,0,0,0,0,14,10,8,7,28,6,11,0,82,5,14,11,7,7,28,6,8,0,92,361,121,175,248,230,317,199,137,55,1846
LGA54620,134,58,71,109,114,111,93,38,18,747,0,0,0,0,0,6,3,3,0,13,0,0,3,0,0,3,4,0,0,11,0,0,0,0,0,0,0,0,0,0,0,0,0,0,0,0,0,0,0,7,0,0,0,0,0,5,0,0,0,5,5,37,73,47,56,63,19,6,4,313,0,0,0,0,0,0,3,0,0,3,0,0,0,0,0,0,0,0,0,0,0,0,0,0,0,0,0,0,0,0,0,0,0,0,0,0,0,0,0,0,5,37,74,50,53,73,31,4,4,342,11,37,74,50,53,74,33,7,4,347,143,94,148,155,171,191,123,48,23,1096
LGA54690,61,17,23,33,46,56,56,24,3,322,0,0,0,0,0,0,0,0,0,0,0,0,0,0,0,0,0,0,0,0,0,0,0,0,0,0,0,0,0,0,0,0,0,0,0,0,0,0,0,0,0,0,0,0,0,0,0,0,0,0,3,5,0,3,9,3,8,0,0,24,0,0,0,0,0,0,0,0,0,0,0,0,0,0,0,0,0,0,0,0,0,0,0,0,0,0,0,0,0,0,0,0,0,0,0,0,0,0,0,0,3,5,3,3,5,3,8,0,0,23,3,5,3,3,5,3,6,0,0,31,64,17,27,39,55,58,60,24,3,354
LGA54760,157,31,68,100,109,103,75,34,9,690,0,0,0,0,4,0,0,0,0,3,0,0,0,0,0,0,0,0,0,0,0,0,0,0,0,0,0,0,0,0,0,0,0,0,0,0,0,0,0,0,0,0,0,0,0,0,0,0,0,0,9,0,0,3,0,0,7,0,0,22,0,0,0,0,0,0,0,0,0,0,0,0,0,0,0,0,0,0,0,0,0,0,0,0,0,0,0,0,0,0,0,0,0,0,0,0,0,0,0,0,9,0,0,3,0,0,7,0,0,22,9,0,0,3,4,0,6,0,0,28,165,27,75,100,115,100,82,39,10,719
LGA54830,10243,5388,7354,7369,5362,3887,2576,1268,406,43850,3,4,7,5,9,9,7,3,0,38,0,0,7,6,0,3,0,0,0,20,0,0,0,0,0,0,0,4,0,11,0,4,0,0,6,0,0,0,0,12,0,0,0,0,6,11,7,0,0,18,123,152,140,105,82,91,58,24,5,785,0,0,0,0,0,0,0,6,0,4,0,3,0,0,0,0,0,0,0,4,0,0,0,0,0,0,0,0,0,0,0,0,0,0,0,0,0,0,0,0,129,158,147,115,99,103,61,26,5,851,128,162,152,117,107,110,65,31,3,886,10369,5553,7507,7488,5470,3998,2640,1293,410,44736
LGA54900,235,91,132,161,165,177,112,54,12,1136,6,0,0,0,0,3,5,0,0,3,0,0,0,0,0,0,0,0,0,0,0,0,0,0,0,0,0,0,0,0,0,0,0,0,0,0,4,0,0,9,0,0,0,0,0,0,5,0,0,5,0,14,14,15,14,20,9,6,0,91,0,0,0,0,0,0,5,0,0,4,0,0,0,0,0,0,0,0,0,0,0,0,0,0,0,0,0,0,0,0,0,0,0,0,0,0,0,0,0,0,0,14,18,15,13,24,18,6,0,110,3,14,18,15,13,27,20,6,0,113,238,100,149,185,178,198,126,58,12,1248
LGA54970,126,129,278,224,215,195,46,8,5,1226,0,5,19,3,9,8,4,0,0,48,0,0,10,5,6,20,3,0,0,42,0,5,10,0,4,10,5,4,0,37,0,0,6,12,15,16,0,0,0,59,0,5,4,9,4,4,0,0,0,32,6,165,597,573,606,422,75,7,0,2450,0,0,0,0,10,4,0,0,0,17,0,0,0,0,0,0,5,0,0,9,0,0,0,0,0,0,0,0,0,0,0,0,0,0,0,0,0,0,0,0,6,176,621,603,652,476,92,14,0,2640,6,175,636,608,663,480,96,14,0,2690,131,306,920,834,874,681,140,21,0,3909
LGA55040,248,187,343,241,193,169,68,19,5,1470,0,0,0,0,4,5,0,0,0,4,0,0,8,5,0,3,11,0,0,23,0,7,3,7,3,10,13,6,0,42,0,0,11,11,8,17,8,0,0,55,0,5,6,5,0,0,5,0,0,22,16,187,566,501,428,293,89,12,0,2091,0,0,0,0,5,5,7,0,0,9,0,0,0,5,0,0,0,0,0,6,0,0,0,0,0,0,0,0,0,0,0,0,0,0,0,0,0,0,0,0,16,197,585,540,443,321,134,15,0,2259,16,201,585,540,446,327,134,15,0,2262,261,380,930,781,640,497,205,32,5,3732
LGA55110,15361,8856,8387,9072,9934,10680,11124,7201,2581,83202,10,18,11,20,16,44,61,38,21,245,8,3,0,8,0,9,12,0,0,42,8,0,5,9,13,6,24,5,0,76,0,0,0,3,0,4,12,0,0,18,0,0,0,0,4,5,3,0,0,15,309,308,270,245,294,301,272,150,65,2209,0,0,0,0,4,0,9,0,0,27,0,3,5,0,4,3,0,3,0,19,0,0,0,0,0,0,0,0,0,0,0,0,0,0,0,4,0,0,0,4,323,317,289,266,321,330,329,164,65,2413,337,339,300,286,336,376,390,206,83,2658,15694,9195,8688,9358,10271,11054,11522,7405,2668,85859
LGA55180,1435,833,830,886,1123,1361,1049,578,193,8282,0,0,4,0,0,6,3,0,5,26,0,0,0,0,0,5,7,0,0,13,0,0,3,0,0,3,0,0,0,10,0,0,0,0,0,3,5,0,0,10,3,0,0,0,0,3,0,0,0,7,68,65,95,100,102,132,93,26,12,686,0,0,0,0,0,0,0,0,0,0,0,0,0,0,0,0,0,0,0,3,0,0,0,0,0,0,0,0,0,0,0,0,0,0,0,0,0,0,0,0,71,66,100,101,107,150,105,26,12,730,71,66,101,101,108,152,112,31,15,752,1504,898,929,987,1231,1511,1161,605,209,9036
LGA55250,166,159,256,162,142,139,74,30,0,1124,0,4,6,0,0,3,0,0,0,11,0,0,3,0,3,4,4,0,0,16,0,0,4,0,4,4,0,3,0,17,0,5,0,0,0,5,3,0,0,14,0,3,0,0,0,3,5,0,0,17,8,89,235,238,266,194,101,18,0,1144,0,0,4,5,0,3,6,0,0,13,0,0,0,0,0,0,3,0,0,6,0,0,0,0,0,0,0,0,0,0,0,0,0,0,0,0,0,0,0,0,8,91,254,245,279,220,118,25,0,1235,11,94,254,245,283,220,118,25,0,1247,171,253,506,410,422,363,197,47,0,2372
LGA55320,17610,12243,10286,12799,13134,12198,11049,6430,3242,98993,10,5,6,13,8,24,22,23,9,124,0,5,9,7,8,7,9,11,0,57,6,10,6,9,9,20,13,4,0,71,0,6,4,0,7,10,5,0,0,29,0,0,0,7,0,0,0,0,0,13,268,356,374,276,269,309,291,258,159,2564,0,0,7,0,0,0,4,4,0,17,5,0,8,8,0,0,0,0,0,26,0,0,0,4,0,0,0,0,0,17,0,0,0,0,0,0,0,0,0,0,287,380,410,306,293,354,321,277,162,2789,296,390,419,323,302,371,348,296,170,2908,17905,12630,10708,13119,13433,12569,11395,6727,3415,101906
LGA55390,20,71,106,105,77,70,26,11,0,479,0,0,0,0,4,0,0,0,0,12,0,0,3,0,0,5,0,0,0,15,0,0,5,3,0,0,0,0,0,9,0,4,10,5,0,7,7,0,0,28,0,0,0,0,0,4,3,0,0,4,0,64,192,192,201,132,34,3,0,821,0,0,0,0,0,0,0,0,0,0,0,0,3,0,0,0,0,0,0,0,0,0,0,0,0,0,0,0,0,0,0,0,0,0,0,0,0,0,0,0,0,70,206,201,206,147,52,4,0,889,0,68,206,201,206,147,53,4,0,898,20,143,311,312,284,211,75,11,0,1372
LGA55460,563,304,351,345,361,400,337,150,63,2881,5,0,0,3,4,4,5,0,0,28,0,0,0,0,0,0,0,0,0,3,0,0,5,0,0,0,7,0,0,10,0,0,0,0,0,0,0,0,0,3,0,0,0,0,0,0,0,0,0,0,11,31,34,20,46,40,16,0,0,197,0,0,0,0,0,0,0,0,0,0,0,0,0,0,0,0,0,0,0,4,0,0,0,0,0,0,0,0,0,0,0,0,0,0,0,0,0,0,0,0,9,38,33,21,48,40,24,0,0,221,15,36,41,24,48,41,24,4,0,245,585,340,384,370,415,444,363,155,68,3126
LGA55530,75,19,32,46,55,63,49,27,4,377,0,0,0,0,0,0,0,0,0,0,0,0,0,0,0,0,0,0,0,0,0,0,0,0,0,0,0,0,0,0,0,0,0,0,0,0,5,0,0,6,0,0,0,0,0,0,0,0,0,0,5,3,4,15,18,41,46,12,0,140,0,0,0,0,0,0,0,0,0,0,0,0,0,0,0,0,0,0,0,0,0,0,0,0,0,0,0,0,0,0,0,0,0,0,0,0,0,0,0,0,5,3,4,16,18,40,51,12,0,155,5,3,4,16,18,40,51,12,0,155,81,24,40,57,72,106,99,41,4,530
LGA55600,422,210,226,222,291,299,249,130,47,2107,0,3,0,0,3,0,0,0,0,10,0,0,0,0,0,0,6,0,0,9,0,0,0,0,0,0,0,0,0,5,0,0,0,0,0,0,0,0,0,6,0,0,0,0,0,0,0,0,0,6,13,24,25,22,21,48,24,6,0,176,0,0,0,0,0,0,0,0,0,0,0,0,0,0,0,0,0,0,0,0,0,0,0,0,0,0,0,0,0,0,0,0,0,0,0,0,0,0,0,0,13,23,33,18,22,49,31,5,0,197,13,32,33,19,23,54,31,4,0,206,434,235,253,244,318,355,277,141,47,2312
LGA55670,144,68,53,66,61,79,95,37,18,610,0,0,0,0,0,0,0,0,0,7,0,0,0,0,0,0,0,0,0,0,0,0,0,0,0,3,0,0,0,4,0,0,0,0,0,0,0,5,0,8,0,0,0,0,0,0,0,0,0,0,11,6,3,3,9,30,35,12,0,112,0,0,0,0,0,0,0,0,0,0,0,0,0,0,0,0,0,0,0,0,0,0,0,0,0,0,0,0,0,0,0,0,0,0,0,0,0,0,0,0,11,6,7,3,9,29,35,17,0,125,9,10,7,3,14,34,35,17,0,125,147,72,61,66,80,105,127,51,20,735
LGA55740,1505,1142,925,1081,1274,1051,899,539,200,8618,8,0,5,3,4,0,0,0,0,26,0,4,5,0,0,4,0,0,0,14,0,3,0,0,0,0,0,0,0,9,0,0,0,0,0,0,0,0,0,4,0,0,0,0,0,0,0,0,0,0,32,34,24,20,28,23,23,30,16,225,0,0,0,0,0,0,0,0,0,0,0,0,0,0,0,0,0,0,0,0,0,0,0,5,0,0,0,0,0,4,0,0,0,0,0,0,0,0,0,0,34,39,35,27,25,28,30,30,16,252,42,38,37,23,29,24,31,30,16,281,1539,1177,968,1110,1305,1078,929,566,218,8894
LGA55810,121,47,67,100,97,97,65,23,3,620,0,0,0,0,0,0,0,0,0,0,3,6,0,6,0,7,4,0,0,21,0,0,0,0,0,8,9,6,0,16,6,5,0,0,9,0,0,0,0,18,0,0,0,0,3,0,0,0,0,13,0,43,156,139,142,132,57,0,0,665,0,0,0,0,0,0,0,0,0,0,0,0,0,0,0,0,0,0,0,0,0,0,0,0,0,0,0,0,0,0,0,0,0,0,0,0,0,0,0,0,4,47,155,151,152,142,73,4,0,733,4,47,157,151,152,142,72,4,0,734,124,99,227,252,254,240,137,24,3,1356
LGA55880,69,20,39,60,71,77,41,15,16,410,0,0,0,0,0,0,0,0,0,0,0,0,0,0,0,0,0,0,0,0,0,0,0,0,0,0,0,0,0,0,0,0,0,0,0,0,0,0,0,0,0,0,0,0,0,0,0,0,0,0,0,0,4,4,0,0,6,0,0,23,0,0,0,0,0,0,0,0,0,0,0,0,0,0,0,0,3,0,0,3,0,0,0,0,0,0,0,0,0,0,0,0,0,0,0,0,0,0,0,0,0,0,4,4,0,0,6,0,0,26,6,0,4,4,0,0,6,0,0,28,75,20,45,64,73,79,49,13,16,440
LGA55950,119,37,57,60,73,75,62,44,11,542,0,0,0,0,0,0,5,0,0,5,0,0,0,0,0,0,0,0,0,0,0,0,0,0,0,0,0,0,0,0,0,0,0,0,0,0,0,0,0,0,0,0,0,0,0,4,0,0,0,8,0,0,3,6,7,8,10,4,0,39,0,0,0,0,4,0,0,0,0,4,0,0,0,0,0,0,0,0,0,0,0,0,0,0,0,0,0,0,0,0,0,0,0,0,0,0,0,0,0,0,0,0,3,6,11,11,15,4,0,52,0,0,3,6,11,11,18,4,0,57,119,42,60,65,81,93,80,46,9,598
LGA56090,6375,4098,3942,4601,5295,5296,4223,2293,715,36832,6,10,3,5,3,5,20,11,0,74,0,0,0,0,0,0,4,0,0,10,0,0,0,5,0,0,3,4,0,18,0,0,0,0,0,0,0,0,0,3,0,0,0,0,0,5,0,0,0,9,121,151,123,96,93,73,56,35,21,769,0,0,0,0,0,4,3,4,0,8,0,0,0,0,0,6,4,0,0,4,0,0,0,0,0,0,0,0,0,0,0,0,0,0,0,0,0,0,0,0,122,151,129,103,98,86,74,46,21,818,131,153,137,110,101,95,89,58,17,892,6499,4250,4077,4712,5394,5384,4317,2350,734,37725
LGA56160,26,3,13,14,14,10,5,0,0,91,4,0,0,6,3,0,0,0,0,6,0,0,0,0,0,0,3,0,0,11,0,0,0,0,0,0,0,0,0,0,0,0,0,0,0,0,0,0,0,0,0,0,0,0,0,0,0,0,0,0,3,0,8,7,5,12,20,0,0,61,0,0,0,0,0,0,0,0,0,0,0,0,0,0,0,0,0,0,0,0,0,0,0,0,0,0,0,0,0,0,0,0,0,0,0,0,0,0,0,0,3,0,8,4,5,12,24,0,0,69,3,0,8,9,10,12,24,0,0,72,32,7,23,24,26,22,35,0,0,169
LGA56230,3179,1743,1592,1796,2063,2247,2218,1317,387,16537,0,3,3,6,5,6,16,10,3,54,0,0,0,0,0,4,20,0,0,16,4,0,3,0,0,4,3,0,0,17,0,0,0,0,0,0,3,0,0,11,0,0,0,0,0,0,0,0,0,4,89,91,68,66,64,67,79,34,11,576,0,0,0,0,0,0,0,0,0,0,0,0,0,0,4,0,0,0,0,3,0,0,0,0,0,0,0,0,0,0,0,0,0,0,0,0,0,0,0,0,94,98,72,66,72,78,106,35,11,629,96,96,79,75,79,83,119,37,19,682,3275,1834,1669,1870,2143,2332,2337,1362,399,17219
LGA56300,198,76,77,168,157,263,306,142,29,1410,0,0,3,0,0,0,0,0,0,6,0,0,0,0,0,0,0,0,0,4,0,0,0,0,0,0,0,0,0,0,0,0,0,0,0,0,0,0,0,0,0,0,0,0,0,4,0,0,0,4,16,5,17,20,15,19,21,10,0,132,0,0,0,0,0,0,0,0,0,0,0,0,0,0,0,0,0,0,0,0,0,0,0,0,0,0,0,0,0,0,0,0,0,0,0,0,0,0,0,0,16,5,17,20,19,27,24,10,0,138,16,5,20,20,19,27,26,10,0,142,209,81,102,189,177,288,329,144,26,1553
LGA56370,144,37,94,69,84,99,80,60,39,702,0,0,0,0,4,0,0,0,0,7,0,0,0,0,0,0,0,0,0,0,0,0,0,0,0,0,0,0,0,0,0,0,0,0,0,0,0,0,0,0,3,0,0,0,0,0,0,0,0,4,3,9,8,3,18,6,4,0,0,58,0,0,0,0,0,0,0,0,0,3,0,0,0,0,0,0,0,0,0,0,0,0,0,0,0,0,0,0,0,0,0,0,0,0,0,0,0,0,0,0,6,9,12,10,22,6,4,0,0,67,6,9,12,10,26,6,4,3,0,73,150,39,105,81,109,105,82,62,39,772
LGA56460,812,546,499,489,550,595,504,303,151,4453,7,0,0,0,4,3,11,0,0,23,0,0,0,0,0,4,0,0,0,4,0,0,0,0,0,0,0,0,0,0,0,0,0,0,0,0,0,0,0,0,0,0,0,0,0,0,0,0,0,0,32,106,35,43,50,34,22,9,0,322,0,0,0,0,0,0,0,0,0,0,0,0,0,0,0,0,0,0,0,0,0,0,0,0,0,0,0,0,0,0,0,0,0,0,0,0,0,0,0,0,32,106,35,43,49,40,22,9,0,325,32,105,37,41,46,37,29,15,5,346,844,656,534,526,596,640,537,319,162,4801
LGA56580,4121,2927,1725,2359,3032,2615,2323,1405,629,21140,5,0,0,0,6,5,7,7,3,25,0,7,8,3,0,0,0,0,0,25,3,8,9,4,3,0,0,3,0,27,0,3,3,4,0,0,0,0,0,13,0,0,4,0,0,0,0,0,0,6,36,71,73,81,89,95,148,126,74,806,0,0,0,0,0,0,0,0,0,3,0,0,10,8,5,0,0,0,0,18,0,0,0,0,0,0,0,0,0,8,0,0,0,0,0,0,0,0,0,0,45,96,109,103,96,104,153,132,73,905,48,97,109,104,105,106,157,132,78,929,4168,3025,1826,2464,3139,2722,2478,1540,708,22071
LGA56620,279,219,211,189,166,115,50,14,3,1258,0,4,7,4,6,10,0,0,0,24,0,0,0,0,0,0,0,0,0,3,0,3,0,0,0,5,0,0,0,6,0,0,0,0,7,7,0,0,0,10,9,0,10,7,3,3,3,0,0,29,4,16,17,16,22,19,5,3,0,93,0,0,0,0,0,0,0,0,0,8,0,0,0,0,0,5,0,0,0,8,0,0,0,0,0,0,0,0,0,0,0,0,0,0,0,0,0,0,0,0,10,23,26,25,31,36,10,3,0,158,10,28,33,26,36,38,10,0,0,186,294,245,239,218,206,155,58,21,3,1441
LGA56730,2016,1160,1147,1216,1380,1522,1329,672,222,10666,4,5,3,4,6,4,3,4,0,33,0,0,0,0,0,0,0,0,0,3,0,0,3,0,0,0,6,0,0,11,0,0,0,4,0,0,4,0,0,9,3,0,0,0,3,0,0,6,0,10,46,57,54,34,64,62,46,19,5,398,0,0,0,0,0,0,9,0,0,9,0,0,0,0,0,0,0,0,0,0,0,0,0,0,0,0,0,0,0,0,0,0,0,0,0,0,0,0,0,0,49,66,55,35,69,62,67,24,5,438,51,66,57,42,78,74,71,35,7,470,2064,1225,1201,1259,1455,1596,1403,707,232,11143
LGA56790,455,177,205,279,347,525,526,251,82,2855,3,4,0,6,5,0,0,0,0,26,4,0,3,0,4,17,33,0,0,67,19,0,0,9,8,10,38,0,0,89,5,0,4,8,6,22,34,0,0,69,4,0,0,0,9,14,20,3,0,55,75,64,92,107,113,267,322,134,10,1186,0,0,5,0,4,4,4,0,0,13,0,0,0,0,0,0,0,0,0,0,0,0,0,0,0,0,0,0,0,0,0,0,0,0,0,0,0,0,0,0,103,69,100,124,139,330,450,140,10,1469,106,76,104,125,142,330,452,140,10,1493,560,250,310,412,493,856,981,387,93,4349
LGA56860,33,29,12,20,34,41,47,12,4,230,0,0,0,0,0,0,0,0,0,0,0,0,0,0,0,0,0,0,0,0,0,0,0,0,0,0,0,0,0,0,0,0,0,0,0,0,0,0,0,0,0,0,0,0,0,0,0,0,0,0,5,3,6,0,6,3,4,0,0,25,0,0,0,0,0,0,0,0,0,0,0,0,0,0,0,0,0,0,0,0,0,0,0,0,0,0,0,0,0,0,0,0,0,0,0,0,0,0,0,0,5,3,6,0,6,3,4,0,0,25,5,3,6,0,6,3,4,0,0,27,38,34,14,20,42,43,52,10,4,253
LGA56930,256,307,99,109,204,214,172,98,45,1511,0,0,0,0,0,0,0,0,0,0,0,0,0,0,0,0,0,0,0,6,0,0,0,0,0,0,0,0,0,0,0,0,0,0,0,0,0,0,0,0,0,0,0,0,0,0,0,0,0,0,29,16,9,6,0,0,0,0,0,65,0,0,0,0,0,0,0,0,0,0,0,0,0,0,0,0,0,0,0,0,0,0,0,0,0,0,0,0,0,0,0,0,0,0,0,0,0,0,0,0,28,19,11,6,0,6,0,0,0,68,28,19,11,6,0,6,0,0,0,68,294,327,109,110,212,219,174,98,45,1582
LGA57000,84,60,71,98,95,108,47,26,11,596,0,0,0,0,0,0,0,0,0,3,0,0,0,0,0,0,0,0,0,0,0,0,0,0,0,3,0,0,0,3,0,0,0,4,3,0,0,0,0,12,0,0,0,0,0,0,0,0,0,0,0,15,123,122,100,73,34,3,0,477,0,0,0,0,0,0,0,0,0,0,0,0,0,0,0,0,0,0,0,0,0,0,0,0,0,0,0,0,0,0,0,0,0,0,0,0,0,0,0,0,0,15,123,121,106,78,36,3,0,485,0,15,122,121,106,77,32,3,0,487,84,80,196,221,198,190,81,31,11,1083
LGA57080,1925,4640,8009,4486,2458,2258,1789,862,262,26698,12,18,31,26,21,27,5,3,0,145,6,29,41,60,77,62,18,0,0,291,3,16,57,42,48,62,14,3,0,239,3,19,62,58,63,61,17,0,0,297,0,7,21,26,39,28,8,6,0,139,375,546,808,684,655,533,414,236,122,4378,0,0,4,7,13,9,13,0,0,49,0,0,13,21,12,13,3,0,0,66,0,4,11,12,4,0,4,0,0,38,5,0,0,0,4,0,3,0,0,11,395,626,1016,918,918,770,487,248,123,5502,405,643,1048,947,936,800,495,250,126,5646,2331,5285,9062,5431,3397,3057,2280,1111,382,32341
LGA57140,160,70,82,91,114,166,148,95,23,954,0,0,0,0,0,0,0,0,0,0,0,0,0,0,0,0,0,0,0,0,0,0,0,0,0,0,3,0,0,3,0,0,0,0,0,0,0,0,0,0,0,0,0,0,0,0,0,0,0,0,3,4,0,4,3,11,4,0,0,39,0,0,0,0,0,0,0,0,0,0,0,0,0,0,0,0,0,0,0,0,0,0,0,0,0,0,0,0,0,0,0,0,0,0,0,0,0,0,0,0,3,4,0,4,3,11,7,0,0,43,3,4,0,4,3,13,7,0,6,47,166,80,87,96,116,179,157,97,26,998
LGA57210,871,451,428,530,705,821,751,310,112,4985,3,5,3,0,0,0,6,0,0,17,0,0,0,0,0,4,0,0,0,5,0,0,3,0,0,0,0,0,0,0,0,0,0,0,0,0,0,0,0,0,0,0,0,0,0,0,0,0,0,0,26,27,28,23,29,30,24,15,5,199,0,0,0,0,0,0,4,0,0,7,0,0,0,0,0,0,0,0,0,0,0,0,0,0,0,0,0,0,0,0,0,0,0,0,0,0,0,0,0,0,26,27,26,23,30,34,27,15,4,214,32,27,31,23,34,34,36,15,4,232,898,475,459,556,736,855,788,325,116,5217
LGA57280,3740,1540,2882,2662,1847,1462,410,104,27,14671,8,4,7,4,4,12,6,3,0,43,11,0,19,25,29,48,35,9,0,177,23,3,15,22,37,35,52,6,0,201,4,6,39,50,57,49,46,10,0,265,3,0,21,10,20,38,32,6,0,134,103,198,681,660,675,492,265,63,8,3147,0,0,0,0,6,16,12,11,0,51,0,0,6,6,6,11,4,0,0,25,0,0,0,0,0,5,0,0,0,11,0,0,0,0,0,0,0,0,0,0,147,218,778,793,836,695,438,101,8,4008,150,219,787,793,843,701,446,101,8,4053,3894,1749,3672,3460,2688,2164,857,206,35,18727
LGA57350,145,39,75,75,113,149,167,78,36,878,4,0,0,0,0,0,0,0,0,4,0,0,0,0,0,0,0,0,0,0,0,0,0,0,0,0,0,0,0,0,0,0,0,0,0,0,0,0,0,0,0,0,0,0,0,0,0,0,0,0,4,0,17,3,7,0,4,3,0,49,0,0,0,0,0,0,0,0,0,0,0,0,0,0,0,0,0,0,0,0,0,0,0,0,0,0,0,0,0,0,0,0,0,0,0,0,0,0,0,0,4,0,17,3,7,0,7,3,0,55,6,0,17,3,7,9,7,3,0,54,152,40,93,76,120,152,171,87,40,935
LGA57420,360,127,277,236,269,283,184,112,32,1879,0,0,0,0,3,6,0,0,0,12,0,0,3,0,0,0,3,0,0,12,7,0,8,3,0,0,0,0,0,12,0,0,0,0,0,10,4,0,0,21,0,0,4,0,0,0,3,0,0,10,7,62,165,102,142,110,37,7,0,634,0,0,0,0,0,4,0,0,0,4,0,0,0,0,0,0,0,0,0,0,0,0,0,0,0,0,0,0,0,0,0,0,0,0,0,0,0,0,0,0,7,62,173,109,145,130,48,10,0,687,7,65,173,110,152,131,51,10,0,701,368,193,455,343,419,414,234,119,30,2574
LGA57490,28864,15889,16888,16978,16520,14278,10129,5902,2019,127467,27,28,19,27,20,28,40,29,6,225,5,10,46,30,11,10,17,3,0,130,0,4,5,11,8,13,19,0,0,55,3,9,10,9,17,12,10,5,0,77,0,3,4,5,10,7,5,0,0,33,448,562,560,409,330,293,202,100,27,2938,5,6,9,3,0,13,0,0,0,31,4,6,8,5,7,4,0,0,0,31,0,5,8,5,10,0,0,0,0,27,0,0,0,0,0,0,0,0,0,0,459,600,647,468,395,359,259,108,27,3318,490,625,665,494,413,383,293,138,38,3542,29349,16518,17549,17475,16928,14660,10422,6039,2055,131013
LGA57630,0,6,14,7,9,30,22,11,0,99,0,0,0,0,0,0,0,0,0,0,0,0,0,0,0,0,5,0,0,10,4,0,0,0,0,0,6,0,0,16,0,0,0,0,0,3,0,0,0,3,0,0,0,0,0,0,0,0,0,8,0,14,29,20,27,35,11,8,0,149,0,0,0,0,0,0,4,0,0,4,0,0,0,0,0,0,0,0,0,0,0,0,0,0,0,0,0,0,0,0,0,0,0,0,0,0,0,0,0,0,4,14,30,18,30,42,22,8,0,183,4,14,30,18,29,42,22,8,0,182,4,24,46,29,40,73,47,22,0,279
LGA57700,7878,3507,4550,4496,3776,3124,1995,901,242,30488,3,5,3,3,3,4,4,3,0,32,4,0,0,5,0,5,0,0,0,12,0,0,0,0,3,0,9,0,0,20,7,0,0,0,0,5,0,0,0,10,3,0,0,0,0,0,0,0,0,6,109,95,93,40,60,66,53,17,10,550,0,0,0,0,0,0,4,0,0,4,0,0,0,0,0,0,0,0,0,0,0,0,0,0,0,0,0,0,0,0,0,0,0,0,0,0,0,0,0,0,124,94,99,47,68,77,58,23,10,600,125,100,101,46,73,81,64,25,10,636,8002,3617,4653,4552,3853,3208,2066,929,254,31120
LGA57770,160,67,142,122,103,147,131,55,8,930,0,0,0,0,0,0,0,0,0,4,4,0,5,10,7,14,23,5,0,55,11,3,12,3,13,43,43,0,3,130,12,3,9,8,11,19,22,0,0,88,0,0,3,0,4,19,36,0,0,66,155,60,171,153,180,377,399,151,11,1657,5,0,0,0,0,0,0,0,0,15,0,0,0,0,0,0,0,0,0,0,0,0,0,0,0,0,0,0,0,0,0,0,0,0,0,0,0,0,0,0,195,70,196,173,216,476,530,159,10,2018,195,65,196,173,216,476,530,159,10,2018,352,130,333,298,316,625,659,216,14,2951
LGA57840,6116,5631,6136,5428,4991,4799,4417,2387,1199,41108,3,8,12,11,9,8,16,5,5,71,0,4,3,5,5,7,5,0,0,41,6,3,4,12,12,3,12,0,0,48,0,4,3,0,5,13,8,0,0,41,4,0,5,3,0,0,0,0,0,13,141,283,193,162,112,162,137,66,28,1284,0,0,0,0,0,8,4,0,0,12,0,0,0,0,0,5,0,0,0,5,0,0,9,0,0,0,0,0,0,11,4,0,0,3,0,0,0,0,0,8,154,297,222,184,141,198,163,72,35,1464,152,303,231,196,153,212,176,79,36,1540,6268,5931,6368,5628,5142,5007,4595,2467,1234,42641
LGA57910,37613,23666,35212,33275,26934,22925,19057,12124,5629,216435,24,19,36,31,38,43,33,41,20,276,10,7,30,20,11,20,21,7,3,130,13,14,28,21,19,23,31,10,4,164,0,4,8,16,12,28,9,3,0,88,6,4,4,5,11,0,10,0,0,45,521,651,812,558,448,439,362,224,132,4154,3,0,9,7,3,11,13,0,0,52,0,0,8,6,0,5,0,0,0,17,5,4,8,3,0,0,0,0,0,20,0,0,0,0,0,0,0,0,0,6,568,694,899,632,512,531,442,250,133,4667,593,713,936,662,549,581,475,284,157,4944,38208,24377,36149,33938,27481,23505,19530,12409,5785,221377
LGA57980,2659,1727,2474,2312,2039,1868,1814,1115,425,16437,8,0,0,3,8,3,0,0,0,21,0,7,0,4,0,8,0,0,0,19,0,7,7,3,3,0,4,0,0,25,0,0,0,0,0,4,0,0,0,4,0,0,0,0,0,0,0,0,0,6,123,66,97,85,78,61,47,33,9,595,0,0,4,0,0,0,5,0,0,13,0,0,0,6,0,0,0,0,0,7,0,0,0,4,0,0,0,0,0,4,0,0,0,0,0,0,0,0,0,0,127,77,109,94,84,72,59,32,8,677,138,83,113,96,83,79,58,32,8,695,2793,1809,2585,2408,2124,1949,1874,1152,432,17127
LGA58050,32693,18390,21896,21673,18570,15686,10324,4970,1649,145854,20,23,21,24,24,38,25,27,15,223,3,6,3,0,9,12,9,3,0,53,8,3,15,15,16,21,13,3,0,101,0,3,5,8,6,15,17,3,0,58,0,0,0,0,12,13,5,4,0,36,532,611,639,550,442,367,285,184,102,3705,0,0,0,5,0,4,7,4,0,19,3,0,4,9,3,4,3,0,0,27,0,0,6,0,0,0,0,0,0,6,0,0,0,4,0,0,0,0,0,5,555,634,676,592,487,432,336,203,100,4007,577,658,695,613,513,470,361,225,112,4225,33272,19046,22598,22291,19078,16158,10685,5194,1763,150086
LGA58190,65,30,38,34,61,65,34,21,9,354,0,0,0,0,0,0,0,0,0,0,0,0,0,0,0,0,0,0,0,0,0,0,0,0,0,0,0,0,0,0,0,0,0,0,0,0,0,0,0,0,0,0,0,0,0,5,0,0,0,3,0,0,0,0,0,5,3,3,0,9,0,0,0,0,0,0,0,0,0,0,0,0,0,0,0,0,0,0,0,0,0,0,0,0,0,0,0,0,0,0,0,0,0,0,0,0,0,0,0,0,0,0,3,0,0,9,3,3,0,19,0,0,3,0,0,9,3,3,0,19,65,29,42,36,61,70,34,27,9,374
LGA58260,114,36,62,74,68,67,63,44,4,531,0,0,0,0,0,0,0,0,0,0,0,0,0,0,0,0,0,0,0,3,0,0,0,0,0,0,0,0,0,3,0,0,0,0,0,0,4,0,0,4,0,0,0,0,0,0,3,0,0,3,0,0,8,18,13,20,6,0,0,69,0,0,0,0,0,0,0,0,0,0,0,0,0,0,0,0,0,0,0,0,0,0,0,0,0,0,0,0,0,0,0,0,0,0,0,0,0,0,0,0,0,0,8,16,16,25,13,0,0,76,0,0,8,16,16,25,13,0,0,78,110,38,67,92,79,90,75,45,6,608
LGA58330,616,322,288,376,590,851,751,334,63,4195,0,3,0,0,0,0,4,0,0,13,0,0,0,0,0,0,0,0,0,5,5,0,0,0,0,0,0,0,0,5,0,0,0,0,0,0,0,0,0,0,0,0,0,0,0,0,0,0,0,0,15,15,29,17,25,31,22,8,3,171,0,0,0,0,0,0,0,0,0,0,0,0,0,0,0,0,0,0,0,0,0,0,0,0,0,0,0,0,0,0,0,0,0,0,0,0,0,0,0,0,16,15,29,21,27,31,26,8,3,181,21,20,34,21,31,35,38,7,3,200,638,345,324,401,618,882,789,346,69,4399
LGA58400,26,23,34,14,35,55,48,22,0,261,0,0,0,0,0,0,0,0,0,0,0,0,0,0,0,0,0,0,0,0,0,0,0,0,0,0,0,0,0,0,0,0,0,0,0,0,0,0,0,0,0,0,0,0,0,0,0,0,0,0,0,0,3,3,0,0,3,4,0,22,0,0,0,0,0,0,0,0,0,0,0,0,0,0,0,0,0,0,0,0,0,0,0,0,0,0,0,0,0,0,0,0,0,0,0,0,0,0,0,0,0,0,3,3,5,0,3,4,0,24,0,0,3,3,5,0,3,4,0,24,26,27,36,17,38,55,53,23,0,279
LGA58470,45,14,18,20,21,26,14,0,0,161,0,0,0,0,0,0,0,0,0,0,0,0,0,0,0,0,4,0,0,4,0,0,0,0,0,0,9,0,0,12,0,0,0,0,0,0,3,0,0,3,0,0,0,0,0,0,0,0,0,0,8,3,4,14,16,34,37,5,0,130,0,0,0,0,0,0,0,0,0,0,0,0,0,0,0,0,0,0,0,0,0,0,0,0,0,0,0,0,0,0,0,0,0,0,0,0,0,0,0,0,8,3,4,14,17,35,51,9,0,151,8,3,4,14,19,35,51,9,0,150,53,15,23,37,41,62,68,14,0,310
LGA58510,5070,4325,7283,5660,4064,3467,2693,1571,995,35122,4,9,7,3,9,12,9,5,7,61,5,4,7,11,3,7,7,0,0,41,0,3,6,8,5,15,0,0,0,34,0,0,3,8,5,6,7,0,0,22,0,0,3,3,4,6,6,0,0,20,129,242,246,224,268,223,138,79,37,1573,0,0,0,0,8,9,3,0,0,23,0,0,0,0,0,0,0,0,0,4,0,0,0,0,0,0,0,0,0,0,0,0,0,0,0,0,0,0,0,4,135,249,266,246,299,258,153,85,36,1729,135,257,275,252,304,269,160,92,42,1790,5205,4579,7558,5915,4366,3737,2849,1659,1039,36911
LGA58540,131,37,70,88,103,138,88,45,12,716,0,0,0,0,0,0,0,0,0,3,0,0,0,0,0,0,4,0,0,4,0,0,0,0,0,3,3,0,0,5,0,0,0,0,0,0,0,0,0,0,0,0,0,0,0,0,0,0,0,3,0,0,0,8,4,7,15,6,0,39,0,0,0,0,0,0,0,0,0,0,0,0,0,0,0,0,0,0,0,0,0,0,0,0,0,0,0,0,0,0,0,0,0,0,0,0,0,0,0,0,0,0,0,8,4,11,14,3,0,50,0,0,0,8,3,11,14,3,0,57,128,43,68,100,107,149,109,48,12,765
LGA58570,5139,3631,7649,5954,4425,3608,2337,1155,619,34515,3,3,7,3,0,9,12,4,0,42,0,3,10,0,4,0,4,0,0,30,0,0,11,4,7,5,12,0,0,39,0,0,4,4,4,0,0,0,3,26,0,0,0,4,0,0,0,0,0,6,50,126,204,118,97,84,65,24,16,770,0,0,0,3,0,0,0,0,0,7,0,0,0,0,0,0,3,0,0,11,0,0,0,0,0,4,0,0,0,4,0,0,0,0,0,0,0,0,0,0,52,141,230,140,115,95,75,29,15,892,62,146,240,141,119,99,84,29,18,934,5193,3772,7885,6091,4546,3708,2425,1187,637,35453
LGA58610,276,127,159,175,186,235,253,138,47,1601,0,0,0,0,0,0,0,0,0,4,0,0,0,0,0,0,0,0,0,0,0,0,0,0,0,0,0,0,0,0,0,0,0,0,0,0,0,0,0,0,0,0,0,0,0,0,0,0,0,0,4,8,3,5,9,10,0,0,0,48,0,0,0,0,0,0,0,0,0,0,0,0,0,0,0,0,0,0,0,0,0,0,0,0,0,0,0,0,0,0,0,0,0,0,0,0,0,0,0,0,4,8,3,5,9,10,3,0,0,47,4,8,3,5,9,13,10,3,0,57,281,135,160,180,193,251,261,148,46,1657
LGA58680,73,43,36,55,89,73,67,42,9,490,0,0,0,3,0,0,0,0,0,3,0,0,0,0,0,0,0,0,0,0,0,0,0,0,0,0,0,0,0,0,0,0,0,0,0,0,0,0,0,0,0,0,0,0,0,0,0,0,0,0,0,5,0,0,0,9,4,0,0,18,0,0,0,0,0,0,0,0,0,0,0,0,0,0,0,0,0,0,0,0,0,0,0,0,0,0,0,0,0,0,0,0,0,0,0,0,0,0,0,0,0,5,0,0,0,9,9,0,0,19,0,5,0,4,0,9,9,0,0,23,73,50,36,55,95,82,75,44,9,514
LGA58760,45438,26212,27366,29441,27065,20427,13982,7458,2509,199903,23,32,15,23,25,25,35,29,16,213,0,8,6,4,7,8,12,0,0,50,8,4,11,4,7,6,7,9,0,56,0,0,6,3,11,9,14,3,0,55,0,0,3,0,0,5,8,5,0,19,478,606,590,411,296,272,262,98,49,3064,0,3,0,0,0,9,8,0,0,16,0,0,3,0,0,0,0,0,0,14,0,0,0,0,0,0,0,0,0,7,0,0,0,0,0,3,0,0,0,9,491,624,621,429,327,321,307,117,50,3284,517,654,638,449,349,337,342,144,67,3500,45955,26866,28001,29891,27415,20767,14324,7602,2576,203401
LGA58820,676,381,326,438,529,595,544,286,99,3885,0,0,0,5,0,0,0,0,0,0,0,0,0,3,0,4,0,0,0,6,0,0,0,0,0,5,0,0,0,8,0,0,0,0,0,0,0,0,0,0,0,0,0,0,0,0,0,0,0,5,12,24,21,25,40,32,14,3,0,187,0,0,0,0,0,0,0,0,0,0,0,0,0,0,3,0,0,0,0,3,0,0,0,0,0,0,0,0,0,0,0,0,0,0,0,0,0,0,0,0,12,26,21,29,47,37,16,4,0,205,12,26,28,30,47,43,16,4,0,213,690,409,351,475,575,637,565,289,98,4096
LGA58890,133,47,54,77,113,133,99,45,20,713,0,0,0,0,0,0,0,0,0,3,0,0,0,0,0,0,0,0,0,0,0,0,0,0,0,0,0,0,0,0,0,0,0,0,3,0,0,0,0,4,0,0,0,0,0,0,0,0,0,0,0,0,0,0,11,3,3,0,0,22,0,0,0,0,0,0,0,0,0,0,0,0,0,0,0,0,0,0,0,0,0,0,0,0,0,0,0,0,0,0,0,0,0,0,0,0,0,0,0,0,0,0,0,0,14,6,3,0,0,32,0,4,0,0,14,10,3,0,0,35,133,50,58,77,120,142,103,47,24,752
LGA59030,44,11,25,30,24,44,28,18,8,225,0,0,0,0,0,0,0,0,0,0,0,0,0,0,0,0,0,0,0,4,0,0,0,0,0,0,0,0,0,0,0,0,0,0,0,0,0,0,0,0,0,0,0,0,0,0,0,0,0,0,0,8,26,32,45,40,3,0,0,157,0,0,0,0,0,0,0,0,0,0,0,0,0,0,0,0,0,0,0,0,0,0,0,0,0,0,0,0,0,0,0,0,0,0,0,0,0,0,0,0,0,13,26,29,49,43,3,0,0,170,0,13,26,29,49,43,4,0,0,163,44,18,50,65,69,79,38,18,8,395
LGA59100,125,41,64,59,74,116,77,48,11,623,0,0,0,0,0,0,0,0,0,0,0,0,0,0,0,0,0,0,0,0,0,0,0,0,0,0,0,0,0,0,0,0,0,0,0,0,0,0,0,0,0,0,0,0,0,0,0,0,0,0,0,5,6,5,4,6,0,4,0,28,0,0,0,0,0,0,0,0,0,0,0,0,0,0,0,0,0,0,0,0,0,0,0,0,0,0,0,0,0,0,0,0,0,0,0,0,0,0,0,0,0,5,6,5,4,6,0,4,0,28,0,5,6,5,4,9,0,4,0,36,125,45,70,63,75,124,76,51,11,659
LGA59170,214,65,101,148,107,136,97,64,18,951,0,0,0,0,0,0,0,0,0,6,0,0,0,0,0,0,0,0,0,0,0,0,0,0,0,0,0,0,0,0,0,0,0,0,0,0,0,0,0,0,0,0,0,0,0,0,0,0,0,0,4,0,8,0,4,7,3,4,0,39,0,0,0,0,0,0,0,0,0,0,0,0,0,0,0,0,0,0,0,0,0,0,0,0,0,0,0,0,0,0,0,0,0,0,0,0,0,0,0,0,4,4,8,0,4,7,3,4,0,39,4,4,8,0,4,11,11,4,0,46,217,68,112,151,111,153,106,68,17,993
LGA59250,81,69,101,88,74,39,31,6,0,502,0,0,0,0,0,4,0,0,0,6,0,0,4,0,6,0,0,0,0,17,0,0,0,0,0,3,0,0,0,12,0,4,0,6,3,0,0,0,0,18,0,0,0,0,5,0,0,0,0,9,9,55,227,162,171,98,30,0,0,744,0,0,0,0,0,0,0,0,0,0,0,0,3,0,0,0,4,0,0,3,0,0,0,0,0,0,0,0,0,0,0,0,0,0,0,0,0,0,0,0,9,61,236,170,180,111,31,0,0,799,12,61,240,171,185,112,30,0,0,808,91,129,343,259,257,145,66,9,0,1303
LGA59310,235,90,138,162,144,176,165,74,20,1202,0,0,0,0,0,0,0,0,0,0,0,0,0,0,0,0,0,0,0,0,0,0,0,0,0,0,0,0,0,0,0,0,0,0,0,0,0,0,0,0,0,0,0,0,0,0,0,0,0,3,4,12,5,3,5,15,14,5,0,58,0,0,0,0,0,0,0,0,0,0,0,0,0,0,0,0,0,0,0,0,0,0,0,0,0,0,0,0,0,0,0,0,0,0,0,0,0,0,0,0,4,12,5,5,9,14,17,5,0,70,4,12,5,5,9,16,20,3,0,75,234,107,143,167,153,189,184,78,20,1276
LGA59320,95,34,37,49,49,81,54,10,0,418,0,0,0,0,0,0,0,0,0,3,0,0,0,0,0,0,0,0,0,0,0,0,0,0,0,0,0,0,0,0,0,0,0,0,0,0,0,0,0,0,0,0,0,0,0,0,0,0,0,0,0,5,0,0,0,0,0,0,0,9,0,0,0,0,0,0,0,0,0,0,0,0,0,0,0,0,0,0,0,0,0,0,0,0,0,0,0,0,0,0,0,0,0,0,0,0,0,0,0,0,0,5,0,0,0,0,0,0,0,13,0,5,0,0,0,3,0,0,0,14,97,37,42,49,50,81,58,16,0,430
LGA59330,57,30,47,45,46,63,70,55,7,428,0,0,0,0,0,0,0,0,0,0,0,0,0,0,0,0,0,0,0,0,0,0,0,0,0,0,0,0,0,0,0,0,0,0,0,0,0,0,0,0,0,0,0,0,0,0,0,0,0,0,0,6,7,0,3,3,0,4,0,30,0,0,0,0,0,0,0,0,0,0,0,0,0,0,0,0,0,0,0,0,0,0,0,0,0,0,0,0,0,0,0,0,0,0,0,0,0,0,0,0,0,6,7,0,3,3,0,4,0,30,0,6,7,0,3,3,0,4,0,31,60,37,49,45,55,72,74,57,8,459
LGA59340,1667,795,1208,1009,950,785,357,120,24,6908,7,0,8,11,0,14,16,8,0,67,52,15,41,55,45,75,104,10,4,406,84,20,30,68,65,133,130,10,0,542,20,13,31,46,25,91,127,6,0,357,19,9,15,25,16,54,65,13,0,212,133,122,384,315,343,492,416,75,8,2285,3,0,0,7,10,23,10,0,0,49,18,3,33,20,31,20,6,0,0,137,6,0,6,7,3,3,8,0,0,34,0,0,0,0,0,0,0,0,0,0,335,180,531,545,550,899,863,113,8,4024,343,177,540,551,552,916,883,119,8,4088,2006,972,1747,1559,1498,1695,1237,237,33,10994
LGA59350,29,34,101,43,47,30,21,7,4,323,0,0,0,0,0,0,0,0,0,0,0,0,7,0,0,0,3,0,0,9,0,0,0,9,0,4,0,0,0,11,0,0,0,4,0,0,0,0,0,8,0,0,0,0,3,0,0,0,0,8,0,40,187,131,153,124,45,17,0,693,0,0,0,0,0,0,0,0,0,8,0,0,0,0,0,0,0,0,0,0,0,0,0,0,0,0,0,0,0,0,0,0,0,0,0,0,0,0,0,0,0,40,200,133,160,135,49,17,0,733,0,40,200,133,160,135,49,17,0,733,29,78,301,181,211,165,70,21,4,1060
LGA59360,111,52,171,157,206,182,120,52,16,1070,0,0,0,0,0,4,0,0,0,4,0,0,0,0,0,5,7,0,0,8,0,0,5,9,4,5,0,0,0,15,0,0,0,0,3,7,4,0,0,22,0,4,7,14,12,13,0,0,0,51,8,58,158,154,150,144,36,3,3,713,0,0,0,0,0,0,0,0,0,0,0,0,0,0,0,3,0,0,0,7,0,0,0,0,0,0,0,0,0,0,0,0,0,0,0,0,0,0,0,0,8,66,170,176,168,174,49,3,3,811,8,66,170,176,173,178,49,3,3,817,116,117,346,333,375,365,167,52,20,1884
LGA59370,478,203,222,310,355,565,627,352,106,3216,0,0,0,0,4,4,5,4,0,16,0,0,0,0,0,0,0,0,0,0,0,0,0,0,0,0,0,0,0,0,0,0,0,0,0,0,0,0,0,8,0,0,0,0,0,0,0,0,0,0,9,15,28,23,19,40,21,8,0,170,0,0,0,0,0,0,0,4,0,7,0,0,0,0,0,0,0,0,0,0,0,0,0,0,0,0,0,0,0,0,0,0,0,0,0,0,0,0,0,0,9,17,25,23,19,49,23,12,0,185,12,17,25,20,26,55,25,17,5,203,489,214,252,338,374,620,652,372,106,3421
LGA59499,0,0,0,0,0,0,0,0,0,0,0,0,0,0,0,0,0,0,0,0,0,0,0,0,0,0,0,0,0,0,0,0,0,0,0,0,0,0,0,0,0,0,0,0,0,0,0,0,0,0,0,0,0,0,0,0,0,0,0,0,0,0,0,0,0,0,0,0,0,0,0,0,0,0,0,0,0,0,0,0,0,0,0,0,0,0,0,0,0,0,0,0,0,0,0,0,0,0,0,0,0,0,0,0,0,0,0,0,0,0,0,0,0,0,0,0,0,0,0,0,0,0,0,0,0,0,0,0,0,0,0,0,0,0,0,0,0,0,0,0
LGA59799,0,42,113,170,111,60,13,0,0,511,0,0,0,0,0,0,0,0,0,0,0,7,3,24,59,23,22,0,0,134,0,4,8,11,32,21,8,0,0,82,0,4,24,68,28,40,24,0,0,192,0,0,11,20,13,16,3,0,0,64,0,81,342,647,628,346,104,29,0,2175,0,0,4,3,18,18,5,0,0,42,0,0,17,10,8,6,0,0,0,47,0,0,0,0,0,6,0,0,0,6,0,0,0,0,0,0,0,0,0,0,3,93,403,785,784,472,161,32,0,2739,3,93,403,785,784,472,161,32,0,2739,3,137,518,957,896,533,176,32,0,3250
