LGA_CODE_2021,Buddhism_M,Buddhism_F,Buddhism_P,Christianity_Anglican_M,Christianity_Anglican_F,Christianity_Anglican_P,Christianity_Asyrin_Apstlic_M,Christianity_Asyrin_Apstlic_F,Christianity_Asyrin_Apstlic_P,Christianity_Baptist_M,Christianity_Baptist_F,Christianity_Baptist_P,Christianity_Brethren_M,Christianity_Brethren_F,Christianity_Brethren_P,Christianity_Catholic_M,Christianity_Catholic_F,Christianity_Catholic_P,Christianity_Church_Christ_M,Christianity_Church_Christ_F,Christianity_Church_Christ_P,Christianity_Eastrn_Orthdox_M,Christianity_Eastrn_Orthdox_F,Christianity_Eastrn_Orthdox_P,Christinty_Jehvahs_Witnses_M,Christinty_Jehvahs_Witnses_F,Christinty_Jehvahs_Witnses_P,Christianity_Lattr_day_Snts_M,Christianity_Lattr_day_Snts_F,Christianity_Lattr_day_Snts_P,Christianity_Lutheran_M,Christianity_Lutheran_F,Christianity_Lutheran_P,Christianity_Orintal_Orthdx_M,Christianity_Orintal_Orthdx_F,Christianity_Orintal_Orthdx_P,Christianity_Othr_Protestnt_M,Christianity_Othr_Protestnt_F,Christianity_Othr_Protestnt_P,Christianity_Pentecostal_M,Christianity_Pentecostal_F,Christianity_Pentecostal_P,Christinty_Prsbytrin_Refrmd_M,Christinty_Prsbytrin_Refrmd_F,Christinty_Prsbytrin_Refrmd_P,Christianity_Salvation_Army_M,Christianity_Salvation_Army_F,Christianity_Salvation_Army_P,Christnty_Sevnth_dy_Advntst_M,Christnty_Sevnth_dy_Advntst_F,Christnty_Sevnth_dy_Advntst_P,Christianity_Uniting_Church_M,Christianity_Uniting_Church_F,Christianity_Uniting_Church_P,Christianity_Christian_nfd_M,Christianity_Christian_nfd_F,Christianity_Christian_nfd_P,Christianity_Othr_Christian_M,Christianity_Othr_Christian_F,Christianity_Othr_Christian_P,Christianity_Tot_M,Christianity_Tot_F,Christianity_Tot_P,Hinduism_M,Hinduism_F,Hinduism_P,Islam_M,Islam_F,Islam_P,Judaism_M,Judaism_F,Judaism_P,Othr_Rel_Aust_Abor_Trad_Rel_M,Othr_Rel_Aust_Abor_Trad_Rel_F,Othr_Rel_Aust_Abor_Trad_Rel_P,Othr_Rel_Sikhism_M,Othr_Rel_Sikhism_F,Othr_Rel_Sikhism_P,Othr_Reln_Other_reln_groups_M,Othr_Reln_Other_reln_groups_F,Othr_Reln_Other_reln_groups_P,Other_Religions_Tot_M,Other_Religions_Tot_F,Other_Religions_Tot_P,SB_OSB_NRA_NR_M,SB_OSB_NRA_NR_F,SB_OSB_NRA_NR_P,SB_OSB_NRA_SB_M,SB_OSB_NRA_SB_F,SB_OSB_NRA_SB_P,SB_OSB_NRA_OSB_M,SB_OSB_NRA_OSB_F,SB_OSB_NRA_OSB_P,SB_OSB_NRA_Tot_M,SB_OSB_NRA_Tot_F,SB_OSB_NRA_Tot_P,Religious_affiliation_ns_M,Religious_affiliation_ns_F,Religious_affiliation_ns_P,Tot_M,Tot_F,Tot_P
LGA50080,109,196,300,1991,2599,4594,0,0,0,591,603,1195,51,53,100,1864,2185,4048,87,101,190,38,35,73,74,117,194,30,32,62,43,76,121,0,0,4,100,128,229,129,158,284,440,505,943,31,48,79,75,80,158,427,599,1032,841,1001,1844,12,17,26,6831,8340,15174,67,50,121,53,50,95,12,8,19,6,0,6,18,15,28,61,119,187,84,136,218,9938,9486,19430,63,39,102,33,63,94,10032,9590,19624,1845,1364,3207,19033,19732,38763
LGA50210,913,1219,2132,3677,4494,8173,0,0,0,1082,1154,2240,110,113,221,6708,7436,14153,87,103,187,111,131,243,175,224,399,102,117,224,85,86,170,117,95,215,293,320,611,833,980,1813,1065,1190,2262,38,53,98,255,284,544,394,521,914,2186,2494,4687,78,93,169,17415,19898,37306,2185,2146,4334,1355,1359,2713,16,16,37,5,0,10,1130,1011,2141,170,266,443,1304,1280,2587,19690,18520,38214,156,100,251,63,82,144,19906,18705,38611,3506,2954,6461,46604,47583,94184
LGA50250,39,57,99,258,209,463,0,0,0,53,30,87,0,0,0,634,460,1094,0,4,5,13,8,21,9,9,17,10,13,25,10,9,16,0,0,0,3,9,11,13,14,24,37,24,60,0,0,3,11,9,22,50,25,79,86,70,156,0,4,6,1194,896,2088,16,15,31,33,26,56,0,4,3,47,51,89,3,0,3,3,12,15,50,58,106,1957,1476,3430,7,4,14,4,4,4,1965,1478,3447,989,565,1557,4297,3096,7391
LGA50280,100,118,221,715,846,1562,0,0,0,72,81,150,0,0,0,810,931,1741,8,6,17,22,21,41,45,51,97,3,4,5,13,22,41,0,0,0,15,20,34,11,21,37,60,65,125,0,0,4,4,0,4,105,164,265,160,184,333,0,3,10,2042,2427,4469,13,21,37,21,20,38,9,7,9,0,6,4,10,8,14,20,32,51,30,41,70,5140,4891,10034,26,24,55,17,25,41,5183,4946,10127,984,833,1818,8388,8400,16791
LGA50350,107,196,303,640,859,1499,0,0,0,67,81,148,0,0,0,1522,1831,3352,30,37,69,92,82,172,27,28,53,7,12,21,14,30,56,5,6,14,45,44,84,53,45,95,59,78,135,16,19,35,3,10,13,79,120,201,230,275,503,13,13,26,2900,3580,6483,95,98,199,92,76,170,11,9,14,0,0,0,10,19,27,28,54,82,44,72,111,3854,3557,7412,43,34,80,7,11,22,3908,3608,7513,649,503,1147,7797,8135,15932
LGA50420,1151,1542,2700,2222,2673,4891,0,0,0,295,388,677,0,0,4,8317,9156,17472,78,111,191,761,787,1546,87,101,183,45,51,95,60,77,135,49,54,98,162,213,375,200,255,458,277,311,588,31,42,76,42,59,106,324,490,818,899,981,1884,29,41,74,13882,15780,29660,924,792,1718,1161,1038,2196,244,269,513,0,0,3,241,211,448,157,179,335,400,392,789,14160,13025,27180,136,111,244,58,81,134,14349,13213,27562,2276,1870,4141,34387,34900,69283
LGA50490,733,938,1674,1355,1612,2963,0,0,0,209,228,431,0,0,0,4116,4549,8663,36,34,69,142,140,283,73,77,152,53,64,112,28,40,67,23,22,49,116,155,272,182,243,426,199,212,411,20,41,63,54,69,126,227,276,505,615,762,1376,19,22,42,7460,8547,16005,714,560,1277,1790,1564,3358,11,10,24,0,0,0,227,139,367,71,103,178,299,238,542,8288,7198,15486,80,61,143,27,26,58,8398,7295,15689,2011,1689,3704,21413,20846,42257
LGA50560,0,0,3,195,177,374,0,0,0,10,10,16,0,0,0,89,98,185,3,3,4,0,4,6,0,0,0,0,0,0,0,0,0,0,0,0,9,8,15,5,8,10,8,16,27,5,6,8,0,6,0,17,24,47,24,27,47,0,6,0,360,392,749,0,0,4,0,0,0,0,0,0,0,0,0,0,0,0,4,5,9,4,5,9,363,320,684,0,0,3,0,0,0,366,324,689,131,111,238,858,834,1694
LGA50630,5,13,11,118,126,247,0,0,0,9,11,20,0,0,0,101,115,211,0,0,0,3,0,7,0,0,6,0,0,0,5,9,7,0,0,0,0,0,9,0,4,3,8,13,18,0,0,0,6,4,10,13,17,33,25,30,50,0,0,0,289,327,619,0,3,0,0,0,0,0,0,0,0,0,0,0,0,0,3,3,6,3,3,7,476,377,854,4,0,0,0,8,3,484,383,866,107,87,192,885,822,1705
LGA50770,0,4,3,137,165,305,0,0,0,16,22,42,0,6,9,119,126,242,4,4,3,0,0,0,0,6,3,0,0,3,0,4,7,0,0,0,0,0,6,0,8,9,7,6,14,5,0,8,14,11,26,25,20,38,34,30,68,0,0,0,362,406,772,0,0,0,0,0,0,0,0,0,0,0,0,0,0,0,3,9,13,3,9,13,415,382,793,3,6,5,6,0,3,418,389,804,127,111,239,917,914,1834
LGA50840,18,36,53,372,434,804,0,0,0,37,28,73,0,0,0,282,347,632,3,7,13,5,3,11,8,8,19,7,0,11,9,13,14,0,0,0,5,11,17,6,6,12,26,30,60,0,0,0,10,13,22,57,65,115,83,99,183,0,0,5,917,1063,1984,0,0,0,0,3,5,0,0,0,0,0,0,0,0,0,7,14,20,10,15,24,1336,1266,2604,11,5,14,10,9,22,1354,1288,2636,284,239,521,2587,2649,5238
LGA50910,0,4,4,84,104,187,0,0,0,6,6,11,0,0,0,54,53,102,0,0,4,0,0,0,0,6,6,0,0,0,0,0,4,0,0,0,0,4,4,4,0,7,19,20,46,0,0,0,0,0,0,26,24,50,11,10,15,0,0,0,196,230,428,0,0,0,0,0,0,0,0,0,0,0,0,0,0,0,0,4,4,0,4,4,215,165,375,0,0,0,0,0,0,215,166,374,66,56,119,474,455,929
LGA50980,53,141,193,423,492,916,0,0,0,68,77,142,0,0,0,1833,2153,3993,12,16,23,8,11,22,24,28,53,6,6,7,3,19,22,0,0,4,32,49,81,75,87,162,52,56,108,0,11,11,19,19,30,74,106,178,162,199,364,0,4,3,2797,3321,6118,33,24,58,47,37,82,4,7,11,15,20,38,5,8,11,19,18,36,34,48,87,3821,3767,7589,18,13,31,7,19,25,3849,3801,7644,1437,1332,2766,8255,8706,16959
LGA51080,4,4,3,59,58,119,0,0,0,47,54,101,0,0,0,82,70,149,0,0,0,0,0,0,0,0,0,0,0,0,9,7,16,0,0,0,5,4,6,0,7,7,3,9,7,0,0,3,0,0,0,31,34,68,12,13,28,3,3,7,252,257,510,0,0,0,0,3,3,0,0,0,0,0,0,0,0,6,0,0,0,4,0,4,196,182,371,0,0,0,0,0,0,198,182,380,69,80,144,526,525,1046
LGA51120,0,0,0,82,84,169,0,0,0,0,0,0,0,0,0,70,79,142,5,9,19,0,0,0,0,0,0,0,0,0,0,0,5,0,0,0,0,0,0,0,0,0,9,3,12,0,4,10,5,9,15,17,18,33,15,15,30,0,0,0,207,230,429,0,0,0,0,0,0,0,0,0,0,0,0,0,0,0,0,0,0,0,4,4,204,158,365,0,0,0,0,0,0,204,159,370,96,85,176,503,476,979
LGA51190,105,204,309,1791,2418,4207,0,0,0,219,247,465,0,0,0,2680,3196,5876,31,49,85,65,83,150,65,128,195,69,97,170,29,39,74,3,3,13,62,79,137,85,109,195,149,182,331,31,55,86,45,55,97,272,403,677,425,509,934,16,17,36,6048,7672,13716,111,96,205,115,121,235,3,9,15,3,0,3,45,36,85,52,85,133,99,125,224,7728,7259,14986,64,36,99,29,37,66,7818,7333,15152,1899,1230,3125,16194,16790,32987
LGA51260,140,248,386,2651,3336,5981,0,0,0,236,279,520,0,0,0,2674,3243,5916,102,111,208,37,47,84,124,174,300,24,25,49,41,56,100,0,0,0,64,79,142,95,111,206,211,242,452,10,30,42,66,64,129,428,635,1063,516,597,1110,17,16,30,7295,9051,16342,70,61,126,106,87,191,10,8,20,0,4,8,40,29,74,35,51,88,76,91,164,10292,9794,20091,62,35,92,23,55,77,10374,9889,20262,1674,1472,3146,19752,20894,40640
LGA51310,200,286,482,1672,2018,3693,0,0,0,82,95,180,0,0,0,3070,3612,6678,48,69,119,290,358,645,12,19,34,3,0,7,44,45,87,24,20,43,50,71,122,55,86,146,138,174,311,14,11,25,9,5,19,243,353,598,250,353,602,3,9,16,6026,7308,13331,201,199,396,81,96,181,61,53,111,0,0,0,24,23,42,57,59,115,81,81,156,6691,6093,12783,58,44,98,13,35,46,6760,6170,12931,660,612,1275,14066,14807,28876
LGA51330,2807,3304,6107,2778,3486,6266,0,0,0,883,1010,1899,100,87,193,7641,8562,16204,124,161,283,203,234,436,114,165,275,69,76,140,72,83,162,116,114,232,409,437,848,625,732,1361,883,931,1811,24,53,73,120,194,310,667,873,1537,1906,2143,4052,61,73,131,16800,19405,36208,3178,2838,6022,3690,3141,6832,22,20,38,3,0,3,1378,1196,2568,182,215,391,1561,1405,2968,16824,15145,31967,130,90,224,51,71,124,17012,15310,32321,2957,2421,5371,48021,47844,95860
LGA51400,45,74,111,1028,1255,2283,0,0,0,264,239,505,0,0,3,1328,1565,2894,16,20,35,24,35,59,30,37,66,34,53,90,29,36,63,7,5,14,39,38,79,90,95,184,156,142,304,8,15,25,31,41,68,141,194,335,328,402,729,34,33,60,3585,4203,7788,33,38,76,76,75,151,3,4,5,0,0,0,7,0,9,25,49,70,31,54,81,4426,4287,8710,26,13,38,5,19,27,4453,4322,8772,651,527,1181,8882,9287,18175
LGA51470,0,0,0,51,51,101,0,0,0,0,0,0,0,0,0,28,34,64,4,0,9,0,0,0,0,0,0,0,0,0,0,3,3,0,0,0,4,5,5,0,0,0,0,9,12,0,0,0,5,0,6,17,15,35,6,9,17,0,0,0,118,121,242,0,0,4,0,0,0,0,0,0,0,0,0,0,0,0,0,0,0,0,0,0,124,98,217,0,0,0,0,0,0,124,98,219,44,37,85,287,261,552
LGA51540,58,58,118,226,214,442,0,0,0,13,24,37,0,0,0,571,574,1146,42,57,98,8,4,11,11,19,35,0,0,3,6,3,7,0,0,0,12,12,21,10,11,20,36,30,67,0,3,4,8,10,15,34,40,70,67,61,130,0,3,4,1046,1067,2113,17,13,26,30,18,44,3,0,4,13,5,16,0,0,0,7,9,10,19,14,31,1037,906,1945,10,0,3,5,5,6,1048,913,1958,524,437,962,2732,2520,5251
LGA51610,4,4,8,115,126,241,0,0,0,8,9,16,0,0,0,154,175,325,3,0,4,0,0,0,5,4,7,0,0,0,4,6,8,0,0,0,3,4,4,11,0,11,3,7,9,0,0,0,3,0,3,12,10,20,26,23,49,0,0,0,353,351,704,0,0,0,0,0,5,0,0,0,0,0,0,0,0,0,0,0,0,0,0,0,322,272,593,0,0,0,0,0,0,327,272,591,120,115,242,806,750,1556
LGA51680,9,18,27,406,494,903,0,0,0,25,36,56,0,0,0,451,503,948,0,6,9,14,14,24,6,7,10,0,3,6,6,5,11,0,0,0,10,13,19,21,18,39,39,32,72,10,5,15,17,16,33,45,46,97,68,103,175,3,9,7,1113,1311,2424,10,6,19,10,8,16,4,0,4,0,0,0,0,0,0,0,8,6,4,8,12,1499,1286,2783,7,0,8,0,4,4,1507,1293,2794,356,277,631,3005,2924,5930
LGA51710,134,127,258,25,12,35,0,0,0,13,10,28,0,0,0,64,59,123,0,0,0,0,0,0,0,0,0,0,0,0,0,0,0,0,0,0,0,0,0,0,0,0,0,0,0,0,0,0,0,0,0,6,8,18,17,19,31,0,0,0,132,116,245,4,0,10,204,170,374,0,0,0,0,0,0,0,4,4,0,4,6,0,7,11,182,153,333,0,0,0,0,0,0,185,150,336,348,105,453,1006,685,1692
LGA51750,66,92,160,892,1146,2038,0,0,0,47,45,92,0,0,0,859,1101,1955,14,15,34,45,79,123,3,3,11,0,0,0,9,17,29,3,4,9,16,26,49,20,26,48,63,95,157,0,3,0,4,3,7,140,215,356,97,103,196,8,3,6,2225,2893,5116,47,51,95,30,42,68,29,48,76,3,0,3,8,3,11,26,28,56,33,35,68,2516,2351,4869,24,19,42,13,20,33,2553,2388,4940,398,366,758,5379,5909,11284
LGA51820,837,1238,2073,4318,5332,9648,0,0,0,802,939,1743,38,43,84,14639,16209,30843,65,76,137,586,652,1240,173,211,381,57,59,123,94,110,210,49,53,101,330,387,719,667,752,1418,701,758,1457,41,52,94,71,97,162,531,801,1335,1788,2106,3888,55,58,113,25000,28693,53693,1046,1044,2091,854,893,1748,38,69,112,6,0,6,226,179,407,206,273,481,439,458,893,25883,24099,49982,187,138,325,93,154,251,26171,24388,50552,3796,3129,6921,58179,59910,118091
LGA51860,0,0,0,3,6,9,0,0,0,0,0,0,0,0,0,3,3,12,0,0,0,0,0,0,0,0,0,0,0,0,0,0,0,0,0,0,0,0,0,0,0,0,0,0,0,0,0,0,0,0,0,0,0,0,3,0,4,0,0,0,9,17,29,0,0,0,198,192,389,0,0,0,0,0,0,0,0,0,0,0,0,0,0,0,44,39,83,0,0,0,0,0,0,44,38,86,45,47,93,302,292,593
LGA51890,6,24,31,485,625,1110,0,0,0,54,62,119,0,0,0,685,720,1407,25,25,44,0,3,6,24,22,48,4,9,8,4,3,16,0,0,0,19,14,38,13,18,36,28,31,58,8,7,17,8,14,24,82,107,187,67,81,145,7,3,10,1516,1753,3262,3,9,8,9,8,18,0,0,0,0,3,3,0,0,0,13,18,34,12,27,39,2435,2103,4548,10,13,18,0,10,14,2447,2130,4574,468,408,873,4468,4347,8812
LGA51960,14,19,34,159,141,300,0,0,0,22,22,44,0,0,0,181,180,363,19,25,37,10,8,16,10,15,25,0,9,11,9,5,14,0,0,0,9,7,20,8,9,14,24,20,45,0,4,4,9,7,15,16,29,42,50,50,105,0,9,11,528,525,1054,7,0,7,3,10,10,0,0,0,0,0,0,3,0,9,4,6,8,8,5,16,830,666,1498,4,0,5,3,3,11,838,676,1513,483,362,845,1881,1601,3478
LGA52030,0,0,8,101,97,200,0,0,0,4,0,6,0,0,0,68,77,144,0,0,0,0,0,0,0,0,0,0,0,0,0,0,0,0,0,0,4,0,4,0,0,0,3,11,19,5,0,5,0,3,3,28,29,56,11,13,22,0,0,0,225,231,458,0,0,4,0,6,7,0,0,0,0,0,0,0,0,0,4,6,5,4,6,5,258,169,426,0,0,0,0,0,0,263,166,427,86,67,147,577,482,1055
LGA52100,0,6,3,114,122,235,0,0,0,5,8,10,0,0,0,62,60,119,6,5,13,0,0,0,5,3,9,0,0,0,0,6,6,0,0,0,0,0,0,0,0,0,5,8,9,0,0,0,4,0,10,33,30,64,4,3,8,0,0,0,232,247,477,6,0,9,0,0,0,0,0,0,0,0,0,0,0,0,0,0,0,0,0,0,234,209,437,0,0,0,0,0,0,233,209,441,33,39,74,503,505,1007
LGA52170,16,26,46,687,781,1461,0,0,0,8,20,29,0,0,0,689,794,1484,5,0,5,50,53,96,0,0,0,0,0,0,5,6,14,0,0,0,9,18,30,8,12,24,41,64,102,0,0,0,0,0,3,78,107,186,47,69,116,4,0,5,1634,1920,3555,15,9,32,3,5,18,16,3,20,0,0,0,3,0,8,12,9,19,13,12,27,1964,1791,3755,18,9,29,3,9,12,1985,1812,3795,253,224,472,3943,4027,7970
LGA52240,0,0,3,111,95,205,0,0,0,30,30,60,0,0,0,56,62,122,0,0,0,0,0,0,0,0,0,0,0,0,0,0,0,0,0,0,3,0,4,0,0,0,5,5,10,0,0,0,4,5,4,4,10,20,5,11,21,0,0,0,230,220,453,0,0,0,0,3,3,0,0,0,0,0,0,0,0,0,0,0,4,0,0,3,260,228,488,0,5,4,0,0,0,262,232,494,69,73,139,572,532,1100
LGA52310,0,4,9,57,67,123,0,0,0,16,18,36,0,0,0,42,58,106,4,0,4,0,0,0,4,6,10,0,0,0,0,0,0,0,0,0,0,0,0,3,9,13,6,3,12,0,6,5,0,0,0,19,10,27,13,20,32,0,0,0,169,198,367,0,0,0,0,0,0,0,0,0,0,0,0,0,0,0,0,0,0,0,0,0,245,181,420,0,0,0,0,0,3,250,180,423,53,42,95,470,426,902
LGA52380,0,0,3,16,3,21,0,0,0,0,0,0,0,0,0,27,13,40,0,0,0,0,0,0,0,0,0,0,0,0,0,0,0,0,0,0,0,0,0,0,0,0,0,0,0,0,0,0,0,0,0,5,6,8,0,4,3,0,0,0,52,25,81,0,0,0,0,0,0,0,0,0,0,0,0,0,0,0,0,0,0,0,0,0,64,25,95,0,0,0,0,0,0,64,25,95,24,19,39,147,73,215
LGA52450,4,6,5,102,94,192,0,0,0,7,8,14,52,46,105,81,78,158,0,0,0,0,0,0,9,8,12,0,0,0,0,0,3,0,0,0,6,3,3,0,3,4,4,3,9,3,0,4,0,0,0,45,43,87,11,16,26,0,0,0,321,307,624,0,0,0,0,0,0,0,0,0,0,0,0,3,0,7,0,7,6,4,9,9,294,245,534,0,0,0,0,6,4,291,249,544,56,57,110,680,618,1302
LGA52520,0,0,0,73,98,165,0,0,0,22,31,52,53,53,104,88,84,171,0,0,4,0,0,0,0,0,0,0,0,0,0,0,0,0,0,0,0,6,7,0,0,0,4,5,4,0,0,0,3,0,3,32,24,59,33,21,60,0,0,0,315,318,634,0,0,0,0,0,0,0,0,0,0,0,0,0,0,0,0,0,0,0,0,0,274,223,498,0,0,0,0,3,0,280,230,506,124,110,232,720,660,1379
LGA52590,8,7,14,261,262,524,0,0,0,16,13,31,0,0,0,206,231,435,0,4,4,0,3,3,0,0,0,0,0,0,11,14,21,0,0,5,5,3,13,0,0,5,18,27,49,0,3,3,11,3,11,38,47,82,27,26,59,0,3,3,605,645,1254,9,3,15,4,6,10,0,0,0,0,0,0,3,0,4,3,8,10,8,10,18,915,733,1647,3,0,6,0,0,0,919,732,1650,246,157,403,1790,1567,3355
LGA52660,46,66,114,856,1039,1897,0,0,0,145,158,305,0,0,0,1151,1304,2449,17,32,51,11,18,31,38,55,90,23,17,40,20,16,37,0,3,4,29,28,62,49,55,109,79,89,165,8,17,26,24,22,50,120,152,276,218,224,435,6,9,20,2800,3239,6042,31,16,47,63,68,129,0,0,0,5,4,3,14,19,35,8,29,36,31,45,75,3661,3438,7101,20,15,36,8,13,20,3692,3467,7157,620,496,1121,7281,7406,14686
LGA52730,34,57,94,327,359,682,0,0,0,23,34,60,0,0,0,220,271,486,0,0,0,0,0,0,26,33,57,6,0,9,12,17,21,0,0,0,5,10,20,4,9,9,24,31,55,0,0,0,7,7,13,49,66,108,39,68,104,0,3,5,737,905,1642,3,3,10,7,6,12,5,8,15,0,0,0,0,0,0,11,29,41,11,29,41,1862,1817,3686,14,10,24,11,24,34,1889,1849,3743,391,366,754,3084,3226,6310
LGA52800,7,19,27,99,114,216,0,0,0,26,34,59,0,0,0,377,420,799,5,10,15,6,0,6,3,4,9,0,0,3,3,5,8,0,0,0,345,389,731,33,45,80,28,12,42,3,5,8,13,21,35,56,100,154,198,220,419,3,5,5,1206,1383,2585,10,5,14,23,12,28,0,0,0,48,40,91,0,0,3,10,6,17,63,56,119,1032,921,1947,3,9,14,8,0,8,1041,923,1965,1218,1116,2331,3568,3510,7075
LGA52870,13,21,32,385,503,888,0,0,0,26,24,51,0,0,0,442,512,950,3,8,8,0,6,7,23,37,61,0,4,5,8,6,14,0,0,0,25,33,63,10,12,23,24,32,65,4,3,6,19,27,47,48,55,107,90,114,205,0,0,3,1125,1374,2498,4,3,6,14,10,29,6,0,5,0,6,6,0,0,5,10,24,38,14,26,39,1583,1455,3035,5,4,13,3,12,16,1594,1465,3055,275,216,489,3039,3112,6155
LGA52940,0,0,0,64,61,127,0,0,0,9,5,11,0,0,0,28,49,79,0,0,0,0,0,0,12,4,15,0,0,0,0,0,0,0,0,0,0,3,3,0,0,0,7,4,9,0,0,0,0,0,0,25,26,47,14,13,28,0,0,0,154,166,323,0,0,0,0,0,0,0,0,0,0,0,0,0,0,0,3,0,3,3,0,3,168,137,306,0,0,0,0,0,0,167,143,312,47,29,78,374,337,715
LGA53010,0,0,0,47,42,87,0,0,0,0,3,11,0,0,0,37,48,84,0,0,0,0,0,0,5,11,7,0,0,0,0,0,0,0,0,0,0,4,4,0,0,0,9,4,7,0,0,0,0,0,0,16,7,22,7,7,11,6,0,3,124,126,248,0,0,4,0,0,0,0,0,0,0,0,0,0,0,0,4,3,6,4,3,6,158,138,297,0,0,0,0,0,0,156,137,299,68,54,121,353,323,681
LGA53080,7,6,17,37,34,64,0,0,0,3,12,17,0,0,0,48,40,89,9,5,12,4,0,4,0,0,0,0,0,4,8,0,8,0,0,0,0,7,7,0,4,10,5,4,6,0,0,0,0,6,4,6,3,3,7,3,14,0,0,0,123,118,234,0,0,0,0,0,0,0,0,0,0,0,0,0,0,0,3,4,3,3,4,3,158,111,267,0,0,0,0,0,0,161,111,272,83,64,149,372,305,677
LGA53150,16,49,65,353,471,825,0,0,0,32,42,70,0,0,0,841,1044,1886,3,7,6,21,21,38,15,12,25,0,0,0,7,8,15,0,0,0,10,19,31,5,13,26,40,52,91,0,0,0,0,0,0,57,74,134,46,73,121,3,0,3,1437,1829,3270,8,8,22,10,5,17,0,4,5,0,0,0,0,0,6,19,30,51,23,27,50,1937,1893,3834,21,13,36,0,14,9,1963,1915,3878,254,252,509,3721,4102,7819
LGA53220,48,69,117,273,163,431,0,0,0,113,106,217,0,0,0,789,451,1239,8,3,14,31,16,45,6,3,7,8,0,11,74,77,153,3,0,3,21,9,34,43,27,74,47,12,64,0,0,0,60,63,122,47,22,75,212,186,399,8,3,6,1740,1162,2903,63,20,76,68,29,95,4,0,4,84,73,163,8,6,17,13,9,26,109,90,202,2339,1433,3774,14,7,17,13,9,19,2361,1451,3817,1868,678,2547,6256,3504,9760
LGA53290,33,59,90,708,785,1502,0,0,0,98,107,203,0,0,4,761,847,1604,15,29,43,3,11,13,53,73,119,4,8,8,75,98,177,0,6,4,42,43,88,48,50,91,85,105,189,7,9,14,30,35,65,175,224,405,322,337,663,9,4,17,2439,2764,5203,6,4,15,9,7,18,0,0,0,3,3,9,0,0,5,8,12,20,15,17,33,3554,3239,6791,15,10,30,8,10,18,3577,3266,6842,915,771,1686,6990,6891,13883
LGA53360,17,15,31,127,124,247,0,0,0,15,11,25,0,0,0,179,204,379,0,0,0,3,3,6,0,0,3,0,0,0,5,3,9,0,0,0,6,17,23,6,5,5,10,12,18,0,0,0,0,0,0,17,19,37,44,39,75,0,0,0,401,441,839,9,3,10,5,0,4,0,4,4,0,0,0,0,0,0,5,4,9,5,4,9,960,859,1819,4,7,4,0,3,3,966,864,1831,216,152,367,1613,1476,3085
LGA53430,162,248,411,1150,1451,2599,0,0,0,87,125,218,0,0,0,2891,3405,6296,11,23,34,97,105,200,21,37,64,5,12,12,26,38,59,3,0,8,41,37,81,33,58,95,148,154,307,4,10,14,11,6,17,140,221,359,238,284,519,11,15,17,4917,5973,10893,51,49,105,104,88,194,46,47,90,0,3,0,10,11,16,61,81,142,73,96,167,8626,8608,17237,72,72,144,59,71,129,8755,8752,17511,1404,1163,2567,15510,16419,31930
LGA53570,18,54,75,392,438,827,0,0,0,31,29,62,0,0,0,433,420,848,3,5,8,14,7,24,19,21,40,3,13,19,6,7,13,0,0,0,12,19,25,16,26,43,52,70,122,0,3,4,12,4,19,82,78,166,89,103,194,4,5,0,1177,1231,2411,0,5,9,13,4,15,0,0,0,0,0,0,0,0,0,11,8,14,11,8,16,1355,1105,2455,8,10,11,3,6,12,1356,1115,2472,329,247,578,2914,2660,5576
LGA53640,5,3,7,78,81,160,0,0,0,38,42,82,43,34,82,69,52,120,5,0,10,0,0,0,0,0,0,0,0,0,3,0,0,0,0,0,6,9,12,0,0,0,10,3,15,0,0,0,0,0,0,17,19,32,9,17,25,0,0,0,271,263,533,6,4,3,0,0,3,0,0,0,0,0,0,0,0,0,0,0,0,0,0,0,301,226,527,0,0,3,5,4,3,304,232,532,70,62,130,650,564,1215
LGA53710,0,0,0,79,81,163,0,0,0,0,4,8,0,0,0,96,107,206,3,0,3,0,0,0,0,5,5,0,0,0,0,0,0,0,0,0,4,4,5,0,3,3,5,3,6,0,0,0,0,0,0,21,26,47,4,11,22,0,0,0,227,246,475,0,0,0,0,0,0,0,0,0,0,0,0,0,0,5,0,0,0,0,0,5,194,161,357,0,0,0,0,5,6,204,163,370,60,53,115,486,470,955
LGA53780,2072,2564,4634,4186,5237,9418,0,3,4,1361,1524,2891,30,38,69,10235,11154,21386,143,161,309,243,265,512,196,271,465,148,150,299,105,121,223,189,186,369,422,498,920,986,1108,2099,809,877,1686,69,94,166,247,278,525,599,813,1416,2458,2780,5239,93,131,228,22522,25694,48214,2837,2737,5577,7052,6689,13744,24,25,44,4,5,12,1615,1435,3049,194,308,498,1814,1748,3563,21598,19289,40889,130,90,225,61,104,166,21796,19485,41279,5371,3955,9324,63485,62887,126376
LGA53800,115,235,350,2152,2591,4745,0,0,0,175,178,358,0,0,0,4078,4744,8826,31,27,60,39,24,64,99,151,255,22,24,37,52,100,150,0,0,3,77,93,175,248,312,560,165,155,317,29,46,74,95,98,190,329,453,781,453,575,1025,12,12,24,8052,9589,17642,90,77,169,264,300,563,10,10,13,5,8,15,20,9,31,50,74,122,74,91,168,8511,7646,16154,39,33,68,14,35,48,8567,7715,16276,2340,1980,4314,19505,19992,39489
LGA53920,4,7,11,29,30,55,0,0,0,21,12,31,0,0,0,555,592,1146,0,0,0,3,0,3,0,0,6,0,0,3,3,4,8,0,0,0,178,193,374,110,139,250,6,9,8,0,0,0,0,5,6,58,58,116,96,76,167,0,0,0,1056,1111,2172,0,6,7,3,4,9,0,0,0,40,45,86,0,0,0,4,3,5,45,46,94,345,312,660,5,0,6,0,0,0,353,312,664,320,304,620,1788,1789,3574
LGA53990,50,115,165,1527,1908,3440,0,0,0,238,254,490,0,0,0,2666,2873,5539,62,71,128,26,28,51,102,141,239,61,60,119,28,26,51,0,0,0,40,56,103,59,72,132,183,207,385,13,22,27,51,49,97,213,307,523,494,527,1023,14,22,30,5776,6615,12391,67,53,125,80,73,154,9,11,15,0,0,0,11,9,24,36,44,82,49,56,106,7080,6474,13551,36,25,59,19,23,43,7139,6515,13655,1116,845,1962,14285,14286,28567
LGA54060,3,21,27,296,384,686,0,0,0,16,5,19,0,0,0,249,277,523,0,0,0,5,3,7,0,0,0,0,0,0,10,14,16,0,0,0,3,6,15,3,6,14,32,22,51,0,0,0,6,7,16,48,72,118,23,33,53,0,0,0,685,839,1525,0,3,4,3,6,9,0,0,0,0,0,0,0,0,0,0,8,8,0,8,8,861,754,1620,3,3,8,6,7,6,869,761,1628,266,212,481,1831,1851,3680
LGA54130,0,0,0,67,69,137,0,0,0,3,3,4,0,0,0,71,68,139,0,0,0,0,0,0,0,0,0,0,0,0,3,3,9,0,0,0,0,4,4,0,0,0,8,6,15,0,0,0,0,0,0,11,8,25,33,21,58,0,0,0,199,192,391,0,0,0,0,0,0,0,0,0,0,0,0,0,0,0,0,0,0,0,0,0,345,283,625,0,0,0,0,0,0,346,283,631,80,67,142,621,541,1160
LGA54170,649,1037,1686,9696,11907,21602,0,0,4,1246,1368,2612,3,4,11,15822,18032,33849,263,307,567,757,823,1579,151,213,364,181,223,401,176,203,380,142,138,279,500,557,1055,809,942,1755,1168,1292,2457,59,72,137,67,84,151,1370,1861,3226,2155,2550,4703,71,73,139,34631,40648,75272,722,672,1393,683,732,1420,94,114,205,4,0,0,98,121,221,222,307,533,325,432,755,37478,33539,71014,245,160,406,92,163,253,37821,33861,71681,4274,3315,7585,79198,80810,160003
LGA54200,255,449,699,3022,3648,6671,0,0,0,430,504,927,124,102,231,5350,5947,11297,72,112,182,114,123,240,76,101,177,48,53,98,72,89,162,13,26,41,127,148,273,212,236,451,359,450,810,30,33,59,239,290,536,428,642,1069,1033,1204,2234,101,99,209,11852,13817,25669,478,449,928,634,608,1240,16,16,39,0,3,3,124,115,237,73,129,202,195,242,443,13607,12355,25966,95,79,170,28,54,78,13726,12483,26212,1947,1588,3537,29108,29654,58762
LGA54280,118,199,317,1024,1025,2048,0,0,0,244,266,518,5,6,14,2664,2639,5306,67,95,159,34,40,73,60,67,121,111,134,238,61,51,116,10,3,12,119,118,233,120,134,258,168,168,337,17,22,43,66,76,139,186,235,420,562,672,1239,23,36,58,5549,5794,11338,197,173,375,166,111,274,3,0,6,0,5,4,44,43,92,31,42,75,76,89,169,7107,5871,12975,34,29,59,16,27,42,7156,5919,13075,2179,1572,3749,15441,13864,29306
LGA54310,140,200,336,661,647,1307,0,0,0,149,157,307,0,0,0,1740,1633,3374,19,14,32,43,39,86,29,30,61,29,27,58,28,18,46,0,0,0,43,42,88,39,31,72,63,61,127,9,13,19,20,30,48,104,126,223,252,291,545,14,12,23,3240,3184,6425,170,151,319,121,94,222,8,8,19,45,32,77,22,23,42,16,25,47,85,76,160,5674,4720,10393,27,20,46,7,10,18,5707,4751,10458,2554,1704,4261,12032,10166,22199
LGA54340,33,39,73,161,179,347,0,0,0,192,205,402,0,0,0,244,258,500,0,0,4,0,0,9,15,22,37,7,9,15,19,22,43,3,0,3,9,13,28,12,7,17,34,14,46,3,3,3,15,6,22,32,40,71,75,71,146,0,0,3,826,863,1692,7,6,13,185,159,342,0,0,0,0,0,0,0,0,0,5,10,7,4,10,10,760,668,1421,6,0,12,0,4,4,765,669,1433,265,223,489,2085,1970,4057
LGA54410,3,3,6,82,97,171,0,0,0,11,11,14,0,0,0,73,85,159,0,5,5,0,0,0,0,0,0,3,0,4,0,3,3,0,0,0,3,7,7,9,3,7,3,19,22,5,5,9,3,6,10,25,25,46,13,11,22,0,0,0,222,268,487,5,3,12,0,0,0,0,0,0,0,0,0,0,0,0,6,0,4,6,3,7,270,203,470,0,0,0,0,0,0,274,203,480,83,72,156,584,554,1138
LGA54480,0,0,0,25,21,47,0,0,0,6,3,12,0,0,0,26,12,35,0,0,0,3,0,8,0,0,0,0,0,0,0,0,0,0,0,0,3,0,4,0,0,0,4,0,5,0,0,0,0,0,0,10,14,26,14,13,26,0,0,0,95,82,172,0,0,4,0,0,0,0,0,0,0,0,0,0,0,0,0,0,0,0,0,0,140,108,255,0,0,0,0,0,0,140,108,255,34,32,63,275,219,491
LGA54550,0,3,0,175,191,367,0,0,0,37,25,71,0,0,0,152,146,297,0,0,0,0,0,0,0,3,4,0,0,0,5,10,20,0,0,0,0,0,8,0,4,4,8,5,14,0,4,4,0,0,0,43,62,102,10,15,26,3,0,6,445,459,910,0,0,0,0,0,0,0,0,0,0,0,0,4,3,3,3,7,9,6,9,19,420,366,788,0,0,0,3,3,5,424,372,792,95,85,181,981,921,1901
LGA54620,0,0,0,78,74,159,0,0,0,0,0,3,0,0,0,45,55,105,6,3,7,0,0,0,0,0,0,0,0,0,0,0,0,0,0,0,0,0,0,7,0,10,8,8,17,0,0,0,5,0,9,17,29,43,13,4,19,0,0,0,184,191,373,0,0,0,4,4,3,0,0,0,0,0,0,0,0,0,0,0,0,0,0,0,198,131,329,0,0,3,0,0,3,202,135,337,71,61,130,457,388,847
LGA54690,0,0,0,37,31,70,0,0,0,0,0,0,0,0,0,34,28,63,0,0,0,0,0,0,0,0,3,0,0,0,5,0,6,0,0,0,0,0,0,0,0,0,6,4,7,0,0,0,0,0,0,11,0,13,3,0,3,0,0,0,85,70,161,0,0,0,0,0,0,0,0,0,0,0,0,0,0,0,0,0,3,0,0,3,94,81,169,0,0,0,0,0,0,93,80,176,17,10,26,201,159,361
LGA54760,0,0,0,67,75,133,0,0,0,5,0,5,0,0,0,66,75,135,0,0,0,0,0,0,0,0,0,0,0,0,0,0,0,0,0,0,0,0,0,0,0,3,8,6,11,0,0,0,0,3,3,18,14,31,4,0,7,0,0,0,161,172,336,0,0,0,0,0,0,0,0,0,0,0,0,0,0,0,0,0,0,0,0,0,185,148,334,0,0,0,0,0,0,186,148,334,47,47,92,398,373,769
LGA54830,221,406,628,1501,1841,3338,0,0,0,270,309,579,0,0,0,3822,4166,7989,41,54,95,124,135,261,161,211,367,82,84,164,25,38,64,16,20,36,213,212,433,310,346,652,240,232,474,30,64,89,82,96,172,181,233,418,979,1161,2140,52,62,110,8133,9253,17386,685,667,1350,365,353,724,20,0,19,0,3,3,513,440,947,67,124,189,579,559,1142,10367,9573,19941,79,64,137,32,69,102,10480,9700,20180,3014,1437,4443,23482,22379,45867
LGA54900,0,3,3,111,87,203,0,0,0,10,7,15,0,0,0,98,99,196,0,0,0,0,0,6,3,4,5,0,0,0,3,0,3,0,0,0,0,0,4,4,3,4,14,5,20,0,0,0,0,0,0,24,27,50,34,26,62,0,0,0,295,267,567,0,0,3,3,0,3,0,0,0,0,0,0,0,0,0,3,0,3,3,0,3,317,262,576,0,0,0,0,0,0,317,262,576,60,54,111,680,582,1265
LGA54970,6,0,7,39,12,46,0,0,0,3,0,7,0,0,0,67,35,105,43,39,83,0,0,0,0,0,0,0,0,0,0,0,0,0,0,0,4,0,4,0,0,0,8,0,10,0,0,0,3,0,3,11,12,16,30,21,52,0,0,0,210,127,343,0,0,0,3,0,7,0,0,0,0,0,0,0,0,0,3,0,3,3,0,5,311,181,487,5,0,3,0,0,0,313,177,492,368,103,472,916,419,1333
LGA55040,6,10,18,39,35,73,0,0,0,11,4,16,0,0,0,92,73,165,4,15,16,3,0,7,0,0,0,0,5,6,6,0,5,0,0,0,0,0,0,0,0,5,8,7,19,0,0,0,5,6,8,9,9,19,28,12,40,0,8,7,205,184,382,6,5,4,17,7,19,0,0,0,0,0,0,0,0,0,3,0,7,3,0,7,365,253,615,4,6,4,0,0,0,362,255,621,378,143,525,979,606,1588
LGA55110,279,571,852,6245,8010,14253,0,0,0,824,974,1796,9,11,18,6426,7640,14062,79,98,171,123,156,278,296,402,694,153,166,319,111,155,269,3,6,15,200,248,449,409,539,954,653,717,1369,65,105,166,47,76,123,677,1035,1713,1285,1533,2821,36,52,86,17649,21917,39565,238,268,506,167,194,363,27,22,41,0,0,0,94,73,163,141,252,396,234,325,561,20935,20183,41115,122,94,217,74,158,229,21128,20438,41562,3658,3201,6858,43372,46934,90306
LGA55180,17,45,64,506,566,1071,0,0,0,65,73,142,0,0,0,674,782,1460,0,0,6,45,28,74,28,44,62,14,5,18,4,14,20,0,0,0,23,15,33,17,25,37,49,52,100,0,0,6,29,40,67,102,114,218,82,83,166,0,5,10,1644,1841,3489,6,5,14,52,32,88,3,0,3,0,0,0,0,0,3,11,25,36,11,31,42,2345,2120,4465,14,7,15,5,10,18,2359,2135,4497,467,434,904,4574,4522,9093
LGA55250,7,5,7,50,21,77,0,0,0,5,4,11,0,0,0,84,53,132,7,0,9,3,0,0,0,5,5,0,0,0,0,0,0,0,0,0,0,0,0,0,0,0,3,0,5,0,0,0,37,45,87,8,0,11,15,15,23,0,0,3,216,152,370,6,0,3,3,0,3,0,0,0,5,4,3,0,0,0,3,0,4,6,4,13,261,182,440,0,0,0,0,0,0,263,180,444,219,144,365,717,485,1200
LGA55320,1145,1680,2827,4854,6212,11070,0,0,0,867,1059,1927,77,86,166,11144,13247,24393,80,123,195,386,450,837,105,126,234,31,47,74,107,137,248,34,36,70,293,333,623,511,600,1115,997,1157,2159,23,40,60,50,64,112,1040,1462,2505,1410,1770,3178,26,34,58,22046,26991,49039,843,854,1699,699,705,1401,49,45,99,0,4,3,177,188,368,227,274,499,403,467,870,21466,20320,41781,165,125,295,77,120,195,21715,20557,42271,2746,2578,5322,49641,53880,103523
LGA55390,3,0,3,21,9,24,0,0,0,0,0,0,0,0,0,43,5,55,8,12,21,0,0,0,0,0,0,0,0,0,0,0,0,0,0,0,8,17,24,0,0,0,0,3,4,0,0,0,0,0,0,0,0,0,10,7,21,0,0,0,99,57,152,0,0,0,0,0,0,0,0,0,3,0,3,0,0,0,0,5,4,3,5,5,145,45,192,0,0,0,0,0,0,143,47,190,144,26,168,394,128,524
LGA55460,7,4,15,159,200,359,0,0,0,5,5,14,0,0,0,232,261,490,26,29,50,10,0,6,15,11,28,0,0,0,0,4,4,0,0,0,0,0,0,9,4,12,25,15,31,6,3,13,39,41,78,49,76,128,41,40,84,0,0,0,609,687,1300,0,7,6,9,5,11,0,0,0,0,0,0,0,0,4,5,4,9,8,3,12,736,612,1347,4,0,4,6,7,7,747,614,1358,220,191,412,1603,1517,3119
LGA55530,0,0,0,32,26,57,0,0,0,0,0,0,0,0,0,32,32,63,0,0,0,0,0,0,0,0,0,0,0,0,0,0,0,0,0,0,0,0,0,0,0,0,0,3,4,0,0,0,0,0,0,0,3,10,3,0,6,0,0,0,79,65,145,0,0,0,0,0,0,0,0,0,0,0,0,0,0,0,0,0,0,0,0,0,114,86,196,0,0,0,0,0,0,114,86,199,38,32,71,230,185,407
LGA55600,0,4,4,175,203,382,0,0,0,21,27,46,0,0,0,202,231,435,0,0,0,0,3,4,4,0,0,0,0,0,3,4,4,3,5,4,0,6,3,0,0,0,13,11,20,0,0,0,0,8,11,39,38,73,20,28,52,5,0,0,488,571,1056,0,0,0,0,4,4,0,0,0,10,8,10,0,0,0,0,7,5,6,11,16,489,398,892,0,0,4,0,0,0,495,405,895,161,150,313,1153,1133,2292
LGA55670,0,0,0,49,50,100,0,0,0,4,0,7,0,0,0,40,48,90,0,0,0,0,0,0,0,0,0,0,0,0,6,4,6,0,0,0,0,3,0,0,0,4,0,0,4,0,0,5,0,0,9,0,9,5,5,0,5,0,0,0,113,120,235,0,0,4,0,0,0,0,0,0,0,0,0,0,0,0,0,0,0,0,0,0,134,123,256,3,0,3,0,0,0,133,123,256,85,82,161,333,327,660
LGA55740,111,128,240,661,859,1520,0,0,0,27,39,66,0,0,0,694,904,1597,5,12,19,52,48,106,5,3,9,0,5,0,12,15,23,0,0,3,12,12,25,22,15,46,60,78,137,5,0,5,0,3,7,78,98,179,69,93,165,3,4,6,1706,2200,3906,38,51,90,48,44,95,8,5,17,0,0,0,4,4,4,25,26,48,25,33,52,2041,2015,4061,24,24,49,7,11,16,2073,2053,4129,338,301,637,4355,4818,9169
LGA55810,3,3,6,27,19,43,0,0,0,0,0,0,0,0,0,30,37,68,0,0,0,0,0,0,0,0,0,0,0,0,3,0,0,0,0,0,0,0,0,0,0,0,6,0,11,0,0,0,0,0,0,10,5,13,3,17,24,0,0,0,84,72,163,0,0,0,0,0,0,0,0,0,0,0,0,0,0,0,3,0,3,0,0,7,87,71,155,0,0,0,0,0,0,87,71,155,182,138,322,363,290,653
LGA55880,0,0,0,48,50,93,0,0,0,0,0,0,0,0,0,41,33,76,3,6,4,0,0,0,0,0,0,0,0,0,0,0,3,0,0,0,0,0,0,0,0,0,0,4,7,0,0,0,0,0,0,5,8,14,10,8,15,8,4,8,113,109,222,0,0,0,0,0,0,0,0,0,0,0,0,0,0,0,0,0,0,0,0,0,98,80,178,0,0,0,0,0,0,98,81,183,32,21,50,244,219,459
LGA55950,4,0,4,25,19,48,0,0,0,7,5,13,0,0,0,31,42,74,25,33,56,0,0,0,5,5,6,0,0,0,0,0,0,0,0,0,0,4,3,0,0,0,3,3,9,0,0,0,3,4,9,11,22,33,26,22,50,0,0,0,148,152,296,0,0,0,0,0,0,0,0,0,0,0,0,0,0,0,0,0,0,0,0,0,116,80,200,4,0,6,0,0,0,122,82,202,42,35,79,313,265,579
LGA56090,121,234,357,2152,2580,4733,0,0,0,352,386,745,93,89,178,2602,2948,5551,59,84,143,63,63,128,125,146,273,40,70,114,40,52,95,5,6,7,91,109,203,89,113,205,191,224,415,21,22,43,57,62,120,227,361,586,622,742,1357,68,51,118,6896,8104,15001,46,55,98,43,57,95,15,23,41,0,0,0,20,22,39,75,105,184,96,128,223,9783,9069,18850,77,44,121,28,53,83,9886,9163,19047,3235,1068,4298,20336,18832,39166
LGA56160,0,0,0,0,7,8,0,0,0,0,0,0,0,0,0,17,15,32,0,0,0,0,0,0,0,0,0,0,0,0,0,0,0,0,0,0,0,0,0,0,0,0,0,0,0,0,0,0,0,0,0,0,0,0,0,0,0,0,0,0,18,21,42,0,0,0,0,0,0,0,0,0,3,0,3,0,0,0,0,0,0,3,0,3,20,22,42,0,0,0,0,0,0,20,22,42,13,6,17,49,50,101
LGA56230,44,79,125,1299,1527,2827,0,0,0,143,177,318,0,0,6,1155,1361,2518,16,13,27,14,15,26,86,103,186,13,17,36,23,33,52,0,0,0,38,52,93,63,62,125,128,125,252,15,13,23,12,14,25,158,250,412,206,204,410,6,5,15,3377,3970,7348,13,7,22,17,14,35,4,0,6,0,3,0,0,0,0,22,36,54,21,36,60,4577,4192,8768,20,15,36,14,25,42,4609,4236,8843,879,745,1626,8975,9090,18068
LGA56300,3,13,12,119,118,235,0,0,0,4,9,9,0,0,0,85,78,163,0,0,0,0,0,0,3,3,8,0,0,3,0,0,0,0,0,0,7,9,12,3,4,0,9,10,15,0,0,0,0,0,0,13,21,36,14,12,30,0,0,0,260,260,518,0,0,0,0,6,6,0,0,3,0,0,0,0,0,0,0,7,7,0,7,3,390,348,734,4,4,4,0,6,6,395,353,745,135,117,252,790,751,1538
LGA56370,0,0,0,60,80,147,0,0,0,0,3,5,0,0,0,64,50,115,20,17,33,0,0,0,0,6,13,0,0,0,0,0,0,0,0,0,3,0,5,0,0,0,0,3,4,0,0,0,13,9,13,3,14,21,9,8,12,0,0,0,174,192,362,0,0,0,3,0,6,0,0,0,0,0,0,0,0,0,0,0,0,0,0,0,160,122,281,4,6,4,0,0,0,158,125,285,83,55,135,415,371,787
LGA56460,7,15,25,294,346,643,0,0,0,77,104,178,0,0,0,373,452,823,0,0,0,4,3,6,25,39,61,9,6,19,11,10,24,0,0,0,5,3,11,10,15,21,31,27,59,10,15,24,10,12,28,81,96,177,69,83,156,0,4,3,1007,1225,2231,10,14,23,12,8,18,0,3,3,0,0,0,9,6,13,8,10,18,9,17,26,995,875,1873,7,3,10,0,5,7,1003,881,1887,305,263,567,2350,2427,4779
LGA56580,152,247,400,1658,1929,3584,4,0,4,93,107,192,0,0,0,2044,2362,4407,35,51,85,143,153,298,10,19,30,0,6,6,31,37,59,4,7,12,52,76,119,45,47,91,145,156,296,5,10,14,3,5,10,336,407,747,255,290,539,4,11,16,4864,5655,10524,197,179,376,93,116,205,55,44,96,0,0,0,24,22,49,53,41,97,75,69,145,4796,4284,9080,49,25,76,9,16,28,4848,4327,9174,625,583,1211,10920,11211,22132
LGA56620,0,0,0,6,6,15,0,0,0,3,0,0,0,0,0,29,23,51,10,11,19,0,0,0,0,0,0,3,6,6,18,11,37,0,0,0,6,10,17,0,0,3,0,0,5,0,0,0,0,0,0,8,7,11,164,157,321,0,0,0,247,236,486,0,0,0,0,0,4,0,0,0,81,85,163,0,0,0,0,0,0,81,85,163,168,198,370,6,0,3,0,0,5,170,203,377,164,169,330,656,697,1358
LGA56730,22,42,58,649,769,1420,0,0,0,56,77,130,67,78,140,923,1023,1949,43,48,90,14,15,29,50,60,112,8,13,19,10,26,37,4,3,6,25,22,45,14,14,33,47,55,101,19,21,38,23,31,57,93,132,226,136,187,326,4,6,11,2188,2586,4775,16,14,37,33,30,61,0,3,3,0,0,3,3,0,3,21,29,48,30,30,56,2450,2268,4720,13,14,27,12,28,39,2479,2313,4787,979,606,1581,5744,5619,11358
LGA56790,9,21,31,283,289,572,0,0,0,10,12,18,0,0,0,259,275,538,3,0,3,5,3,4,3,4,3,0,0,0,11,15,25,0,0,0,4,3,8,0,0,8,14,18,30,0,4,4,0,9,9,44,50,97,19,25,43,0,4,4,660,709,1368,0,0,0,0,0,6,0,0,4,0,0,0,0,0,0,8,5,13,8,5,13,724,546,1270,4,0,8,6,0,4,736,546,1281,294,238,532,1708,1522,3227
LGA56860,0,0,0,20,18,34,0,0,0,3,0,3,0,0,0,9,18,25,0,0,0,0,0,0,0,0,0,0,0,0,0,0,0,0,0,0,0,0,0,0,0,0,0,0,0,0,0,0,0,0,3,0,4,4,4,0,3,0,0,0,39,41,77,0,0,0,0,0,0,0,0,0,0,0,0,0,0,0,0,0,0,0,0,0,69,53,116,0,0,0,0,0,0,69,53,116,35,21,56,136,120,255
LGA56930,3,5,9,163,210,373,0,0,0,3,0,4,0,0,0,131,182,309,0,0,0,14,6,20,0,0,0,0,0,0,5,0,10,0,0,0,0,0,0,0,0,0,20,20,38,0,0,0,0,0,0,14,29,37,0,6,7,0,0,0,348,458,804,4,10,8,12,13,25,10,8,18,0,0,0,0,0,0,10,9,19,10,9,19,262,337,595,6,0,0,0,0,0,259,334,599,34,78,110,684,912,1597
LGA57000,0,3,5,44,52,96,0,0,0,0,0,4,0,0,0,36,31,64,0,0,0,0,0,0,0,0,0,0,0,0,0,0,0,0,0,0,3,0,3,0,0,0,0,4,8,0,0,0,3,4,3,8,6,13,4,0,9,0,0,0,111,98,206,0,0,0,0,0,0,0,0,0,0,0,0,0,0,0,0,0,0,0,0,0,142,74,218,0,0,0,0,0,0,142,74,218,138,58,199,390,239,629
LGA57080,537,757,1287,836,766,1602,0,0,4,138,153,291,0,0,0,2128,2179,4302,22,18,36,139,184,323,25,23,44,19,7,21,27,28,58,20,10,25,79,94,177,92,104,195,148,137,286,6,6,9,20,13,38,145,155,297,362,439,804,4,7,13,4216,4314,8532,624,645,1274,616,568,1183,65,56,119,0,0,0,44,47,100,77,91,163,118,135,260,6731,5572,12309,103,56,156,16,32,53,6859,5658,12516,1957,1334,3293,14996,13471,28463
LGA57140,0,0,0,88,75,167,0,0,0,30,27,57,0,0,0,44,63,108,0,0,0,0,0,0,5,19,29,0,0,0,0,3,3,0,0,0,3,0,5,3,7,7,6,10,16,0,0,0,0,5,5,12,15,33,23,16,44,0,0,0,226,244,467,3,0,4,0,0,0,0,0,0,0,0,0,3,3,3,0,0,3,3,3,10,260,218,476,0,0,4,0,0,0,260,215,480,40,38,78,534,502,1037
LGA57210,10,14,22,335,363,693,0,0,0,97,106,203,0,0,3,219,246,464,4,3,9,3,4,8,17,23,37,16,9,22,6,11,22,0,0,0,7,11,18,4,8,15,28,34,63,3,7,7,16,21,39,41,64,110,107,99,206,0,0,0,908,1001,1908,9,0,11,63,48,108,0,0,0,0,0,0,0,0,0,17,10,27,17,10,27,1349,1195,2542,12,6,20,0,13,12,1362,1215,2573,416,324,736,2775,2610,5388
LGA57280,77,138,213,439,456,892,0,0,0,94,102,192,0,0,0,1331,1311,2642,19,21,42,28,29,57,41,57,100,35,38,75,20,15,35,3,0,5,36,26,67,73,115,185,56,46,102,0,3,8,30,47,74,93,88,184,222,233,464,6,7,10,2523,2608,5128,112,97,208,259,225,483,3,0,10,23,17,46,13,15,24,29,21,43,61,45,114,3684,3155,6837,23,9,32,10,10,14,3715,3174,6887,1483,1165,2650,8229,7449,15684
LGA57350,0,3,4,62,82,138,0,0,0,11,0,15,0,0,0,56,67,117,0,0,0,0,0,0,0,4,4,0,0,0,0,0,0,0,0,0,8,0,7,0,0,8,9,4,10,0,0,3,0,0,0,24,30,54,10,4,17,0,0,0,177,195,371,0,4,3,0,0,0,0,0,0,0,0,0,0,0,0,0,0,0,0,0,0,153,161,314,0,0,0,0,0,0,151,161,318,131,132,264,459,504,961
LGA57420,3,10,11,113,124,243,0,0,0,14,17,29,0,0,0,115,117,232,0,3,5,3,0,3,0,4,7,0,0,0,6,4,12,0,0,6,0,4,13,4,9,12,27,24,50,0,5,0,5,3,9,33,37,63,34,33,65,5,0,5,357,380,738,0,0,0,3,6,11,0,3,3,0,0,0,3,5,5,0,3,4,4,9,17,585,469,1052,0,3,9,0,3,3,585,474,1066,138,100,243,1095,987,2085
LGA57490,422,816,1245,7342,9049,16392,0,0,0,958,1109,2061,0,0,0,9507,10827,20329,193,247,441,309,352,656,343,451,790,270,275,540,171,248,421,32,40,68,298,342,638,595,680,1271,1002,1078,2079,104,145,256,122,127,250,822,1118,1939,2243,2545,4785,82,100,182,24398,28724,53124,402,377,781,446,441,887,16,26,44,5,11,18,190,169,359,224,331,555,424,507,933,34891,33062,67947,206,161,362,101,202,304,35191,33424,68611,5781,4277,10061,67085,68591,135678
LGA57630,0,0,0,3,0,6,0,0,0,0,0,0,0,0,0,8,6,15,0,0,0,0,0,0,0,0,0,0,0,0,0,0,0,0,0,0,0,0,0,0,0,0,3,0,0,0,0,0,0,0,0,0,0,0,0,0,0,0,0,0,20,12,36,0,0,0,0,0,0,0,0,0,0,0,0,0,0,0,0,0,0,0,0,0,16,19,35,6,0,6,0,0,0,18,19,34,28,9,40,70,37,109
LGA57700,129,142,266,1525,1860,3384,0,0,0,228,293,520,4,3,10,2059,2231,4294,17,22,43,49,32,79,44,55,105,42,46,91,19,39,60,8,4,14,73,81,158,209,229,435,466,480,947,12,16,28,32,58,94,158,216,370,732,793,1524,16,18,37,5695,6489,12184,227,247,469,204,189,392,0,3,7,0,0,0,259,245,501,38,77,115,297,325,618,8014,7791,15805,46,33,82,17,20,33,8073,7845,15922,1452,862,2313,16069,16102,32173
LGA57770,3,14,19,66,74,139,0,0,0,4,5,6,0,0,0,68,65,135,0,0,3,3,5,5,0,0,5,0,0,0,0,0,0,0,0,0,3,0,3,0,3,4,5,8,9,0,0,3,0,0,5,3,5,7,5,12,17,0,0,0,159,172,330,0,0,0,0,0,0,0,0,0,0,0,0,0,0,0,0,0,3,0,0,3,258,231,486,0,0,0,0,0,0,258,227,495,92,92,184,520,507,1031
LGA57840,576,775,1354,1840,2397,4236,0,0,0,213,291,506,26,22,48,4487,4946,9436,67,74,147,236,244,478,54,64,118,32,33,59,37,77,115,30,23,58,113,122,237,160,195,352,304,355,665,9,13,23,32,41,71,480,661,1138,518,665,1179,16,17,33,8650,10232,18889,435,412,846,584,486,1070,50,39,89,3,3,8,47,64,109,96,126,218,148,189,335,9195,8471,17669,101,67,164,29,44,77,9324,8586,17908,1473,1441,2915,21244,22163,43405
LGA57910,3790,4893,8682,7784,10367,18150,0,0,0,1347,1544,2890,11,4,14,24319,28191,52510,222,333,558,3242,3474,6716,392,542,936,152,189,334,173,259,428,232,232,466,564,703,1263,732,986,1725,877,1073,1946,82,119,194,123,167,289,1217,1881,3105,2936,3673,6608,74,91,165,44473,53831,98310,3221,2899,6122,4344,3994,8339,1342,1457,2800,3,10,15,910,814,1719,494,624,1119,1411,1443,2851,43080,40696,83770,392,302,694,187,260,449,43659,41258,84918,7631,6715,14348,109870,116500,226369
LGA57980,166,246,415,883,1106,1996,0,0,0,65,73,136,0,0,0,1234,1630,2860,59,58,118,96,144,242,15,21,36,0,0,0,25,38,61,0,0,0,29,40,76,20,38,58,77,119,188,8,0,5,3,0,5,132,225,356,138,220,354,8,4,11,2777,3726,6506,112,113,225,108,99,205,28,42,75,0,3,3,7,9,21,36,43,78,43,49,95,4284,4149,8440,51,46,96,16,22,30,4348,4221,8566,632,545,1176,8219,9044,17267
LGA58050,1577,2151,3729,6256,7692,13949,0,0,0,1268,1346,2619,4,5,8,14346,15549,29890,191,238,427,738,749,1491,259,342,607,178,224,402,127,142,265,132,115,251,510,579,1094,1058,1250,2313,715,769,1482,95,146,247,188,219,407,688,854,1547,2805,3231,6035,77,102,181,29647,33571,63219,2410,2298,4706,3098,2987,6084,79,88,168,7,9,13,1405,1302,2701,225,353,578,1641,1661,3297,31679,29132,60810,217,173,386,108,169,278,32003,29473,61474,5540,4762,10306,75992,76981,152974
LGA58190,0,0,0,34,34,74,0,0,0,3,0,3,0,0,0,32,19,52,0,0,0,0,0,0,0,0,0,0,0,0,0,0,0,0,0,0,0,0,0,0,0,0,6,0,8,0,0,0,0,0,4,10,12,28,7,10,14,0,0,0,90,84,178,0,0,0,0,0,0,0,0,0,0,0,0,0,0,0,0,0,0,0,0,0,87,57,146,0,0,0,0,0,0,86,57,145,36,29,64,217,172,386
LGA58260,0,6,6,46,48,94,0,0,0,3,3,4,0,0,0,53,41,88,0,0,0,0,0,0,0,0,0,0,0,0,4,0,5,0,0,0,0,0,0,0,0,0,3,3,3,0,0,0,0,0,0,10,13,22,5,0,4,0,0,0,122,114,227,0,0,0,0,0,0,0,0,0,0,0,0,0,0,0,0,0,0,0,0,0,122,110,233,0,0,0,0,0,0,127,110,238,52,51,101,296,274,575
LGA58330,17,25,41,311,350,663,0,0,0,35,30,72,0,0,3,269,275,548,6,9,15,3,3,6,21,20,44,4,0,5,11,8,20,0,0,0,6,9,16,0,4,4,38,20,54,5,6,11,8,12,23,36,48,85,56,72,134,0,3,3,824,877,1702,0,0,0,5,7,10,0,0,0,0,0,0,0,0,0,7,26,36,7,26,36,1150,1003,2152,8,0,10,6,11,17,1158,1013,2172,359,281,636,2370,2229,4601
LGA58400,0,0,0,24,25,44,0,0,0,0,0,0,0,0,0,24,19,43,0,0,0,5,0,5,0,3,5,0,0,0,0,0,0,0,0,0,0,0,0,0,0,0,0,0,0,0,0,0,0,0,0,3,3,8,6,0,7,0,0,0,61,58,116,0,0,0,0,0,0,0,0,0,0,0,0,0,0,0,0,0,0,0,0,0,77,63,143,0,0,0,0,0,0,77,63,143,21,20,39,151,137,298
LGA58470,0,0,0,8,6,17,0,0,0,0,0,0,0,0,0,10,12,18,7,0,7,0,0,0,0,0,0,0,0,0,0,0,0,0,0,0,0,0,0,0,0,0,0,0,0,0,0,0,5,3,8,0,0,0,3,3,8,0,0,0,28,28,60,0,0,0,0,0,0,0,0,0,3,0,3,0,0,0,0,0,0,3,0,3,51,37,85,0,0,0,0,0,0,51,37,85,15,9,21,95,79,170
LGA58510,566,743,1308,1130,1365,2495,0,0,0,189,194,386,0,3,7,3212,3596,6814,44,56,101,100,121,223,59,71,136,11,11,26,39,54,93,27,30,60,81,81,162,119,146,264,172,210,388,10,14,23,30,39,73,241,335,579,480,574,1055,11,15,29,5956,6939,12896,702,609,1309,668,619,1291,13,13,27,7,0,9,101,103,200,67,77,144,169,179,348,8540,7720,16265,106,83,182,20,33,48,8660,7839,16499,1666,1538,3204,18416,18477,36889
LGA58540,0,0,4,81,71,148,0,0,0,5,6,7,0,0,0,75,61,133,0,0,0,0,0,0,0,0,0,4,0,4,3,4,7,0,0,0,0,0,0,0,0,0,0,4,4,0,0,0,0,0,0,8,10,15,6,5,11,0,3,3,178,158,343,0,0,0,0,0,0,0,0,0,0,0,0,0,0,0,0,0,0,0,0,0,183,164,349,0,0,0,0,0,0,186,164,352,52,59,110,424,381,802
LGA58570,373,558,933,1010,1193,2200,0,0,0,113,134,244,0,0,0,3574,3947,7524,19,26,46,447,522,969,42,43,82,7,3,15,36,40,73,11,6,21,50,63,113,70,100,167,109,120,228,10,14,24,9,15,22,142,231,379,336,451,790,5,9,14,5988,6911,12899,256,224,482,224,183,410,122,140,257,0,0,3,17,14,33,69,94,162,91,109,196,9608,8974,18586,128,84,215,44,51,91,9782,9106,18891,1403,1070,2470,18240,18293,36537
LGA58610,6,11,14,127,139,267,0,0,0,24,29,48,0,0,0,110,100,212,0,0,0,0,4,4,3,0,3,0,0,0,5,11,13,0,0,0,0,5,5,0,0,5,6,17,23,4,6,6,5,3,5,53,55,111,15,13,26,0,0,0,354,381,732,0,0,0,0,0,0,0,0,0,0,0,0,0,0,0,10,4,10,10,4,10,411,351,765,0,0,0,0,0,5,419,353,772,107,120,225,888,869,1761
LGA58680,0,0,4,38,45,84,0,0,0,3,4,5,0,0,0,34,36,67,0,0,0,0,0,0,0,0,0,0,0,0,0,0,0,0,0,0,0,0,0,0,0,0,0,0,3,0,0,0,0,0,0,3,4,10,7,12,14,0,0,0,93,102,195,0,0,0,0,0,0,0,0,0,0,0,0,0,0,0,0,0,0,0,0,0,130,97,231,6,0,6,0,0,0,134,99,230,60,48,104,290,250,535
LGA58760,2235,2956,5187,9412,11706,21118,12,8,19,2116,2318,4435,10,10,16,17602,20165,37765,199,251,452,1593,1641,3235,453,577,1036,460,514,968,152,157,315,323,326,651,659,803,1461,1699,1969,3672,1154,1325,2484,77,123,199,185,240,429,890,1230,2122,4159,4836,8999,113,122,231,41274,48329,89606,2599,2514,5108,3122,3097,6220,77,93,168,0,3,5,594,537,1132,337,470,796,927,1006,1932,45302,42412,87724,291,219,515,110,180,284,45711,42810,88518,6866,5506,12368,102807,106304,209111
LGA58820,4,13,16,295,349,645,0,0,0,15,23,38,0,0,0,450,476,933,3,3,7,0,5,4,7,13,17,0,3,3,4,3,12,0,0,0,6,5,13,9,12,24,29,24,56,3,0,3,3,0,4,44,41,87,40,52,96,0,0,0,917,1026,1937,0,0,4,3,3,14,3,0,3,0,0,0,0,0,0,5,7,14,5,8,18,949,878,1827,3,0,11,3,10,6,962,884,1843,223,170,397,2114,2120,4234
LGA58890,0,0,0,67,69,131,0,0,0,3,3,8,0,0,0,45,59,101,0,0,0,0,0,0,0,0,0,0,0,0,0,0,0,0,0,0,0,0,0,0,0,0,4,6,10,0,0,0,10,7,13,19,19,36,7,7,10,0,0,0,151,160,314,0,0,0,0,0,0,0,0,0,0,0,0,0,0,0,0,0,0,0,0,0,197,135,327,0,0,3,0,0,0,201,134,332,61,69,128,414,362,773
LGA59030,0,0,0,25,21,46,0,0,0,0,0,0,0,0,0,24,20,47,0,0,0,0,0,0,0,0,0,0,0,0,0,0,0,0,0,0,0,0,0,0,0,0,4,0,3,0,0,0,0,5,5,4,9,13,3,7,8,0,0,0,63,61,121,0,0,0,0,0,0,0,0,0,0,0,0,0,0,0,0,0,0,0,0,0,48,50,100,0,0,0,0,0,0,48,50,100,16,13,25,123,125,248
LGA59100,0,0,0,51,57,111,0,0,0,3,6,8,0,0,0,29,51,83,0,0,0,0,0,0,0,0,0,4,0,4,0,0,0,0,0,0,0,0,3,0,0,0,6,7,11,0,0,0,0,0,0,18,16,32,3,5,5,0,0,0,119,144,260,0,0,0,0,0,0,0,0,0,0,0,0,0,0,0,0,0,0,0,0,0,176,143,318,0,0,0,0,0,0,178,143,318,64,50,114,366,329,690
LGA59170,0,0,0,88,102,187,0,0,0,6,12,22,0,0,0,62,69,130,0,4,4,0,0,0,3,3,0,0,0,0,0,0,3,0,0,0,0,0,0,4,0,0,0,3,4,0,0,0,0,0,0,15,16,27,18,26,44,0,0,0,204,224,427,0,0,0,0,0,0,0,0,0,0,0,0,0,0,0,0,0,0,0,0,0,248,210,458,0,0,0,3,0,5,250,214,456,67,60,128,521,500,1021
LGA59250,0,0,3,16,3,26,0,0,0,4,0,5,0,0,0,22,12,37,0,0,0,0,0,0,0,0,0,0,0,0,0,0,0,0,0,0,0,0,0,0,0,0,4,0,4,0,0,0,19,29,46,3,0,4,11,3,17,0,0,0,81,59,139,0,0,0,0,0,0,0,0,0,0,0,0,0,0,0,0,0,0,0,0,0,122,71,193,6,0,6,0,0,0,125,71,196,140,61,199,345,189,535
LGA59310,3,5,6,129,115,241,0,0,0,6,12,18,0,0,0,92,70,164,0,0,0,0,0,0,0,0,0,4,0,5,0,5,8,0,0,0,0,0,3,4,5,6,11,12,20,0,0,0,0,0,0,25,21,45,22,16,43,0,4,4,302,258,558,0,0,0,3,0,6,0,0,0,0,0,0,0,0,0,3,9,10,3,9,10,306,264,561,0,0,0,0,0,0,301,264,565,78,64,146,696,601,1297
LGA59320,0,0,0,29,28,62,0,0,0,20,19,43,0,0,0,21,31,48,0,0,0,0,0,0,0,0,0,0,0,0,4,3,5,0,0,0,0,0,0,0,0,0,4,4,9,0,0,0,0,0,0,10,6,14,11,18,24,0,0,0,103,109,214,0,0,0,0,0,0,0,0,0,0,0,0,0,0,0,0,0,0,0,0,0,107,73,181,0,0,0,0,0,0,107,73,181,28,27,52,238,210,448
LGA59330,0,0,0,54,62,112,0,0,0,0,4,4,0,0,0,32,20,51,5,0,5,0,0,0,0,0,3,0,0,0,0,0,0,4,0,3,7,3,5,0,4,10,0,4,5,0,0,0,0,0,0,9,7,12,8,5,17,0,0,0,119,105,231,0,0,5,0,0,0,0,0,0,0,0,0,0,0,0,0,0,0,0,0,0,94,85,180,0,0,0,0,0,0,93,85,182,22,29,50,244,227,470
LGA59340,18,41,62,208,221,430,0,0,0,36,46,81,0,0,0,653,794,1449,3,5,3,7,5,8,4,7,12,0,5,3,6,13,21,0,0,3,28,31,62,48,66,116,26,27,46,5,0,5,3,7,7,62,81,142,116,151,269,0,0,4,1206,1461,2664,20,12,32,10,12,22,0,5,5,50,51,107,0,0,5,7,5,19,55,66,124,1604,1464,3064,5,4,18,0,3,0,1617,1469,3088,768,716,1483,3699,3775,7477
LGA59350,0,0,0,13,3,13,0,0,0,0,0,0,0,0,0,34,20,53,0,0,0,5,0,5,0,0,0,0,0,0,0,0,0,0,0,0,0,0,0,0,0,0,0,0,0,0,0,0,0,0,0,0,0,0,0,0,0,0,0,0,54,25,80,0,0,0,0,0,0,0,0,0,0,0,0,0,0,0,0,0,0,0,0,0,64,34,95,0,0,0,0,0,0,62,38,95,123,36,152,242,101,340
LGA59360,3,7,10,79,64,147,0,0,0,6,4,10,0,0,0,159,116,270,0,0,0,5,5,3,0,0,0,0,5,5,0,0,3,0,3,4,4,0,4,0,0,0,0,5,5,0,0,0,4,0,3,22,26,45,3,5,6,6,0,9,283,240,523,3,0,0,0,0,0,0,0,0,0,0,0,5,0,4,0,4,4,3,4,11,267,139,401,0,0,0,0,0,0,268,138,405,167,58,228,731,439,1173
LGA59370,3,8,17,314,352,660,0,0,0,14,21,31,0,0,0,177,220,404,15,21,37,10,13,24,12,18,27,0,0,0,3,8,15,5,0,4,8,4,12,0,4,5,24,24,57,10,19,28,4,0,6,70,68,130,36,38,73,0,0,0,700,817,1513,3,6,8,3,7,6,0,0,0,0,0,4,0,0,0,3,7,18,6,8,16,802,705,1508,9,6,12,6,5,5,813,715,1521,209,164,371,1731,1731,3459
LGA59499,27,16,48,212,179,396,0,0,0,25,26,50,0,0,0,306,315,617,0,5,4,3,4,8,3,7,10,8,9,9,8,10,20,0,0,0,17,10,25,21,21,45,30,28,62,6,5,10,6,9,10,37,49,92,88,89,178,3,0,7,772,780,1550,17,8,23,33,27,57,10,7,14,0,4,5,0,5,6,16,18,30,17,24,40,1412,1177,2591,21,11,30,9,9,23,1452,1197,2652,2311,1361,3674,4639,3416,8055
LGA59799,5,3,11,16,3,20,0,0,0,8,0,8,0,0,0,70,11,77,0,0,0,4,0,4,0,0,0,0,0,0,0,0,0,0,0,0,0,0,0,0,0,0,0,0,0,0,0,0,0,0,0,0,0,0,6,0,3,0,0,0,112,14,124,4,0,4,11,0,11,0,0,0,0,0,0,0,0,0,0,0,0,0,0,0,123,21,144,0,0,0,0,0,0,123,21,144,196,23,227,455,58,514
