LGA_CODE_2021,P_15_19_Num_chld_evr_brn_Nne,P_15_19_Num_chld_evr_brn_1,P_15_19_Num_chld_evr_brn_2,P_15_19_Num_chld_evr_brn_3,P_15_19_Num_chld_evr_brn_4,P_15_19_Num_chld_evr_brn_5,P_15_19_Num_chd_evr_brn_6_mr,P_15_19_Num_chld_evr_brn_ns,P_15_19_yrs_Total,P_20_24_Num_chld_evr_brn_Nne,P_20_24_Num_chld_evr_brn_1,P_20_24_Num_chld_evr_brn_2,P_20_24_Num_chld_evr_brn_3,P_20_24_Num_chld_evr_brn_4,P_20_24_Num_chld_evr_brn_5,P_20_24_Num_chd_evr_brn_6_mr,P_20_24_Num_chld_evr_brn_ns,P_20_24_yrs_Total,P_25_29_Num_chld_evr_brn_Nne,P_25_29_Num_chld_evr_brn_1,P_25_29_Num_chld_evr_brn_2,P_25_29_Num_chld_evr_brn_3,P_25_29_Num_chld_evr_brn_4,P_25_29_Num_chld_evr_brn_5,P_25_29_Num_chd_evr_brn_6_mr,P_25_29_Num_chld_evr_brn_ns,P_25_29_yrs_Total,P_30_34_Num_chld_evr_brn_Nne,P_30_34_Num_chld_evr_brn_1,P_30_34_Num_chld_evr_brn_2,P_30_34_Num_chld_evr_brn_3,P_30_34_Num_chld_evr_brn_4,P_30_34_Num_chld_evr_brn_5,P_30_34_Num_chd_evr_brn_6_mr,P_30_34_Num_chld_evr_brn_ns,P_30_34_yrs_Total,P_35_39_Num_chld_evr_brn_Nne,P_35_39_Num_chld_evr_brn_1,P_35_39_Num_chld_evr_brn_2,P_35_39_Num_chld_evr_brn_3,P_35_39_Num_chld_evr_brn_4,P_35_39_Num_chld_evr_brn_5,P_35_39_Num_chd_evr_brn_6_mr,P_35_39_Num_chld_evr_brn_ns,P_35_39_yrs_Total,P_40_44_Num_chld_evr_brn_Nne,P_40_44_Num_chld_evr_brn_1,P_40_44_Num_chld_evr_brn_2,P_40_44_Num_chld_evr_brn_3,P_40_44_Num_chld_evr_brn_4,P_40_44_Num_chld_evr_brn_5,P_40_44_Num_chd_evr_brn_6_mr,P_40_44_Num_chld_evr_brn_ns,P_40_44_yrs_Total,P_45_49_Num_chld_evr_brn_Nne,P_45_49_Num_chld_evr_brn_1,P_45_49_Num_chld_evr_brn_2,P_45_49_Num_chld_evr_brn_3,P_45_49_Num_chld_evr_brn_4,P_45_49_Num_chld_evr_brn_5,P_45_49_Num_chd_evr_brn_6_mr,P_45_49_Num_chld_evr_brn_ns,P_45_49_yrs_Total,P_50_54_Num_chld_evr_brn_Nne,P_50_54_Num_chld_evr_brn_1,P_50_54_Num_chld_evr_brn_2,P_50_54_Num_chld_evr_brn_3,P_50_54_Num_chld_evr_brn_4,P_50_54_Num_chld_evr_brn_5,P_50_54_Num_chd_evr_brn_6_mr,P_50_54_Num_chld_evr_brn_ns,P_50_54_yrs_Total,P_55_59_Num_chld_evr_brn_Nne,P_55_59_Num_chld_evr_brn_1,P_55_59_Num_chld_evr_brn_2,P_55_59_Num_chld_evr_brn_3,P_55_59_Num_chld_evr_brn_4,P_55_59_Num_chld_evr_brn_5,P_55_59_Num_chd_evr_brn_6_mr,P_55_59_Num_chld_evr_brn_ns,P_55_59_yrs_Total,P_60_64_Num_chld_evr_brn_Nne,P_60_64_Num_chld_evr_brn_1,P_60_64_Num_chld_evr_brn_2,P_60_64_Num_chld_evr_brn_3,P_60_64_Num_chld_evr_brn_4,P_60_64_Num_chld_evr_brn_5,P_60_64_Num_chd_evr_brn_6_mr,P_60_64_Num_chld_evr_brn_ns,P_60_64_yrs_Total,P_65_69_Num_chld_evr_brn_Nne,P_65_69_Num_chld_evr_brn_1,P_65_69_Num_chld_evr_brn_2,P_65_69_Num_chld_evr_brn_3,P_65_69_Num_chld_evr_brn_4,P_65_69_Num_chld_evr_brn_5,P_65_69_Num_chd_evr_brn_6_mr,P_65_69_Num_chld_evr_brn_ns,P_65_69_yrs_Total,P_70_74_Num_chld_evr_brn_Nne,P_70_74_Num_chld_evr_brn_1,P_70_74_Num_chld_evr_brn_2,P_70_74_Num_chld_evr_brn_3,P_70_74_Num_chld_evr_brn_4,P_70_74_Num_chld_evr_brn_5,P_70_74_Num_chd_evr_brn_6_mr,P_70_74_Num_chld_evr_brn_ns,P_70_74_yrs_Total,P_75_79_Num_chld_evr_brn_Nne,P_75_79_Num_chld_evr_brn_1,P_75_79_Num_chld_evr_brn_2,P_75_79_Num_chld_evr_brn_3,P_75_79_Num_chld_evr_brn_4,P_75_79_Num_chld_evr_brn_5,P_75_79_Num_chd_evr_brn_6_mr,P_75_79_Num_chld_evr_brn_ns,P_75_79_yrs_Total,P_80_84_Num_chld_evr_brn_Nne,P_80_84_Num_chld_evr_brn_1,P_80_84_Num_chld_evr_brn_2,P_80_84_Num_chld_evr_brn_3,P_80_84_Num_chld_evr_brn_4,P_80_84_Num_chld_evr_brn_5,P_80_84_Num_chd_evr_brn_6_mr,P_80_84_Num_chld_evr_brn_ns,P_80_84_yrs_Total,P_85_ov_Num_chld_evr_brn_Nne,P_85_ov_Num_chld_evr_brn_1,P_85_ov_Num_chld_evr_brn_2,P_85_ov_Num_chld_evr_brn_3,P_85_ov_Num_chld_evr_brn_4,P_85_ov_Num_chld_evr_brn_5,P_85_ov_Num_chd_evr_brn_6_mr,P_85_ov_Num_chld_evr_brn_ns,P_85ov_Total,Tot_Nmbr_child_ever_born_None,Tot_Nmbr_children_ever_born_1,Tot_Nmbr_children_ever_born_2,Tot_Nmbr_children_ever_born_3,Tot_Nmbr_children_ever_born_4,Tot_Nmbr_children_ever_born_5,Tot_Nmbr_chidrn_ever_brn_6_mr,Tot_Nmbr_childrn_ever_born_Ns,Total_Total
LGA50080,1043,6,0,0,0,0,0,99,1144,629,84,26,8,0,0,0,65,810,535,160,132,45,15,3,0,53,946,289,173,313,135,37,10,8,73,1040,171,144,391,205,76,25,14,52,1072,156,157,400,211,85,28,17,55,1109,167,138,479,253,101,30,30,67,1264,203,146,467,293,123,36,30,77,1370,212,154,478,296,106,29,23,83,1383,225,136,527,321,133,37,28,75,1487,165,131,469,336,114,34,26,75,1354,126,92,411,314,131,32,22,84,1212,62,72,297,233,98,36,32,69,885,34,26,153,181,129,52,36,60,662,39,39,123,165,117,53,42,86,661,4045,1664,4671,2993,1263,413,297,1067,16411
LGA50210,2419,26,0,0,0,0,0,239,2684,2083,261,90,27,0,0,0,215,2680,1750,661,444,147,54,9,0,215,3273,1143,999,1190,407,144,21,29,219,4152,711,798,1703,625,222,74,36,214,4384,484,525,1280,627,209,86,60,160,3429,376,387,982,574,206,77,55,137,2802,339,346,1015,472,245,87,41,125,2670,246,251,874,577,266,76,54,95,2445,203,245,812,565,229,88,60,110,2307,162,192,750,484,247,70,51,97,2048,111,141,592,438,200,49,49,87,1663,54,88,320,260,128,44,43,75,1011,35,36,165,160,106,56,37,93,686,22,36,114,119,94,48,54,90,581,10127,4979,10338,5492,2346,795,571,2173,36821
LGA50250,90,0,0,0,0,0,0,27,115,110,17,5,0,0,0,0,35,164,124,31,42,14,5,0,0,54,272,107,61,89,56,17,4,0,60,391,58,30,115,61,17,0,4,61,351,28,37,65,40,14,3,0,39,237,23,23,59,25,13,9,3,37,185,27,19,52,23,20,3,0,32,171,10,9,45,33,9,7,0,24,144,17,9,32,26,8,6,4,25,124,4,6,14,12,8,3,0,14,61,3,0,8,4,0,0,0,9,29,0,0,10,0,0,0,0,4,9,0,0,0,0,0,0,0,0,6,0,0,0,0,0,0,0,0,4,592,237,533,308,120,36,19,419,2270
LGA50280,331,4,0,0,0,0,0,35,371,170,11,0,0,0,0,0,26,205,237,54,28,6,0,0,0,42,364,228,110,98,38,5,0,0,36,516,150,141,252,100,14,4,0,67,734,101,125,278,109,42,4,3,51,716,84,102,244,106,32,5,0,56,638,91,89,213,100,17,7,6,54,583,85,63,199,110,34,14,0,40,536,89,51,236,147,40,11,4,34,610,70,42,193,117,50,9,3,37,525,25,37,168,103,44,8,3,30,421,14,13,92,52,19,3,3,13,221,15,10,36,43,25,4,3,15,143,14,8,24,52,31,22,9,14,163,1709,862,2057,1086,362,87,39,541,6747
LGA50350,320,0,0,0,0,0,0,28,346,342,13,11,7,0,0,0,33,405,383,58,29,8,0,0,0,47,526,280,132,120,29,3,4,3,25,595,198,142,238,62,21,7,3,33,705,119,96,212,74,12,6,5,18,543,136,86,192,85,30,9,4,34,576,117,77,181,67,24,9,8,35,520,116,69,189,82,24,12,5,21,517,101,65,165,110,40,4,4,27,518,70,52,159,96,26,12,3,28,445,32,35,158,85,50,6,8,17,387,19,24,92,67,35,3,8,22,277,10,22,43,55,30,10,11,20,204,13,13,57,63,33,18,18,20,241,2250,878,1846,900,337,106,86,405,6810
LGA50420,1403,0,0,0,0,0,0,119,1526,1832,68,12,6,0,0,0,131,2052,2083,261,114,31,3,0,0,206,2701,1698,683,486,117,23,12,8,159,3185,932,658,852,236,55,15,13,141,2900,575,448,860,295,80,17,15,97,2375,530,400,823,310,92,29,28,88,2295,482,347,735,346,87,19,19,83,2103,380,343,733,336,100,25,21,78,2011,301,269,730,368,123,34,19,69,1908,246,252,743,369,132,28,16,66,1857,169,170,636,374,144,40,24,74,1638,87,102,382,276,118,47,28,90,1127,54,63,237,231,117,59,41,89,889,59,67,225,230,162,71,82,138,1032,10829,4134,7552,3521,1243,388,322,1621,29606
LGA50490,774,6,0,0,0,0,0,82,868,1268,57,26,0,0,0,0,148,1501,1455,213,94,35,9,0,5,197,2007,1110,459,294,102,32,13,5,150,2166,582,359,445,171,49,25,15,137,1786,342,230,442,169,73,24,17,84,1373,292,208,410,154,67,33,14,77,1257,249,205,327,159,53,25,17,78,1120,202,177,355,196,69,12,17,72,1103,169,157,340,197,101,24,15,60,1065,126,140,320,227,68,28,12,40,949,76,54,262,171,96,22,12,69,772,59,57,151,129,53,19,12,45,522,31,24,118,127,74,20,21,66,481,35,42,103,115,91,49,43,101,574,6773,2394,3695,1951,834,292,198,1403,17537
LGA50560,25,0,0,0,0,0,0,6,34,12,0,0,0,0,0,0,6,25,10,5,3,0,0,0,0,5,19,14,5,8,3,0,3,0,4,38,4,5,14,5,3,0,0,7,43,7,3,16,11,0,0,0,6,38,0,8,17,14,5,3,0,8,57,3,4,21,15,0,0,0,8,58,7,9,12,13,5,3,0,13,58,5,6,29,24,12,6,3,9,93,4,5,34,24,0,3,5,11,85,3,3,26,18,11,8,0,13,80,6,3,9,13,7,0,0,5,44,3,0,7,9,3,0,0,3,29,0,0,5,9,0,0,0,6,27,119,61,199,159,60,29,14,89,727
LGA50630,34,0,0,0,0,0,0,3,41,29,4,0,0,0,0,0,0,26,14,12,10,9,0,0,0,5,45,9,7,12,6,3,3,0,4,48,8,12,22,16,0,0,0,3,65,6,5,20,8,3,0,0,5,47,3,8,12,6,3,0,0,9,48,6,10,17,18,5,0,0,9,58,5,12,15,22,14,0,3,8,78,5,7,10,8,9,4,0,4,46,7,4,27,6,5,0,0,7,55,3,3,17,6,4,0,0,4,39,0,0,10,10,7,0,0,6,25,0,0,3,4,0,0,0,4,17,0,0,0,3,0,0,0,0,7,131,75,177,121,60,15,11,67,652
LGA50770,31,0,0,0,0,0,0,7,39,28,4,3,0,0,0,0,4,37,10,5,4,0,0,0,0,5,23,0,14,11,4,7,0,0,0,42,9,3,13,13,9,0,0,14,65,4,0,18,20,4,3,0,6,60,8,3,21,11,6,0,0,5,47,8,10,16,8,13,0,0,13,70,8,8,27,18,6,3,5,5,68,7,7,22,15,10,0,0,11,72,4,0,18,17,3,5,0,5,58,3,0,19,19,9,5,0,5,61,3,3,12,16,7,0,0,13,47,3,0,4,7,5,4,4,4,28,0,0,0,7,4,3,0,0,20,122,58,194,154,78,17,14,93,744
LGA50840,123,0,0,0,0,0,0,16,139,56,9,0,0,0,0,0,8,79,41,14,10,9,0,0,0,6,90,22,14,31,23,4,4,0,3,103,22,12,41,23,17,0,0,8,125,18,18,54,36,12,4,0,16,158,27,26,54,29,12,3,4,5,168,25,17,66,30,16,3,4,20,183,38,26,70,46,25,7,5,16,224,27,23,87,63,19,7,3,16,246,34,25,88,52,28,5,0,18,260,13,19,72,49,27,3,3,11,196,12,6,50,28,29,4,0,18,140,0,3,25,11,19,7,0,6,70,5,5,6,11,5,4,7,5,57,462,220,653,427,213,43,28,183,2237
LGA50910,14,0,0,0,0,0,0,0,19,11,0,4,0,0,0,0,0,17,13,0,6,0,0,0,0,0,18,3,0,11,0,0,3,0,3,21,4,0,13,0,0,0,0,3,21,3,0,8,3,4,0,0,4,26,6,8,9,0,0,0,0,0,21,7,0,13,12,5,3,0,3,44,3,4,11,9,5,0,0,6,39,4,0,3,4,0,0,0,0,23,0,3,8,7,4,0,0,0,29,0,0,14,6,10,0,0,0,31,4,0,7,6,7,6,0,0,31,0,5,4,4,4,0,0,0,21,0,0,7,4,0,5,0,0,22,71,27,113,61,42,15,4,31,383
LGA50980,390,7,0,0,0,0,0,99,503,293,55,27,7,0,0,0,80,464,428,70,82,22,8,6,0,125,737,353,123,148,63,23,11,8,164,883,201,112,210,98,45,15,3,118,808,131,70,147,131,53,23,17,93,658,97,61,172,89,36,21,18,96,583,111,69,137,88,44,19,25,87,579,74,60,121,93,26,18,17,76,488,62,38,102,91,44,25,21,53,435,41,29,64,62,35,7,16,40,293,13,15,44,31,22,5,11,18,156,8,9,26,12,3,5,8,21,98,6,0,7,5,4,3,6,9,46,5,0,3,4,4,0,8,12,33,2218,711,1282,794,348,156,158,1096,6766
LGA51080,25,0,0,0,0,0,0,7,29,10,0,0,0,0,0,0,0,20,10,7,3,0,0,0,0,7,28,12,5,10,5,0,0,4,0,32,0,0,12,8,4,0,0,3,35,3,4,11,15,4,0,0,5,34,0,0,10,5,3,0,0,3,27,0,0,9,15,11,0,0,4,33,3,0,21,12,5,0,0,11,52,0,3,10,10,5,0,0,3,33,0,0,8,7,5,0,0,3,31,0,0,9,6,0,6,0,6,23,0,0,4,3,7,0,0,5,17,0,0,5,5,0,0,0,3,16,0,0,4,4,0,0,0,0,9,73,22,96,91,41,7,12,53,403
LGA51120,15,0,0,0,0,0,0,0,17,14,0,0,0,0,0,0,3,17,5,6,3,0,0,0,0,5,19,3,0,9,4,3,0,0,0,23,0,3,12,11,0,0,4,0,29,7,4,4,3,0,0,0,3,20,4,4,3,13,0,3,0,5,26,3,3,13,10,0,0,0,7,34,6,5,10,3,0,0,0,8,40,0,0,9,4,3,0,0,6,35,0,0,10,12,4,0,0,8,35,3,0,6,5,4,0,0,3,28,5,0,5,3,0,0,0,4,24,0,0,3,3,3,0,3,6,21,0,0,5,3,3,0,0,5,12,58,31,102,79,37,14,15,70,388
LGA51190,807,11,0,0,0,0,0,75,898,664,110,32,6,0,0,0,72,892,560,172,110,42,21,5,3,98,1011,356,208,263,95,39,12,6,78,1053,209,186,328,146,47,18,8,67,1014,150,136,369,165,78,20,14,57,987,155,139,402,194,64,33,7,61,1050,149,152,421,230,79,32,13,66,1146,147,108,398,246,94,18,10,60,1072,107,112,455,317,118,41,20,64,1229,88,71,373,294,99,35,21,68,1041,87,68,389,220,102,41,20,64,986,27,32,208,187,100,38,21,48,673,21,24,114,134,80,44,27,51,482,15,22,93,140,128,69,52,98,622,3543,1541,3961,2433,1052,399,227,1011,14159
LGA51260,979,0,0,0,0,0,0,98,1079,525,45,18,0,0,0,0,64,653,490,153,96,33,3,0,0,86,869,386,212,281,105,27,5,3,73,1098,220,225,534,239,60,10,9,78,1382,171,152,579,306,80,17,8,62,1374,183,187,583,316,87,21,14,58,1450,189,185,550,284,93,24,15,67,1408,209,120,466,313,124,26,16,77,1348,173,127,529,413,131,30,16,72,1490,143,121,556,386,125,35,7,81,1460,115,110,499,374,138,30,13,103,1385,84,45,326,253,97,37,5,77,923,36,28,142,175,100,35,15,59,588,34,38,121,151,144,62,40,60,645,3930,1757,5281,3361,1210,329,168,1113,17146
LGA51310,865,0,0,0,0,0,0,50,914,702,3,0,0,0,0,0,39,742,587,22,10,4,0,0,0,34,664,467,144,117,23,3,0,0,45,801,231,172,384,123,21,0,0,24,957,131,141,500,203,37,3,0,21,1043,139,122,523,293,45,8,3,25,1155,128,137,486,256,42,12,5,26,1102,167,123,388,214,51,8,3,26,977,120,100,358,212,54,8,3,26,879,106,83,274,164,50,3,0,34,721,79,71,242,159,42,9,5,27,632,53,30,181,117,40,13,8,16,458,50,32,124,126,35,14,9,19,406,91,38,130,156,104,39,20,45,621,3921,1220,3715,2039,533,121,58,458,12062
LGA51330,2726,4,0,0,0,0,0,203,2937,3150,111,40,10,4,0,0,283,3597,2536,450,184,47,13,3,0,272,3501,1534,858,710,192,51,20,10,203,3575,791,784,1442,415,114,29,24,163,3749,469,579,1485,558,134,50,32,107,3412,364,472,1336,578,136,43,37,104,3061,337,402,1196,530,158,44,35,91,2801,314,400,1035,592,164,52,40,108,2708,300,320,989,601,203,46,14,73,2547,225,295,916,569,173,43,35,68,2324,175,222,791,461,163,44,28,68,1955,113,110,482,319,154,41,44,76,1334,65,60,247,282,152,49,42,77,978,68,49,214,220,157,68,73,107,959,13168,5123,11063,5359,1784,524,408,1997,39434
LGA51400,648,0,0,0,0,0,0,40,689,362,48,6,7,0,0,0,26,449,231,93,68,31,7,0,0,39,470,122,111,187,77,21,5,3,20,550,89,93,257,128,38,13,0,26,650,66,67,272,161,47,5,4,34,664,48,87,299,151,57,16,20,21,704,79,83,274,153,63,7,12,25,704,59,71,241,152,46,10,8,24,620,67,41,207,113,65,19,3,28,543,34,34,174,117,38,11,14,28,446,31,20,139,114,40,17,8,24,389,15,6,77,78,29,8,0,17,234,3,6,20,32,29,9,4,8,117,5,0,15,16,15,9,11,7,82,1864,761,2236,1335,496,142,88,381,7313
LGA51470,0,0,0,0,0,0,0,4,0,14,0,4,0,0,0,0,0,18,10,0,5,0,0,0,0,0,16,3,0,6,3,0,0,0,4,17,0,5,7,4,0,0,0,7,22,6,0,8,3,0,0,0,6,21,0,0,5,0,0,0,0,0,11,5,0,9,4,0,0,0,0,18,6,0,7,0,3,0,0,0,21,0,0,9,7,0,0,0,0,23,4,4,6,10,4,0,0,3,21,0,0,4,4,0,0,0,0,13,0,0,6,0,0,0,0,5,13,0,0,0,0,0,0,0,0,0,0,0,0,0,3,0,0,0,4,45,20,61,36,18,5,4,35,218
LGA51540,83,3,0,0,0,0,0,23,111,94,12,10,0,0,0,0,43,162,88,21,16,3,3,0,0,33,171,65,22,40,22,4,5,0,40,195,37,21,48,26,7,3,0,32,171,30,19,48,14,7,0,5,20,145,17,5,50,20,19,8,3,35,172,27,18,47,31,23,4,9,35,189,35,17,54,35,17,16,3,20,203,18,4,37,50,9,3,6,29,162,14,3,46,34,12,6,0,19,135,7,3,28,24,15,4,3,15,98,8,4,14,19,8,0,6,14,69,0,0,4,10,7,0,4,11,39,0,0,12,3,0,0,3,4,40,515,176,456,290,146,57,45,378,2060
LGA51610,35,0,0,0,0,0,0,13,45,17,0,0,0,0,0,0,4,27,19,7,6,0,0,0,0,0,33,14,0,10,5,0,0,0,4,40,10,0,8,9,4,0,0,9,43,0,7,25,8,3,0,0,15,60,4,7,26,14,0,0,0,9,62,7,5,26,12,4,3,0,12,65,9,14,27,11,4,3,3,8,69,6,9,19,13,4,5,0,5,50,3,0,18,12,4,0,0,5,45,0,9,14,6,8,0,0,9,45,0,0,3,4,4,0,0,0,10,0,0,0,0,0,0,0,0,9,0,0,0,0,0,0,0,0,3,113,56,182,108,35,11,6,75,595
LGA51680,175,0,0,0,0,0,0,32,198,91,13,0,0,0,0,0,6,106,53,26,15,5,0,0,0,7,112,44,27,37,23,4,3,0,14,153,24,28,58,40,13,4,4,11,183,32,18,55,34,7,5,7,14,171,24,23,86,46,21,0,0,14,225,42,21,98,51,20,0,0,20,252,23,22,108,53,27,6,5,24,266,22,14,63,57,27,9,0,21,212,12,9,65,30,22,9,0,20,170,7,12,54,31,16,7,3,6,138,7,12,21,21,19,3,3,9,93,0,3,7,16,8,4,0,5,51,0,0,15,7,7,4,5,3,40,557,235,687,409,208,58,25,204,2376
LGA51710,27,0,0,0,0,0,0,0,32,18,4,0,0,0,0,0,3,23,23,10,10,0,0,0,0,4,48,12,5,13,5,0,0,0,16,53,13,11,24,11,0,0,0,9,68,4,7,11,14,4,0,0,4,55,5,5,17,6,0,0,0,4,40,10,10,20,4,4,0,0,7,64,6,0,16,6,5,4,0,8,48,4,6,11,17,11,0,0,5,54,4,0,15,8,9,0,0,4,38,0,0,4,4,0,0,0,0,14,0,0,0,0,0,4,0,3,8,5,0,0,0,3,0,0,0,6,0,0,0,0,0,0,0,0,0,134,54,127,81,40,11,12,91,546
LGA51750,343,0,0,0,0,0,0,42,385,337,0,0,0,0,0,0,32,375,292,11,0,0,0,0,0,26,334,188,62,23,6,0,0,0,15,297,89,59,105,47,15,0,0,13,322,54,41,131,65,9,0,0,12,311,45,71,147,95,7,0,0,18,374,60,51,173,95,13,0,0,12,414,47,52,158,82,11,0,0,13,370,43,47,130,84,20,4,0,14,337,46,48,130,72,22,5,0,10,330,35,29,121,88,26,3,0,18,319,42,32,109,98,20,7,0,20,330,14,15,68,81,36,10,0,13,239,33,20,72,93,62,16,15,30,344,1666,526,1367,893,245,54,28,294,5074
LGA51820,2980,16,0,0,0,0,0,195,3191,3293,157,54,10,0,0,0,261,3770,2980,587,297,74,15,3,0,232,4187,2129,1202,1090,285,65,26,10,239,5045,1099,971,1901,620,146,38,23,187,4981,750,731,1754,735,193,49,34,149,4399,601,651,1682,720,197,48,32,151,4079,524,608,1618,697,224,59,30,128,3900,434,437,1445,779,244,53,34,135,3551,299,391,1246,727,273,70,29,112,3150,195,289,1090,676,213,57,28,106,2663,128,224,837,607,222,49,29,127,2220,59,108,478,407,196,50,34,95,1426,39,75,286,295,163,49,43,122,1068,49,60,249,262,180,72,65,175,1115,15554,6495,14032,6891,2335,614,397,2410,48736
LGA51860,5,0,0,0,0,0,0,6,8,11,4,0,0,0,0,0,9,21,5,3,6,6,0,0,0,9,17,8,0,0,9,0,0,0,4,15,6,0,12,5,0,0,0,0,26,0,0,7,0,0,0,0,3,15,0,5,7,0,0,0,0,3,11,5,0,5,6,0,0,0,3,13,7,0,8,5,4,0,0,6,29,0,0,6,8,0,0,0,4,24,4,0,3,4,0,0,0,3,14,0,5,4,0,3,0,0,4,15,0,3,0,0,0,0,0,0,10,0,0,0,0,0,0,0,0,3,0,0,0,0,0,0,0,0,0,46,20,53,50,8,5,3,50,236
LGA51890,206,5,0,0,0,0,0,30,244,139,26,16,4,0,0,0,21,201,101,40,57,10,3,0,0,22,236,56,33,67,46,9,7,0,14,238,32,28,91,54,18,8,0,27,253,29,29,73,48,22,6,0,24,241,22,29,106,62,26,6,9,18,273,25,30,123,80,38,14,9,22,327,29,35,105,83,25,10,4,16,307,23,23,113,101,42,12,0,18,338,18,12,102,81,35,14,0,26,294,12,15,86,90,39,11,3,15,265,5,12,35,54,23,13,9,27,178,7,0,16,30,17,14,6,21,106,5,5,10,13,20,3,10,35,101,720,312,1000,759,326,119,48,329,3611
LGA51960,67,0,0,0,0,0,0,37,112,51,14,12,0,0,0,0,35,112,28,24,10,8,0,0,0,22,93,19,14,24,16,4,0,0,17,96,18,18,31,15,7,6,0,30,116,16,15,20,19,9,0,4,29,118,12,14,21,22,13,4,3,25,114,10,17,28,25,10,0,7,20,120,8,4,25,22,12,7,5,19,103,3,10,25,30,13,3,5,21,111,4,3,17,13,20,4,3,16,89,0,7,7,13,5,4,0,5,41,0,0,5,5,5,0,0,5,25,0,0,0,0,4,0,0,5,11,0,0,0,0,6,0,0,0,7,241,136,235,179,112,35,32,298,1262
LGA52030,12,0,0,0,0,0,0,6,14,8,4,0,0,0,0,0,0,12,8,5,0,4,0,0,0,3,21,6,4,6,0,0,0,0,4,31,10,4,8,5,0,0,0,4,27,0,0,7,3,4,0,0,3,18,0,0,5,4,3,0,0,3,25,0,0,10,4,9,0,0,3,32,7,6,9,12,3,3,0,7,44,0,4,19,13,0,0,0,7,47,0,3,23,20,5,0,0,3,59,0,3,13,9,5,0,0,0,37,0,0,15,9,4,0,0,4,39,0,0,5,0,0,0,0,0,7,0,0,3,0,0,4,0,5,13,60,40,125,88,35,17,4,49,419
LGA52100,14,0,0,0,0,0,0,0,9,17,3,0,0,0,0,0,0,22,16,5,3,0,0,0,0,4,25,8,0,10,4,0,0,0,5,25,3,6,4,11,3,0,0,0,32,0,3,3,14,3,0,0,0,30,0,0,12,12,9,3,0,4,35,0,0,10,10,0,0,0,0,24,3,0,12,9,0,0,0,4,28,3,6,18,12,9,0,0,0,41,0,4,19,13,5,0,0,0,41,0,3,10,11,0,0,0,4,34,0,0,6,11,9,3,0,0,25,0,0,3,8,3,0,0,0,15,0,0,3,0,8,4,3,3,25,68,36,112,111,38,21,3,32,409
LGA52170,261,0,0,0,0,0,0,16,274,216,0,0,0,0,0,0,12,227,218,4,3,0,0,0,0,22,253,136,28,30,10,0,0,0,13,222,61,45,66,31,5,0,0,14,217,40,25,75,54,12,0,0,5,210,29,32,96,67,15,0,0,4,242,41,36,132,90,28,4,3,11,338,47,28,112,73,22,4,0,11,298,37,32,92,58,21,4,0,16,261,35,29,96,53,20,7,5,3,253,24,15,98,59,13,6,0,11,236,14,9,63,62,15,0,3,12,177,9,4,35,27,10,0,6,11,107,10,3,28,30,22,8,4,29,125,1177,300,922,615,188,36,20,185,3437
LGA52240,14,0,0,0,0,0,0,3,22,15,3,4,0,0,0,0,0,22,8,4,3,0,0,0,0,3,21,4,8,3,0,4,0,0,0,19,8,0,13,6,0,0,0,7,43,4,6,12,7,5,0,0,0,39,3,0,11,5,0,0,0,0,32,3,5,14,18,0,0,0,5,47,0,0,13,12,0,0,0,5,36,0,4,10,13,5,0,0,6,42,0,6,5,14,3,0,0,7,36,3,0,11,5,3,0,0,5,28,0,0,12,11,3,0,0,4,30,0,0,0,3,4,3,0,0,11,0,0,0,0,0,0,0,4,5,73,39,112,97,35,8,8,51,421
LGA52310,8,0,0,0,0,0,0,6,13,22,4,0,0,0,0,0,4,26,8,5,5,0,0,0,0,4,19,4,3,12,0,0,0,0,0,16,3,0,3,5,0,0,0,0,18,0,0,11,0,0,0,0,0,18,3,0,11,6,9,0,0,0,33,3,3,17,3,9,0,0,4,37,4,3,9,13,3,0,0,4,41,4,5,15,8,5,0,0,4,41,3,5,13,11,3,0,0,0,36,0,0,17,6,0,0,0,0,26,0,0,3,0,0,0,0,3,15,0,0,0,0,0,0,0,8,12,0,0,0,0,0,0,0,0,8,72,29,109,63,35,9,5,41,358
LGA52380,0,0,0,0,0,0,0,0,0,6,0,0,0,0,0,0,4,5,0,0,0,0,0,0,0,0,3,5,0,0,0,0,0,0,0,5,4,0,0,0,0,0,0,0,3,0,0,0,0,0,0,0,0,5,0,0,0,0,0,0,0,0,4,0,0,0,3,0,0,0,0,0,0,0,0,0,3,0,0,0,4,0,0,6,0,0,0,0,0,7,4,0,3,3,0,0,0,0,17,0,0,3,4,0,0,0,4,6,0,0,0,0,0,0,0,0,5,0,0,0,0,0,0,0,0,0,0,0,0,0,0,0,0,0,0,17,7,16,12,6,8,0,8,70
LGA52450,60,0,0,0,0,0,0,4,59,21,0,4,0,0,0,0,7,30,15,8,10,4,0,0,0,0,34,0,9,15,5,5,0,0,4,32,6,4,17,8,4,0,0,6,49,4,0,9,18,3,4,0,8,40,0,0,12,8,6,0,0,0,32,0,4,15,4,9,0,0,3,34,5,0,9,12,4,0,0,0,32,4,0,10,7,4,5,0,0,37,0,3,7,15,3,0,3,3,44,0,0,9,8,6,0,3,3,32,0,0,3,3,3,0,5,0,12,0,0,3,7,0,0,0,0,9,4,0,4,0,0,0,0,3,13,112,36,125,93,43,14,17,48,489
LGA52520,13,0,0,0,0,0,0,6,22,22,6,0,0,0,0,0,8,33,18,9,4,0,0,0,0,4,41,12,11,9,5,0,0,0,4,50,7,7,11,13,13,0,0,12,58,3,4,13,10,3,0,0,4,37,0,0,4,11,0,0,0,3,35,5,0,8,8,3,0,0,9,35,5,3,12,12,4,0,3,10,55,0,4,14,11,0,0,4,6,32,4,3,6,4,4,0,0,3,28,0,0,0,5,3,0,3,3,18,0,4,3,8,0,0,0,3,24,0,0,0,5,4,0,0,0,14,0,0,0,4,9,8,0,0,27,88,52,98,103,48,18,14,82,500
LGA52590,46,0,0,0,0,0,0,8,55,38,3,0,0,0,0,0,9,46,50,15,8,6,0,0,0,10,84,33,13,19,15,0,0,0,14,98,11,12,29,23,8,3,0,3,82,10,8,32,22,4,0,3,19,96,13,6,28,23,6,4,4,8,96,18,3,25,20,0,3,0,9,89,17,14,49,27,17,0,0,6,139,7,11,60,36,19,0,0,17,160,16,16,47,38,18,4,0,15,158,6,8,37,39,14,3,0,12,105,0,4,26,28,10,0,0,12,79,0,4,10,12,14,3,0,5,40,0,0,7,6,8,5,8,3,41,264,120,393,280,127,27,15,152,1373
LGA52660,396,0,0,0,0,0,0,28,423,249,33,10,3,0,0,0,20,318,204,86,64,27,9,3,0,29,428,129,105,157,71,8,4,0,25,505,63,78,200,111,22,5,4,16,505,48,67,187,103,36,6,5,14,467,47,47,174,94,43,7,7,17,440,60,59,194,112,48,12,7,27,521,44,45,169,115,26,12,8,21,445,31,29,193,126,43,15,7,27,473,32,23,126,119,50,13,13,23,401,11,20,127,103,43,6,3,20,333,16,14,90,80,38,8,4,29,278,7,7,51,56,46,13,14,33,229,5,3,28,48,26,18,16,48,195,1346,629,1781,1155,443,140,90,372,5961
LGA52730,159,0,0,0,0,0,0,29,183,43,4,0,0,0,0,0,7,60,42,11,10,5,0,0,0,7,78,44,31,35,12,3,0,0,15,149,33,22,73,32,13,0,0,15,184,24,26,66,34,22,4,0,18,198,31,24,72,40,19,0,3,22,205,36,35,98,25,7,5,0,22,235,42,18,98,64,23,3,0,22,260,66,28,90,47,22,3,0,20,272,43,31,87,56,20,0,3,25,264,29,23,110,48,24,10,0,19,259,16,12,58,44,20,5,3,20,181,7,3,17,29,5,3,0,8,81,9,5,18,17,21,5,3,10,86,624,275,820,450,199,44,21,260,2695
LGA52800,152,18,0,0,0,0,0,74,245,132,65,25,5,4,0,0,63,285,124,50,49,25,3,3,0,63,314,79,47,42,49,25,5,4,79,331,57,30,32,35,24,17,8,58,270,46,24,24,25,26,8,21,46,210,39,28,27,32,24,19,11,35,211,32,10,36,24,21,20,23,56,212,36,16,30,21,29,7,15,46,202,22,9,41,25,24,13,11,34,165,14,8,18,20,12,8,3,24,112,11,11,14,5,12,4,4,13,72,3,0,0,6,0,5,4,8,39,0,0,3,0,0,5,5,3,23,0,0,0,0,0,5,4,5,20,746,308,349,274,213,114,109,610,2723
LGA52870,130,0,0,0,0,0,0,19,146,72,6,3,3,0,0,0,3,89,52,17,15,9,7,0,0,13,115,56,30,35,15,8,0,0,4,155,42,25,68,32,16,0,0,11,188,38,12,57,39,11,7,3,6,165,31,22,62,52,19,0,0,15,206,27,17,86,54,18,3,3,17,228,40,20,77,63,23,10,8,13,253,36,25,102,73,25,10,0,17,285,18,16,82,75,42,11,6,15,266,14,17,61,55,25,3,0,19,199,8,12,40,33,18,3,7,17,146,7,9,16,17,21,8,0,9,95,4,6,18,13,11,6,4,7,72,576,247,732,535,242,65,32,185,2609
LGA52940,3,0,0,0,0,0,0,3,8,7,0,0,0,0,0,0,3,9,3,5,5,0,0,0,0,0,17,3,0,3,7,0,0,0,0,13,0,0,4,10,0,0,0,0,27,0,4,6,0,3,3,0,0,18,0,0,8,5,4,0,0,0,22,0,4,4,7,0,0,0,3,15,3,0,5,5,0,0,0,4,22,6,3,6,3,5,0,0,0,19,0,5,8,11,5,4,0,4,37,3,0,4,12,4,3,0,4,26,0,0,4,4,6,0,0,0,11,0,0,4,0,3,3,0,0,8,0,0,0,0,5,0,0,0,10,40,21,63,70,30,13,4,27,265
LGA53010,6,0,0,0,0,0,0,4,8,9,0,0,0,0,0,0,0,13,7,0,0,0,0,0,0,0,14,8,4,5,4,0,0,0,0,23,3,0,6,4,3,0,0,3,30,0,4,5,7,0,0,0,4,13,5,0,4,9,0,0,0,3,23,5,0,0,0,0,3,0,4,16,3,0,7,7,5,0,0,6,20,3,0,3,10,6,0,0,10,32,0,0,8,4,4,0,0,8,25,0,0,6,3,3,0,0,5,18,0,0,0,0,0,0,0,0,3,0,0,3,0,0,0,0,0,8,0,0,0,0,0,0,0,0,0,49,17,49,57,21,8,0,45,252
LGA53080,9,0,0,0,0,0,0,0,9,7,4,0,0,0,0,0,5,17,13,0,0,0,0,0,0,6,20,14,3,0,0,0,0,0,7,20,6,0,0,0,4,0,0,4,6,6,0,5,0,0,0,0,7,26,5,0,3,0,3,0,4,8,20,0,0,10,5,0,0,0,8,25,6,3,5,9,4,0,0,9,28,4,5,8,8,0,0,0,8,37,0,0,4,5,4,0,0,3,22,0,0,0,5,3,0,3,3,18,0,0,0,0,0,0,0,5,15,0,0,3,0,0,0,0,0,10,0,0,0,0,0,0,0,0,0,68,21,50,35,20,6,9,56,278
LGA53150,262,0,0,0,0,0,0,16,278,178,0,0,0,0,0,0,11,184,133,11,0,0,0,0,0,13,158,118,42,35,4,0,0,0,12,210,63,42,86,27,12,0,0,12,238,39,42,115,53,8,0,0,9,276,36,40,129,69,8,0,0,10,291,45,45,140,72,11,0,0,16,332,53,39,117,55,13,0,0,4,287,44,35,120,63,11,0,0,17,284,35,31,99,51,18,4,0,16,256,27,22,52,56,23,0,0,4,187,17,15,64,34,7,0,0,11,144,8,11,35,25,11,8,0,14,111,13,9,31,32,13,0,8,47,149,1082,368,1032,543,135,19,16,203,3394
LGA53220,132,4,0,0,0,0,0,32,173,175,23,19,0,0,0,0,61,276,224,44,45,19,4,0,0,83,415,144,61,66,40,17,8,5,99,431,89,39,91,57,21,14,0,64,383,43,27,67,36,27,9,6,47,261,26,28,41,33,13,6,6,38,191,19,25,61,39,9,11,10,42,214,17,11,36,22,21,3,0,34,145,12,20,23,25,33,4,5,29,142,0,4,15,11,13,0,0,13,56,4,0,5,12,4,0,0,5,29,0,3,4,3,0,0,0,6,20,0,0,0,0,0,0,0,0,7,0,0,0,0,0,0,3,4,5,893,292,476,295,158,58,29,549,2746
LGA53290,322,3,0,0,0,0,0,50,372,237,32,9,4,0,0,0,34,322,189,56,56,22,6,4,0,32,369,111,80,125,48,18,3,0,44,423,54,42,147,90,34,13,9,49,442,42,48,136,72,45,16,4,44,414,47,51,179,100,33,8,9,52,459,40,39,168,114,45,12,7,46,468,48,46,177,104,40,15,9,36,471,33,37,144,117,46,16,9,44,443,28,32,134,95,37,13,6,40,383,23,21,119,88,41,8,3,42,345,8,10,76,86,47,15,8,41,284,4,4,32,48,40,10,14,28,182,4,0,19,39,40,24,19,22,171,1177,500,1524,1019,478,155,100,596,5553
LGA53360,60,0,0,0,0,0,0,9,66,73,0,0,0,0,0,0,13,92,114,11,0,5,0,0,0,16,149,82,27,21,13,0,0,0,13,152,33,29,38,13,0,0,0,19,129,25,10,52,20,4,0,0,6,111,18,10,41,16,5,0,0,6,94,24,10,24,13,4,5,0,8,90,19,11,34,15,3,0,0,10,90,9,3,27,21,7,4,0,10,81,3,3,22,6,6,0,0,10,56,0,0,22,16,0,3,0,4,46,4,5,9,13,5,0,0,3,39,0,0,3,0,0,0,0,3,10,0,0,0,0,0,0,0,0,9,460,119,297,146,47,13,10,131,1217
LGA53430,667,0,0,0,0,0,0,61,731,832,9,4,0,0,0,0,108,952,931,58,24,5,3,0,0,109,1130,756,221,127,21,10,0,0,99,1233,429,232,333,106,21,4,8,81,1210,271,209,363,105,22,6,0,52,1031,235,163,394,153,29,6,9,67,1061,274,185,393,186,41,10,3,60,1156,282,175,415,156,51,9,7,54,1155,208,170,392,201,56,23,5,49,1096,179,108,357,188,66,13,4,54,973,111,112,322,188,75,21,8,59,899,65,52,205,153,51,14,7,43,591,30,35,114,130,54,26,9,37,439,21,37,119,136,73,29,23,77,518,5295,1773,3562,1728,551,163,91,1008,14176
LGA53570,101,0,0,0,0,0,0,14,115,67,12,7,0,0,0,0,13,96,84,19,17,9,3,0,0,12,148,58,19,36,30,8,0,0,14,159,31,18,36,18,21,0,0,10,140,27,13,44,37,8,3,6,11,150,19,24,56,32,17,3,3,10,168,27,19,63,38,22,8,3,20,201,31,28,73,49,14,10,0,19,223,36,15,66,55,21,5,6,14,200,14,18,87,52,27,6,0,24,233,15,16,65,49,15,10,0,16,182,4,10,38,38,25,0,3,17,136,0,7,13,15,6,9,0,8,59,4,3,8,10,11,3,6,4,45,520,213,604,433,191,68,34,202,2264
LGA53640,13,0,0,0,0,0,0,5,21,15,7,0,0,0,0,0,0,26,19,5,4,5,0,0,0,7,38,12,12,16,12,0,5,0,3,56,3,5,11,7,3,0,0,0,34,7,0,10,15,8,0,0,4,39,8,3,9,8,3,0,0,3,39,5,0,12,12,0,6,0,0,35,5,3,14,7,9,0,0,5,33,3,0,18,5,4,3,3,5,38,3,0,10,6,3,0,0,7,39,3,0,4,5,0,0,0,4,21,0,0,0,4,0,0,0,0,10,0,0,0,0,0,0,0,0,4,0,0,0,4,0,0,0,0,7,83,42,119,85,38,13,15,50,439
LGA53710,14,0,0,0,0,0,0,0,13,19,0,0,0,0,0,0,5,22,3,4,3,0,0,0,0,0,15,3,3,4,7,4,0,0,0,13,5,0,12,10,7,0,0,0,34,9,3,5,3,0,0,0,4,29,0,0,10,8,0,0,0,4,25,0,0,10,8,0,4,0,0,29,7,6,7,9,6,0,0,8,41,4,3,12,13,11,0,0,3,44,0,0,10,7,4,0,0,0,31,0,0,5,12,8,5,0,8,37,0,0,3,7,0,0,0,4,18,0,0,0,0,4,4,0,0,13,0,0,0,0,4,0,0,0,12,61,26,97,80,45,13,5,53,386
LGA53780,3403,31,3,0,0,0,0,317,3753,3300,291,98,24,5,0,0,322,4035,2298,753,477,167,39,11,7,346,4095,1462,1106,1230,461,157,40,19,292,4772,880,997,1847,783,278,93,54,270,5207,675,691,1625,846,281,102,90,206,4521,538,606,1465,766,294,130,89,187,4082,454,568,1398,750,303,111,101,181,3865,360,427,1300,704,301,100,79,124,3405,317,380,1127,741,295,103,92,127,3173,213,298,1054,681,289,89,47,129,2787,147,247,945,593,221,81,54,140,2434,106,134,512,434,203,69,49,125,1633,68,57,301,282,172,74,50,133,1141,48,65,224,254,186,81,111,197,1156,14263,6632,13613,7487,3020,1082,840,3112,50054
LGA53800,1045,16,0,0,0,0,0,155,1218,744,109,43,13,0,0,4,132,1049,560,175,200,66,23,3,0,118,1141,328,239,293,164,64,14,6,119,1228,209,165,389,225,77,25,27,132,1242,134,142,429,252,110,36,32,126,1259,164,163,479,275,83,38,36,107,1348,175,169,492,309,106,42,24,113,1427,133,128,411,332,127,42,18,103,1301,99,110,412,314,156,31,35,99,1260,80,70,415,290,121,31,24,102,1126,36,48,306,260,118,41,10,82,908,41,38,161,168,115,34,23,71,653,16,21,83,127,86,45,24,62,469,11,24,65,108,92,49,52,86,481,3778,1623,4191,2899,1276,431,323,1609,16116
LGA53920,89,7,0,0,0,0,0,55,158,71,38,20,0,0,0,0,40,169,56,32,23,14,3,0,0,22,158,39,29,29,23,16,3,3,28,164,17,20,13,25,7,9,16,31,138,10,12,17,13,18,6,16,21,121,19,12,12,15,8,13,11,22,113,14,9,9,15,14,10,7,21,94,10,4,9,19,8,8,13,19,93,10,9,11,7,10,3,7,11,55,9,0,14,0,6,0,11,7,48,3,4,0,4,3,0,11,11,44,4,0,0,0,0,3,3,4,21,0,0,0,0,0,0,6,0,6,0,0,0,0,0,0,0,4,9,358,165,160,134,95,54,101,301,1372
LGA53990,824,0,0,0,0,0,0,86,916,461,66,29,0,0,0,0,50,613,345,178,124,31,11,0,0,54,745,202,177,305,135,24,17,5,49,918,112,136,407,214,57,18,8,34,984,90,121,343,221,79,25,6,36,927,99,83,377,238,80,24,13,43,949,90,113,365,220,72,17,13,46,939,100,78,396,241,98,23,11,49,1004,82,80,337,247,112,29,17,48,951,60,57,293,227,82,30,23,50,822,45,47,257,225,82,17,11,51,732,30,20,134,132,70,25,7,31,464,12,14,70,77,51,30,14,30,301,7,8,25,54,48,28,24,22,224,2567,1179,3476,2266,875,291,164,670,11485
LGA54060,62,0,0,0,0,0,0,16,82,40,3,0,3,0,0,0,9,53,25,14,3,0,0,0,0,5,54,12,15,20,4,3,0,0,8,63,16,14,29,31,5,0,0,10,97,6,9,47,21,3,0,0,3,99,15,15,45,31,3,0,0,8,115,13,14,48,24,9,4,3,13,136,18,10,55,35,6,0,0,17,149,16,14,58,43,18,6,0,17,170,12,18,59,54,22,3,0,15,181,9,16,53,30,24,3,0,16,152,3,5,38,25,17,7,7,18,123,0,0,18,12,12,4,3,8,62,0,0,5,9,8,5,0,10,45,239,138,485,327,147,37,16,179,1564
LGA54130,7,0,0,0,0,0,0,4,15,19,0,0,0,0,0,0,6,26,26,0,4,0,0,0,0,0,35,7,6,17,7,0,0,0,0,41,5,0,17,14,5,0,0,3,47,3,3,8,13,4,0,0,0,30,3,5,12,5,0,0,0,10,33,0,3,13,16,3,0,0,0,44,0,0,7,15,12,0,0,0,37,3,3,14,14,7,0,0,5,51,0,0,14,18,3,0,0,3,35,0,5,10,4,4,0,0,0,21,0,0,4,0,0,0,0,0,9,0,0,3,0,0,0,0,4,8,0,0,0,0,0,0,0,0,3,85,31,122,110,33,6,4,43,422
LGA54170,4671,13,0,0,0,0,0,243,4931,3884,101,20,3,0,0,0,197,4208,2697,402,244,61,9,3,0,191,3598,1784,1124,1164,295,49,14,3,180,4617,970,976,2300,832,154,34,10,143,5406,630,751,2637,1059,235,42,27,147,5525,627,726,2689,1158,259,66,26,141,5690,577,742,2791,1226,318,64,38,134,5884,536,677,2685,1266,388,62,32,140,5785,445,549,2515,1395,395,68,35,137,5550,338,506,2228,1281,359,82,43,138,4972,268,400,1859,1153,371,78,24,146,4303,141,209,1022,671,253,55,24,131,2513,99,110,501,462,223,74,33,120,1615,91,119,439,416,285,116,87,190,1746,17745,7402,23097,11275,3297,765,382,2374,66334
LGA54200,1623,3,0,0,0,0,0,129,1759,1251,80,22,5,0,0,0,100,1460,898,263,168,44,17,0,0,102,1496,568,459,484,165,53,9,3,80,1824,376,340,790,338,93,27,13,91,2069,271,268,788,429,113,36,19,72,1995,269,242,822,394,139,45,20,69,1992,284,222,771,396,159,34,26,74,1969,195,240,748,423,150,46,17,92,1911,198,165,676,441,167,50,27,55,1782,126,171,640,416,165,35,28,64,1637,112,116,674,413,175,45,24,67,1627,62,68,381,290,128,44,26,68,1070,48,47,224,247,127,47,21,88,832,44,66,156,175,123,70,33,85,750,6319,2746,7337,4181,1606,486,258,1238,24174
LGA54280,659,15,0,0,0,0,0,103,780,637,111,40,6,4,0,5,112,912,570,188,162,54,9,0,0,151,1139,332,224,308,138,47,15,3,108,1181,191,164,371,196,84,21,18,122,1159,124,125,310,171,81,31,15,90,942,132,111,291,171,96,25,14,81,920,123,107,268,180,97,19,17,97,913,83,82,239,212,95,30,18,88,843,54,62,210,152,82,40,18,69,693,28,28,128,126,65,19,10,60,466,21,15,91,83,37,20,11,37,325,11,15,37,49,28,13,12,14,175,11,14,19,31,27,7,12,21,143,0,15,19,16,15,20,20,30,138,2972,1276,2481,1584,773,278,166,1202,10734
LGA54310,431,6,3,0,0,0,0,90,522,357,45,15,3,0,0,4,98,521,439,125,98,31,14,0,0,148,860,335,199,260,123,28,13,3,183,1146,172,146,383,187,61,19,4,155,1130,96,84,271,159,63,16,14,122,818,91,78,247,155,66,17,13,104,770,72,78,187,116,56,15,17,96,635,41,37,132,90,35,15,8,73,433,22,31,87,63,36,12,8,56,323,14,13,40,33,21,7,7,19,156,7,4,13,23,10,3,3,22,87,3,3,7,6,4,4,6,5,39,3,0,3,8,0,5,0,6,22,0,0,0,6,0,0,0,0,8,2074,859,1745,1003,381,128,89,1188,7466
LGA54340,97,9,0,0,0,0,0,27,128,80,17,11,0,0,0,0,17,120,56,16,24,11,4,0,0,11,113,35,19,32,22,7,0,0,20,133,17,9,34,19,12,0,4,12,103,19,18,31,23,8,0,6,16,120,11,16,28,24,12,3,6,17,128,12,13,29,33,5,9,4,4,109,7,9,38,34,20,9,5,15,135,8,15,40,24,18,0,4,10,110,8,6,50,27,20,4,6,11,127,3,0,20,28,12,7,3,11,91,3,0,8,22,16,3,4,5,63,3,0,9,11,11,0,11,4,54,4,0,8,15,15,4,8,8,64,355,144,369,280,155,37,61,190,1596
LGA54410,30,0,0,0,0,0,0,7,39,14,0,0,0,0,0,0,5,22,10,5,0,0,0,0,0,0,15,4,9,3,4,0,0,0,0,21,3,3,6,3,7,0,0,5,30,5,3,7,4,0,0,0,3,29,7,3,6,6,7,0,0,6,28,4,0,19,6,10,0,3,7,50,5,0,17,10,0,0,0,8,53,3,0,14,12,0,3,0,4,40,4,3,10,8,0,5,0,4,28,0,0,16,11,5,0,0,4,38,0,3,7,9,4,0,0,8,31,0,0,4,5,5,6,0,4,23,0,4,5,7,10,5,0,9,34,101,32,124,93,44,23,10,67,490
LGA54480,5,0,0,0,0,0,0,4,7,4,0,0,0,0,0,0,0,9,6,0,0,4,0,0,0,3,14,4,0,5,3,0,0,0,0,17,0,0,7,5,0,0,0,0,13,0,0,10,9,4,0,0,4,25,3,4,4,0,0,0,0,0,25,0,0,8,5,0,0,0,4,12,0,3,6,0,0,0,0,0,10,0,0,0,0,0,0,0,0,4,0,3,7,0,0,0,0,0,9,0,0,0,7,0,0,0,4,9,0,0,0,0,0,0,0,0,4,0,0,0,0,0,0,0,0,0,0,0,0,0,0,0,0,0,0,31,12,44,29,16,4,0,20,160
LGA54550,33,0,0,0,0,0,0,8,34,25,8,5,0,0,0,0,5,36,27,9,3,3,0,0,0,4,46,10,7,17,6,0,0,0,6,45,4,11,16,22,6,0,0,4,66,0,6,20,15,3,0,0,4,48,9,4,21,14,7,0,0,3,56,4,6,26,13,9,0,0,6,68,9,0,25,16,10,0,0,4,72,5,0,24,22,5,0,0,8,65,6,3,14,16,11,5,0,5,63,0,0,11,14,8,4,4,4,38,0,0,13,11,5,6,0,3,45,0,4,11,8,4,0,0,6,28,5,0,3,11,5,3,0,4,32,129,57,203,173,71,27,10,72,745
LGA54620,6,0,0,0,0,0,0,3,11,12,0,0,0,0,0,0,0,16,11,0,0,0,0,0,0,0,14,5,6,3,6,0,0,0,4,22,3,6,11,5,0,0,0,3,26,6,0,10,3,3,0,0,0,31,5,5,7,11,0,0,0,4,33,4,0,6,6,0,5,0,0,25,5,0,11,7,10,0,0,3,33,0,0,3,9,3,0,4,4,29,0,0,8,9,4,0,0,0,31,0,0,3,4,0,0,0,0,16,0,0,0,8,7,0,0,0,11,0,0,0,7,3,0,0,0,13,0,0,0,0,0,0,4,3,11,53,29,61,81,40,12,4,36,324
LGA54690,9,0,0,0,0,0,0,0,9,3,0,0,0,0,0,0,0,3,4,0,0,0,0,0,0,0,4,0,0,4,3,0,0,0,0,9,0,0,8,3,5,0,0,0,8,0,0,4,5,0,0,0,0,10,0,0,7,4,4,0,0,0,15,4,7,6,0,0,0,0,0,8,0,0,4,9,0,0,0,0,13,0,0,4,8,4,0,0,0,23,0,0,4,0,3,0,0,0,11,0,0,5,3,3,0,0,0,12,0,0,3,0,0,0,0,0,6,0,0,0,0,0,0,0,0,0,0,0,0,0,0,0,0,0,7,18,13,46,32,16,4,0,6,136
LGA54760,5,0,0,0,0,0,0,4,12,4,0,0,0,0,0,0,0,5,10,0,0,3,0,0,0,4,19,3,5,11,4,0,0,0,4,23,0,4,6,10,0,0,0,0,27,4,3,4,8,0,0,0,3,23,0,0,8,11,0,0,0,3,29,0,4,6,9,3,0,0,0,23,4,3,11,13,0,0,0,7,31,4,0,3,15,8,0,0,0,23,0,0,13,6,3,0,0,5,25,0,0,8,7,8,0,0,3,20,0,0,0,8,0,0,0,0,12,0,0,5,0,0,0,0,0,9,0,0,0,3,0,0,0,0,4,37,25,81,85,22,0,0,33,287
LGA54830,1096,18,0,0,0,0,0,118,1230,1097,143,47,17,7,0,0,101,1413,964,371,256,78,20,5,0,133,1830,576,522,550,195,72,14,8,90,2032,392,437,735,304,90,37,23,106,2120,224,255,568,284,118,42,36,56,1577,224,208,499,268,111,44,30,69,1447,173,168,443,247,105,42,25,66,1271,110,148,382,266,130,39,28,56,1158,78,112,310,212,115,47,13,58,946,62,85,277,183,121,33,28,44,828,28,48,188,152,78,32,18,42,586,17,30,132,111,42,27,13,37,403,10,20,64,82,45,20,15,13,281,7,17,57,59,31,23,25,23,236,5056,2568,4517,2447,1081,408,273,1015,17364
LGA54900,20,0,0,0,0,0,0,0,25,22,0,0,0,0,0,0,3,29,20,4,4,0,0,0,0,0,26,8,8,15,8,0,0,0,0,43,6,8,21,14,5,0,0,3,49,0,0,20,7,3,0,0,4,35,7,4,14,10,4,0,0,5,33,5,7,8,11,0,3,0,4,37,3,7,12,13,8,0,0,5,52,0,5,10,14,5,0,0,0,38,0,0,10,11,3,0,5,3,32,0,0,7,11,10,0,3,0,26,0,0,0,5,4,0,0,3,13,0,0,0,6,0,0,3,3,14,0,0,0,0,0,0,4,0,10,87,41,131,106,49,13,11,34,468
LGA54970,17,0,0,0,0,0,0,4,21,16,0,0,0,0,0,0,9,31,26,9,3,3,0,0,0,20,53,22,3,9,0,0,0,0,18,51,9,3,0,0,9,0,0,6,36,6,0,5,3,4,0,0,9,25,5,4,3,0,3,0,4,3,20,7,3,9,3,0,0,0,10,35,5,5,11,4,5,0,3,16,41,5,0,0,11,0,3,0,3,27,0,0,0,0,0,0,0,0,7,0,0,0,0,0,0,0,0,7,0,0,0,0,0,0,0,0,4,0,0,0,0,0,0,0,0,6,0,0,0,0,0,0,0,0,0,118,28,42,27,23,5,18,100,358
LGA55040,15,0,0,0,0,0,0,10,28,23,6,0,0,0,0,0,18,48,22,4,8,3,6,0,0,19,52,21,5,9,5,0,0,0,13,55,14,3,13,5,3,0,0,19,55,3,3,5,0,5,6,4,7,40,5,14,4,3,0,3,0,12,39,5,3,17,12,0,0,0,11,46,4,0,8,9,3,4,0,13,40,7,4,3,8,0,0,0,9,35,0,0,5,7,5,0,0,4,16,3,0,6,3,0,0,0,0,12,0,0,0,0,0,0,0,0,6,0,0,0,0,0,0,0,0,6,0,0,0,0,0,0,0,0,0,114,49,69,70,28,16,9,124,479
LGA55110,2195,20,3,0,0,0,0,206,2418,1777,222,90,25,0,0,0,179,2291,1110,438,381,148,32,4,0,133,2244,647,487,787,378,95,22,17,149,2586,453,462,935,493,167,50,25,150,2739,313,346,959,502,188,55,37,117,2513,360,387,990,548,225,69,39,160,2767,364,384,1140,617,211,82,47,138,2978,357,348,1192,656,265,88,41,142,3087,321,336,1220,825,305,80,45,157,3281,314,265,1308,851,305,85,46,143,3310,230,235,1313,833,292,83,33,192,3220,131,149,889,652,258,89,35,202,2404,91,87,420,439,284,82,59,183,1656,69,69,300,393,260,104,89,315,1605,8708,4246,11919,7350,2892,898,522,2569,39106
LGA55180,226,4,0,0,0,0,0,36,271,125,22,3,0,0,0,0,16,170,108,38,22,12,4,0,0,14,205,86,37,58,32,13,9,0,18,245,41,36,74,54,16,5,0,22,248,33,32,80,60,15,6,5,22,253,42,22,106,53,26,10,7,26,296,38,31,96,83,38,11,9,32,333,50,35,131,109,42,14,8,30,414,37,27,122,78,33,15,4,30,349,36,29,109,83,42,17,6,29,343,15,24,79,60,38,13,8,18,254,14,9,41,56,19,12,7,17,185,0,4,25,47,24,9,11,16,129,6,3,17,34,18,17,11,17,122,859,348,962,754,336,132,73,346,3809
LGA55250,19,0,0,0,0,0,0,11,31,20,9,0,0,0,0,0,16,40,22,4,0,3,0,0,0,15,51,13,7,3,0,0,0,3,13,51,5,5,4,0,3,0,3,9,30,4,4,3,10,3,0,0,4,33,7,0,0,5,0,0,3,10,24,3,6,4,8,5,3,0,10,38,5,0,3,0,6,0,4,9,37,0,0,5,6,0,4,0,3,28,0,0,3,0,0,0,0,3,19,0,0,4,3,0,0,3,6,11,0,0,0,0,0,0,5,3,14,0,0,0,0,0,0,0,0,0,0,0,0,0,0,0,0,0,0,108,36,37,39,28,16,19,113,404
LGA55320,3105,4,0,0,0,0,0,170,3280,2880,36,8,5,0,0,0,174,3102,2180,196,79,19,8,0,0,153,2635,1409,654,555,148,16,0,0,145,2934,755,668,1412,467,70,21,3,107,3507,503,568,1614,642,135,21,6,111,3595,449,528,1627,686,151,27,18,105,3593,475,526,1595,695,175,32,21,108,3630,506,480,1458,720,179,37,14,108,3497,412,393,1477,758,211,42,19,100,3392,354,363,1356,856,228,50,22,118,3348,286,287,1265,704,201,32,12,119,2915,172,154,771,552,177,44,22,115,2010,114,97,493,431,250,66,28,99,1582,124,129,541,511,321,132,87,241,2089,13714,5086,14259,7190,2122,497,258,1969,45104
LGA55390,4,0,0,0,0,0,0,0,5,10,0,0,0,0,0,0,8,22,3,0,0,0,0,0,0,3,10,3,0,0,0,0,0,0,0,6,0,0,3,0,0,0,0,0,4,0,0,0,0,0,0,0,0,4,3,0,0,0,0,3,0,3,13,0,0,0,0,0,0,0,0,3,0,5,4,3,0,0,0,6,14,4,5,7,0,0,0,0,4,17,0,0,0,0,0,0,0,0,3,0,0,0,0,0,0,0,0,3,0,0,0,0,0,0,0,0,0,0,0,0,0,0,0,0,5,6,0,0,0,0,0,0,0,0,0,30,13,23,11,8,3,0,24,113
LGA55460,77,0,0,0,0,0,0,17,98,50,10,5,0,0,0,0,8,71,45,21,16,7,0,0,0,15,99,24,10,17,17,3,0,0,11,85,11,11,26,22,13,0,4,12,98,8,6,16,23,7,6,0,12,83,8,9,24,30,7,7,3,11,94,13,9,24,17,8,0,8,15,90,3,7,32,25,9,10,0,14,101,6,8,40,27,14,4,4,10,115,10,3,29,27,8,3,0,8,88,0,3,22,22,12,0,0,12,81,0,3,7,10,5,3,0,6,37,0,0,4,8,16,5,5,4,44,3,8,0,11,3,3,8,5,40,258,104,273,245,113,31,27,164,1213
LGA55530,0,0,0,0,0,0,0,0,0,4,0,0,0,0,0,0,0,9,3,0,0,0,0,0,0,0,3,3,0,4,3,0,0,0,0,10,0,0,3,7,0,0,0,0,11,3,0,0,4,0,0,0,0,9,0,0,5,6,0,0,0,3,14,0,0,9,3,0,0,0,0,12,0,0,5,0,0,0,0,4,16,0,0,6,7,0,0,0,3,16,0,0,0,3,5,0,0,3,12,0,0,0,5,0,0,0,0,7,0,0,6,0,0,0,5,0,11,0,0,0,0,0,0,0,3,5,0,0,0,0,0,0,0,0,3,23,7,36,33,8,0,8,27,142
LGA55600,48,0,0,0,0,0,0,10,59,38,6,4,4,0,0,0,6,53,29,16,9,3,0,0,0,4,59,18,11,13,11,0,0,0,6,65,6,7,22,4,5,0,0,5,52,13,3,23,16,3,0,0,8,70,14,5,26,13,3,0,3,16,74,8,12,25,23,3,6,0,9,84,9,9,26,16,9,4,0,14,81,6,9,19,19,12,0,0,3,74,4,7,17,17,5,0,4,12,70,4,4,22,15,4,0,0,13,60,3,0,14,11,13,4,0,5,54,0,0,0,3,5,0,0,8,22,5,0,5,10,4,3,6,11,40,185,94,227,171,78,23,13,125,917
LGA55670,6,0,0,0,0,0,0,11,21,9,0,0,0,0,0,0,0,13,10,7,4,0,0,0,0,0,15,5,0,7,5,0,0,0,0,13,6,4,3,6,0,0,0,0,17,0,0,4,3,4,0,0,4,13,0,0,7,7,0,0,0,0,19,0,0,3,5,8,0,0,0,15,0,0,5,3,3,0,0,3,22,0,0,4,3,7,0,3,0,23,0,4,8,6,7,0,0,11,30,0,0,3,5,0,0,0,6,19,0,0,0,8,5,0,0,0,18,0,0,0,6,0,0,0,4,10,0,0,0,0,0,0,0,8,8,43,16,46,47,33,11,4,52,260
LGA55740,369,0,0,0,0,0,0,21,390,264,3,0,0,0,0,0,21,288,216,18,3,0,0,0,0,21,257,158,51,38,4,0,0,3,13,272,93,65,98,46,3,0,0,14,318,46,33,114,53,15,0,0,7,265,37,46,145,78,15,0,0,16,334,50,43,140,81,20,0,0,9,350,48,40,116,65,22,0,0,20,309,42,36,120,51,14,0,0,11,265,36,21,92,58,22,0,0,17,254,26,33,97,46,23,0,0,22,252,22,8,63,56,14,3,3,11,188,7,10,38,39,17,0,5,15,123,15,6,27,19,19,10,3,24,126,1438,419,1085,598,170,27,21,245,4006
LGA55810,3,0,0,0,0,0,0,11,15,3,0,0,0,0,0,0,10,9,0,0,0,0,0,0,0,11,7,5,0,0,4,0,0,0,5,18,3,3,4,9,0,0,3,13,30,4,0,4,4,6,0,0,17,26,0,0,3,0,0,0,0,8,23,4,3,3,0,0,0,0,11,23,0,4,0,0,0,0,0,7,22,0,5,4,3,0,0,0,10,33,0,0,0,3,0,0,0,5,19,0,0,4,0,0,0,0,0,10,0,0,0,4,0,0,0,0,5,0,0,0,0,0,0,0,0,4,0,0,0,0,0,0,0,0,0,32,22,26,24,7,4,8,106,233
LGA55880,0,0,0,0,0,0,0,0,7,12,0,0,0,0,0,0,0,8,5,0,0,0,0,0,0,0,3,9,0,7,7,0,0,0,0,16,0,3,0,7,0,0,0,0,13,0,6,7,0,0,0,0,0,12,0,0,8,4,7,0,0,4,17,0,0,0,3,0,0,0,0,16,3,0,7,10,0,5,0,5,29,0,0,3,3,3,0,0,3,18,0,0,4,4,0,0,0,0,14,0,0,4,5,4,0,0,0,10,0,0,0,0,0,0,0,0,5,0,0,0,0,0,0,0,0,3,0,0,0,4,5,6,0,0,12,25,16,46,40,21,6,3,19,175
LGA55950,8,0,0,0,0,0,0,4,8,0,0,0,0,0,0,0,0,3,9,0,3,0,0,0,0,4,17,0,0,10,0,0,0,0,3,17,0,3,5,3,0,0,0,0,15,0,4,5,0,3,0,0,4,15,0,0,11,5,0,0,0,0,18,3,3,6,3,3,0,0,0,21,0,0,3,0,6,0,0,4,17,0,4,6,5,0,0,0,0,23,0,3,4,6,0,0,0,0,16,3,0,6,4,5,0,0,3,21,0,0,0,3,0,0,0,0,8,0,0,3,0,0,0,0,0,14,0,0,4,0,0,0,0,0,3,35,21,59,35,32,6,7,25,215
LGA56090,1060,0,0,0,0,0,0,77,1134,739,37,14,8,0,0,0,55,841,516,129,82,22,3,0,0,60,811,325,212,300,95,25,4,0,49,1008,210,164,408,194,59,15,7,38,1101,172,164,465,243,77,13,10,46,1187,178,170,512,263,85,14,11,57,1293,219,200,547,306,110,27,16,40,1474,181,175,548,346,120,30,16,49,1465,159,130,529,317,128,36,10,54,1368,111,114,470,290,125,29,21,55,1220,84,99,439,289,105,28,10,55,1112,57,43,275,217,86,19,16,59,764,26,24,124,130,80,36,22,39,480,22,22,88,95,61,39,29,96,457,4065,1690,4795,2813,1063,289,158,832,15701
LGA56160,0,0,0,0,0,0,0,0,0,0,0,0,0,0,0,0,0,0,4,0,0,0,0,0,0,0,5,0,0,0,0,0,0,0,0,3,0,0,0,0,0,0,0,0,0,0,0,0,3,0,0,0,0,7,0,0,0,0,0,0,0,0,7,0,0,0,0,0,0,0,0,5,0,0,0,0,0,0,0,0,0,0,0,0,0,0,0,0,0,5,0,0,0,0,0,0,0,0,0,0,0,0,0,0,0,0,0,3,0,0,0,0,0,0,0,0,0,0,0,0,0,0,0,0,0,0,0,0,0,0,0,0,0,0,0,9,0,10,3,9,3,0,0,36
LGA56230,509,0,0,0,0,0,0,64,575,309,40,12,3,5,0,0,32,406,202,92,93,32,8,3,0,40,465,94,68,149,70,17,16,4,40,451,67,57,173,104,49,15,5,45,512,53,72,197,104,46,11,11,26,522,51,58,211,119,52,13,11,46,567,62,52,224,142,56,18,9,28,582,65,60,221,162,55,26,4,46,639,53,42,240,149,72,21,8,35,623,42,58,241,169,73,20,15,43,660,32,30,223,148,79,17,15,52,595,20,19,131,114,56,16,4,36,399,16,12,76,78,46,22,13,43,304,8,5,44,53,31,12,7,38,203,1590,674,2239,1440,631,204,94,624,7497
LGA56300,21,0,0,0,0,0,0,5,26,3,0,0,0,0,0,0,0,3,7,5,0,3,0,0,0,4,21,5,10,10,0,0,0,0,0,33,10,3,9,13,0,0,0,4,44,5,5,13,9,0,0,0,8,42,7,0,12,10,3,4,0,4,37,11,5,10,11,5,0,0,9,49,10,9,17,15,7,0,0,6,66,12,11,27,22,10,0,0,12,81,9,5,32,19,4,0,0,8,82,12,0,21,21,9,4,0,9,73,6,4,10,11,3,0,0,12,49,0,0,9,7,3,0,0,6,24,0,0,0,7,0,0,4,4,14,122,57,170,136,52,13,9,83,644
LGA56370,7,0,0,0,0,0,0,0,11,9,0,0,0,0,0,0,0,14,9,5,5,0,0,0,0,0,11,7,5,13,4,0,0,0,4,33,3,3,9,10,0,0,0,3,29,0,0,3,0,0,0,0,0,5,0,4,7,3,3,0,0,0,21,0,0,12,4,4,0,0,4,24,0,0,4,5,0,0,0,3,22,3,0,13,12,7,0,4,4,33,0,0,7,6,3,3,0,3,23,0,0,3,4,0,0,0,6,12,0,0,4,9,0,0,0,0,19,0,0,5,3,4,0,0,4,17,0,0,4,8,0,3,0,6,27,37,18,85,72,21,12,8,43,298
LGA56460,137,0,0,0,0,0,0,25,159,101,4,5,0,0,0,0,20,134,74,22,16,7,7,0,0,20,143,25,23,30,11,7,0,0,14,121,15,17,51,23,9,4,0,13,137,19,20,51,22,10,6,5,17,156,15,6,41,35,7,0,3,21,130,14,14,54,44,8,8,0,11,154,18,12,47,37,15,7,5,13,155,12,17,58,54,22,8,9,14,194,12,5,34,42,19,8,0,11,134,0,3,44,37,15,5,0,17,126,5,8,24,29,18,3,0,12,96,5,4,22,20,19,0,4,8,75,0,0,16,21,16,13,11,14,100,461,152,502,390,171,61,38,235,2013
LGA56580,734,0,0,0,0,0,0,41,776,631,4,0,0,0,0,0,25,658,383,23,12,6,0,0,0,22,451,206,109,91,22,0,0,0,16,439,91,96,257,116,12,9,0,19,595,58,77,364,169,31,4,0,13,717,58,85,399,196,40,8,0,21,810,68,109,347,237,51,11,3,24,843,78,77,322,158,54,7,0,6,702,80,87,321,187,45,9,0,30,757,81,56,249,163,44,5,3,27,634,55,71,277,157,52,15,7,29,663,65,33,176,119,52,19,3,27,484,29,16,96,87,36,6,9,17,295,33,24,82,100,57,19,26,51,397,2650,863,2993,1716,480,109,52,377,9234
LGA56620,35,10,0,0,0,0,0,27,60,27,18,4,0,0,0,0,9,56,26,20,15,5,0,0,0,13,80,7,9,12,10,4,3,0,8,42,13,10,10,11,0,0,0,8,55,9,10,15,14,3,0,0,4,48,10,5,5,8,0,0,0,9,43,7,8,12,14,5,6,0,8,57,4,8,5,12,7,0,0,7,40,7,5,10,0,3,0,0,9,31,5,4,0,0,3,0,0,7,19,0,0,0,4,0,0,0,0,8,0,0,0,0,0,0,0,3,6,0,0,0,0,0,0,0,0,8,0,0,0,0,0,0,0,0,0,137,91,92,77,28,18,5,111,561
LGA56730,271,5,0,0,0,0,0,43,321,178,26,14,3,0,0,0,36,256,106,48,37,20,3,0,0,19,239,79,55,77,51,19,9,8,26,315,51,36,92,72,27,6,3,40,323,52,21,89,58,31,12,12,32,311,68,29,114,78,31,11,10,44,384,47,52,140,65,41,13,11,34,402,56,48,128,86,33,10,14,41,421,44,43,129,117,46,15,14,31,431,47,29,115,92,44,20,6,36,383,18,22,88,95,40,19,11,26,326,20,23,49,56,22,12,3,33,222,8,10,20,30,23,12,6,19,139,6,3,29,26,21,15,18,32,147,1045,455,1128,843,388,146,110,498,4609
LGA56790,29,0,0,0,0,0,0,16,43,28,5,0,0,0,0,0,8,48,21,0,9,0,0,0,0,8,42,24,12,18,15,0,0,0,12,82,9,8,18,19,7,3,0,8,75,11,3,24,22,15,5,0,13,89,7,10,24,19,4,3,0,10,81,8,11,51,15,0,0,3,7,97,18,8,42,36,11,6,3,16,143,18,14,48,45,17,7,0,12,154,14,15,47,35,18,8,0,17,150,9,9,34,24,14,5,4,17,119,4,3,23,21,7,3,0,11,83,0,0,7,9,3,6,0,9,35,0,0,11,9,4,3,0,5,50,211,113,363,276,106,33,23,182,1301
LGA56860,4,0,0,0,0,0,0,0,6,3,0,0,0,0,0,0,0,9,0,0,0,0,0,0,0,0,5,4,0,0,4,0,0,0,0,4,0,0,0,0,0,0,0,0,7,0,0,0,0,0,0,0,3,7,0,0,0,3,0,0,0,9,19,0,0,0,5,0,0,0,0,3,0,0,0,0,6,0,0,4,10,0,0,0,3,6,5,0,0,13,0,0,3,5,4,0,0,5,13,0,0,0,0,0,0,0,0,3,0,0,0,0,0,0,0,0,3,0,0,0,0,0,0,0,0,5,0,0,0,0,0,0,0,0,0,19,9,13,20,16,5,0,23,102
LGA56930,160,0,0,0,0,0,0,4,164,49,0,0,0,0,0,0,5,54,25,3,0,0,0,0,0,0,25,10,6,7,0,0,0,0,0,22,10,5,5,5,4,0,0,0,33,4,0,14,12,0,0,0,3,34,4,5,18,16,10,0,0,0,54,0,5,31,20,9,0,0,3,62,3,14,27,12,3,0,0,0,62,5,5,18,15,7,0,0,0,53,12,4,21,16,3,0,0,4,61,9,4,12,10,0,0,0,0,40,3,3,11,10,3,4,0,6,35,0,0,3,6,9,0,0,0,22,0,0,5,8,0,0,0,0,26,306,57,170,125,44,15,9,31,748
LGA57000,6,0,0,0,0,0,0,10,11,15,0,0,0,0,0,0,0,16,0,3,0,0,0,0,0,0,4,0,0,0,0,0,0,0,9,13,0,3,8,3,0,0,0,6,22,0,0,4,4,4,0,0,9,14,0,0,5,0,0,0,0,4,15,0,0,5,8,0,0,0,3,26,6,0,4,9,0,0,0,3,18,0,0,9,6,0,0,0,4,20,0,0,3,3,0,0,0,4,14,0,0,4,3,0,0,0,5,12,0,0,0,0,0,0,0,0,3,0,0,0,0,0,0,0,0,0,0,0,0,0,4,0,0,0,3,30,14,44,39,13,4,0,53,197
LGA57080,630,0,0,0,0,0,0,66,699,1642,9,0,0,0,0,0,230,1883,1770,91,20,0,0,0,0,215,2095,1441,267,77,22,6,0,0,167,1972,715,252,170,40,3,0,4,109,1295,375,137,112,41,15,3,0,83,764,253,118,116,33,4,0,3,51,586,199,117,155,50,21,8,0,56,612,150,106,182,60,23,0,0,58,583,114,89,185,87,30,9,0,37,556,91,76,153,77,29,4,0,46,478,66,52,174,60,32,10,4,33,425,30,17,88,64,18,14,0,24,248,15,17,52,45,19,0,4,13,164,15,18,36,33,23,9,6,13,151,7513,1345,1519,618,215,63,27,1207,12503
LGA57140,14,0,0,0,0,0,0,0,14,6,5,3,0,0,0,0,0,14,10,6,0,3,0,0,0,0,21,5,8,4,7,9,0,0,0,28,7,5,7,3,6,0,0,4,26,0,4,9,4,0,0,0,0,11,0,4,10,3,0,0,0,5,31,0,0,12,3,0,0,0,0,36,9,9,5,11,4,3,0,0,45,3,4,16,9,4,0,3,4,46,4,0,17,15,8,0,0,3,51,0,4,16,4,4,0,0,0,35,0,0,4,14,8,0,0,4,28,0,0,5,13,3,0,0,10,26,0,0,0,0,3,7,0,4,13,66,40,115,96,50,13,13,37,432
LGA57210,118,0,0,0,0,0,0,17,138,58,14,6,0,0,0,0,8,87,40,26,17,8,0,0,0,14,102,29,23,38,18,7,4,0,16,124,20,11,39,30,11,0,0,12,124,19,12,55,40,15,6,4,17,159,35,22,48,30,18,7,12,23,190,25,34,58,35,13,4,4,21,191,39,27,63,47,27,3,7,34,244,27,15,68,62,22,3,3,14,215,21,12,65,50,27,10,0,20,210,22,12,51,54,15,0,4,23,183,3,10,35,22,15,0,4,9,102,3,0,16,12,3,8,5,17,60,4,4,11,11,12,3,4,19,61,464,219,554,415,188,55,48,255,2199
LGA57280,287,11,0,0,0,0,0,77,382,277,50,16,3,0,0,0,76,418,346,106,80,35,16,6,0,119,708,225,165,200,95,35,8,4,117,848,139,121,218,126,47,15,10,114,788,86,69,156,77,42,20,7,79,537,78,63,111,82,44,16,12,73,475,54,40,84,83,49,19,15,82,421,37,45,102,75,43,26,14,63,401,25,15,72,58,32,7,10,41,247,13,10,43,26,15,3,3,28,144,4,0,16,8,15,9,4,18,74,6,0,4,3,0,0,3,0,27,6,0,3,3,0,6,0,7,21,0,0,3,0,0,0,6,6,16,1572,696,1099,677,347,141,85,905,5520
LGA57350,13,0,0,0,0,0,0,0,13,0,0,0,0,0,0,0,5,7,9,0,6,0,0,0,0,8,27,4,5,0,3,4,0,0,5,26,0,0,6,4,0,0,0,5,21,4,0,7,4,0,0,0,6,21,0,0,8,4,0,0,0,10,24,3,0,9,5,4,0,0,13,41,7,7,9,10,0,0,0,13,45,4,0,7,16,3,0,0,10,46,3,0,4,18,0,0,0,8,48,7,0,10,7,4,3,0,10,41,0,0,8,6,0,0,0,4,23,0,0,0,7,0,0,0,4,16,0,0,0,7,8,5,0,0,23,52,25,80,98,31,14,9,111,419
LGA57420,21,0,0,0,0,0,0,7,28,32,8,0,0,0,0,0,3,40,30,23,15,3,0,0,0,3,76,16,10,21,11,3,0,0,10,74,8,10,26,6,6,0,0,10,64,11,9,16,18,5,0,0,7,61,11,5,14,6,3,0,0,4,53,14,7,22,9,8,4,0,7,70,8,7,17,23,5,0,0,9,66,7,6,24,14,6,0,4,9,76,3,12,6,19,9,0,0,4,53,4,4,13,17,0,0,0,12,45,3,5,11,7,10,3,0,5,40,0,0,0,9,5,0,0,4,25,0,0,0,5,7,0,0,0,18,176,99,180,151,73,14,9,81,784
LGA57490,3888,33,3,0,0,0,0,328,4249,3129,344,133,24,3,3,0,334,3968,2118,843,724,245,63,18,6,310,4329,1330,1050,1411,675,208,55,32,288,5046,735,794,1819,940,331,99,62,256,5029,539,628,1668,940,334,115,60,197,4490,523,566,1757,973,370,118,58,200,4568,495,595,1783,949,352,128,80,192,4572,449,461,1598,981,400,111,71,178,4241,292,347,1353,913,342,123,45,139,3559,239,298,1195,784,326,81,38,146,3106,142,213,1011,721,284,69,45,168,2648,98,133,672,533,234,63,34,168,1939,54,67,354,353,228,72,50,159,1329,46,79,238,249,212,84,73,243,1225,14066,6442,15721,9289,3692,1134,659,3307,54306
LGA57630,0,0,0,0,0,0,0,0,0,0,0,0,0,0,0,0,0,0,3,0,0,0,0,0,0,5,8,0,0,0,0,0,0,0,0,0,0,0,0,0,0,0,0,0,0,0,0,0,0,0,0,0,0,0,0,0,0,0,0,0,0,0,0,0,0,0,0,0,0,0,0,3,0,0,0,0,0,0,0,3,7,0,0,0,5,0,0,0,0,9,0,0,3,3,0,0,0,0,7,0,0,0,0,0,0,0,0,0,0,0,0,0,0,0,0,0,0,0,0,0,0,0,0,0,0,0,0,0,0,0,0,0,0,0,0,0,4,13,4,0,3,0,9,37
LGA57700,932,3,0,0,0,0,0,68,1007,678,83,37,9,0,0,0,53,869,533,266,228,81,15,6,3,52,1184,343,274,472,203,66,11,0,59,1434,207,204,489,235,90,25,15,57,1327,143,130,393,204,86,28,19,42,1042,128,114,360,223,79,24,28,34,989,115,117,385,233,67,22,26,47,1015,93,95,324,230,98,30,14,37,921,59,74,289,179,91,38,19,41,774,43,38,228,168,76,16,16,22,599,35,29,179,111,46,18,11,20,450,14,16,90,72,33,16,9,24,267,9,15,41,60,30,6,9,21,186,5,5,29,41,17,15,11,7,138,3326,1463,3547,2052,794,250,189,597,12207
LGA57770,7,0,0,0,0,0,0,7,14,23,0,0,0,0,0,0,8,25,29,4,0,0,0,0,0,0,40,21,7,8,4,0,0,0,7,51,5,6,11,5,3,0,0,9,39,6,0,7,7,0,0,0,0,25,10,3,7,3,0,0,0,3,32,7,3,7,7,0,0,0,7,29,7,0,15,13,0,0,0,6,37,0,4,14,9,4,0,0,4,44,0,0,16,4,6,0,0,0,25,0,3,11,10,4,0,0,7,39,0,0,4,4,4,0,0,6,15,0,0,0,0,0,0,0,0,12,0,0,0,0,3,0,0,5,3,114,35,105,63,27,8,4,71,431
LGA57840,1039,3,0,0,0,0,0,53,1094,1599,14,5,0,0,0,0,115,1741,1438,79,25,11,4,0,0,105,1662,949,323,210,32,10,4,3,109,1635,529,364,479,137,18,4,4,74,1610,317,245,495,166,34,8,3,53,1315,280,220,502,211,50,13,5,53,1338,276,242,553,205,54,9,13,58,1407,254,210,522,250,58,10,14,63,1380,232,211,501,284,69,17,7,61,1386,246,178,503,296,68,15,11,72,1387,157,105,438,230,86,17,15,71,1118,101,63,242,201,80,10,19,75,781,64,40,180,147,69,17,18,77,596,44,51,163,157,102,36,37,192,794,7529,2352,4818,2325,695,162,141,1225,19244
LGA57910,5034,24,0,0,0,0,0,406,5472,6122,196,58,14,0,0,0,484,6871,6998,896,374,108,25,0,4,680,9082,5389,2350,1527,339,100,26,18,584,10325,2979,2138,2914,872,212,42,47,510,9715,1764,1401,3003,1055,226,68,50,350,7924,1458,1204,2863,1118,249,91,56,302,7347,1356,1047,2744,1087,274,86,59,282,6930,1179,844,2463,1161,315,98,74,263,6403,902,773,2373,1268,365,87,73,259,6115,758,712,2150,1304,420,114,57,266,5776,521,509,2029,1200,434,112,68,292,5167,339,335,1449,993,390,102,69,260,3949,234,213,860,903,445,148,100,252,3156,240,225,891,899,531,252,218,400,3659,35271,12869,25713,12314,3988,1246,900,5592,97883
LGA57980,338,0,0,0,0,0,0,31,366,522,0,0,0,0,0,0,38,566,625,20,10,3,0,0,0,53,708,466,112,77,7,0,0,0,40,703,204,152,199,52,9,0,0,30,646,132,117,244,82,16,0,0,38,631,105,101,224,87,18,0,0,24,573,121,83,217,89,16,0,0,22,547,158,75,194,74,13,4,6,15,535,128,62,192,95,17,5,0,20,507,110,77,195,93,30,3,5,21,529,81,60,164,90,26,4,4,27,455,42,22,126,99,34,3,3,23,350,32,18,76,71,30,13,3,38,275,20,22,59,83,35,15,9,39,287,3087,930,1965,918,243,45,28,462,7681
LGA58050,4163,33,0,0,0,0,0,367,4571,3853,309,129,27,4,0,0,394,4726,3068,1078,738,246,65,18,3,381,5599,1899,1546,1801,638,191,65,41,375,6546,1135,1148,2264,874,309,85,57,317,6185,860,796,1989,861,356,126,87,244,5322,680,726,1878,982,367,142,91,251,5120,665,712,1843,1001,336,121,105,234,5018,486,577,1681,1002,362,134,114,199,4558,418,424,1428,961,391,108,66,163,3952,274,323,1053,740,324,104,71,146,3042,167,205,934,655,260,80,57,154,2513,78,107,496,476,194,83,60,119,1625,52,67,291,273,217,67,55,112,1133,44,69,224,232,161,79,79,168,1055,17840,8129,16753,8975,3534,1210,898,3633,60964
LGA58190,4,0,0,0,0,0,0,3,4,3,0,0,0,0,0,0,4,4,7,0,3,0,0,0,0,0,14,0,0,4,0,0,0,0,0,4,3,0,0,10,0,0,0,0,14,0,4,0,0,4,0,0,0,18,0,0,4,0,0,0,0,0,9,0,0,0,9,3,0,3,4,18,0,0,4,3,3,0,0,0,14,3,0,3,0,0,0,0,0,6,0,0,3,0,0,0,0,0,10,0,0,3,0,0,0,0,0,10,0,0,0,0,3,0,0,4,13,0,0,0,0,0,0,0,0,3,0,0,0,0,0,4,0,0,5,23,5,25,32,16,8,3,21,140
LGA58260,9,0,0,0,0,0,0,0,11,5,0,5,0,0,0,0,0,8,3,0,0,0,0,0,0,4,12,5,0,4,0,0,0,0,0,20,0,3,8,5,0,0,0,4,23,0,0,9,0,0,0,0,0,17,4,0,6,3,0,0,0,4,18,0,0,4,7,0,0,0,7,19,0,0,4,7,0,0,0,6,15,3,0,4,5,0,3,0,4,20,0,0,7,0,0,4,0,0,16,0,0,0,9,0,0,0,0,8,0,0,8,3,4,0,0,4,14,0,0,0,0,0,0,0,0,5,0,0,0,0,0,0,0,0,3,38,15,70,34,10,9,5,38,216
LGA58330,88,0,0,0,0,0,0,12,101,44,9,5,0,0,0,0,4,58,38,18,15,3,4,0,0,11,84,28,11,23,14,6,0,0,17,95,14,11,23,20,15,4,0,12,98,20,10,28,21,9,0,0,14,110,20,17,31,20,7,3,0,19,124,27,28,57,48,13,5,9,26,209,32,16,66,59,25,0,0,21,224,27,22,72,66,18,10,5,34,249,21,15,66,59,25,5,6,17,205,13,17,55,51,18,9,3,22,175,5,10,38,24,12,8,3,18,107,0,3,10,13,10,11,0,9,60,0,6,4,3,8,3,6,6,35,383,187,486,401,163,54,37,230,1931
LGA58400,8,0,0,0,0,0,0,0,12,6,0,0,0,0,0,0,0,7,3,3,0,0,0,0,0,0,8,0,4,4,0,0,0,0,4,11,0,0,0,0,0,0,0,0,0,0,0,0,0,0,0,0,0,7,0,0,6,3,0,0,0,0,10,0,0,3,6,0,0,0,3,13,0,3,6,4,0,0,0,0,16,0,0,0,0,0,0,0,0,10,5,0,4,4,0,0,0,0,7,0,0,3,0,0,0,0,0,8,0,0,0,6,0,0,0,0,10,0,0,0,0,0,0,0,0,3,0,0,0,0,0,0,0,0,0,28,17,24,20,11,5,0,18,127
LGA58470,3,0,0,0,0,0,0,0,6,0,0,0,0,0,0,0,0,4,5,0,0,0,0,0,0,0,4,3,0,0,3,0,0,0,0,9,0,0,0,0,0,0,0,0,7,0,0,0,0,0,0,0,0,6,0,0,0,0,0,0,0,0,3,0,0,3,0,0,0,0,0,5,0,0,0,0,0,0,0,0,5,0,0,0,0,0,0,0,0,0,0,0,0,0,0,0,0,0,0,0,0,0,0,0,0,0,0,5,0,0,0,0,0,0,0,0,0,0,0,0,0,0,0,0,0,0,0,0,0,0,0,0,0,0,0,18,6,6,12,3,0,0,8,55
LGA58510,709,5,0,0,0,0,0,49,760,1374,29,6,0,0,0,0,135,1546,1527,140,47,9,0,0,3,174,1897,1117,397,195,46,4,0,0,154,1926,577,374,417,107,21,0,5,110,1615,387,242,413,108,31,8,9,71,1262,288,220,353,121,26,11,3,73,1097,277,172,324,130,33,14,8,67,1023,228,129,323,137,42,8,8,69,943,194,116,264,156,44,11,5,45,837,139,104,284,121,48,14,9,46,763,90,69,250,135,51,15,10,52,672,48,39,152,96,47,20,9,72,488,38,26,111,82,46,17,8,100,428,44,21,93,125,63,43,28,260,677,7041,2082,3229,1374,464,152,109,1472,15928
LGA58540,14,0,0,0,0,0,0,3,17,4,0,0,0,0,0,0,0,5,10,0,3,0,0,0,0,0,17,6,5,3,3,0,0,0,0,17,6,0,5,0,0,0,0,3,25,4,0,9,6,3,0,0,6,30,4,3,16,0,0,0,0,7,29,8,0,14,9,0,0,0,3,30,3,0,12,16,0,3,0,3,41,5,5,12,17,4,0,0,4,33,0,0,7,4,0,0,0,0,16,4,0,9,3,5,0,0,8,27,0,0,5,3,7,0,0,0,17,0,0,0,0,4,0,0,4,9,0,0,0,0,0,0,0,0,3,63,10,95,71,23,7,3,38,314
LGA58570,595,4,0,0,0,0,0,40,632,1217,17,0,0,0,0,0,142,1373,1829,67,15,4,0,0,0,176,2103,1471,297,179,27,0,0,0,140,2120,751,341,422,78,16,3,0,100,1719,423,228,451,132,19,6,0,54,1314,334,196,430,144,30,5,3,47,1183,328,168,358,144,30,7,0,39,1080,297,142,327,154,32,8,0,45,1000,249,136,287,120,40,7,0,32,872,151,82,238,143,40,6,9,44,712,100,88,187,113,33,11,4,22,557,41,29,98,94,33,11,0,31,332,32,28,88,83,41,10,12,17,309,26,30,123,110,54,25,25,33,438,7849,1844,3198,1344,381,96,63,966,15743
LGA58610,34,0,0,0,0,0,0,6,41,19,3,0,0,0,0,0,9,37,16,14,0,3,0,3,0,8,49,14,3,9,3,0,0,0,8,35,3,6,9,11,6,0,0,8,42,9,6,14,11,5,0,0,3,48,3,6,10,15,7,4,0,4,52,9,5,17,12,4,0,0,8,57,14,5,22,16,4,3,0,8,67,10,4,17,26,11,6,0,10,76,0,3,24,19,10,0,0,7,76,4,3,20,19,6,0,0,9,67,0,3,11,13,9,4,0,6,40,0,0,6,8,9,4,0,9,31,5,0,5,4,10,0,0,3,31,132,70,172,162,75,27,12,96,743
LGA58680,9,0,0,0,0,0,0,3,12,10,0,0,0,0,0,0,0,7,3,3,0,0,0,0,0,5,12,5,0,3,0,0,0,0,0,8,0,0,7,0,0,0,0,4,14,0,0,3,0,0,3,0,0,12,0,0,4,6,0,0,0,7,24,8,0,8,6,3,0,0,0,24,0,0,5,5,4,0,0,3,21,0,0,8,0,3,0,0,3,14,0,0,9,0,3,0,0,0,18,0,0,5,10,0,0,0,3,15,0,0,0,3,0,0,0,3,8,0,0,5,0,0,0,0,0,13,0,0,0,0,3,0,0,0,3,35,13,49,45,18,9,0,39,209
LGA58760,6297,36,0,0,0,0,0,446,6785,5586,391,158,24,0,0,4,415,6573,4012,1292,918,277,73,25,7,386,6988,2394,1867,2377,838,286,76,22,353,8210,1423,1632,3263,1278,377,139,86,355,8552,897,1104,3018,1421,469,152,100,258,7424,796,1068,3032,1483,523,142,130,279,7456,743,943,2960,1437,506,169,129,272,7165,578,697,2359,1397,497,153,124,230,6019,399,552,1948,1268,509,152,78,183,5085,274,427,1679,1035,421,135,89,178,4239,184,321,1444,861,360,122,71,197,3552,135,210,851,657,294,92,61,169,2468,64,124,467,486,252,110,73,172,1753,46,97,394,350,255,111,114,236,1597,23831,10759,24866,12806,4819,1579,1089,4118,83860
LGA58820,112,0,0,0,0,0,0,17,124,63,0,3,0,0,0,0,3,74,37,15,17,3,5,0,0,4,82,29,18,34,17,5,0,0,12,110,13,20,37,21,6,0,6,5,110,16,20,41,35,8,4,0,9,126,13,11,37,29,13,9,3,13,133,9,24,53,32,8,5,4,9,153,9,12,66,38,23,5,8,14,177,6,9,51,52,18,8,8,4,161,17,9,54,47,18,3,0,9,156,7,6,50,43,21,3,3,12,142,0,0,14,31,9,3,0,17,77,3,3,14,18,6,11,0,11,73,0,0,3,23,7,4,0,17,61,344,154,490,368,154,53,42,152,1756
LGA58890,15,0,0,0,0,0,0,0,18,8,0,0,0,0,0,0,0,8,7,0,5,0,0,0,0,0,15,0,0,6,0,0,0,0,0,18,0,0,7,3,0,0,0,5,17,3,5,7,4,3,0,0,4,25,7,0,11,7,0,0,0,0,26,0,3,11,12,8,0,0,4,38,5,0,8,7,0,0,0,0,30,4,4,15,6,3,0,0,3,31,0,3,10,0,4,0,0,4,27,0,0,9,6,4,0,0,4,29,0,0,0,0,6,0,0,0,5,0,0,5,4,0,5,0,0,13,0,0,0,3,0,5,0,0,8,54,14,86,59,31,11,3,38,300
LGA59030,3,0,0,0,0,0,0,0,0,4,0,0,0,0,0,0,0,4,3,0,0,0,0,0,0,0,5,3,0,3,0,0,0,0,0,14,0,5,0,0,0,0,0,4,9,0,0,3,0,0,0,0,0,8,0,0,0,0,6,0,0,0,9,0,0,0,0,0,0,0,0,3,0,0,0,0,0,0,0,0,10,3,0,7,3,0,0,0,0,16,0,0,0,0,7,0,0,0,8,0,0,0,6,0,0,0,0,4,0,0,0,4,0,0,0,4,4,0,0,0,0,0,0,0,0,4,0,0,0,0,0,0,0,0,4,18,4,21,19,14,4,0,13,102
LGA59100,9,0,0,0,0,0,0,0,14,7,0,0,0,0,0,0,3,13,5,4,0,0,0,0,0,0,17,8,0,10,0,0,0,0,0,19,4,0,9,3,4,0,0,8,21,0,0,7,3,0,0,0,0,17,0,0,6,8,0,0,0,0,18,3,0,3,10,8,0,0,0,24,6,3,13,9,4,0,0,7,40,6,0,4,8,0,0,0,5,24,0,4,3,3,0,0,0,0,10,0,0,6,0,0,3,0,0,14,0,0,3,3,0,0,0,0,17,0,0,0,4,3,3,0,0,12,0,0,0,0,0,0,0,4,10,38,19,60,57,22,9,9,42,263
LGA59170,11,0,0,0,0,0,0,0,13,6,0,0,0,0,0,0,0,12,18,3,0,0,0,0,0,0,27,5,8,11,3,0,0,0,9,34,5,3,12,9,0,3,0,7,41,0,0,11,4,6,0,0,0,26,0,6,12,10,0,0,0,5,31,0,4,8,7,0,0,0,3,30,0,5,12,6,4,0,0,5,33,3,0,11,20,5,0,0,5,51,5,0,6,10,8,0,0,3,32,0,0,9,4,3,0,0,5,25,0,0,0,5,7,0,0,6,22,0,0,3,7,4,0,0,0,17,0,0,0,5,0,0,0,4,9,59,30,101,92,34,6,5,53,389
LGA59250,4,0,0,0,0,0,0,5,5,7,0,0,0,0,0,0,0,11,9,0,0,0,0,0,0,6,24,0,0,4,0,0,0,0,0,8,5,0,0,0,0,0,0,7,16,3,0,0,3,0,0,0,6,15,0,0,0,0,0,0,0,4,10,3,0,6,9,4,3,0,4,22,0,0,0,3,0,0,0,0,9,0,0,0,3,0,0,0,0,7,0,0,0,0,0,0,0,3,11,0,0,0,0,0,0,0,0,9,0,0,0,0,0,0,0,0,4,0,0,0,0,0,0,0,0,3,0,0,0,0,0,0,0,0,0,35,14,12,18,11,5,6,42,140
LGA59310,17,0,0,0,0,0,0,0,18,16,5,0,0,0,0,0,3,26,16,5,4,3,0,0,0,0,29,9,6,7,3,0,0,0,0,34,3,9,19,10,7,0,0,0,46,3,4,16,8,3,0,0,7,45,4,4,11,10,0,0,0,0,34,6,8,9,4,4,7,0,0,36,4,3,15,7,0,4,0,6,38,8,3,19,8,5,0,0,5,48,0,0,13,17,4,3,3,3,54,0,0,5,11,5,0,0,6,34,0,0,10,5,0,0,0,0,13,0,0,0,0,7,0,0,0,13,0,0,0,4,0,0,0,0,9,92,39,129,102,46,15,17,40,486
LGA59320,6,0,0,0,0,0,0,3,8,8,0,0,0,0,0,0,0,4,7,0,0,3,0,0,0,0,12,0,0,8,0,0,0,0,0,9,0,0,5,4,0,0,0,0,13,0,0,9,8,0,0,0,0,17,0,0,5,3,0,0,0,3,15,0,3,5,3,0,0,0,3,14,0,0,6,4,7,0,0,0,23,0,0,6,3,4,0,0,0,9,4,3,5,0,0,0,0,4,18,0,0,0,3,4,0,0,6,14,0,0,4,0,0,0,0,0,6,0,0,0,0,0,0,0,0,4,0,0,0,0,0,0,0,0,5,22,15,45,32,15,6,5,19,167
LGA59330,3,0,0,0,0,0,0,0,5,6,0,0,0,0,0,0,3,9,10,0,0,0,0,0,0,0,13,5,5,4,0,0,0,0,3,13,3,0,0,0,0,0,0,0,5,0,3,3,0,3,0,0,0,12,0,3,3,0,0,0,0,0,10,3,0,0,4,0,0,0,4,16,0,3,3,3,0,0,0,0,14,3,0,4,8,0,0,0,0,15,6,0,4,10,0,0,0,8,23,6,4,0,4,0,5,0,3,12,0,0,0,3,5,0,0,3,18,0,0,4,0,0,3,4,0,12,0,0,0,0,0,0,0,0,6,44,16,33,37,17,13,10,28,194
LGA59340,148,7,0,0,0,0,0,45,204,132,46,20,5,0,0,0,41,241,177,43,27,18,0,0,0,57,327,133,61,44,23,19,3,0,83,379,64,39,61,50,26,13,12,57,311,38,30,61,40,22,9,7,43,257,32,28,66,46,25,17,11,54,269,38,20,63,37,17,14,13,45,247,31,22,50,36,21,15,18,44,234,30,22,47,45,16,7,6,32,203,11,8,18,10,10,3,7,28,105,3,9,11,7,8,5,4,9,65,4,0,4,3,7,5,8,10,46,0,0,0,0,3,0,0,3,13,0,0,0,0,0,0,0,11,17,839,345,483,317,179,93,102,566,2921
LGA59350,0,0,0,0,0,0,0,0,6,4,0,0,0,0,0,0,5,6,6,0,0,0,0,0,0,3,14,0,4,0,0,0,0,0,4,8,0,0,0,0,0,0,0,0,7,4,0,0,0,0,0,0,0,9,0,0,0,0,0,0,0,7,4,0,4,0,3,0,7,0,3,14,0,0,4,0,0,0,0,5,6,0,0,0,0,0,0,0,0,4,0,0,0,0,0,0,0,3,7,0,0,0,0,0,0,0,0,3,0,0,0,0,0,0,0,0,0,0,0,0,0,0,0,0,0,4,0,0,0,0,0,0,0,0,4,20,7,11,7,4,4,5,30,86
LGA59360,6,0,0,0,0,0,0,0,0,13,0,0,0,0,0,0,0,18,16,0,3,4,0,0,0,7,32,10,0,8,9,0,0,0,5,33,6,4,12,0,0,0,0,3,22,8,0,13,0,0,4,0,6,35,5,3,16,0,4,0,0,4,37,11,4,15,12,3,0,0,5,53,5,0,10,12,9,0,0,8,36,0,5,18,5,5,0,0,5,29,0,0,3,9,0,0,0,5,27,0,3,8,5,0,0,0,4,26,4,0,7,3,0,0,0,0,16,0,0,5,0,4,0,0,0,6,0,0,0,0,0,0,0,3,9,79,26,113,74,32,8,3,54,388
LGA59370,46,0,0,0,0,0,0,7,54,38,0,0,0,0,0,0,3,45,33,11,4,3,0,0,0,9,60,25,9,16,9,5,0,0,3,63,14,13,38,24,9,5,0,4,98,6,10,21,26,8,0,0,3,79,18,3,34,14,4,0,0,6,79,17,18,37,23,8,0,0,11,119,19,10,42,32,20,4,0,14,146,16,9,61,49,13,3,0,14,166,19,14,60,44,26,4,0,10,179,16,15,49,39,16,3,3,14,155,9,5,31,26,13,5,0,19,108,4,0,8,25,19,5,4,18,81,7,5,11,14,11,6,8,7,54,288,123,409,314,133,44,22,135,1476
LGA59499,79,7,0,0,0,0,0,62,147,127,14,11,0,0,0,0,108,256,180,7,19,13,0,0,3,131,358,120,22,37,13,6,0,3,136,339,51,28,50,31,10,7,3,137,315,44,21,31,24,17,5,9,138,298,24,15,38,19,12,5,9,127,244,22,22,42,25,11,3,4,96,228,29,22,56,30,7,0,3,75,226,26,18,58,50,17,4,0,81,250,18,16,46,37,12,10,3,55,204,6,5,24,22,11,0,0,33,112,0,0,7,5,0,0,0,13,26,0,0,0,4,0,0,0,10,15,0,0,0,0,0,0,0,12,16,734,203,417,264,108,47,40,1222,3030
LGA59799,0,0,0,0,0,0,0,0,3,9,0,0,0,0,0,0,5,11,3,0,0,0,0,0,0,3,7,5,0,0,0,0,0,0,0,5,3,0,0,0,0,0,0,3,10,0,0,0,0,0,0,0,0,0,0,0,0,0,0,0,0,0,3,6,0,0,0,0,0,0,0,3,0,0,0,0,0,0,0,0,0,0,0,3,0,0,0,0,0,3,0,0,0,0,0,0,0,0,3,0,0,0,0,0,0,0,0,0,0,0,0,0,0,0,0,0,0,0,0,0,0,0,0,0,0,0,0,0,0,0,0,0,0,0,0,22,5,5,0,3,0,0,20,61
